"","mirna_FC","mrna_FC","mirna","mrna","value","score","energy","subj_identity","query_identity","pvalue"
"chromosome_10_400118",-1.9144958407014,-9.4479821432518,"chromosome_10_400118","evm.TU.chromosome_6.1434",8.40751715373143,150,-14.21,"100.00%","100.00%",0.0123799999999999
"chromosome_4_135958",-2.52854325640529,-9.4479821432518,"chromosome_4_135958","evm.TU.chromosome_6.1434",7.79938703321724,148,-13.15,"63.16%","78.95%",0.01814
"chromosome_4_135958.1",-2.52854325640529,1.32971301693757,"chromosome_4_135958","evm.TU.chromosome_7.28",8.30546282494777,153,-14.25,"72.22%","77.78%",0.01315
"chromosome_4_135958.4",-2.52854325640529,6.87685258074355,"chromosome_4_135958","evm.TU.chromosome_8.2064",7.93931307583135,156,-17.16,"70.59%","88.24%",0.01639
"chromosome_4_135958.5",-2.52854325640529,6.87685258074355,"chromosome_4_135958","evm.TU.chromosome_8.2064",7.93931307583135,169,-21.22,"83.33%","88.89%",0.01639
"chromosome_6_180004",-1.99027973536699,-24.861082446883,"chromosome_6_180004","evm.TU.chromosome_1.253",23.9586402165778,152,-18.59,"73.68%","78.95%",0.000630000000000019
