"","pair_id","miRNA","mRNA","timepoint","Ambient","Heat","cluster"
"1","Cluster_1155_evm.TU.chromosome_1.1121","Cluster_1155","evm.TU.chromosome_1.1121","TP7",-0.5,-0.4,"1"
"2","Cluster_1155_evm.TU.chromosome_1.347","Cluster_1155","evm.TU.chromosome_1.347","TP7",0,-0.774596669241483,"2"
"3","Cluster_1155_evm.TU.chromosome_1.423","Cluster_1155","evm.TU.chromosome_1.423","TP7",-1,-0.948683298050514,"1"
"4","Cluster_1155_evm.TU.chromosome_10.126","Cluster_1155","evm.TU.chromosome_10.126","TP7",1,0.2,"2"
"5","Cluster_1155_evm.TU.chromosome_10.1572","Cluster_1155","evm.TU.chromosome_10.1572","TP7",-1,-0.948683298050514,"1"
"6","Cluster_1155_evm.TU.chromosome_10.33","Cluster_1155","evm.TU.chromosome_10.33","TP7",-1,-0.948683298050514,"1"
"7","Cluster_1155_evm.TU.chromosome_11.1583","Cluster_1155","evm.TU.chromosome_11.1583","TP7",-0.5,-0.8,"1"
"8","Cluster_1155_evm.TU.chromosome_11.2329","Cluster_1155","evm.TU.chromosome_11.2329","TP7",-1,-0.2,"3"
"9","Cluster_1155_evm.TU.chromosome_11.359","Cluster_1155","evm.TU.chromosome_11.359","TP7",0,-0.737864787372622,"2"
"10","Cluster_1155_evm.TU.chromosome_12.1475","Cluster_1155","evm.TU.chromosome_12.1475","TP7",0.5,-0.948683298050514,"2"
"11","Cluster_1155_evm.TU.chromosome_12.1806","Cluster_1155","evm.TU.chromosome_12.1806","TP7",-1,0,"3"
"12","Cluster_1155_evm.TU.chromosome_12.1893","Cluster_1155","evm.TU.chromosome_12.1893","TP7",-1,-0.948683298050514,"1"
"13","Cluster_1155_evm.TU.chromosome_12.1939","Cluster_1155","evm.TU.chromosome_12.1939","TP7",-0.5,0.4,"3"
"14","Cluster_1155_evm.TU.chromosome_12.2814","Cluster_1155","evm.TU.chromosome_12.2814","TP7",-0.5,0.105409255338946,"1"
"15","Cluster_1155_evm.TU.chromosome_12.3731","Cluster_1155","evm.TU.chromosome_12.3731","TP7",-0.5,-0.8,"1"
"16","Cluster_1155_evm.TU.chromosome_12.3757","Cluster_1155","evm.TU.chromosome_12.3757","TP7",-1,0.2,"3"
"17","Cluster_1155_evm.TU.chromosome_13.1892","Cluster_1155","evm.TU.chromosome_13.1892","TP7",-1,0.2,"3"
"18","Cluster_1155_evm.TU.chromosome_13.2239","Cluster_1155","evm.TU.chromosome_13.2239","TP7",-0.866025403784439,-0.737864787372622,"1"
"19","Cluster_1155_evm.TU.chromosome_13.2865","Cluster_1155","evm.TU.chromosome_13.2865","TP7",-0.866025403784439,-0.737864787372622,"1"
"20","Cluster_1155_evm.TU.chromosome_13.330","Cluster_1155","evm.TU.chromosome_13.330","TP7",-1,-0.948683298050514,"1"
"21","Cluster_1155_evm.TU.chromosome_13.3852","Cluster_1155","evm.TU.chromosome_13.3852","TP7",-1,-0.737864787372622,"1"
"22","Cluster_1155_evm.TU.chromosome_14.1638","Cluster_1155","evm.TU.chromosome_14.1638","TP7",-1,-0.737864787372622,"1"
"23","Cluster_1155_evm.TU.chromosome_14.5355","Cluster_1155","evm.TU.chromosome_14.5355","TP7",-1,-0.737864787372622,"1"
"24","Cluster_1155_evm.TU.chromosome_14.6291","Cluster_1155","evm.TU.chromosome_14.6291","TP7",-0.5,-0.948683298050514,"1"
"25","Cluster_1155_evm.TU.chromosome_14.647","Cluster_1155","evm.TU.chromosome_14.647","TP7",-0.866025403784439,-0.737864787372622,"1"
"26","Cluster_1155_evm.TU.chromosome_14.648","Cluster_1155","evm.TU.chromosome_14.648","TP7",-1,-0.4,"1"
"27","Cluster_1155_evm.TU.chromosome_14.77","Cluster_1155","evm.TU.chromosome_14.77","TP7",-0.5,-0.2,"1"
"28","Cluster_1155_evm.TU.chromosome_14.882","Cluster_1155","evm.TU.chromosome_14.882","TP7",-1,-1,"1"
"29","Cluster_1155_evm.TU.chromosome_14.883","Cluster_1155","evm.TU.chromosome_14.883","TP7",-1,-0.948683298050514,"1"
"30","Cluster_1155_evm.TU.chromosome_2.1067","Cluster_1155","evm.TU.chromosome_2.1067","TP7",0.5,-0.4,"2"
"31","Cluster_1155_evm.TU.chromosome_2.1858","Cluster_1155","evm.TU.chromosome_2.1858","TP7",-1,-0.948683298050514,"1"
"32","Cluster_1155_evm.TU.chromosome_2.2028","Cluster_1155","evm.TU.chromosome_2.2028","TP7",-0.5,-1,"1"
"33","Cluster_1155_evm.TU.chromosome_2.2074","Cluster_1155","evm.TU.chromosome_2.2074","TP7",-1,-0.4,"1"
"34","Cluster_1155_evm.TU.chromosome_2.598","Cluster_1155","evm.TU.chromosome_2.598","TP7",-1,-0.774596669241483,"1"
"35","Cluster_1155_evm.TU.chromosome_4.1268","Cluster_1155","evm.TU.chromosome_4.1268","TP7",-1,0.6,"3"
"36","Cluster_1155_evm.TU.chromosome_4.446","Cluster_1155","evm.TU.chromosome_4.446","TP7",-1,-0.737864787372622,"1"
"37","Cluster_1155_evm.TU.chromosome_5.795","Cluster_1155","evm.TU.chromosome_5.795","TP7",-1,-0.6,"1"
"38","Cluster_1155_evm.TU.chromosome_6.2244","Cluster_1155","evm.TU.chromosome_6.2244","TP7",-0.5,0.8,"3"
"39","Cluster_1155_evm.TU.chromosome_6.2264","Cluster_1155","evm.TU.chromosome_6.2264","TP7",-0.5,-0.2,"1"
"40","Cluster_1155_evm.TU.chromosome_6.2578","Cluster_1155","evm.TU.chromosome_6.2578","TP7",-1,-0.4,"1"
"41","Cluster_1155_evm.TU.chromosome_6.803","Cluster_1155","evm.TU.chromosome_6.803","TP7",-0.866025403784439,1,"3"
"42","Cluster_1155_evm.TU.chromosome_7.1023","Cluster_1155","evm.TU.chromosome_7.1023","TP7",-0.5,-0.737864787372622,"1"
"43","Cluster_1155_evm.TU.chromosome_7.2713","Cluster_1155","evm.TU.chromosome_7.2713","TP7",-0.5,0.6,"3"
"44","Cluster_1155_evm.TU.chromosome_8.1532","Cluster_1155","evm.TU.chromosome_8.1532","TP7",-1,-0.4,"1"
"45","Cluster_1155_evm.TU.chromosome_8.1545","Cluster_1155","evm.TU.chromosome_8.1545","TP7",-0.866025403784439,-0.258198889747161,"1"
"46","Cluster_1155_evm.TU.chromosome_8.728","Cluster_1155","evm.TU.chromosome_8.728","TP7",1,0.4,"2"
"47","Cluster_1192_evm.TU.chromosome_1.160","Cluster_1192","evm.TU.chromosome_1.160","TP7",0,-0.632455532033676,"2"
"48","Cluster_1192_evm.TU.chromosome_10.1064","Cluster_1192","evm.TU.chromosome_10.1064","TP7",0.866025403784439,-0.774596669241483,"2"
"49","Cluster_1192_evm.TU.chromosome_11.2254_evm.TU.chromosome_11.2253","Cluster_1192","evm.TU.chromosome_11.2254_evm.TU.chromosome_11.2253","TP7",0.866025403784439,-0.774596669241483,"2"
"50","Cluster_1192_evm.TU.chromosome_12.1596","Cluster_1192","evm.TU.chromosome_12.1596","TP7",0,-0.2,"1"
"51","Cluster_1192_evm.TU.chromosome_13.2314","Cluster_1192","evm.TU.chromosome_13.2314","TP7",0.866025403784439,0.258198889747161,"2"
"52","Cluster_1192_evm.TU.chromosome_13.2442","Cluster_1192","evm.TU.chromosome_13.2442","TP7",0.866025403784439,-0.210818510677892,"2"
"53","Cluster_1192_evm.TU.chromosome_13.3578","Cluster_1192","evm.TU.chromosome_13.3578","TP7",0,0.258198889747161,"1"
"54","Cluster_1192_evm.TU.chromosome_14.2776","Cluster_1192","evm.TU.chromosome_14.2776","TP7",0.866025403784439,-0.632455532033676,"2"
"55","Cluster_1192_evm.TU.chromosome_14.5633","Cluster_1192","evm.TU.chromosome_14.5633","TP7",0.866025403784439,0.258198889747161,"2"
"56","Cluster_1192_evm.TU.chromosome_3.2064","Cluster_1192","evm.TU.chromosome_3.2064","TP7",0.866025403784439,-0.210818510677892,"2"
"57","Cluster_1192_evm.TU.chromosome_4.346","Cluster_1192","evm.TU.chromosome_4.346","TP7",0.866025403784439,-0.210818510677892,"2"
"58","Cluster_1192_evm.TU.chromosome_4.629","Cluster_1192","evm.TU.chromosome_4.629","TP7",0,-0.632455532033676,"2"
"59","Cluster_1192_evm.TU.chromosome_4.653","Cluster_1192","evm.TU.chromosome_4.653","TP7",0.866025403784439,-0.632455532033676,"2"
"60","Cluster_1192_evm.TU.chromosome_5.2793","Cluster_1192","evm.TU.chromosome_5.2793","TP7",0,-0.210818510677892,"1"
"61","Cluster_1192_evm.TU.chromosome_7.2539","Cluster_1192","evm.TU.chromosome_7.2539","TP7",0.866025403784439,-0.774596669241483,"2"
"62","Cluster_1192_evm.TU.chromosome_8.474","Cluster_1192","evm.TU.chromosome_8.474","TP7",0,-0.632455532033676,"2"
"63","Cluster_1192_evm.TU.chromosome_9.470","Cluster_1192","evm.TU.chromosome_9.470","TP7",0,-0.774596669241483,"2"
"64","Cluster_137_evm.TU.chromosome_1.1170","Cluster_137","evm.TU.chromosome_1.1170","TP7",-0.5,-0.737864787372622,"1"
"65","Cluster_137_evm.TU.chromosome_1.1867","Cluster_137","evm.TU.chromosome_1.1867","TP7",-0.5,0.2,"1"
"66","Cluster_137_evm.TU.chromosome_10.1098","Cluster_137","evm.TU.chromosome_10.1098","TP7",-0.5,0.2,"1"
"67","Cluster_137_evm.TU.chromosome_10.1539","Cluster_137","evm.TU.chromosome_10.1539","TP7",-0.5,-0.4,"1"
"68","Cluster_137_evm.TU.chromosome_10.1583","Cluster_137","evm.TU.chromosome_10.1583","TP7",-0.5,-0.258198889747161,"1"
"69","Cluster_137_evm.TU.chromosome_10.1622","Cluster_137","evm.TU.chromosome_10.1622","TP7",-0.5,-0.948683298050514,"1"
"70","Cluster_137_evm.TU.chromosome_10.2163","Cluster_137","evm.TU.chromosome_10.2163","TP7",-0.5,0.632455532033676,"3"
"71","Cluster_137_evm.TU.chromosome_10.877","Cluster_137","evm.TU.chromosome_10.877","TP7",-1,-0.948683298050514,"1"
"72","Cluster_137_evm.TU.chromosome_11.1231","Cluster_137","evm.TU.chromosome_11.1231","TP7",0.5,-0.6,"2"
"73","Cluster_137_evm.TU.chromosome_11.136","Cluster_137","evm.TU.chromosome_11.136","TP7",-0.5,-0.774596669241483,"1"
"74","Cluster_137_evm.TU.chromosome_11.1965","Cluster_137","evm.TU.chromosome_11.1965","TP7",0.5,-0.737864787372622,"2"
"75","Cluster_137_evm.TU.chromosome_11.2242","Cluster_137","evm.TU.chromosome_11.2242","TP7",0.5,0.2,"2"
"76","Cluster_137_evm.TU.chromosome_11.2465","Cluster_137","evm.TU.chromosome_11.2465","TP7",0.5,-0.948683298050514,"2"
"77","Cluster_137_evm.TU.chromosome_11.250","Cluster_137","evm.TU.chromosome_11.250","TP7",-0.5,0.4,"3"
"78","Cluster_137_evm.TU.chromosome_11.2744","Cluster_137","evm.TU.chromosome_11.2744","TP7",-0.866025403784439,-0.948683298050514,"1"
"79","Cluster_137_evm.TU.chromosome_11.2944","Cluster_137","evm.TU.chromosome_11.2944","TP7",-0.5,-0.4,"1"
"80","Cluster_137_evm.TU.chromosome_11.330","Cluster_137","evm.TU.chromosome_11.330","TP7",0.5,-0.737864787372622,"2"
"81","Cluster_137_evm.TU.chromosome_11.331","Cluster_137","evm.TU.chromosome_11.331","TP7",0.866025403784439,0.2,"2"
"82","Cluster_137_evm.TU.chromosome_11.338","Cluster_137","evm.TU.chromosome_11.338","TP7",-0.5,-0.8,"1"
"83","Cluster_137_evm.TU.chromosome_11.396","Cluster_137","evm.TU.chromosome_11.396","TP7",-0.866025403784439,-0.258198889747161,"1"
"84","Cluster_137_evm.TU.chromosome_11.406","Cluster_137","evm.TU.chromosome_11.406","TP7",0.866025403784439,-0.258198889747161,"2"
"85","Cluster_137_evm.TU.chromosome_11.413","Cluster_137","evm.TU.chromosome_11.413","TP7",-0.5,0.4,"3"
"86","Cluster_137_evm.TU.chromosome_11.416","Cluster_137","evm.TU.chromosome_11.416","TP7",-0.5,-0.737864787372622,"1"
"87","Cluster_137_evm.TU.chromosome_11.675","Cluster_137","evm.TU.chromosome_11.675","TP7",-0.866025403784439,-0.948683298050514,"1"
"88","Cluster_137_evm.TU.chromosome_12.1523","Cluster_137","evm.TU.chromosome_12.1523","TP7",0.5,-0.4,"2"
"89","Cluster_137_evm.TU.chromosome_12.191","Cluster_137","evm.TU.chromosome_12.191","TP7",-0.5,-0.737864787372622,"1"
"90","Cluster_137_evm.TU.chromosome_12.1925","Cluster_137","evm.TU.chromosome_12.1925","TP7",0.5,0.2,"2"
"91","Cluster_137_evm.TU.chromosome_12.2046","Cluster_137","evm.TU.chromosome_12.2046","TP7",0.5,-0.2,"2"
"92","Cluster_137_evm.TU.chromosome_12.2136","Cluster_137","evm.TU.chromosome_12.2136","TP7",-0.5,-0.737864787372622,"1"
"93","Cluster_137_evm.TU.chromosome_12.2344","Cluster_137","evm.TU.chromosome_12.2344","TP7",-0.5,0.2,"1"
"94","Cluster_137_evm.TU.chromosome_12.2510","Cluster_137","evm.TU.chromosome_12.2510","TP7",-1,-0.2,"3"
"95","Cluster_137_evm.TU.chromosome_12.2512","Cluster_137","evm.TU.chromosome_12.2512","TP7",-0.5,-0.774596669241483,"1"
"96","Cluster_137_evm.TU.chromosome_12.2614","Cluster_137","evm.TU.chromosome_12.2614","TP7",-0.5,-1,"1"
"97","Cluster_137_evm.TU.chromosome_12.2617","Cluster_137","evm.TU.chromosome_12.2617","TP7",0.5,-0.948683298050514,"2"
"98","Cluster_137_evm.TU.chromosome_12.2785","Cluster_137","evm.TU.chromosome_12.2785","TP7",-0.5,0.316227766016838,"3"
"99","Cluster_137_evm.TU.chromosome_12.3135","Cluster_137","evm.TU.chromosome_12.3135","TP7",-0.5,-0.2,"1"
"100","Cluster_137_evm.TU.chromosome_12.3285","Cluster_137","evm.TU.chromosome_12.3285","TP7",-0.5,-0.737864787372622,"1"
"101","Cluster_137_evm.TU.chromosome_12.3356","Cluster_137","evm.TU.chromosome_12.3356","TP7",-0.866025403784439,-0.2,"1"
"102","Cluster_137_evm.TU.chromosome_12.3694","Cluster_137","evm.TU.chromosome_12.3694","TP7",-0.5,-1,"1"
"103","Cluster_137_evm.TU.chromosome_12.3952","Cluster_137","evm.TU.chromosome_12.3952","TP7",-0.5,0.8,"3"
"104","Cluster_137_evm.TU.chromosome_12.770","Cluster_137","evm.TU.chromosome_12.770","TP7",0.5,-0.737864787372622,"2"
"105","Cluster_137_evm.TU.chromosome_13.1526","Cluster_137","evm.TU.chromosome_13.1526","TP7",0.5,-0.737864787372622,"2"
"106","Cluster_137_evm.TU.chromosome_13.2502","Cluster_137","evm.TU.chromosome_13.2502","TP7",-0.5,-0.258198889747161,"1"
"107","Cluster_137_evm.TU.chromosome_13.2661","Cluster_137","evm.TU.chromosome_13.2661","TP7",0.5,-0.258198889747161,"2"
"108","Cluster_137_evm.TU.chromosome_13.275","Cluster_137","evm.TU.chromosome_13.275","TP7",0.5,0.8,"2"
"109","Cluster_137_evm.TU.chromosome_13.3466","Cluster_137","evm.TU.chromosome_13.3466","TP7",0.5,-0.8,"2"
"110","Cluster_137_evm.TU.chromosome_13.3579","Cluster_137","evm.TU.chromosome_13.3579","TP7",-0.866025403784439,-1,"1"
"111","Cluster_137_evm.TU.chromosome_13.3671","Cluster_137","evm.TU.chromosome_13.3671","TP7",-0.5,-0.8,"1"
"112","Cluster_137_evm.TU.chromosome_13.379","Cluster_137","evm.TU.chromosome_13.379","TP7",-0.5,0.8,"3"
"113","Cluster_137_evm.TU.chromosome_13.782","Cluster_137","evm.TU.chromosome_13.782","TP7",0.5,-0.2,"2"
"114","Cluster_137_evm.TU.chromosome_13.883","Cluster_137","evm.TU.chromosome_13.883","TP7",0.5,-0.948683298050514,"2"
"115","Cluster_137_evm.TU.chromosome_14.1019","Cluster_137","evm.TU.chromosome_14.1019","TP7",-0.5,-0.948683298050514,"1"
"116","Cluster_137_evm.TU.chromosome_14.130","Cluster_137","evm.TU.chromosome_14.130","TP7",0.5,-0.948683298050514,"2"
"117","Cluster_137_evm.TU.chromosome_14.256","Cluster_137","evm.TU.chromosome_14.256","TP7",-0.5,0.258198889747161,"1"
"118","Cluster_137_evm.TU.chromosome_14.2988","Cluster_137","evm.TU.chromosome_14.2988","TP7",-1,-0.4,"1"
"119","Cluster_137_evm.TU.chromosome_14.3801","Cluster_137","evm.TU.chromosome_14.3801","TP7",-0.5,-0.4,"1"
"120","Cluster_137_evm.TU.chromosome_14.4648","Cluster_137","evm.TU.chromosome_14.4648","TP7",0.5,-0.948683298050514,"2"
"121","Cluster_137_evm.TU.chromosome_14.467","Cluster_137","evm.TU.chromosome_14.467","TP7",-0.866025403784439,0.2,"3"
"122","Cluster_137_evm.TU.chromosome_14.5166","Cluster_137","evm.TU.chromosome_14.5166","TP7",0.5,-0.8,"2"
"123","Cluster_137_evm.TU.chromosome_14.5205","Cluster_137","evm.TU.chromosome_14.5205","TP7",-0.5,-0.948683298050514,"1"
"124","Cluster_137_evm.TU.chromosome_14.5294","Cluster_137","evm.TU.chromosome_14.5294","TP7",-0.5,-0.2,"1"
"125","Cluster_137_evm.TU.chromosome_14.5584","Cluster_137","evm.TU.chromosome_14.5584","TP7",-0.5,0.316227766016838,"3"
"126","Cluster_137_evm.TU.chromosome_14.5803","Cluster_137","evm.TU.chromosome_14.5803","TP7",0.5,-0.737864787372622,"2"
"127","Cluster_137_evm.TU.chromosome_14.6697","Cluster_137","evm.TU.chromosome_14.6697","TP7",1,0.4,"2"
"128","Cluster_137_evm.TU.chromosome_2.1034","Cluster_137","evm.TU.chromosome_2.1034","TP7",0.866025403784439,0.632455532033676,"2"
"129","Cluster_137_evm.TU.chromosome_2.1098","Cluster_137","evm.TU.chromosome_2.1098","TP7",-0.5,-0.948683298050514,"1"
"130","Cluster_137_evm.TU.chromosome_2.1183","Cluster_137","evm.TU.chromosome_2.1183","TP7",-0.5,0.632455532033676,"3"
"131","Cluster_137_evm.TU.chromosome_2.1208","Cluster_137","evm.TU.chromosome_2.1208","TP7",-0.866025403784439,-0.2,"1"
"132","Cluster_137_evm.TU.chromosome_2.1823","Cluster_137","evm.TU.chromosome_2.1823","TP7",-0.5,-0.948683298050514,"1"
"133","Cluster_137_evm.TU.chromosome_2.1987","Cluster_137","evm.TU.chromosome_2.1987","TP7",0.5,-0.948683298050514,"2"
"134","Cluster_137_evm.TU.chromosome_2.255","Cluster_137","evm.TU.chromosome_2.255","TP7",0.5,-0.948683298050514,"2"
"135","Cluster_137_evm.TU.chromosome_2.591","Cluster_137","evm.TU.chromosome_2.591","TP7",0.5,-0.4,"2"
"136","Cluster_137_evm.TU.chromosome_2.678","Cluster_137","evm.TU.chromosome_2.678","TP7",-0.5,-0.948683298050514,"1"
"137","Cluster_137_evm.TU.chromosome_3.1566","Cluster_137","evm.TU.chromosome_3.1566","TP7",0.5,-1,"2"
"138","Cluster_137_evm.TU.chromosome_3.542","Cluster_137","evm.TU.chromosome_3.542","TP7",-0.5,-0.737864787372622,"1"
"139","Cluster_137_evm.TU.chromosome_3.57","Cluster_137","evm.TU.chromosome_3.57","TP7",-0.5,-0.737864787372622,"1"
"140","Cluster_137_evm.TU.chromosome_3.733","Cluster_137","evm.TU.chromosome_3.733","TP7",-0.5,-0.737864787372622,"1"
"141","Cluster_137_evm.TU.chromosome_3.829","Cluster_137","evm.TU.chromosome_3.829","TP7",1,0.105409255338946,"2"
"142","Cluster_137_evm.TU.chromosome_3.931","Cluster_137","evm.TU.chromosome_3.931","TP7",0.5,-0.8,"2"
"143","Cluster_137_evm.TU.chromosome_3.980","Cluster_137","evm.TU.chromosome_3.980","TP7",1,-0.948683298050514,"2"
"144","Cluster_137_evm.TU.chromosome_4.1350","Cluster_137","evm.TU.chromosome_4.1350","TP7",0.5,-1,"2"
"145","Cluster_137_evm.TU.chromosome_4.2096","Cluster_137","evm.TU.chromosome_4.2096","TP7",0.5,0,"2"
"146","Cluster_137_evm.TU.chromosome_4.2151","Cluster_137","evm.TU.chromosome_4.2151","TP7",-0.5,-0.737864787372622,"1"
"147","Cluster_137_evm.TU.chromosome_4.2300","Cluster_137","evm.TU.chromosome_4.2300","TP7",0.5,-0.4,"2"
"148","Cluster_137_evm.TU.chromosome_4.831","Cluster_137","evm.TU.chromosome_4.831","TP7",0.866025403784439,0.2,"2"
"149","Cluster_137_evm.TU.chromosome_5.1015","Cluster_137","evm.TU.chromosome_5.1015","TP7",0.5,-0.948683298050514,"2"
"150","Cluster_137_evm.TU.chromosome_5.1215","Cluster_137","evm.TU.chromosome_5.1215","TP7",-0.866025403784439,-0.774596669241483,"1"
"151","Cluster_137_evm.TU.chromosome_5.134","Cluster_137","evm.TU.chromosome_5.134","TP7",0.5,-0.737864787372622,"2"
"152","Cluster_137_evm.TU.chromosome_5.138","Cluster_137","evm.TU.chromosome_5.138","TP7",-0.5,0.4,"3"
"153","Cluster_137_evm.TU.chromosome_5.1936","Cluster_137","evm.TU.chromosome_5.1936","TP7",0.866025403784439,-0.948683298050514,"2"
"154","Cluster_137_evm.TU.chromosome_5.2173","Cluster_137","evm.TU.chromosome_5.2173","TP7",-0.5,-0.737864787372622,"1"
"155","Cluster_137_evm.TU.chromosome_5.2402","Cluster_137","evm.TU.chromosome_5.2402","TP7",0.5,-0.737864787372622,"2"
"156","Cluster_137_evm.TU.chromosome_5.762","Cluster_137","evm.TU.chromosome_5.762","TP7",0.5,-0.6,"2"
"157","Cluster_137_evm.TU.chromosome_5.928","Cluster_137","evm.TU.chromosome_5.928","TP7",0.5,0,"2"
"158","Cluster_137_evm.TU.chromosome_6.1538","Cluster_137","evm.TU.chromosome_6.1538","TP7",-0.5,-0.737864787372622,"1"
"159","Cluster_137_evm.TU.chromosome_6.591","Cluster_137","evm.TU.chromosome_6.591","TP7",0.866025403784439,-0.948683298050514,"2"
"160","Cluster_137_evm.TU.chromosome_6.906","Cluster_137","evm.TU.chromosome_6.906","TP7",0.5,-0.948683298050514,"2"
"161","Cluster_137_evm.TU.chromosome_7.1106","Cluster_137","evm.TU.chromosome_7.1106","TP7",0.866025403784439,0.632455532033676,"2"
"162","Cluster_137_evm.TU.chromosome_7.1661","Cluster_137","evm.TU.chromosome_7.1661","TP7",0.866025403784439,-0.258198889747161,"2"
"163","Cluster_137_evm.TU.chromosome_7.2087","Cluster_137","evm.TU.chromosome_7.2087","TP7",-0.5,-0.948683298050514,"1"
"164","Cluster_137_evm.TU.chromosome_7.2336","Cluster_137","evm.TU.chromosome_7.2336","TP7",-0.5,-0.4,"1"
"165","Cluster_137_evm.TU.chromosome_7.2590","Cluster_137","evm.TU.chromosome_7.2590","TP7",-0.5,-0.2,"1"
"166","Cluster_137_evm.TU.chromosome_7.33","Cluster_137","evm.TU.chromosome_7.33","TP7",0.5,0.4,"2"
"167","Cluster_137_evm.TU.chromosome_7.451","Cluster_137","evm.TU.chromosome_7.451","TP7",-0.5,-0.948683298050514,"1"
"168","Cluster_137_evm.TU.chromosome_7.466","Cluster_137","evm.TU.chromosome_7.466","TP7",-0.5,0.4,"3"
"169","Cluster_137_evm.TU.chromosome_8.2168","Cluster_137","evm.TU.chromosome_8.2168","TP7",-0.5,0,"1"
"170","Cluster_137_evm.TU.chromosome_8.2491","Cluster_137","evm.TU.chromosome_8.2491","TP7",0.5,-0.4,"2"
"171","Cluster_137_evm.TU.chromosome_8.2587","Cluster_137","evm.TU.chromosome_8.2587","TP7",0.5,-0.4,"2"
"172","Cluster_137_evm.TU.chromosome_8.297","Cluster_137","evm.TU.chromosome_8.297","TP7",-0.866025403784439,0.774596669241483,"3"
"173","Cluster_137_evm.TU.chromosome_8.810","Cluster_137","evm.TU.chromosome_8.810","TP7",-0.5,1,"3"
"174","Cluster_137_evm.TU.chromosome_8.818","Cluster_137","evm.TU.chromosome_8.818","TP7",-0.5,-0.4,"1"
"175","Cluster_137_evm.TU.chromosome_9.1561","Cluster_137","evm.TU.chromosome_9.1561","TP7",-0.5,-0.737864787372622,"1"
"176","Cluster_137_evm.TU.chromosome_9.2109","Cluster_137","evm.TU.chromosome_9.2109","TP7",-0.5,-0.8,"1"
"177","Cluster_137_evm.TU.chromosome_9.2239","Cluster_137","evm.TU.chromosome_9.2239","TP7",-0.5,-0.737864787372622,"1"
"178","Cluster_137_evm.TU.chromosome_9.422","Cluster_137","evm.TU.chromosome_9.422","TP7",-0.5,-0.8,"1"
"179","Cluster_137_evm.TU.chromosome_9.470","Cluster_137","evm.TU.chromosome_9.470","TP7",-0.866025403784439,-0.774596669241483,"1"
"180","Cluster_137_evm.TU.chromosome_9.478","Cluster_137","evm.TU.chromosome_9.478","TP7",-0.5,0.8,"3"
"181","Cluster_137_evm.TU.chromosome_9.593","Cluster_137","evm.TU.chromosome_9.593","TP7",0.5,-0.4,"2"
"182","Cluster_1411_evm.TU.chromosome_1.1075","Cluster_1411","evm.TU.chromosome_1.1075","TP7",0.5,0.2,"2"
"183","Cluster_1411_evm.TU.chromosome_1.1229","Cluster_1411","evm.TU.chromosome_1.1229","TP7",1,-0.8,"2"
"184","Cluster_1411_evm.TU.chromosome_1.1366","Cluster_1411","evm.TU.chromosome_1.1366","TP7",1,-1,"2"
"185","Cluster_1411_evm.TU.chromosome_1.1813","Cluster_1411","evm.TU.chromosome_1.1813","TP7",1,1,"2"
"186","Cluster_1411_evm.TU.chromosome_1.871","Cluster_1411","evm.TU.chromosome_1.871","TP7",1,-0.105409255338946,"2"
"187","Cluster_1411_evm.TU.chromosome_10.1471","Cluster_1411","evm.TU.chromosome_10.1471","TP7",1,-0.2,"2"
"188","Cluster_1411_evm.TU.chromosome_10.2094","Cluster_1411","evm.TU.chromosome_10.2094","TP7",1,0.4,"2"
"189","Cluster_1411_evm.TU.chromosome_10.2301","Cluster_1411","evm.TU.chromosome_10.2301","TP7",0.5,0.8,"2"
"190","Cluster_1411_evm.TU.chromosome_10.2395","Cluster_1411","evm.TU.chromosome_10.2395","TP7",-0.5,0.2,"1"
"191","Cluster_1411_evm.TU.chromosome_10.2704","Cluster_1411","evm.TU.chromosome_10.2704","TP7",1,0.2,"2"
"192","Cluster_1411_evm.TU.chromosome_10.3000","Cluster_1411","evm.TU.chromosome_10.3000","TP7",1,-0.8,"2"
"193","Cluster_1411_evm.TU.chromosome_10.400","Cluster_1411","evm.TU.chromosome_10.400","TP7",0.5,0.8,"2"
"194","Cluster_1411_evm.TU.chromosome_11.1073","Cluster_1411","evm.TU.chromosome_11.1073","TP7",0.5,-0.4,"2"
"195","Cluster_1411_evm.TU.chromosome_11.1151","Cluster_1411","evm.TU.chromosome_11.1151","TP7",-1,0.6,"3"
"196","Cluster_1411_evm.TU.chromosome_11.587","Cluster_1411","evm.TU.chromosome_11.587","TP7",1,0.105409255338946,"2"
"197","Cluster_1411_evm.TU.chromosome_11.65","Cluster_1411","evm.TU.chromosome_11.65","TP7",1,0,"2"
"198","Cluster_1411_evm.TU.chromosome_11.959","Cluster_1411","evm.TU.chromosome_11.959","TP7",1,-0.8,"2"
"199","Cluster_1411_evm.TU.chromosome_12.1048","Cluster_1411","evm.TU.chromosome_12.1048","TP7",1,0.105409255338946,"2"
"200","Cluster_1411_evm.TU.chromosome_12.113","Cluster_1411","evm.TU.chromosome_12.113","TP7",-1,0.8,"3"
"201","Cluster_1411_evm.TU.chromosome_12.1925","Cluster_1411","evm.TU.chromosome_12.1925","TP7",1,-1,"2"
"202","Cluster_1411_evm.TU.chromosome_12.2115","Cluster_1411","evm.TU.chromosome_12.2115","TP7",0.5,0.105409255338946,"2"
"203","Cluster_1411_evm.TU.chromosome_12.215","Cluster_1411","evm.TU.chromosome_12.215","TP7",-0.5,-0.4,"1"
"204","Cluster_1411_evm.TU.chromosome_12.2471","Cluster_1411","evm.TU.chromosome_12.2471","TP7",0.5,0.105409255338946,"2"
"205","Cluster_1411_evm.TU.chromosome_12.2488","Cluster_1411","evm.TU.chromosome_12.2488","TP7",1,-0.2,"2"
"206","Cluster_1411_evm.TU.chromosome_12.3298","Cluster_1411","evm.TU.chromosome_12.3298","TP7",0,-0.8,"2"
"207","Cluster_1411_evm.TU.chromosome_12.914","Cluster_1411","evm.TU.chromosome_12.914","TP7",1,-0.2,"2"
"208","Cluster_1411_evm.TU.chromosome_12.920","Cluster_1411","evm.TU.chromosome_12.920","TP7",0.866025403784439,0.258198889747161,"2"
"209","Cluster_1411_evm.TU.chromosome_13.108","Cluster_1411","evm.TU.chromosome_13.108","TP7",1,-0.8,"2"
"210","Cluster_1411_evm.TU.chromosome_13.1257","Cluster_1411","evm.TU.chromosome_13.1257","TP7",0.5,1,"2"
"211","Cluster_1411_evm.TU.chromosome_13.1419","Cluster_1411","evm.TU.chromosome_13.1419","TP7",1,-0.4,"2"
"212","Cluster_1411_evm.TU.chromosome_13.1635","Cluster_1411","evm.TU.chromosome_13.1635","TP7",0.5,-0.105409255338946,"2"
"213","Cluster_1411_evm.TU.chromosome_13.1989","Cluster_1411","evm.TU.chromosome_13.1989","TP7",-0.5,-0.105409255338946,"1"
"214","Cluster_1411_evm.TU.chromosome_13.2149","Cluster_1411","evm.TU.chromosome_13.2149","TP7",1,0,"2"
"215","Cluster_1411_evm.TU.chromosome_13.2426","Cluster_1411","evm.TU.chromosome_13.2426","TP7",0.5,-0.258198889747161,"2"
"216","Cluster_1411_evm.TU.chromosome_13.2693","Cluster_1411","evm.TU.chromosome_13.2693","TP7",1,0.105409255338946,"2"
"217","Cluster_1411_evm.TU.chromosome_13.3063","Cluster_1411","evm.TU.chromosome_13.3063","TP7",0.5,-0.6,"2"
"218","Cluster_1411_evm.TU.chromosome_13.314","Cluster_1411","evm.TU.chromosome_13.314","TP7",-1,1,"3"
"219","Cluster_1411_evm.TU.chromosome_13.3142","Cluster_1411","evm.TU.chromosome_13.3142","TP7",0.5,-0.2,"2"
"220","Cluster_1411_evm.TU.chromosome_13.3198","Cluster_1411","evm.TU.chromosome_13.3198","TP7",-1,0,"3"
"221","Cluster_1411_evm.TU.chromosome_13.3342","Cluster_1411","evm.TU.chromosome_13.3342","TP7",1,0.4,"2"
"222","Cluster_1411_evm.TU.chromosome_13.3834","Cluster_1411","evm.TU.chromosome_13.3834","TP7",0.866025403784439,-0.105409255338946,"2"
"223","Cluster_1411_evm.TU.chromosome_13.827","Cluster_1411","evm.TU.chromosome_13.827","TP7",0,-0.258198889747161,"1"
"224","Cluster_1411_evm.TU.chromosome_13.910","Cluster_1411","evm.TU.chromosome_13.910","TP7",0.866025403784439,-0.258198889747161,"2"
"225","Cluster_1411_evm.TU.chromosome_14.129","Cluster_1411","evm.TU.chromosome_14.129","TP7",1,0.4,"2"
"226","Cluster_1411_evm.TU.chromosome_14.1305","Cluster_1411","evm.TU.chromosome_14.1305","TP7",1,-0.105409255338946,"2"
"227","Cluster_1411_evm.TU.chromosome_14.1550","Cluster_1411","evm.TU.chromosome_14.1550","TP7",0,-0.2,"1"
"228","Cluster_1411_evm.TU.chromosome_14.5550","Cluster_1411","evm.TU.chromosome_14.5550","TP7",-1,0.105409255338946,"3"
"229","Cluster_1411_evm.TU.chromosome_14.7068","Cluster_1411","evm.TU.chromosome_14.7068","TP7",-0.5,0.4,"3"
"230","Cluster_1411_evm.TU.chromosome_14.7275","Cluster_1411","evm.TU.chromosome_14.7275","TP7",0.5,-0.2,"2"
"231","Cluster_1411_evm.TU.chromosome_2.1049","Cluster_1411","evm.TU.chromosome_2.1049","TP7",0.5,0.105409255338946,"2"
"232","Cluster_1411_evm.TU.chromosome_2.1273","Cluster_1411","evm.TU.chromosome_2.1273","TP7",1,0.2,"2"
"233","Cluster_1411_evm.TU.chromosome_2.1571","Cluster_1411","evm.TU.chromosome_2.1571","TP7",-0.5,-0.4,"1"
"234","Cluster_1411_evm.TU.chromosome_2.2089","Cluster_1411","evm.TU.chromosome_2.2089","TP7",1,0.105409255338946,"2"
"235","Cluster_1411_evm.TU.chromosome_2.338","Cluster_1411","evm.TU.chromosome_2.338","TP7",1,1,"2"
"236","Cluster_1411_evm.TU.chromosome_2.423","Cluster_1411","evm.TU.chromosome_2.423","TP7",0.5,0.2,"2"
"237","Cluster_1411_evm.TU.chromosome_2.428","Cluster_1411","evm.TU.chromosome_2.428","TP7",0.5,0.105409255338946,"2"
"238","Cluster_1411_evm.TU.chromosome_3.1163","Cluster_1411","evm.TU.chromosome_3.1163","TP7",0.5,-0.2,"2"
"239","Cluster_1411_evm.TU.chromosome_3.1909","Cluster_1411","evm.TU.chromosome_3.1909","TP7",0,-0.105409255338946,"1"
"240","Cluster_1411_evm.TU.chromosome_3.509","Cluster_1411","evm.TU.chromosome_3.509","TP7",1,0.4,"2"
"241","Cluster_1411_evm.TU.chromosome_3.510","Cluster_1411","evm.TU.chromosome_3.510","TP7",1,0.6,"2"
"242","Cluster_1411_evm.TU.chromosome_4.1134","Cluster_1411","evm.TU.chromosome_4.1134","TP7",0.5,1,"2"
"243","Cluster_1411_evm.TU.chromosome_4.1432","Cluster_1411","evm.TU.chromosome_4.1432","TP7",1,-0.2,"2"
"244","Cluster_1411_evm.TU.chromosome_4.1825","Cluster_1411","evm.TU.chromosome_4.1825","TP7",-1,-1,"1"
"245","Cluster_1411_evm.TU.chromosome_4.1911","Cluster_1411","evm.TU.chromosome_4.1911","TP7",0.5,0.4,"2"
"246","Cluster_1411_evm.TU.chromosome_4.603","Cluster_1411","evm.TU.chromosome_4.603","TP7",0.866025403784439,0.105409255338946,"2"
"247","Cluster_1411_evm.TU.chromosome_4.793","Cluster_1411","evm.TU.chromosome_4.793","TP7",1,-0.258198889747161,"2"
"248","Cluster_1411_evm.TU.chromosome_5.1395","Cluster_1411","evm.TU.chromosome_5.1395","TP7",1,0.2,"2"
"249","Cluster_1411_evm.TU.chromosome_5.241","Cluster_1411","evm.TU.chromosome_5.241","TP7",0.5,-1,"2"
"250","Cluster_1411_evm.TU.chromosome_5.2540","Cluster_1411","evm.TU.chromosome_5.2540","TP7",-0.5,0.8,"3"
"251","Cluster_1411_evm.TU.chromosome_5.2672","Cluster_1411","evm.TU.chromosome_5.2672","TP7",1,0.4,"2"
"252","Cluster_1411_evm.TU.chromosome_5.2823","Cluster_1411","evm.TU.chromosome_5.2823","TP7",0.5,-0.2,"2"
"253","Cluster_1411_evm.TU.chromosome_5.954","Cluster_1411","evm.TU.chromosome_5.954","TP7",0.5,0.105409255338946,"2"
"254","Cluster_1411_evm.TU.chromosome_6.1198","Cluster_1411","evm.TU.chromosome_6.1198","TP7",0.5,0.105409255338946,"2"
"255","Cluster_1411_evm.TU.chromosome_6.1216","Cluster_1411","evm.TU.chromosome_6.1216","TP7",-1,0.2,"3"
"256","Cluster_1411_evm.TU.chromosome_6.2081","Cluster_1411","evm.TU.chromosome_6.2081","TP7",0.5,0.8,"2"
"257","Cluster_1411_evm.TU.chromosome_6.2165","Cluster_1411","evm.TU.chromosome_6.2165","TP7",1,0.4,"2"
"258","Cluster_1411_evm.TU.chromosome_6.238","Cluster_1411","evm.TU.chromosome_6.238","TP7",0,-0.258198889747161,"1"
"259","Cluster_1411_evm.TU.chromosome_6.2569","Cluster_1411","evm.TU.chromosome_6.2569","TP7",1,0.8,"2"
"260","Cluster_1411_evm.TU.chromosome_6.2623","Cluster_1411","evm.TU.chromosome_6.2623","TP7",0.5,-0.8,"2"
"261","Cluster_1411_evm.TU.chromosome_6.2816","Cluster_1411","evm.TU.chromosome_6.2816","TP7",1,0,"2"
"262","Cluster_1411_evm.TU.chromosome_6.321","Cluster_1411","evm.TU.chromosome_6.321","TP7",1,-0.105409255338946,"2"
"263","Cluster_1411_evm.TU.chromosome_6.484","Cluster_1411","evm.TU.chromosome_6.484","TP7",1,1,"2"
"264","Cluster_1411_evm.TU.chromosome_6.485","Cluster_1411","evm.TU.chromosome_6.485","TP7",0.5,-0.105409255338946,"2"
"265","Cluster_1411_evm.TU.chromosome_6.488","Cluster_1411","evm.TU.chromosome_6.488","TP7",0.5,0.4,"2"
"266","Cluster_1411_evm.TU.chromosome_6.518","Cluster_1411","evm.TU.chromosome_6.518","TP7",0.5,0.258198889747161,"2"
"267","Cluster_1411_evm.TU.chromosome_6.7","Cluster_1411","evm.TU.chromosome_6.7","TP7",-1,0.105409255338946,"3"
"268","Cluster_1411_evm.TU.chromosome_6.998","Cluster_1411","evm.TU.chromosome_6.998","TP7",0.5,0.4,"2"
"269","Cluster_1411_evm.TU.chromosome_7.1374","Cluster_1411","evm.TU.chromosome_7.1374","TP7",1,1,"2"
"270","Cluster_1411_evm.TU.chromosome_7.2616","Cluster_1411","evm.TU.chromosome_7.2616","TP7",0.5,0.8,"2"
"271","Cluster_1411_evm.TU.chromosome_7.2745","Cluster_1411","evm.TU.chromosome_7.2745","TP7",0.866025403784439,-0.105409255338946,"2"
"272","Cluster_1411_evm.TU.chromosome_7.465","Cluster_1411","evm.TU.chromosome_7.465","TP7",1,0.4,"2"
"273","Cluster_1411_evm.TU.chromosome_7.588","Cluster_1411","evm.TU.chromosome_7.588","TP7",-0.5,-0.4,"1"
"274","Cluster_1411_evm.TU.chromosome_7.766","Cluster_1411","evm.TU.chromosome_7.766","TP7",-0.5,-1,"1"
"275","Cluster_1411_evm.TU.chromosome_8.1100","Cluster_1411","evm.TU.chromosome_8.1100","TP7",-1,0,"3"
"276","Cluster_1411_evm.TU.chromosome_8.2458","Cluster_1411","evm.TU.chromosome_8.2458","TP7",1,0.8,"2"
"277","Cluster_1411_evm.TU.chromosome_8.2688","Cluster_1411","evm.TU.chromosome_8.2688","TP7",0.5,0,"2"
"278","Cluster_1411_evm.TU.chromosome_9.1026","Cluster_1411","evm.TU.chromosome_9.1026","TP7",-0.5,-0.4,"1"
"279","Cluster_1411_evm.TU.chromosome_9.1075","Cluster_1411","evm.TU.chromosome_9.1075","TP7",1,1,"2"
"280","Cluster_1411_evm.TU.chromosome_9.1081","Cluster_1411","evm.TU.chromosome_9.1081","TP7",0.5,0.8,"2"
"281","Cluster_1411_evm.TU.chromosome_9.1257","Cluster_1411","evm.TU.chromosome_9.1257","TP7",0.5,-1,"2"
"282","Cluster_1411_evm.TU.chromosome_9.1344","Cluster_1411","evm.TU.chromosome_9.1344","TP7",0.866025403784439,-0.2,"2"
"283","Cluster_1411_evm.TU.chromosome_9.1575","Cluster_1411","evm.TU.chromosome_9.1575","TP7",0.866025403784439,0.105409255338946,"2"
"284","Cluster_1411_evm.TU.chromosome_9.2226","Cluster_1411","evm.TU.chromosome_9.2226","TP7",0.5,-1,"2"
"285","Cluster_1411_evm.TU.chromosome_9.2443","Cluster_1411","evm.TU.chromosome_9.2443","TP7",1,-1,"2"
"286","Cluster_1411_evm.TU.chromosome_9.2751","Cluster_1411","evm.TU.chromosome_9.2751","TP7",1,-0.8,"2"
"287","Cluster_1452_evm.TU.chromosome_1.10","Cluster_1452","evm.TU.chromosome_1.10","TP7",0.866025403784439,-1,"2"
"288","Cluster_1452_evm.TU.chromosome_1.1640","Cluster_1452","evm.TU.chromosome_1.1640","TP7",1,1,"2"
"289","Cluster_1452_evm.TU.chromosome_1.1648","Cluster_1452","evm.TU.chromosome_1.1648","TP7",1,0.2,"2"
"290","Cluster_1452_evm.TU.chromosome_1.1781","Cluster_1452","evm.TU.chromosome_1.1781","TP7",-1,0.737864787372622,"3"
"291","Cluster_1452_evm.TU.chromosome_1.1794","Cluster_1452","evm.TU.chromosome_1.1794","TP7",0.5,-0.8,"2"
"292","Cluster_1452_evm.TU.chromosome_1.1838","Cluster_1452","evm.TU.chromosome_1.1838","TP7",-1,1,"3"
"293","Cluster_1452_evm.TU.chromosome_1.1863","Cluster_1452","evm.TU.chromosome_1.1863","TP7",0.5,-0.2,"2"
"294","Cluster_1452_evm.TU.chromosome_1.44","Cluster_1452","evm.TU.chromosome_1.44","TP7",0.5,0.4,"2"
"295","Cluster_1452_evm.TU.chromosome_1.457","Cluster_1452","evm.TU.chromosome_1.457","TP7",1,-0.2,"2"
"296","Cluster_1452_evm.TU.chromosome_1.47","Cluster_1452","evm.TU.chromosome_1.47","TP7",1,0.2,"2"
"297","Cluster_1452_evm.TU.chromosome_1.483","Cluster_1452","evm.TU.chromosome_1.483","TP7",0,0.4,"1"
"298","Cluster_1452_evm.TU.chromosome_1.598","Cluster_1452","evm.TU.chromosome_1.598","TP7",1,0.4,"2"
"299","Cluster_1452_evm.TU.chromosome_1.681","Cluster_1452","evm.TU.chromosome_1.681","TP7",1,0.8,"2"
"300","Cluster_1452_evm.TU.chromosome_1.728","Cluster_1452","evm.TU.chromosome_1.728","TP7",0.5,0.4,"2"
"301","Cluster_1452_evm.TU.chromosome_10.1334","Cluster_1452","evm.TU.chromosome_10.1334","TP7",-0.5,-0.2,"1"
"302","Cluster_1452_evm.TU.chromosome_10.1392","Cluster_1452","evm.TU.chromosome_10.1392","TP7",1,0.8,"2"
"303","Cluster_1452_evm.TU.chromosome_10.1413","Cluster_1452","evm.TU.chromosome_10.1413","TP7",1,0.4,"2"
"304","Cluster_1452_evm.TU.chromosome_10.1435","Cluster_1452","evm.TU.chromosome_10.1435","TP7",1,0,"2"
"305","Cluster_1452_evm.TU.chromosome_10.16","Cluster_1452","evm.TU.chromosome_10.16","TP7",0.5,1,"2"
"306","Cluster_1452_evm.TU.chromosome_10.1663","Cluster_1452","evm.TU.chromosome_10.1663","TP7",-1,0,"3"
"307","Cluster_1452_evm.TU.chromosome_10.1692","Cluster_1452","evm.TU.chromosome_10.1692","TP7",0.5,1,"2"
"308","Cluster_1452_evm.TU.chromosome_10.1701","Cluster_1452","evm.TU.chromosome_10.1701","TP7",1,0.4,"2"
"309","Cluster_1452_evm.TU.chromosome_10.1854","Cluster_1452","evm.TU.chromosome_10.1854","TP7",1,0.2,"2"
"310","Cluster_1452_evm.TU.chromosome_10.1888","Cluster_1452","evm.TU.chromosome_10.1888","TP7",0.5,0.737864787372622,"2"
"311","Cluster_1452_evm.TU.chromosome_10.19","Cluster_1452","evm.TU.chromosome_10.19","TP7",0.5,0.4,"2"
"312","Cluster_1452_evm.TU.chromosome_10.194","Cluster_1452","evm.TU.chromosome_10.194","TP7",-0.5,0.4,"3"
"313","Cluster_1452_evm.TU.chromosome_10.2198","Cluster_1452","evm.TU.chromosome_10.2198","TP7",0.5,0.4,"2"
"314","Cluster_1452_evm.TU.chromosome_10.2395","Cluster_1452","evm.TU.chromosome_10.2395","TP7",-1,-0.6,"1"
"315","Cluster_1452_evm.TU.chromosome_10.2463","Cluster_1452","evm.TU.chromosome_10.2463","TP7",1,0.737864787372622,"2"
"316","Cluster_1452_evm.TU.chromosome_10.2595","Cluster_1452","evm.TU.chromosome_10.2595","TP7",-0.5,0.4,"3"
"317","Cluster_1452_evm.TU.chromosome_10.2613","Cluster_1452","evm.TU.chromosome_10.2613","TP7",-1,1,"3"
"318","Cluster_1452_evm.TU.chromosome_10.2886","Cluster_1452","evm.TU.chromosome_10.2886","TP7",1,0.737864787372622,"2"
"319","Cluster_1452_evm.TU.chromosome_10.2913","Cluster_1452","evm.TU.chromosome_10.2913","TP7",1,0.8,"2"
"320","Cluster_1452_evm.TU.chromosome_10.2937","Cluster_1452","evm.TU.chromosome_10.2937","TP7",0.5,0.4,"2"
"321","Cluster_1452_evm.TU.chromosome_10.2938","Cluster_1452","evm.TU.chromosome_10.2938","TP7",0,0.4,"1"
"322","Cluster_1452_evm.TU.chromosome_10.3020","Cluster_1452","evm.TU.chromosome_10.3020","TP7",-0.5,0.8,"3"
"323","Cluster_1452_evm.TU.chromosome_10.3172","Cluster_1452","evm.TU.chromosome_10.3172","TP7",1,-1,"2"
"324","Cluster_1452_evm.TU.chromosome_10.3206","Cluster_1452","evm.TU.chromosome_10.3206","TP7",0.5,0.948683298050514,"2"
"325","Cluster_1452_evm.TU.chromosome_10.347","Cluster_1452","evm.TU.chromosome_10.347","TP7",1,0.948683298050514,"2"
"326","Cluster_1452_evm.TU.chromosome_10.37","Cluster_1452","evm.TU.chromosome_10.37","TP7",0.5,0.2,"2"
"327","Cluster_1452_evm.TU.chromosome_10.669","Cluster_1452","evm.TU.chromosome_10.669","TP7",0,0.258198889747161,"1"
"328","Cluster_1452_evm.TU.chromosome_10.691","Cluster_1452","evm.TU.chromosome_10.691","TP7",1,0.8,"2"
"329","Cluster_1452_evm.TU.chromosome_10.797","Cluster_1452","evm.TU.chromosome_10.797","TP7",1,0.948683298050514,"2"
"330","Cluster_1452_evm.TU.chromosome_10.885","Cluster_1452","evm.TU.chromosome_10.885","TP7",-0.5,-0.8,"1"
"331","Cluster_1452_evm.TU.chromosome_10.889","Cluster_1452","evm.TU.chromosome_10.889","TP7",1,0.948683298050514,"2"
"332","Cluster_1452_evm.TU.chromosome_10.99","Cluster_1452","evm.TU.chromosome_10.99","TP7",-1,-0.4,"1"
"333","Cluster_1452_evm.TU.chromosome_11.1158","Cluster_1452","evm.TU.chromosome_11.1158","TP7",-0.5,0.4,"3"
"334","Cluster_1452_evm.TU.chromosome_11.1168","Cluster_1452","evm.TU.chromosome_11.1168","TP7",-1,0.8,"3"
"335","Cluster_1452_evm.TU.chromosome_11.1192","Cluster_1452","evm.TU.chromosome_11.1192","TP7",-0.5,-0.4,"1"
"336","Cluster_1452_evm.TU.chromosome_11.1215","Cluster_1452","evm.TU.chromosome_11.1215","TP7",0.5,0.737864787372622,"2"
"337","Cluster_1452_evm.TU.chromosome_11.1274","Cluster_1452","evm.TU.chromosome_11.1274","TP7",0.5,0,"2"
"338","Cluster_1452_evm.TU.chromosome_11.1286","Cluster_1452","evm.TU.chromosome_11.1286","TP7",1,0.737864787372622,"2"
"339","Cluster_1452_evm.TU.chromosome_11.1356","Cluster_1452","evm.TU.chromosome_11.1356","TP7",1,0.948683298050514,"2"
"340","Cluster_1452_evm.TU.chromosome_11.1862","Cluster_1452","evm.TU.chromosome_11.1862","TP7",1,1,"2"
"341","Cluster_1452_evm.TU.chromosome_11.1907","Cluster_1452","evm.TU.chromosome_11.1907","TP7",1,-1,"2"
"342","Cluster_1452_evm.TU.chromosome_11.1963","Cluster_1452","evm.TU.chromosome_11.1963","TP7",1,0.4,"2"
"343","Cluster_1452_evm.TU.chromosome_11.2055","Cluster_1452","evm.TU.chromosome_11.2055","TP7",1,1,"2"
"344","Cluster_1452_evm.TU.chromosome_11.2190","Cluster_1452","evm.TU.chromosome_11.2190","TP7",1,0,"2"
"345","Cluster_1452_evm.TU.chromosome_11.2473","Cluster_1452","evm.TU.chromosome_11.2473","TP7",1,0.4,"2"
"346","Cluster_1452_evm.TU.chromosome_11.2716","Cluster_1452","evm.TU.chromosome_11.2716","TP7",0.5,0,"2"
"347","Cluster_1452_evm.TU.chromosome_11.2822","Cluster_1452","evm.TU.chromosome_11.2822","TP7",-1,-0.2,"3"
"348","Cluster_1452_evm.TU.chromosome_11.2857","Cluster_1452","evm.TU.chromosome_11.2857","TP7",1,0.4,"2"
"349","Cluster_1452_evm.TU.chromosome_11.2872","Cluster_1452","evm.TU.chromosome_11.2872","TP7",1,0.2,"2"
"350","Cluster_1452_evm.TU.chromosome_11.2907","Cluster_1452","evm.TU.chromosome_11.2907","TP7",1,-0.8,"2"
"351","Cluster_1452_evm.TU.chromosome_11.293","Cluster_1452","evm.TU.chromosome_11.293","TP7",-0.5,0.8,"3"
"352","Cluster_1452_evm.TU.chromosome_11.294","Cluster_1452","evm.TU.chromosome_11.294","TP7",0.5,0.737864787372622,"2"
"353","Cluster_1452_evm.TU.chromosome_11.3084","Cluster_1452","evm.TU.chromosome_11.3084","TP7",1,-0.2,"2"
"354","Cluster_1452_evm.TU.chromosome_11.3088","Cluster_1452","evm.TU.chromosome_11.3088","TP7",1,-0.8,"2"
"355","Cluster_1452_evm.TU.chromosome_11.3160","Cluster_1452","evm.TU.chromosome_11.3160","TP7",0.5,-0.2,"2"
"356","Cluster_1452_evm.TU.chromosome_11.363","Cluster_1452","evm.TU.chromosome_11.363","TP7",0.5,0.8,"2"
"357","Cluster_1452_evm.TU.chromosome_11.40","Cluster_1452","evm.TU.chromosome_11.40","TP7",-0.5,1,"3"
"358","Cluster_1452_evm.TU.chromosome_11.45","Cluster_1452","evm.TU.chromosome_11.45","TP7",0.5,0.8,"2"
"359","Cluster_1452_evm.TU.chromosome_11.524","Cluster_1452","evm.TU.chromosome_11.524","TP7",0.5,0.948683298050514,"2"
"360","Cluster_1452_evm.TU.chromosome_11.66","Cluster_1452","evm.TU.chromosome_11.66","TP7",1,0.8,"2"
"361","Cluster_1452_evm.TU.chromosome_11.664","Cluster_1452","evm.TU.chromosome_11.664","TP7",1,0.948683298050514,"2"
"362","Cluster_1452_evm.TU.chromosome_11.769","Cluster_1452","evm.TU.chromosome_11.769","TP7",-1,-0.4,"1"
"363","Cluster_1452_evm.TU.chromosome_11.79","Cluster_1452","evm.TU.chromosome_11.79","TP7",1,0.6,"2"
"364","Cluster_1452_evm.TU.chromosome_11.827","Cluster_1452","evm.TU.chromosome_11.827","TP7",0.5,-0.2,"2"
"365","Cluster_1452_evm.TU.chromosome_11.844","Cluster_1452","evm.TU.chromosome_11.844","TP7",0.866025403784439,0.258198889747161,"2"
"366","Cluster_1452_evm.TU.chromosome_12.1390","Cluster_1452","evm.TU.chromosome_12.1390","TP7",0.5,0.948683298050514,"2"
"367","Cluster_1452_evm.TU.chromosome_12.1420","Cluster_1452","evm.TU.chromosome_12.1420","TP7",1,-0.316227766016838,"2"
"368","Cluster_1452_evm.TU.chromosome_12.1439","Cluster_1452","evm.TU.chromosome_12.1439","TP7",1,0.2,"2"
"369","Cluster_1452_evm.TU.chromosome_12.1474","Cluster_1452","evm.TU.chromosome_12.1474","TP7",1,0.4,"2"
"370","Cluster_1452_evm.TU.chromosome_12.1510","Cluster_1452","evm.TU.chromosome_12.1510","TP7",0.5,1,"2"
"371","Cluster_1452_evm.TU.chromosome_12.1521","Cluster_1452","evm.TU.chromosome_12.1521","TP7",-0.5,0.948683298050514,"3"
"372","Cluster_1452_evm.TU.chromosome_12.1523","Cluster_1452","evm.TU.chromosome_12.1523","TP7",-1,0.4,"3"
"373","Cluster_1452_evm.TU.chromosome_12.1730","Cluster_1452","evm.TU.chromosome_12.1730","TP7",0.5,0.948683298050514,"2"
"374","Cluster_1452_evm.TU.chromosome_12.1788","Cluster_1452","evm.TU.chromosome_12.1788","TP7",1,0.8,"2"
"375","Cluster_1452_evm.TU.chromosome_12.1868","Cluster_1452","evm.TU.chromosome_12.1868","TP7",0.5,0.4,"2"
"376","Cluster_1452_evm.TU.chromosome_12.1871","Cluster_1452","evm.TU.chromosome_12.1871","TP7",0.5,-0.2,"2"
"377","Cluster_1452_evm.TU.chromosome_12.1876","Cluster_1452","evm.TU.chromosome_12.1876","TP7",0.5,0.737864787372622,"2"
"378","Cluster_1452_evm.TU.chromosome_12.1891","Cluster_1452","evm.TU.chromosome_12.1891","TP7",-0.5,0.8,"3"
"379","Cluster_1452_evm.TU.chromosome_12.2077","Cluster_1452","evm.TU.chromosome_12.2077","TP7",1,-0.4,"2"
"380","Cluster_1452_evm.TU.chromosome_12.2150","Cluster_1452","evm.TU.chromosome_12.2150","TP7",1,0.2,"2"
"381","Cluster_1452_evm.TU.chromosome_12.2195","Cluster_1452","evm.TU.chromosome_12.2195","TP7",0.5,0.4,"2"
"382","Cluster_1452_evm.TU.chromosome_12.2385","Cluster_1452","evm.TU.chromosome_12.2385","TP7",-0.5,-0.4,"1"
"383","Cluster_1452_evm.TU.chromosome_12.2429","Cluster_1452","evm.TU.chromosome_12.2429","TP7",1,-0.2,"2"
"384","Cluster_1452_evm.TU.chromosome_12.246","Cluster_1452","evm.TU.chromosome_12.246","TP7",0.866025403784439,-1,"2"
"385","Cluster_1452_evm.TU.chromosome_12.2517","Cluster_1452","evm.TU.chromosome_12.2517","TP7",1,-0.4,"2"
"386","Cluster_1452_evm.TU.chromosome_12.2598","Cluster_1452","evm.TU.chromosome_12.2598","TP7",0.5,0.948683298050514,"2"
"387","Cluster_1452_evm.TU.chromosome_12.2678","Cluster_1452","evm.TU.chromosome_12.2678","TP7",1,0.2,"2"
"388","Cluster_1452_evm.TU.chromosome_12.2729","Cluster_1452","evm.TU.chromosome_12.2729","TP7",0.5,0.948683298050514,"2"
"389","Cluster_1452_evm.TU.chromosome_12.276","Cluster_1452","evm.TU.chromosome_12.276","TP7",1,0.8,"2"
"390","Cluster_1452_evm.TU.chromosome_12.283","Cluster_1452","evm.TU.chromosome_12.283","TP7",1,0.6,"2"
"391","Cluster_1452_evm.TU.chromosome_12.2870","Cluster_1452","evm.TU.chromosome_12.2870","TP7",0.5,-0.8,"2"
"392","Cluster_1452_evm.TU.chromosome_12.3006","Cluster_1452","evm.TU.chromosome_12.3006","TP7",0.5,0.948683298050514,"2"
"393","Cluster_1452_evm.TU.chromosome_12.3074","Cluster_1452","evm.TU.chromosome_12.3074","TP7",1,0.737864787372622,"2"
"394","Cluster_1452_evm.TU.chromosome_12.3136","Cluster_1452","evm.TU.chromosome_12.3136","TP7",0.5,0.4,"2"
"395","Cluster_1452_evm.TU.chromosome_12.3157","Cluster_1452","evm.TU.chromosome_12.3157","TP7",-1,0.948683298050514,"3"
"396","Cluster_1452_evm.TU.chromosome_12.3166","Cluster_1452","evm.TU.chromosome_12.3166","TP7",1,-0.2,"2"
"397","Cluster_1452_evm.TU.chromosome_12.317","Cluster_1452","evm.TU.chromosome_12.317","TP7",1,0.4,"2"
"398","Cluster_1452_evm.TU.chromosome_12.3192","Cluster_1452","evm.TU.chromosome_12.3192","TP7",1,0.2,"2"
"399","Cluster_1452_evm.TU.chromosome_12.3231","Cluster_1452","evm.TU.chromosome_12.3231","TP7",0.866025403784439,-0.6,"2"
"400","Cluster_1452_evm.TU.chromosome_12.3388","Cluster_1452","evm.TU.chromosome_12.3388","TP7",1,1,"2"
"401","Cluster_1452_evm.TU.chromosome_12.3390","Cluster_1452","evm.TU.chromosome_12.3390","TP7",0,0.258198889747161,"1"
"402","Cluster_1452_evm.TU.chromosome_12.3476","Cluster_1452","evm.TU.chromosome_12.3476","TP7",0.866025403784439,-0.632455532033676,"2"
"403","Cluster_1452_evm.TU.chromosome_12.3556","Cluster_1452","evm.TU.chromosome_12.3556","TP7",1,0.2,"2"
"404","Cluster_1452_evm.TU.chromosome_12.3672","Cluster_1452","evm.TU.chromosome_12.3672","TP7",0.866025403784439,0.258198889747161,"2"
"405","Cluster_1452_evm.TU.chromosome_12.3886","Cluster_1452","evm.TU.chromosome_12.3886","TP7",0.5,0.948683298050514,"2"
"406","Cluster_1452_evm.TU.chromosome_12.3924","Cluster_1452","evm.TU.chromosome_12.3924","TP7",0,0.774596669241483,"1"
"407","Cluster_1452_evm.TU.chromosome_12.4122","Cluster_1452","evm.TU.chromosome_12.4122","TP7",1,0.737864787372622,"2"
"408","Cluster_1452_evm.TU.chromosome_12.418","Cluster_1452","evm.TU.chromosome_12.418","TP7",0.5,-0.8,"2"
"409","Cluster_1452_evm.TU.chromosome_12.467","Cluster_1452","evm.TU.chromosome_12.467","TP7",1,0.948683298050514,"2"
"410","Cluster_1452_evm.TU.chromosome_12.785","Cluster_1452","evm.TU.chromosome_12.785","TP7",0,-0.316227766016838,"1"
"411","Cluster_1452_evm.TU.chromosome_12.928","Cluster_1452","evm.TU.chromosome_12.928","TP7",1,0,"2"
"412","Cluster_1452_evm.TU.chromosome_13.1093","Cluster_1452","evm.TU.chromosome_13.1093","TP7",0.5,1,"2"
"413","Cluster_1452_evm.TU.chromosome_13.1226","Cluster_1452","evm.TU.chromosome_13.1226","TP7",1,-0.4,"2"
"414","Cluster_1452_evm.TU.chromosome_13.133","Cluster_1452","evm.TU.chromosome_13.133","TP7",1,-0.2,"2"
"415","Cluster_1452_evm.TU.chromosome_13.1407","Cluster_1452","evm.TU.chromosome_13.1407","TP7",0.5,0.948683298050514,"2"
"416","Cluster_1452_evm.TU.chromosome_13.142","Cluster_1452","evm.TU.chromosome_13.142","TP7",0.5,0.948683298050514,"2"
"417","Cluster_1452_evm.TU.chromosome_13.1469","Cluster_1452","evm.TU.chromosome_13.1469","TP7",0.5,-0.2,"2"
"418","Cluster_1452_evm.TU.chromosome_13.1659","Cluster_1452","evm.TU.chromosome_13.1659","TP7",0.5,0.8,"2"
"419","Cluster_1452_evm.TU.chromosome_13.1703","Cluster_1452","evm.TU.chromosome_13.1703","TP7",0.5,0.8,"2"
"420","Cluster_1452_evm.TU.chromosome_13.1705","Cluster_1452","evm.TU.chromosome_13.1705","TP7",1,0.8,"2"
"421","Cluster_1452_evm.TU.chromosome_13.2159","Cluster_1452","evm.TU.chromosome_13.2159","TP7",1,-0.4,"2"
"422","Cluster_1452_evm.TU.chromosome_13.2201","Cluster_1452","evm.TU.chromosome_13.2201","TP7",-0.5,-0.4,"1"
"423","Cluster_1452_evm.TU.chromosome_13.2308","Cluster_1452","evm.TU.chromosome_13.2308","TP7",0,0.948683298050514,"3"
"424","Cluster_1452_evm.TU.chromosome_13.2524","Cluster_1452","evm.TU.chromosome_13.2524","TP7",0.5,1,"2"
"425","Cluster_1452_evm.TU.chromosome_13.3031","Cluster_1452","evm.TU.chromosome_13.3031","TP7",1,1,"2"
"426","Cluster_1452_evm.TU.chromosome_13.3094","Cluster_1452","evm.TU.chromosome_13.3094","TP7",1,0.4,"2"
"427","Cluster_1452_evm.TU.chromosome_13.3173","Cluster_1452","evm.TU.chromosome_13.3173","TP7",-0.5,0.948683298050514,"3"
"428","Cluster_1452_evm.TU.chromosome_13.3180","Cluster_1452","evm.TU.chromosome_13.3180","TP7",-1,-0.4,"1"
"429","Cluster_1452_evm.TU.chromosome_13.3181","Cluster_1452","evm.TU.chromosome_13.3181","TP7",-1,-0.4,"1"
"430","Cluster_1452_evm.TU.chromosome_13.3280","Cluster_1452","evm.TU.chromosome_13.3280","TP7",1,0.4,"2"
"431","Cluster_1452_evm.TU.chromosome_13.3327","Cluster_1452","evm.TU.chromosome_13.3327","TP7",0.5,0.948683298050514,"2"
"432","Cluster_1452_evm.TU.chromosome_13.3352","Cluster_1452","evm.TU.chromosome_13.3352","TP7",1,1,"2"
"433","Cluster_1452_evm.TU.chromosome_13.3411","Cluster_1452","evm.TU.chromosome_13.3411","TP7",0.5,0.4,"2"
"434","Cluster_1452_evm.TU.chromosome_13.3518","Cluster_1452","evm.TU.chromosome_13.3518","TP7",0.5,0.6,"2"
"435","Cluster_1452_evm.TU.chromosome_13.3651","Cluster_1452","evm.TU.chromosome_13.3651","TP7",0.5,0.8,"2"
"436","Cluster_1452_evm.TU.chromosome_13.3781","Cluster_1452","evm.TU.chromosome_13.3781","TP7",1,1,"2"
"437","Cluster_1452_evm.TU.chromosome_13.3823","Cluster_1452","evm.TU.chromosome_13.3823","TP7",1,0.737864787372622,"2"
"438","Cluster_1452_evm.TU.chromosome_13.3827","Cluster_1452","evm.TU.chromosome_13.3827","TP7",-0.5,0.258198889747161,"1"
"439","Cluster_1452_evm.TU.chromosome_13.3866","Cluster_1452","evm.TU.chromosome_13.3866","TP7",1,0.4,"2"
"440","Cluster_1452_evm.TU.chromosome_13.4041","Cluster_1452","evm.TU.chromosome_13.4041","TP7",-0.5,0.8,"3"
"441","Cluster_1452_evm.TU.chromosome_13.4151","Cluster_1452","evm.TU.chromosome_13.4151","TP7",0.5,-1,"2"
"442","Cluster_1452_evm.TU.chromosome_13.4157","Cluster_1452","evm.TU.chromosome_13.4157","TP7",-1,-1,"1"
"443","Cluster_1452_evm.TU.chromosome_13.4161","Cluster_1452","evm.TU.chromosome_13.4161","TP7",0.5,-0.4,"2"
"444","Cluster_1452_evm.TU.chromosome_13.459","Cluster_1452","evm.TU.chromosome_13.459","TP7",1,0.8,"2"
"445","Cluster_1452_evm.TU.chromosome_13.571","Cluster_1452","evm.TU.chromosome_13.571","TP7",1,0.8,"2"
"446","Cluster_1452_evm.TU.chromosome_13.732","Cluster_1452","evm.TU.chromosome_13.732","TP7",-0.5,0.737864787372622,"3"
"447","Cluster_1452_evm.TU.chromosome_13.844","Cluster_1452","evm.TU.chromosome_13.844","TP7",1,0.2,"2"
"448","Cluster_1452_evm.TU.chromosome_13.88","Cluster_1452","evm.TU.chromosome_13.88","TP7",0.5,0.2,"2"
"449","Cluster_1452_evm.TU.chromosome_14.1179","Cluster_1452","evm.TU.chromosome_14.1179","TP7",0.5,0.4,"2"
"450","Cluster_1452_evm.TU.chromosome_14.1526","Cluster_1452","evm.TU.chromosome_14.1526","TP7",-1,-1,"1"
"451","Cluster_1452_evm.TU.chromosome_14.159","Cluster_1452","evm.TU.chromosome_14.159","TP7",0.5,0.948683298050514,"2"
"452","Cluster_1452_evm.TU.chromosome_14.1658","Cluster_1452","evm.TU.chromosome_14.1658","TP7",0.5,-0.8,"2"
"453","Cluster_1452_evm.TU.chromosome_14.1743","Cluster_1452","evm.TU.chromosome_14.1743","TP7",0.5,-0.2,"2"
"454","Cluster_1452_evm.TU.chromosome_14.2161","Cluster_1452","evm.TU.chromosome_14.2161","TP7",-1,-0.632455532033676,"1"
"455","Cluster_1452_evm.TU.chromosome_14.2823","Cluster_1452","evm.TU.chromosome_14.2823","TP7",1,0.258198889747161,"2"
"456","Cluster_1452_evm.TU.chromosome_14.2839","Cluster_1452","evm.TU.chromosome_14.2839","TP7",-1,-0.4,"1"
"457","Cluster_1452_evm.TU.chromosome_14.2871","Cluster_1452","evm.TU.chromosome_14.2871","TP7",0.5,0.737864787372622,"2"
"458","Cluster_1452_evm.TU.chromosome_14.3160","Cluster_1452","evm.TU.chromosome_14.3160","TP7",0,0.210818510677892,"1"
"459","Cluster_1452_evm.TU.chromosome_14.3411","Cluster_1452","evm.TU.chromosome_14.3411","TP7",1,0.8,"2"
"460","Cluster_1452_evm.TU.chromosome_14.3580","Cluster_1452","evm.TU.chromosome_14.3580","TP7",-0.5,-0.4,"1"
"461","Cluster_1452_evm.TU.chromosome_14.3777","Cluster_1452","evm.TU.chromosome_14.3777","TP7",0.5,0.737864787372622,"2"
"462","Cluster_1452_evm.TU.chromosome_14.4298","Cluster_1452","evm.TU.chromosome_14.4298","TP7",1,0.948683298050514,"2"
"463","Cluster_1452_evm.TU.chromosome_14.4317","Cluster_1452","evm.TU.chromosome_14.4317","TP7",-0.5,-0.6,"1"
"464","Cluster_1452_evm.TU.chromosome_14.448","Cluster_1452","evm.TU.chromosome_14.448","TP7",-0.866025403784439,-0.258198889747161,"1"
"465","Cluster_1452_evm.TU.chromosome_14.4717","Cluster_1452","evm.TU.chromosome_14.4717","TP7",0.5,-0.4,"2"
"466","Cluster_1452_evm.TU.chromosome_14.472","Cluster_1452","evm.TU.chromosome_14.472","TP7",0.5,0.4,"2"
"467","Cluster_1452_evm.TU.chromosome_14.4748","Cluster_1452","evm.TU.chromosome_14.4748","TP7",0.5,-0.105409255338946,"2"
"468","Cluster_1452_evm.TU.chromosome_14.4750","Cluster_1452","evm.TU.chromosome_14.4750","TP7",1,0.737864787372622,"2"
"469","Cluster_1452_evm.TU.chromosome_14.4947","Cluster_1452","evm.TU.chromosome_14.4947","TP7",1,-0.8,"2"
"470","Cluster_1452_evm.TU.chromosome_14.4957","Cluster_1452","evm.TU.chromosome_14.4957","TP7",0.5,0.737864787372622,"2"
"471","Cluster_1452_evm.TU.chromosome_14.4961","Cluster_1452","evm.TU.chromosome_14.4961","TP7",-0.5,-0.2,"1"
"472","Cluster_1452_evm.TU.chromosome_14.5007","Cluster_1452","evm.TU.chromosome_14.5007","TP7",-1,-0.105409255338946,"3"
"473","Cluster_1452_evm.TU.chromosome_14.5113","Cluster_1452","evm.TU.chromosome_14.5113","TP7",-0.5,-0.8,"1"
"474","Cluster_1452_evm.TU.chromosome_14.5270","Cluster_1452","evm.TU.chromosome_14.5270","TP7",1,0.948683298050514,"2"
"475","Cluster_1452_evm.TU.chromosome_14.5349","Cluster_1452","evm.TU.chromosome_14.5349","TP7",0.866025403784439,0.8,"2"
"476","Cluster_1452_evm.TU.chromosome_14.5422","Cluster_1452","evm.TU.chromosome_14.5422","TP7",1,0.4,"2"
"477","Cluster_1452_evm.TU.chromosome_14.5609","Cluster_1452","evm.TU.chromosome_14.5609","TP7",1,0.4,"2"
"478","Cluster_1452_evm.TU.chromosome_14.5613","Cluster_1452","evm.TU.chromosome_14.5613","TP7",0.866025403784439,0.2,"2"
"479","Cluster_1452_evm.TU.chromosome_14.5618","Cluster_1452","evm.TU.chromosome_14.5618","TP7",0.5,-0.2,"2"
"480","Cluster_1452_evm.TU.chromosome_14.5676","Cluster_1452","evm.TU.chromosome_14.5676","TP7",1,-0.4,"2"
"481","Cluster_1452_evm.TU.chromosome_14.573","Cluster_1452","evm.TU.chromosome_14.573","TP7",1,0.737864787372622,"2"
"482","Cluster_1452_evm.TU.chromosome_14.5808","Cluster_1452","evm.TU.chromosome_14.5808","TP7",0.5,0.4,"2"
"483","Cluster_1452_evm.TU.chromosome_14.5869","Cluster_1452","evm.TU.chromosome_14.5869","TP7",0.5,0.948683298050514,"2"
"484","Cluster_1452_evm.TU.chromosome_14.5929","Cluster_1452","evm.TU.chromosome_14.5929","TP7",0.5,0.737864787372622,"2"
"485","Cluster_1452_evm.TU.chromosome_14.5999","Cluster_1452","evm.TU.chromosome_14.5999","TP7",0.5,0.4,"2"
"486","Cluster_1452_evm.TU.chromosome_14.6360","Cluster_1452","evm.TU.chromosome_14.6360","TP7",-0.5,0.774596669241483,"3"
"487","Cluster_1452_evm.TU.chromosome_14.673","Cluster_1452","evm.TU.chromosome_14.673","TP7",0.866025403784439,0.774596669241483,"2"
"488","Cluster_1452_evm.TU.chromosome_14.6813","Cluster_1452","evm.TU.chromosome_14.6813","TP7",1,0.948683298050514,"2"
"489","Cluster_1452_evm.TU.chromosome_14.6943","Cluster_1452","evm.TU.chromosome_14.6943","TP7",0.5,-0.8,"2"
"490","Cluster_1452_evm.TU.chromosome_14.7005","Cluster_1452","evm.TU.chromosome_14.7005","TP7",-0.5,0.737864787372622,"3"
"491","Cluster_1452_evm.TU.chromosome_14.7068","Cluster_1452","evm.TU.chromosome_14.7068","TP7",-1,0.8,"3"
"492","Cluster_1452_evm.TU.chromosome_14.7114","Cluster_1452","evm.TU.chromosome_14.7114","TP7",0.5,1,"2"
"493","Cluster_1452_evm.TU.chromosome_14.7167","Cluster_1452","evm.TU.chromosome_14.7167","TP7",0.5,-0.4,"2"
"494","Cluster_1452_evm.TU.chromosome_2.106","Cluster_1452","evm.TU.chromosome_2.106","TP7",0.5,0,"2"
"495","Cluster_1452_evm.TU.chromosome_2.1177","Cluster_1452","evm.TU.chromosome_2.1177","TP7",1,0.4,"2"
"496","Cluster_1452_evm.TU.chromosome_2.1227","Cluster_1452","evm.TU.chromosome_2.1227","TP7",1,0.948683298050514,"2"
"497","Cluster_1452_evm.TU.chromosome_2.1313","Cluster_1452","evm.TU.chromosome_2.1313","TP7",1,-0.4,"2"
"498","Cluster_1452_evm.TU.chromosome_2.1342","Cluster_1452","evm.TU.chromosome_2.1342","TP7",0.5,0.4,"2"
"499","Cluster_1452_evm.TU.chromosome_2.1444","Cluster_1452","evm.TU.chromosome_2.1444","TP7",0.5,-1,"2"
"500","Cluster_1452_evm.TU.chromosome_2.1514","Cluster_1452","evm.TU.chromosome_2.1514","TP7",1,0.948683298050514,"2"
"501","Cluster_1452_evm.TU.chromosome_2.1585","Cluster_1452","evm.TU.chromosome_2.1585","TP7",1,0.6,"2"
"502","Cluster_1452_evm.TU.chromosome_2.1677","Cluster_1452","evm.TU.chromosome_2.1677","TP7",1,0.2,"2"
"503","Cluster_1452_evm.TU.chromosome_2.1724","Cluster_1452","evm.TU.chromosome_2.1724","TP7",0,0.4,"1"
"504","Cluster_1452_evm.TU.chromosome_2.1908","Cluster_1452","evm.TU.chromosome_2.1908","TP7",0.5,0.8,"2"
"505","Cluster_1452_evm.TU.chromosome_2.1916","Cluster_1452","evm.TU.chromosome_2.1916","TP7",0.5,0.8,"2"
"506","Cluster_1452_evm.TU.chromosome_2.1924","Cluster_1452","evm.TU.chromosome_2.1924","TP7",0.5,-0.8,"2"
"507","Cluster_1452_evm.TU.chromosome_2.2023","Cluster_1452","evm.TU.chromosome_2.2023","TP7",1,0.8,"2"
"508","Cluster_1452_evm.TU.chromosome_2.227","Cluster_1452","evm.TU.chromosome_2.227","TP7",1,0.2,"2"
"509","Cluster_1452_evm.TU.chromosome_2.353","Cluster_1452","evm.TU.chromosome_2.353","TP7",1,-0.4,"2"
"510","Cluster_1452_evm.TU.chromosome_2.412","Cluster_1452","evm.TU.chromosome_2.412","TP7",1,0.737864787372622,"2"
"511","Cluster_1452_evm.TU.chromosome_2.529","Cluster_1452","evm.TU.chromosome_2.529","TP7",0.5,-0.8,"2"
"512","Cluster_1452_evm.TU.chromosome_2.601","Cluster_1452","evm.TU.chromosome_2.601","TP7",1,1,"2"
"513","Cluster_1452_evm.TU.chromosome_2.634","Cluster_1452","evm.TU.chromosome_2.634","TP7",1,0.948683298050514,"2"
"514","Cluster_1452_evm.TU.chromosome_2.736","Cluster_1452","evm.TU.chromosome_2.736","TP7",1,0.8,"2"
"515","Cluster_1452_evm.TU.chromosome_2.776","Cluster_1452","evm.TU.chromosome_2.776","TP7",1,0.8,"2"
"516","Cluster_1452_evm.TU.chromosome_2.798","Cluster_1452","evm.TU.chromosome_2.798","TP7",0.5,0.737864787372622,"2"
"517","Cluster_1452_evm.TU.chromosome_3.1076","Cluster_1452","evm.TU.chromosome_3.1076","TP7",0.5,0.258198889747161,"2"
"518","Cluster_1452_evm.TU.chromosome_3.1383","Cluster_1452","evm.TU.chromosome_3.1383","TP7",0.5,0.948683298050514,"2"
"519","Cluster_1452_evm.TU.chromosome_3.1389","Cluster_1452","evm.TU.chromosome_3.1389","TP7",0.5,0.948683298050514,"2"
"520","Cluster_1452_evm.TU.chromosome_3.1426","Cluster_1452","evm.TU.chromosome_3.1426","TP7",1,0.4,"2"
"521","Cluster_1452_evm.TU.chromosome_3.1483","Cluster_1452","evm.TU.chromosome_3.1483","TP7",0.5,-1,"2"
"522","Cluster_1452_evm.TU.chromosome_3.1530","Cluster_1452","evm.TU.chromosome_3.1530","TP7",0.5,1,"2"
"523","Cluster_1452_evm.TU.chromosome_3.1533","Cluster_1452","evm.TU.chromosome_3.1533","TP7",-1,0.737864787372622,"3"
"524","Cluster_1452_evm.TU.chromosome_3.1560","Cluster_1452","evm.TU.chromosome_3.1560","TP7",1,0.948683298050514,"2"
"525","Cluster_1452_evm.TU.chromosome_3.1564","Cluster_1452","evm.TU.chromosome_3.1564","TP7",1,-0.2,"2"
"526","Cluster_1452_evm.TU.chromosome_3.166","Cluster_1452","evm.TU.chromosome_3.166","TP7",1,0.4,"2"
"527","Cluster_1452_evm.TU.chromosome_3.1709","Cluster_1452","evm.TU.chromosome_3.1709","TP7",-1,-1,"1"
"528","Cluster_1452_evm.TU.chromosome_3.1765","Cluster_1452","evm.TU.chromosome_3.1765","TP7",0.5,0.8,"2"
"529","Cluster_1452_evm.TU.chromosome_3.236","Cluster_1452","evm.TU.chromosome_3.236","TP7",1,-0.8,"2"
"530","Cluster_1452_evm.TU.chromosome_3.263","Cluster_1452","evm.TU.chromosome_3.263","TP7",0.5,0.8,"2"
"531","Cluster_1452_evm.TU.chromosome_3.298","Cluster_1452","evm.TU.chromosome_3.298","TP7",-0.5,-0.632455532033676,"1"
"532","Cluster_1452_evm.TU.chromosome_3.326","Cluster_1452","evm.TU.chromosome_3.326","TP7",0.5,0.737864787372622,"2"
"533","Cluster_1452_evm.TU.chromosome_3.400","Cluster_1452","evm.TU.chromosome_3.400","TP7",0.5,0.8,"2"
"534","Cluster_1452_evm.TU.chromosome_3.44","Cluster_1452","evm.TU.chromosome_3.44","TP7",1,0.948683298050514,"2"
"535","Cluster_1452_evm.TU.chromosome_3.459","Cluster_1452","evm.TU.chromosome_3.459","TP7",-0.5,-0.8,"1"
"536","Cluster_1452_evm.TU.chromosome_3.581","Cluster_1452","evm.TU.chromosome_3.581","TP7",1,1,"2"
"537","Cluster_1452_evm.TU.chromosome_3.588","Cluster_1452","evm.TU.chromosome_3.588","TP7",1,-0.4,"2"
"538","Cluster_1452_evm.TU.chromosome_3.666","Cluster_1452","evm.TU.chromosome_3.666","TP7",0.5,1,"2"
"539","Cluster_1452_evm.TU.chromosome_3.721","Cluster_1452","evm.TU.chromosome_3.721","TP7",1,-0.4,"2"
"540","Cluster_1452_evm.TU.chromosome_3.747","Cluster_1452","evm.TU.chromosome_3.747","TP7",1,0.737864787372622,"2"
"541","Cluster_1452_evm.TU.chromosome_3.752","Cluster_1452","evm.TU.chromosome_3.752","TP7",1,0.8,"2"
"542","Cluster_1452_evm.TU.chromosome_3.956","Cluster_1452","evm.TU.chromosome_3.956","TP7",0.5,0,"2"
"543","Cluster_1452_evm.TU.chromosome_4.1191","Cluster_1452","evm.TU.chromosome_4.1191","TP7",1,0.737864787372622,"2"
"544","Cluster_1452_evm.TU.chromosome_4.1422","Cluster_1452","evm.TU.chromosome_4.1422","TP7",1,-1,"2"
"545","Cluster_1452_evm.TU.chromosome_4.1651","Cluster_1452","evm.TU.chromosome_4.1651","TP7",-1,0.2,"3"
"546","Cluster_1452_evm.TU.chromosome_4.1742","Cluster_1452","evm.TU.chromosome_4.1742","TP7",0.5,0.737864787372622,"2"
"547","Cluster_1452_evm.TU.chromosome_4.1878","Cluster_1452","evm.TU.chromosome_4.1878","TP7",1,0,"2"
"548","Cluster_1452_evm.TU.chromosome_4.1903","Cluster_1452","evm.TU.chromosome_4.1903","TP7",1,0.948683298050514,"2"
"549","Cluster_1452_evm.TU.chromosome_4.1914","Cluster_1452","evm.TU.chromosome_4.1914","TP7",1,-0.4,"2"
"550","Cluster_1452_evm.TU.chromosome_4.1934","Cluster_1452","evm.TU.chromosome_4.1934","TP7",1,0.4,"2"
"551","Cluster_1452_evm.TU.chromosome_4.1940","Cluster_1452","evm.TU.chromosome_4.1940","TP7",-0.5,-0.8,"1"
"552","Cluster_1452_evm.TU.chromosome_4.1959","Cluster_1452","evm.TU.chromosome_4.1959","TP7",-1,-0.4,"1"
"553","Cluster_1452_evm.TU.chromosome_4.2029","Cluster_1452","evm.TU.chromosome_4.2029","TP7",-1,0.8,"3"
"554","Cluster_1452_evm.TU.chromosome_4.2159","Cluster_1452","evm.TU.chromosome_4.2159","TP7",1,0.8,"2"
"555","Cluster_1452_evm.TU.chromosome_4.2202","Cluster_1452","evm.TU.chromosome_4.2202","TP7",-1,-0.8,"1"
"556","Cluster_1452_evm.TU.chromosome_4.2203","Cluster_1452","evm.TU.chromosome_4.2203","TP7",1,0,"2"
"557","Cluster_1452_evm.TU.chromosome_4.2268","Cluster_1452","evm.TU.chromosome_4.2268","TP7",0.5,0.4,"2"
"558","Cluster_1452_evm.TU.chromosome_4.2374","Cluster_1452","evm.TU.chromosome_4.2374","TP7",1,0.8,"2"
"559","Cluster_1452_evm.TU.chromosome_4.2513","Cluster_1452","evm.TU.chromosome_4.2513","TP7",1,0.8,"2"
"560","Cluster_1452_evm.TU.chromosome_4.301","Cluster_1452","evm.TU.chromosome_4.301","TP7",1,0.948683298050514,"2"
"561","Cluster_1452_evm.TU.chromosome_4.439","Cluster_1452","evm.TU.chromosome_4.439","TP7",0,0.258198889747161,"1"
"562","Cluster_1452_evm.TU.chromosome_4.447","Cluster_1452","evm.TU.chromosome_4.447","TP7",0,0.737864787372622,"1"
"563","Cluster_1452_evm.TU.chromosome_4.465","Cluster_1452","evm.TU.chromosome_4.465","TP7",0.5,0.2,"2"
"564","Cluster_1452_evm.TU.chromosome_4.491","Cluster_1452","evm.TU.chromosome_4.491","TP7",0.5,-0.4,"2"
"565","Cluster_1452_evm.TU.chromosome_4.641","Cluster_1452","evm.TU.chromosome_4.641","TP7",0.5,0.4,"2"
"566","Cluster_1452_evm.TU.chromosome_4.759","Cluster_1452","evm.TU.chromosome_4.759","TP7",1,0.4,"2"
"567","Cluster_1452_evm.TU.chromosome_4.791","Cluster_1452","evm.TU.chromosome_4.791","TP7",1,0.8,"2"
"568","Cluster_1452_evm.TU.chromosome_4.879","Cluster_1452","evm.TU.chromosome_4.879","TP7",1,1,"2"
"569","Cluster_1452_evm.TU.chromosome_4.919","Cluster_1452","evm.TU.chromosome_4.919","TP7",1,-0.4,"2"
"570","Cluster_1452_evm.TU.chromosome_4.924","Cluster_1452","evm.TU.chromosome_4.924","TP7",1,0.4,"2"
"571","Cluster_1452_evm.TU.chromosome_4.934","Cluster_1452","evm.TU.chromosome_4.934","TP7",0.5,0.4,"2"
"572","Cluster_1452_evm.TU.chromosome_5.1078","Cluster_1452","evm.TU.chromosome_5.1078","TP7",-1,-1,"1"
"573","Cluster_1452_evm.TU.chromosome_5.1086","Cluster_1452","evm.TU.chromosome_5.1086","TP7",-1,-0.2,"3"
"574","Cluster_1452_evm.TU.chromosome_5.1108","Cluster_1452","evm.TU.chromosome_5.1108","TP7",1,0.6,"2"
"575","Cluster_1452_evm.TU.chromosome_5.1118","Cluster_1452","evm.TU.chromosome_5.1118","TP7",-1,0.4,"3"
"576","Cluster_1452_evm.TU.chromosome_5.1201","Cluster_1452","evm.TU.chromosome_5.1201","TP7",1,-0.2,"2"
"577","Cluster_1452_evm.TU.chromosome_5.1215","Cluster_1452","evm.TU.chromosome_5.1215","TP7",0.866025403784439,0.774596669241483,"2"
"578","Cluster_1452_evm.TU.chromosome_5.1402","Cluster_1452","evm.TU.chromosome_5.1402","TP7",0.5,0.2,"2"
"579","Cluster_1452_evm.TU.chromosome_5.1497","Cluster_1452","evm.TU.chromosome_5.1497","TP7",-1,0.210818510677892,"3"
"580","Cluster_1452_evm.TU.chromosome_5.1498","Cluster_1452","evm.TU.chromosome_5.1498","TP7",0.866025403784439,-0.316227766016838,"2"
"581","Cluster_1452_evm.TU.chromosome_5.159","Cluster_1452","evm.TU.chromosome_5.159","TP7",1,1,"2"
"582","Cluster_1452_evm.TU.chromosome_5.1723","Cluster_1452","evm.TU.chromosome_5.1723","TP7",0.5,-0.4,"2"
"583","Cluster_1452_evm.TU.chromosome_5.1758","Cluster_1452","evm.TU.chromosome_5.1758","TP7",0,0.2,"1"
"584","Cluster_1452_evm.TU.chromosome_5.1854","Cluster_1452","evm.TU.chromosome_5.1854","TP7",-0.5,-0.8,"1"
"585","Cluster_1452_evm.TU.chromosome_5.1943","Cluster_1452","evm.TU.chromosome_5.1943","TP7",0.5,-0.8,"2"
"586","Cluster_1452_evm.TU.chromosome_5.1947","Cluster_1452","evm.TU.chromosome_5.1947","TP7",1,1,"2"
"587","Cluster_1452_evm.TU.chromosome_5.2162","Cluster_1452","evm.TU.chromosome_5.2162","TP7",1,0.4,"2"
"588","Cluster_1452_evm.TU.chromosome_5.2256","Cluster_1452","evm.TU.chromosome_5.2256","TP7",1,0.4,"2"
"589","Cluster_1452_evm.TU.chromosome_5.263","Cluster_1452","evm.TU.chromosome_5.263","TP7",-1,0.4,"3"
"590","Cluster_1452_evm.TU.chromosome_5.2690","Cluster_1452","evm.TU.chromosome_5.2690","TP7",1,-0.2,"2"
"591","Cluster_1452_evm.TU.chromosome_5.2747","Cluster_1452","evm.TU.chromosome_5.2747","TP7",0.5,0.210818510677892,"2"
"592","Cluster_1452_evm.TU.chromosome_5.2787","Cluster_1452","evm.TU.chromosome_5.2787","TP7",0.5,1,"2"
"593","Cluster_1452_evm.TU.chromosome_5.2800","Cluster_1452","evm.TU.chromosome_5.2800","TP7",0.866025403784439,0.210818510677892,"2"
"594","Cluster_1452_evm.TU.chromosome_5.2807","Cluster_1452","evm.TU.chromosome_5.2807","TP7",1,0,"2"
"595","Cluster_1452_evm.TU.chromosome_5.323","Cluster_1452","evm.TU.chromosome_5.323","TP7",0.5,0.737864787372622,"2"
"596","Cluster_1452_evm.TU.chromosome_5.474","Cluster_1452","evm.TU.chromosome_5.474","TP7",-0.5,-1,"1"
"597","Cluster_1452_evm.TU.chromosome_5.510","Cluster_1452","evm.TU.chromosome_5.510","TP7",1,0.2,"2"
"598","Cluster_1452_evm.TU.chromosome_5.519","Cluster_1452","evm.TU.chromosome_5.519","TP7",0.866025403784439,0.2,"2"
"599","Cluster_1452_evm.TU.chromosome_5.6","Cluster_1452","evm.TU.chromosome_5.6","TP7",1,1,"2"
"600","Cluster_1452_evm.TU.chromosome_5.667","Cluster_1452","evm.TU.chromosome_5.667","TP7",-1,-0.8,"1"
"601","Cluster_1452_evm.TU.chromosome_5.719","Cluster_1452","evm.TU.chromosome_5.719","TP7",-1,0,"3"
"602","Cluster_1452_evm.TU.chromosome_5.778","Cluster_1452","evm.TU.chromosome_5.778","TP7",0.5,-0.2,"2"
"603","Cluster_1452_evm.TU.chromosome_5.841","Cluster_1452","evm.TU.chromosome_5.841","TP7",1,0.737864787372622,"2"
"604","Cluster_1452_evm.TU.chromosome_5.951","Cluster_1452","evm.TU.chromosome_5.951","TP7",0.5,0.2,"2"
"605","Cluster_1452_evm.TU.chromosome_6.100","Cluster_1452","evm.TU.chromosome_6.100","TP7",-0.5,-0.8,"1"
"606","Cluster_1452_evm.TU.chromosome_6.1131","Cluster_1452","evm.TU.chromosome_6.1131","TP7",1,0.2,"2"
"607","Cluster_1452_evm.TU.chromosome_6.1200","Cluster_1452","evm.TU.chromosome_6.1200","TP7",1,-0.8,"2"
"608","Cluster_1452_evm.TU.chromosome_6.1221","Cluster_1452","evm.TU.chromosome_6.1221","TP7",1,0.737864787372622,"2"
"609","Cluster_1452_evm.TU.chromosome_6.1465","Cluster_1452","evm.TU.chromosome_6.1465","TP7",0.5,0.258198889747161,"2"
"610","Cluster_1452_evm.TU.chromosome_6.1576","Cluster_1452","evm.TU.chromosome_6.1576","TP7",1,-0.2,"2"
"611","Cluster_1452_evm.TU.chromosome_6.1646","Cluster_1452","evm.TU.chromosome_6.1646","TP7",0.5,-0.4,"2"
"612","Cluster_1452_evm.TU.chromosome_6.1753","Cluster_1452","evm.TU.chromosome_6.1753","TP7",1,0,"2"
"613","Cluster_1452_evm.TU.chromosome_6.1761","Cluster_1452","evm.TU.chromosome_6.1761","TP7",-0.5,-0.2,"1"
"614","Cluster_1452_evm.TU.chromosome_6.1871","Cluster_1452","evm.TU.chromosome_6.1871","TP7",0.5,-1,"2"
"615","Cluster_1452_evm.TU.chromosome_6.193","Cluster_1452","evm.TU.chromosome_6.193","TP7",1,0.8,"2"
"616","Cluster_1452_evm.TU.chromosome_6.1985","Cluster_1452","evm.TU.chromosome_6.1985","TP7",1,1,"2"
"617","Cluster_1452_evm.TU.chromosome_6.2094","Cluster_1452","evm.TU.chromosome_6.2094","TP7",1,0.737864787372622,"2"
"618","Cluster_1452_evm.TU.chromosome_6.219","Cluster_1452","evm.TU.chromosome_6.219","TP7",0.5,1,"2"
"619","Cluster_1452_evm.TU.chromosome_6.2218","Cluster_1452","evm.TU.chromosome_6.2218","TP7",0.5,-0.2,"2"
"620","Cluster_1452_evm.TU.chromosome_6.2613","Cluster_1452","evm.TU.chromosome_6.2613","TP7",-1,-0.4,"1"
"621","Cluster_1452_evm.TU.chromosome_6.2698","Cluster_1452","evm.TU.chromosome_6.2698","TP7",0.5,-0.4,"2"
"622","Cluster_1452_evm.TU.chromosome_6.28","Cluster_1452","evm.TU.chromosome_6.28","TP7",1,0.8,"2"
"623","Cluster_1452_evm.TU.chromosome_6.2831","Cluster_1452","evm.TU.chromosome_6.2831","TP7",-0.5,0.4,"3"
"624","Cluster_1452_evm.TU.chromosome_6.2854","Cluster_1452","evm.TU.chromosome_6.2854","TP7",0.5,0.2,"2"
"625","Cluster_1452_evm.TU.chromosome_6.2858","Cluster_1452","evm.TU.chromosome_6.2858","TP7",-1,0.4,"3"
"626","Cluster_1452_evm.TU.chromosome_6.2889","Cluster_1452","evm.TU.chromosome_6.2889","TP7",0.866025403784439,0.948683298050514,"2"
"627","Cluster_1452_evm.TU.chromosome_6.803","Cluster_1452","evm.TU.chromosome_6.803","TP7",0.866025403784439,-1,"2"
"628","Cluster_1452_evm.TU.chromosome_6.851","Cluster_1452","evm.TU.chromosome_6.851","TP7",0.5,0.2,"2"
"629","Cluster_1452_evm.TU.chromosome_6.955","Cluster_1452","evm.TU.chromosome_6.955","TP7",0.5,-0.6,"2"
"630","Cluster_1452_evm.TU.chromosome_7.104","Cluster_1452","evm.TU.chromosome_7.104","TP7",0.5,-0.4,"2"
"631","Cluster_1452_evm.TU.chromosome_7.12","Cluster_1452","evm.TU.chromosome_7.12","TP7",-0.5,0.6,"3"
"632","Cluster_1452_evm.TU.chromosome_7.1230","Cluster_1452","evm.TU.chromosome_7.1230","TP7",0.5,0,"2"
"633","Cluster_1452_evm.TU.chromosome_7.1319","Cluster_1452","evm.TU.chromosome_7.1319","TP7",0.5,0.737864787372622,"2"
"634","Cluster_1452_evm.TU.chromosome_7.1326","Cluster_1452","evm.TU.chromosome_7.1326","TP7",0.5,0.737864787372622,"2"
"635","Cluster_1452_evm.TU.chromosome_7.1329","Cluster_1452","evm.TU.chromosome_7.1329","TP7",-1,-0.4,"1"
"636","Cluster_1452_evm.TU.chromosome_7.137","Cluster_1452","evm.TU.chromosome_7.137","TP7",0.5,0.4,"2"
"637","Cluster_1452_evm.TU.chromosome_7.1399","Cluster_1452","evm.TU.chromosome_7.1399","TP7",0.866025403784439,0.258198889747161,"2"
"638","Cluster_1452_evm.TU.chromosome_7.1535","Cluster_1452","evm.TU.chromosome_7.1535","TP7",0.866025403784439,0.948683298050514,"2"
"639","Cluster_1452_evm.TU.chromosome_7.1618","Cluster_1452","evm.TU.chromosome_7.1618","TP7",1,0.774596669241483,"2"
"640","Cluster_1452_evm.TU.chromosome_7.1678","Cluster_1452","evm.TU.chromosome_7.1678","TP7",-1,-0.2,"3"
"641","Cluster_1452_evm.TU.chromosome_7.1953","Cluster_1452","evm.TU.chromosome_7.1953","TP7",0.866025403784439,0.948683298050514,"2"
"642","Cluster_1452_evm.TU.chromosome_7.2297","Cluster_1452","evm.TU.chromosome_7.2297","TP7",-1,0,"3"
"643","Cluster_1452_evm.TU.chromosome_7.2298","Cluster_1452","evm.TU.chromosome_7.2298","TP7",0.5,-0.8,"2"
"644","Cluster_1452_evm.TU.chromosome_7.2310","Cluster_1452","evm.TU.chromosome_7.2310","TP7",-1,-0.105409255338946,"3"
"645","Cluster_1452_evm.TU.chromosome_7.2482","Cluster_1452","evm.TU.chromosome_7.2482","TP7",-0.5,-0.4,"1"
"646","Cluster_1452_evm.TU.chromosome_7.2651","Cluster_1452","evm.TU.chromosome_7.2651","TP7",0.5,0.4,"2"
"647","Cluster_1452_evm.TU.chromosome_7.2693","Cluster_1452","evm.TU.chromosome_7.2693","TP7",0.5,0.948683298050514,"2"
"648","Cluster_1452_evm.TU.chromosome_7.307","Cluster_1452","evm.TU.chromosome_7.307","TP7",0.5,-1,"2"
"649","Cluster_1452_evm.TU.chromosome_7.338","Cluster_1452","evm.TU.chromosome_7.338","TP7",1,0.258198889747161,"2"
"650","Cluster_1452_evm.TU.chromosome_7.362","Cluster_1452","evm.TU.chromosome_7.362","TP7",1,0.8,"2"
"651","Cluster_1452_evm.TU.chromosome_7.372","Cluster_1452","evm.TU.chromosome_7.372","TP7",0.5,1,"2"
"652","Cluster_1452_evm.TU.chromosome_7.54","Cluster_1452","evm.TU.chromosome_7.54","TP7",1,0.737864787372622,"2"
"653","Cluster_1452_evm.TU.chromosome_7.571","Cluster_1452","evm.TU.chromosome_7.571","TP7",0,0.258198889747161,"1"
"654","Cluster_1452_evm.TU.chromosome_7.63","Cluster_1452","evm.TU.chromosome_7.63","TP7",0.5,-0.6,"2"
"655","Cluster_1452_evm.TU.chromosome_7.64","Cluster_1452","evm.TU.chromosome_7.64","TP7",1,-0.8,"2"
"656","Cluster_1452_evm.TU.chromosome_7.780","Cluster_1452","evm.TU.chromosome_7.780","TP7",0.5,-1,"2"
"657","Cluster_1452_evm.TU.chromosome_7.8","Cluster_1452","evm.TU.chromosome_7.8","TP7",0.5,-0.2,"2"
"658","Cluster_1452_evm.TU.chromosome_7.952","Cluster_1452","evm.TU.chromosome_7.952","TP7",-1,-0.2,"3"
"659","Cluster_1452_evm.TU.chromosome_8.100","Cluster_1452","evm.TU.chromosome_8.100","TP7",1,0.4,"2"
"660","Cluster_1452_evm.TU.chromosome_8.1052","Cluster_1452","evm.TU.chromosome_8.1052","TP7",-1,0.737864787372622,"3"
"661","Cluster_1452_evm.TU.chromosome_8.1059","Cluster_1452","evm.TU.chromosome_8.1059","TP7",0.5,-0.4,"2"
"662","Cluster_1452_evm.TU.chromosome_8.1257","Cluster_1452","evm.TU.chromosome_8.1257","TP7",0.5,0.4,"2"
"663","Cluster_1452_evm.TU.chromosome_8.1372","Cluster_1452","evm.TU.chromosome_8.1372","TP7",0.5,0.4,"2"
"664","Cluster_1452_evm.TU.chromosome_8.1478","Cluster_1452","evm.TU.chromosome_8.1478","TP7",0.5,-0.4,"2"
"665","Cluster_1452_evm.TU.chromosome_8.1567","Cluster_1452","evm.TU.chromosome_8.1567","TP7",1,-0.4,"2"
"666","Cluster_1452_evm.TU.chromosome_8.1613","Cluster_1452","evm.TU.chromosome_8.1613","TP7",1,0.948683298050514,"2"
"667","Cluster_1452_evm.TU.chromosome_8.1905","Cluster_1452","evm.TU.chromosome_8.1905","TP7",0.5,0.737864787372622,"2"
"668","Cluster_1452_evm.TU.chromosome_8.2062","Cluster_1452","evm.TU.chromosome_8.2062","TP7",-0.5,0.8,"3"
"669","Cluster_1452_evm.TU.chromosome_8.2152","Cluster_1452","evm.TU.chromosome_8.2152","TP7",1,-1,"2"
"670","Cluster_1452_evm.TU.chromosome_8.2153","Cluster_1452","evm.TU.chromosome_8.2153","TP7",1,1,"2"
"671","Cluster_1452_evm.TU.chromosome_8.2154","Cluster_1452","evm.TU.chromosome_8.2154","TP7",0.5,0.2,"2"
"672","Cluster_1452_evm.TU.chromosome_8.2205","Cluster_1452","evm.TU.chromosome_8.2205","TP7",-0.5,-1,"1"
"673","Cluster_1452_evm.TU.chromosome_8.2228","Cluster_1452","evm.TU.chromosome_8.2228","TP7",-0.5,0.4,"3"
"674","Cluster_1452_evm.TU.chromosome_8.2239","Cluster_1452","evm.TU.chromosome_8.2239","TP7",0.5,0.4,"2"
"675","Cluster_1452_evm.TU.chromosome_8.2274","Cluster_1452","evm.TU.chromosome_8.2274","TP7",1,0.948683298050514,"2"
"676","Cluster_1452_evm.TU.chromosome_8.2325","Cluster_1452","evm.TU.chromosome_8.2325","TP7",0.5,0.8,"2"
"677","Cluster_1452_evm.TU.chromosome_8.2394","Cluster_1452","evm.TU.chromosome_8.2394","TP7",-0.5,0,"1"
"678","Cluster_1452_evm.TU.chromosome_8.2477","Cluster_1452","evm.TU.chromosome_8.2477","TP7",0.5,0.8,"2"
"679","Cluster_1452_evm.TU.chromosome_8.2519","Cluster_1452","evm.TU.chromosome_8.2519","TP7",0.5,0.737864787372622,"2"
"680","Cluster_1452_evm.TU.chromosome_8.276","Cluster_1452","evm.TU.chromosome_8.276","TP7",-0.5,-0.4,"1"
"681","Cluster_1452_evm.TU.chromosome_8.2770","Cluster_1452","evm.TU.chromosome_8.2770","TP7",1,1,"2"
"682","Cluster_1452_evm.TU.chromosome_8.289","Cluster_1452","evm.TU.chromosome_8.289","TP7",1,0.4,"2"
"683","Cluster_1452_evm.TU.chromosome_8.298","Cluster_1452","evm.TU.chromosome_8.298","TP7",-0.5,-0.2,"1"
"684","Cluster_1452_evm.TU.chromosome_8.314","Cluster_1452","evm.TU.chromosome_8.314","TP7",1,-1,"2"
"685","Cluster_1452_evm.TU.chromosome_8.65","Cluster_1452","evm.TU.chromosome_8.65","TP7",0.5,0.737864787372622,"2"
"686","Cluster_1452_evm.TU.chromosome_8.952","Cluster_1452","evm.TU.chromosome_8.952","TP7",1,-0.2,"2"
"687","Cluster_1452_evm.TU.chromosome_8.957","Cluster_1452","evm.TU.chromosome_8.957","TP7",0.5,0.4,"2"
"688","Cluster_1452_evm.TU.chromosome_8.964","Cluster_1452","evm.TU.chromosome_8.964","TP7",1,1,"2"
"689","Cluster_1452_evm.TU.chromosome_8.969","Cluster_1452","evm.TU.chromosome_8.969","TP7",1,0.4,"2"
"690","Cluster_1452_evm.TU.chromosome_8.972","Cluster_1452","evm.TU.chromosome_8.972","TP7",1,0.6,"2"
"691","Cluster_1452_evm.TU.chromosome_9.1041","Cluster_1452","evm.TU.chromosome_9.1041","TP7",1,0.4,"2"
"692","Cluster_1452_evm.TU.chromosome_9.1090","Cluster_1452","evm.TU.chromosome_9.1090","TP7",0.5,-0.4,"2"
"693","Cluster_1452_evm.TU.chromosome_9.1260","Cluster_1452","evm.TU.chromosome_9.1260","TP7",0,0.774596669241483,"1"
"694","Cluster_1452_evm.TU.chromosome_9.1272","Cluster_1452","evm.TU.chromosome_9.1272","TP7",0.866025403784439,0.774596669241483,"2"
"695","Cluster_1452_evm.TU.chromosome_9.1401","Cluster_1452","evm.TU.chromosome_9.1401","TP7",0.5,0.8,"2"
"696","Cluster_1452_evm.TU.chromosome_9.1512","Cluster_1452","evm.TU.chromosome_9.1512","TP7",0.5,-0.4,"2"
"697","Cluster_1452_evm.TU.chromosome_9.1519","Cluster_1452","evm.TU.chromosome_9.1519","TP7",1,0.4,"2"
"698","Cluster_1452_evm.TU.chromosome_9.1707","Cluster_1452","evm.TU.chromosome_9.1707","TP7",1,0.4,"2"
"699","Cluster_1452_evm.TU.chromosome_9.1714","Cluster_1452","evm.TU.chromosome_9.1714","TP7",1,0.737864787372622,"2"
"700","Cluster_1452_evm.TU.chromosome_9.1764","Cluster_1452","evm.TU.chromosome_9.1764","TP7",1,-1,"2"
"701","Cluster_1452_evm.TU.chromosome_9.1777","Cluster_1452","evm.TU.chromosome_9.1777","TP7",-0.5,0.4,"3"
"702","Cluster_1452_evm.TU.chromosome_9.192","Cluster_1452","evm.TU.chromosome_9.192","TP7",1,0.737864787372622,"2"
"703","Cluster_1452_evm.TU.chromosome_9.195","Cluster_1452","evm.TU.chromosome_9.195","TP7",1,1,"2"
"704","Cluster_1452_evm.TU.chromosome_9.200","Cluster_1452","evm.TU.chromosome_9.200","TP7",0.5,-0.6,"2"
"705","Cluster_1452_evm.TU.chromosome_9.2086","Cluster_1452","evm.TU.chromosome_9.2086","TP7",-0.5,-0.4,"1"
"706","Cluster_1452_evm.TU.chromosome_9.2201","Cluster_1452","evm.TU.chromosome_9.2201","TP7",0.5,-0.2,"2"
"707","Cluster_1452_evm.TU.chromosome_9.2513","Cluster_1452","evm.TU.chromosome_9.2513","TP7",0.5,-0.2,"2"
"708","Cluster_1452_evm.TU.chromosome_9.2583","Cluster_1452","evm.TU.chromosome_9.2583","TP7",1,-0.4,"2"
"709","Cluster_1452_evm.TU.chromosome_9.2669","Cluster_1452","evm.TU.chromosome_9.2669","TP7",1,-1,"2"
"710","Cluster_1452_evm.TU.chromosome_9.2678","Cluster_1452","evm.TU.chromosome_9.2678","TP7",1,0,"2"
"711","Cluster_1452_evm.TU.chromosome_9.2727","Cluster_1452","evm.TU.chromosome_9.2727","TP7",1,0.774596669241483,"2"
"712","Cluster_1452_evm.TU.chromosome_9.2799","Cluster_1452","evm.TU.chromosome_9.2799","TP7",1,0.8,"2"
"713","Cluster_1452_evm.TU.chromosome_9.2822","Cluster_1452","evm.TU.chromosome_9.2822","TP7",0.5,0.4,"2"
"714","Cluster_1452_evm.TU.chromosome_9.2908","Cluster_1452","evm.TU.chromosome_9.2908","TP7",0.5,0.4,"2"
"715","Cluster_1452_evm.TU.chromosome_9.486","Cluster_1452","evm.TU.chromosome_9.486","TP7",1,0.8,"2"
"716","Cluster_1452_evm.TU.chromosome_9.493","Cluster_1452","evm.TU.chromosome_9.493","TP7",-0.5,0.258198889747161,"1"
"717","Cluster_1452_evm.TU.chromosome_9.511","Cluster_1452","evm.TU.chromosome_9.511","TP7",0.5,0.948683298050514,"2"
"718","Cluster_1452_evm.TU.chromosome_9.537","Cluster_1452","evm.TU.chromosome_9.537","TP7",0.5,-0.8,"2"
"719","Cluster_1452_evm.TU.chromosome_9.578","Cluster_1452","evm.TU.chromosome_9.578","TP7",0.5,0.4,"2"
"720","Cluster_1452_evm.TU.chromosome_9.593","Cluster_1452","evm.TU.chromosome_9.593","TP7",0.5,0.4,"2"
"721","Cluster_1452_evm.TU.chromosome_9.752","Cluster_1452","evm.TU.chromosome_9.752","TP7",-1,0.4,"3"
"722","Cluster_1452_evm.TU.chromosome_9.814","Cluster_1452","evm.TU.chromosome_9.814","TP7",-1,-0.4,"1"
"723","Cluster_1452_evm.TU.chromosome_9.864","Cluster_1452","evm.TU.chromosome_9.864","TP7",0.5,0.4,"2"
"724","Cluster_1453_evm.TU.chromosome_1.1137","Cluster_1453","evm.TU.chromosome_1.1137","TP7",1,-0.8,"2"
"725","Cluster_1453_evm.TU.chromosome_1.1172","Cluster_1453","evm.TU.chromosome_1.1172","TP7",-0.5,-0.316227766016838,"1"
"726","Cluster_1453_evm.TU.chromosome_1.1193","Cluster_1453","evm.TU.chromosome_1.1193","TP7",-0.5,-0.2,"1"
"727","Cluster_1453_evm.TU.chromosome_1.1295","Cluster_1453","evm.TU.chromosome_1.1295","TP7",-1,-0.2,"3"
"728","Cluster_1453_evm.TU.chromosome_1.1426","Cluster_1453","evm.TU.chromosome_1.1426","TP7",-0.5,0.4,"3"
"729","Cluster_1453_evm.TU.chromosome_1.1473","Cluster_1453","evm.TU.chromosome_1.1473","TP7",0.5,0.2,"2"
"730","Cluster_1453_evm.TU.chromosome_1.15","Cluster_1453","evm.TU.chromosome_1.15","TP7",-0.5,-0.2,"1"
"731","Cluster_1453_evm.TU.chromosome_1.1750","Cluster_1453","evm.TU.chromosome_1.1750","TP7",0.5,0.6,"2"
"732","Cluster_1453_evm.TU.chromosome_1.1776","Cluster_1453","evm.TU.chromosome_1.1776","TP7",-0.5,-0.4,"1"
"733","Cluster_1453_evm.TU.chromosome_1.180","Cluster_1453","evm.TU.chromosome_1.180","TP7",-0.5,-0.2,"1"
"734","Cluster_1453_evm.TU.chromosome_1.1835","Cluster_1453","evm.TU.chromosome_1.1835","TP7",-0.5,0.4,"3"
"735","Cluster_1453_evm.TU.chromosome_1.1840","Cluster_1453","evm.TU.chromosome_1.1840","TP7",0.866025403784439,0.948683298050514,"2"
"736","Cluster_1453_evm.TU.chromosome_1.1849","Cluster_1453","evm.TU.chromosome_1.1849","TP7",-0.5,0.737864787372622,"3"
"737","Cluster_1453_evm.TU.chromosome_1.185","Cluster_1453","evm.TU.chromosome_1.185","TP7",-0.5,0.948683298050514,"3"
"738","Cluster_1453_evm.TU.chromosome_1.1850","Cluster_1453","evm.TU.chromosome_1.1850","TP7",0.5,-0.2,"2"
"739","Cluster_1453_evm.TU.chromosome_1.210","Cluster_1453","evm.TU.chromosome_1.210","TP7",0.866025403784439,0.210818510677892,"2"
"740","Cluster_1453_evm.TU.chromosome_1.234","Cluster_1453","evm.TU.chromosome_1.234","TP7",-0.5,0.4,"3"
"741","Cluster_1453_evm.TU.chromosome_1.25","Cluster_1453","evm.TU.chromosome_1.25","TP7",0.866025403784439,0.258198889747161,"2"
"742","Cluster_1453_evm.TU.chromosome_1.270","Cluster_1453","evm.TU.chromosome_1.270","TP7",0.5,-0.8,"2"
"743","Cluster_1453_evm.TU.chromosome_1.350","Cluster_1453","evm.TU.chromosome_1.350","TP7",0.866025403784439,0.774596669241483,"2"
"744","Cluster_1453_evm.TU.chromosome_1.400","Cluster_1453","evm.TU.chromosome_1.400","TP7",-0.866025403784439,0.737864787372622,"3"
"745","Cluster_1453_evm.TU.chromosome_1.473","Cluster_1453","evm.TU.chromosome_1.473","TP7",0.5,0.737864787372622,"2"
"746","Cluster_1453_evm.TU.chromosome_1.495","Cluster_1453","evm.TU.chromosome_1.495","TP7",0.5,-0.4,"2"
"747","Cluster_1453_evm.TU.chromosome_1.513","Cluster_1453","evm.TU.chromosome_1.513","TP7",-0.5,0.737864787372622,"3"
"748","Cluster_1453_evm.TU.chromosome_1.57","Cluster_1453","evm.TU.chromosome_1.57","TP7",0.5,-0.774596669241483,"2"
"749","Cluster_1453_evm.TU.chromosome_1.611","Cluster_1453","evm.TU.chromosome_1.611","TP7",0.5,0.2,"2"
"750","Cluster_1453_evm.TU.chromosome_1.698","Cluster_1453","evm.TU.chromosome_1.698","TP7",-0.5,0.4,"3"
"751","Cluster_1453_evm.TU.chromosome_1.712","Cluster_1453","evm.TU.chromosome_1.712","TP7",0.5,0.6,"2"
"752","Cluster_1453_evm.TU.chromosome_1.786","Cluster_1453","evm.TU.chromosome_1.786","TP7",-0.866025403784439,0.948683298050514,"3"
"753","Cluster_1453_evm.TU.chromosome_1.815","Cluster_1453","evm.TU.chromosome_1.815","TP7",0.5,0.258198889747161,"2"
"754","Cluster_1453_evm.TU.chromosome_1.826","Cluster_1453","evm.TU.chromosome_1.826","TP7",0.866025403784439,0.4,"2"
"755","Cluster_1453_evm.TU.chromosome_1.832","Cluster_1453","evm.TU.chromosome_1.832","TP7",0.5,-0.2,"2"
"756","Cluster_1453_evm.TU.chromosome_1.946","Cluster_1453","evm.TU.chromosome_1.946","TP7",1,-1,"2"
"757","Cluster_1453_evm.TU.chromosome_1.984","Cluster_1453","evm.TU.chromosome_1.984","TP7",-0.5,0.8,"3"
"758","Cluster_1453_evm.TU.chromosome_1.993","Cluster_1453","evm.TU.chromosome_1.993","TP7",-0.5,-0.2,"1"
"759","Cluster_1453_evm.TU.chromosome_1.997","Cluster_1453","evm.TU.chromosome_1.997","TP7",0.5,0.737864787372622,"2"
"760","Cluster_1453_evm.TU.chromosome_10.1029","Cluster_1453","evm.TU.chromosome_10.1029","TP7",-0.5,-0.2,"1"
"761","Cluster_1453_evm.TU.chromosome_10.1076","Cluster_1453","evm.TU.chromosome_10.1076","TP7",0.5,0,"2"
"762","Cluster_1453_evm.TU.chromosome_10.1134","Cluster_1453","evm.TU.chromosome_10.1134","TP7",-0.5,-0.4,"1"
"763","Cluster_1453_evm.TU.chromosome_10.1140","Cluster_1453","evm.TU.chromosome_10.1140","TP7",0.5,-0.4,"2"
"764","Cluster_1453_evm.TU.chromosome_10.1143","Cluster_1453","evm.TU.chromosome_10.1143","TP7",0.5,-0.2,"2"
"765","Cluster_1453_evm.TU.chromosome_10.1146","Cluster_1453","evm.TU.chromosome_10.1146","TP7",0.5,-1,"2"
"766","Cluster_1453_evm.TU.chromosome_10.1266","Cluster_1453","evm.TU.chromosome_10.1266","TP7",0.5,-0.316227766016838,"2"
"767","Cluster_1453_evm.TU.chromosome_10.1269","Cluster_1453","evm.TU.chromosome_10.1269","TP7",0.5,1,"2"
"768","Cluster_1453_evm.TU.chromosome_10.1368","Cluster_1453","evm.TU.chromosome_10.1368","TP7",-0.5,0.258198889747161,"1"
"769","Cluster_1453_evm.TU.chromosome_10.1397","Cluster_1453","evm.TU.chromosome_10.1397","TP7",-0.5,0.4,"3"
"770","Cluster_1453_evm.TU.chromosome_10.1430","Cluster_1453","evm.TU.chromosome_10.1430","TP7",0.866025403784439,0.737864787372622,"2"
"771","Cluster_1453_evm.TU.chromosome_10.1435","Cluster_1453","evm.TU.chromosome_10.1435","TP7",-0.5,0.8,"3"
"772","Cluster_1453_evm.TU.chromosome_10.1449","Cluster_1453","evm.TU.chromosome_10.1449","TP7",0.5,0.774596669241483,"2"
"773","Cluster_1453_evm.TU.chromosome_10.148","Cluster_1453","evm.TU.chromosome_10.148","TP7",-0.5,-1,"1"
"774","Cluster_1453_evm.TU.chromosome_10.1552","Cluster_1453","evm.TU.chromosome_10.1552","TP7",0.5,-0.316227766016838,"2"
"775","Cluster_1453_evm.TU.chromosome_10.1573","Cluster_1453","evm.TU.chromosome_10.1573","TP7",-0.5,0.737864787372622,"3"
"776","Cluster_1453_evm.TU.chromosome_10.158","Cluster_1453","evm.TU.chromosome_10.158","TP7",0.5,0.737864787372622,"2"
"777","Cluster_1453_evm.TU.chromosome_10.1599","Cluster_1453","evm.TU.chromosome_10.1599","TP7",-1,0.8,"3"
"778","Cluster_1453_evm.TU.chromosome_10.1689","Cluster_1453","evm.TU.chromosome_10.1689","TP7",-0.5,0.737864787372622,"3"
"779","Cluster_1453_evm.TU.chromosome_10.1693","Cluster_1453","evm.TU.chromosome_10.1693","TP7",-0.5,0.737864787372622,"3"
"780","Cluster_1453_evm.TU.chromosome_10.1701","Cluster_1453","evm.TU.chromosome_10.1701","TP7",-0.5,-0.4,"1"
"781","Cluster_1453_evm.TU.chromosome_10.175","Cluster_1453","evm.TU.chromosome_10.175","TP7",0.5,0.737864787372622,"2"
"782","Cluster_1453_evm.TU.chromosome_10.1752","Cluster_1453","evm.TU.chromosome_10.1752","TP7",-0.5,0.4,"3"
"783","Cluster_1453_evm.TU.chromosome_10.1870","Cluster_1453","evm.TU.chromosome_10.1870","TP7",-0.866025403784439,0.4,"3"
"784","Cluster_1453_evm.TU.chromosome_10.1901","Cluster_1453","evm.TU.chromosome_10.1901","TP7",0.5,0.2,"2"
"785","Cluster_1453_evm.TU.chromosome_10.1906","Cluster_1453","evm.TU.chromosome_10.1906","TP7",0.5,0,"2"
"786","Cluster_1453_evm.TU.chromosome_10.1911","Cluster_1453","evm.TU.chromosome_10.1911","TP7",-0.5,0.737864787372622,"3"
"787","Cluster_1453_evm.TU.chromosome_10.2037","Cluster_1453","evm.TU.chromosome_10.2037","TP7",-0.5,0.6,"3"
"788","Cluster_1453_evm.TU.chromosome_10.2043","Cluster_1453","evm.TU.chromosome_10.2043","TP7",-0.5,0.948683298050514,"3"
"789","Cluster_1453_evm.TU.chromosome_10.2108","Cluster_1453","evm.TU.chromosome_10.2108","TP7",-0.866025403784439,0.2,"3"
"790","Cluster_1453_evm.TU.chromosome_10.2125","Cluster_1453","evm.TU.chromosome_10.2125","TP7",-0.5,-0.4,"1"
"791","Cluster_1453_evm.TU.chromosome_10.2164","Cluster_1453","evm.TU.chromosome_10.2164","TP7",0.866025403784439,0.210818510677892,"2"
"792","Cluster_1453_evm.TU.chromosome_10.2177","Cluster_1453","evm.TU.chromosome_10.2177","TP7",-0.5,-0.2,"1"
"793","Cluster_1453_evm.TU.chromosome_10.2252","Cluster_1453","evm.TU.chromosome_10.2252","TP7",0.5,0.4,"2"
"794","Cluster_1453_evm.TU.chromosome_10.2254","Cluster_1453","evm.TU.chromosome_10.2254","TP7",-0.5,-0.2,"1"
"795","Cluster_1453_evm.TU.chromosome_10.2275","Cluster_1453","evm.TU.chromosome_10.2275","TP7",0.5,0,"2"
"796","Cluster_1453_evm.TU.chromosome_10.2406","Cluster_1453","evm.TU.chromosome_10.2406","TP7",0.5,0.737864787372622,"2"
"797","Cluster_1453_evm.TU.chromosome_10.2435","Cluster_1453","evm.TU.chromosome_10.2435","TP7",0.5,0.737864787372622,"2"
"798","Cluster_1453_evm.TU.chromosome_10.2437","Cluster_1453","evm.TU.chromosome_10.2437","TP7",-0.5,0.8,"3"
"799","Cluster_1453_evm.TU.chromosome_10.2455","Cluster_1453","evm.TU.chromosome_10.2455","TP7",-0.866025403784439,0.774596669241483,"3"
"800","Cluster_1453_evm.TU.chromosome_10.2456","Cluster_1453","evm.TU.chromosome_10.2456","TP7",0.5,0.4,"2"
"801","Cluster_1453_evm.TU.chromosome_10.2531","Cluster_1453","evm.TU.chromosome_10.2531","TP7",-0.5,0.6,"3"
"802","Cluster_1453_evm.TU.chromosome_10.2552","Cluster_1453","evm.TU.chromosome_10.2552","TP7",-0.5,1,"3"
"803","Cluster_1453_evm.TU.chromosome_10.2580","Cluster_1453","evm.TU.chromosome_10.2580","TP7",-0.5,0.4,"3"
"804","Cluster_1453_evm.TU.chromosome_10.2667","Cluster_1453","evm.TU.chromosome_10.2667","TP7",-0.5,0.737864787372622,"3"
"805","Cluster_1453_evm.TU.chromosome_10.2687","Cluster_1453","evm.TU.chromosome_10.2687","TP7",0.866025403784439,0.2,"2"
"806","Cluster_1453_evm.TU.chromosome_10.2723","Cluster_1453","evm.TU.chromosome_10.2723","TP7",-0.5,0.6,"3"
"807","Cluster_1453_evm.TU.chromosome_10.2744","Cluster_1453","evm.TU.chromosome_10.2744","TP7",-0.5,0.8,"3"
"808","Cluster_1453_evm.TU.chromosome_10.2815","Cluster_1453","evm.TU.chromosome_10.2815","TP7",1,0,"2"
"809","Cluster_1453_evm.TU.chromosome_10.2848","Cluster_1453","evm.TU.chromosome_10.2848","TP7",0.5,0.737864787372622,"2"
"810","Cluster_1453_evm.TU.chromosome_10.2920","Cluster_1453","evm.TU.chromosome_10.2920","TP7",-0.5,0.8,"3"
"811","Cluster_1453_evm.TU.chromosome_10.3027","Cluster_1453","evm.TU.chromosome_10.3027","TP7",0.5,-0.8,"2"
"812","Cluster_1453_evm.TU.chromosome_10.3078","Cluster_1453","evm.TU.chromosome_10.3078","TP7",0.5,0.6,"2"
"813","Cluster_1453_evm.TU.chromosome_10.3129","Cluster_1453","evm.TU.chromosome_10.3129","TP7",0.5,0.2,"2"
"814","Cluster_1453_evm.TU.chromosome_10.3197","Cluster_1453","evm.TU.chromosome_10.3197","TP7",0.5,-0.2,"2"
"815","Cluster_1453_evm.TU.chromosome_10.3239","Cluster_1453","evm.TU.chromosome_10.3239","TP7",-0.866025403784439,0.737864787372622,"3"
"816","Cluster_1453_evm.TU.chromosome_10.3255","Cluster_1453","evm.TU.chromosome_10.3255","TP7",-0.5,-0.4,"1"
"817","Cluster_1453_evm.TU.chromosome_10.3256","Cluster_1453","evm.TU.chromosome_10.3256","TP7",0.5,0.737864787372622,"2"
"818","Cluster_1453_evm.TU.chromosome_10.402","Cluster_1453","evm.TU.chromosome_10.402","TP7",0.5,-1,"2"
"819","Cluster_1453_evm.TU.chromosome_10.425","Cluster_1453","evm.TU.chromosome_10.425","TP7",-0.5,-0.4,"1"
"820","Cluster_1453_evm.TU.chromosome_10.428","Cluster_1453","evm.TU.chromosome_10.428","TP7",-1,-0.4,"1"
"821","Cluster_1453_evm.TU.chromosome_10.429","Cluster_1453","evm.TU.chromosome_10.429","TP7",-0.5,-0.2,"1"
"822","Cluster_1453_evm.TU.chromosome_10.497","Cluster_1453","evm.TU.chromosome_10.497","TP7",0.5,0.774596669241483,"2"
"823","Cluster_1453_evm.TU.chromosome_10.559","Cluster_1453","evm.TU.chromosome_10.559","TP7",0.5,0.2,"2"
"824","Cluster_1453_evm.TU.chromosome_10.561","Cluster_1453","evm.TU.chromosome_10.561","TP7",0.5,0.948683298050514,"2"
"825","Cluster_1453_evm.TU.chromosome_10.60","Cluster_1453","evm.TU.chromosome_10.60","TP7",-0.5,0.8,"3"
"826","Cluster_1453_evm.TU.chromosome_10.690","Cluster_1453","evm.TU.chromosome_10.690","TP7",-1,0.4,"3"
"827","Cluster_1453_evm.TU.chromosome_10.695","Cluster_1453","evm.TU.chromosome_10.695","TP7",0.5,-0.8,"2"
"828","Cluster_1453_evm.TU.chromosome_10.749","Cluster_1453","evm.TU.chromosome_10.749","TP7",-0.5,0.4,"3"
"829","Cluster_1453_evm.TU.chromosome_10.773","Cluster_1453","evm.TU.chromosome_10.773","TP7",-0.5,0.948683298050514,"3"
"830","Cluster_1453_evm.TU.chromosome_10.920","Cluster_1453","evm.TU.chromosome_10.920","TP7",-0.5,-0.4,"1"
"831","Cluster_1453_evm.TU.chromosome_10.94","Cluster_1453","evm.TU.chromosome_10.94","TP7",1,0.4,"2"
"832","Cluster_1453_evm.TU.chromosome_11.10","Cluster_1453","evm.TU.chromosome_11.10","TP7",-0.5,0,"1"
"833","Cluster_1453_evm.TU.chromosome_11.1002","Cluster_1453","evm.TU.chromosome_11.1002","TP7",-0.5,0.948683298050514,"3"
"834","Cluster_1453_evm.TU.chromosome_11.106","Cluster_1453","evm.TU.chromosome_11.106","TP7",0.5,0.737864787372622,"2"
"835","Cluster_1453_evm.TU.chromosome_11.1135","Cluster_1453","evm.TU.chromosome_11.1135","TP7",-0.5,0.948683298050514,"3"
"836","Cluster_1453_evm.TU.chromosome_11.1163","Cluster_1453","evm.TU.chromosome_11.1163","TP7",0.5,0.4,"2"
"837","Cluster_1453_evm.TU.chromosome_11.1200","Cluster_1453","evm.TU.chromosome_11.1200","TP7",0.5,0.948683298050514,"2"
"838","Cluster_1453_evm.TU.chromosome_11.1222","Cluster_1453","evm.TU.chromosome_11.1222","TP7",0.5,-0.6,"2"
"839","Cluster_1453_evm.TU.chromosome_11.1251","Cluster_1453","evm.TU.chromosome_11.1251","TP7",-0.5,0.737864787372622,"3"
"840","Cluster_1453_evm.TU.chromosome_11.1270","Cluster_1453","evm.TU.chromosome_11.1270","TP7",0.5,-0.8,"2"
"841","Cluster_1453_evm.TU.chromosome_11.130","Cluster_1453","evm.TU.chromosome_11.130","TP7",0.5,0.948683298050514,"2"
"842","Cluster_1453_evm.TU.chromosome_11.1307","Cluster_1453","evm.TU.chromosome_11.1307","TP7",-0.5,-1,"1"
"843","Cluster_1453_evm.TU.chromosome_11.1384","Cluster_1453","evm.TU.chromosome_11.1384","TP7",0.5,0.948683298050514,"2"
"844","Cluster_1453_evm.TU.chromosome_11.1393","Cluster_1453","evm.TU.chromosome_11.1393","TP7",-0.5,0.948683298050514,"3"
"845","Cluster_1453_evm.TU.chromosome_11.1470","Cluster_1453","evm.TU.chromosome_11.1470","TP7",-0.5,0.774596669241483,"3"
"846","Cluster_1453_evm.TU.chromosome_11.1503","Cluster_1453","evm.TU.chromosome_11.1503","TP7",0.5,-0.8,"2"
"847","Cluster_1453_evm.TU.chromosome_11.1520","Cluster_1453","evm.TU.chromosome_11.1520","TP7",0.5,-0.2,"2"
"848","Cluster_1453_evm.TU.chromosome_11.1588","Cluster_1453","evm.TU.chromosome_11.1588","TP7",-0.5,-0.4,"1"
"849","Cluster_1453_evm.TU.chromosome_11.1627","Cluster_1453","evm.TU.chromosome_11.1627","TP7",-0.5,0.4,"3"
"850","Cluster_1453_evm.TU.chromosome_11.1741","Cluster_1453","evm.TU.chromosome_11.1741","TP7",-0.5,0.8,"3"
"851","Cluster_1453_evm.TU.chromosome_11.181","Cluster_1453","evm.TU.chromosome_11.181","TP7",0.5,-0.2,"2"
"852","Cluster_1453_evm.TU.chromosome_11.1890","Cluster_1453","evm.TU.chromosome_11.1890","TP7",-0.5,0.774596669241483,"3"
"853","Cluster_1453_evm.TU.chromosome_11.1980","Cluster_1453","evm.TU.chromosome_11.1980","TP7",-0.5,0.2,"1"
"854","Cluster_1453_evm.TU.chromosome_11.1995","Cluster_1453","evm.TU.chromosome_11.1995","TP7",-0.5,0.8,"3"
"855","Cluster_1453_evm.TU.chromosome_11.2052","Cluster_1453","evm.TU.chromosome_11.2052","TP7",-0.5,0.948683298050514,"3"
"856","Cluster_1453_evm.TU.chromosome_11.2064","Cluster_1453","evm.TU.chromosome_11.2064","TP7",-0.5,0.8,"3"
"857","Cluster_1453_evm.TU.chromosome_11.2183","Cluster_1453","evm.TU.chromosome_11.2183","TP7",-0.5,-0.4,"1"
"858","Cluster_1453_evm.TU.chromosome_11.2184","Cluster_1453","evm.TU.chromosome_11.2184","TP7",-0.5,-0.4,"1"
"859","Cluster_1453_evm.TU.chromosome_11.2242","Cluster_1453","evm.TU.chromosome_11.2242","TP7",0.5,0.2,"2"
"860","Cluster_1453_evm.TU.chromosome_11.2256","Cluster_1453","evm.TU.chromosome_11.2256","TP7",0.866025403784439,0.948683298050514,"2"
"861","Cluster_1453_evm.TU.chromosome_11.2392","Cluster_1453","evm.TU.chromosome_11.2392","TP7",-0.5,0.4,"3"
"862","Cluster_1453_evm.TU.chromosome_11.240","Cluster_1453","evm.TU.chromosome_11.240","TP7",-0.866025403784439,0.4,"3"
"863","Cluster_1453_evm.TU.chromosome_11.2403","Cluster_1453","evm.TU.chromosome_11.2403","TP7",-0.5,-0.4,"1"
"864","Cluster_1453_evm.TU.chromosome_11.2470","Cluster_1453","evm.TU.chromosome_11.2470","TP7",-0.5,-0.4,"1"
"865","Cluster_1453_evm.TU.chromosome_11.2559","Cluster_1453","evm.TU.chromosome_11.2559","TP7",1,-0.8,"2"
"866","Cluster_1453_evm.TU.chromosome_11.2621","Cluster_1453","evm.TU.chromosome_11.2621","TP7",-0.5,0.737864787372622,"3"
"867","Cluster_1453_evm.TU.chromosome_11.2647","Cluster_1453","evm.TU.chromosome_11.2647","TP7",-0.866025403784439,-0.632455532033676,"1"
"868","Cluster_1453_evm.TU.chromosome_11.2656","Cluster_1453","evm.TU.chromosome_11.2656","TP7",-0.866025403784439,-0.8,"1"
"869","Cluster_1453_evm.TU.chromosome_11.2859","Cluster_1453","evm.TU.chromosome_11.2859","TP7",0.5,-0.4,"2"
"870","Cluster_1453_evm.TU.chromosome_11.2937","Cluster_1453","evm.TU.chromosome_11.2937","TP7",-0.5,0.8,"3"
"871","Cluster_1453_evm.TU.chromosome_11.3053","Cluster_1453","evm.TU.chromosome_11.3053","TP7",-0.5,-0.4,"1"
"872","Cluster_1453_evm.TU.chromosome_11.3072","Cluster_1453","evm.TU.chromosome_11.3072","TP7",-0.5,0.737864787372622,"3"
"873","Cluster_1453_evm.TU.chromosome_11.3101","Cluster_1453","evm.TU.chromosome_11.3101","TP7",-0.5,0.4,"3"
"874","Cluster_1453_evm.TU.chromosome_11.3131","Cluster_1453","evm.TU.chromosome_11.3131","TP7",1,-0.4,"2"
"875","Cluster_1453_evm.TU.chromosome_11.3143","Cluster_1453","evm.TU.chromosome_11.3143","TP7",-0.5,-0.4,"1"
"876","Cluster_1453_evm.TU.chromosome_11.3157","Cluster_1453","evm.TU.chromosome_11.3157","TP7",-0.5,0.2,"1"
"877","Cluster_1453_evm.TU.chromosome_11.325","Cluster_1453","evm.TU.chromosome_11.325","TP7",0.866025403784439,0.737864787372622,"2"
"878","Cluster_1453_evm.TU.chromosome_11.344","Cluster_1453","evm.TU.chromosome_11.344","TP7",-0.5,-0.4,"1"
"879","Cluster_1453_evm.TU.chromosome_11.347","Cluster_1453","evm.TU.chromosome_11.347","TP7",-0.5,0.6,"3"
"880","Cluster_1453_evm.TU.chromosome_11.356","Cluster_1453","evm.TU.chromosome_11.356","TP7",0.5,0.737864787372622,"2"
"881","Cluster_1453_evm.TU.chromosome_11.420","Cluster_1453","evm.TU.chromosome_11.420","TP7",0.5,0,"2"
"882","Cluster_1453_evm.TU.chromosome_11.443","Cluster_1453","evm.TU.chromosome_11.443","TP7",-0.5,0.8,"3"
"883","Cluster_1453_evm.TU.chromosome_11.444","Cluster_1453","evm.TU.chromosome_11.444","TP7",0.5,0.2,"2"
"884","Cluster_1453_evm.TU.chromosome_11.48","Cluster_1453","evm.TU.chromosome_11.48","TP7",0.5,0,"2"
"885","Cluster_1453_evm.TU.chromosome_11.554","Cluster_1453","evm.TU.chromosome_11.554","TP7",-0.866025403784439,-0.2,"1"
"886","Cluster_1453_evm.TU.chromosome_11.571","Cluster_1453","evm.TU.chromosome_11.571","TP7",0.5,0.737864787372622,"2"
"887","Cluster_1453_evm.TU.chromosome_11.577","Cluster_1453","evm.TU.chromosome_11.577","TP7",0.5,0.737864787372622,"2"
"888","Cluster_1453_evm.TU.chromosome_11.621","Cluster_1453","evm.TU.chromosome_11.621","TP7",0.5,0.737864787372622,"2"
"889","Cluster_1453_evm.TU.chromosome_11.646","Cluster_1453","evm.TU.chromosome_11.646","TP7",-0.866025403784439,0.4,"3"
"890","Cluster_1453_evm.TU.chromosome_11.75","Cluster_1453","evm.TU.chromosome_11.75","TP7",0.5,0.8,"2"
"891","Cluster_1453_evm.TU.chromosome_11.751","Cluster_1453","evm.TU.chromosome_11.751","TP7",0.866025403784439,0.948683298050514,"2"
"892","Cluster_1453_evm.TU.chromosome_11.758","Cluster_1453","evm.TU.chromosome_11.758","TP7",0.5,0.948683298050514,"2"
"893","Cluster_1453_evm.TU.chromosome_11.78","Cluster_1453","evm.TU.chromosome_11.78","TP7",-0.5,0.948683298050514,"3"
"894","Cluster_1453_evm.TU.chromosome_11.845","Cluster_1453","evm.TU.chromosome_11.845","TP7",0.5,-0.4,"2"
"895","Cluster_1453_evm.TU.chromosome_11.884","Cluster_1453","evm.TU.chromosome_11.884","TP7",-1,-0.4,"1"
"896","Cluster_1453_evm.TU.chromosome_11.888","Cluster_1453","evm.TU.chromosome_11.888","TP7",0.5,-0.2,"2"
"897","Cluster_1453_evm.TU.chromosome_11.95","Cluster_1453","evm.TU.chromosome_11.95","TP7",0.5,0.4,"2"
"898","Cluster_1453_evm.TU.chromosome_11.967","Cluster_1453","evm.TU.chromosome_11.967","TP7",0.5,-0.2,"2"
"899","Cluster_1453_evm.TU.chromosome_12.1026","Cluster_1453","evm.TU.chromosome_12.1026","TP7",0.866025403784439,0.948683298050514,"2"
"900","Cluster_1453_evm.TU.chromosome_12.1041","Cluster_1453","evm.TU.chromosome_12.1041","TP7",-0.5,-0.2,"1"
"901","Cluster_1453_evm.TU.chromosome_12.1043","Cluster_1453","evm.TU.chromosome_12.1043","TP7",0.866025403784439,0.632455532033676,"2"
"902","Cluster_1453_evm.TU.chromosome_12.1124","Cluster_1453","evm.TU.chromosome_12.1124","TP7",-0.5,0.737864787372622,"3"
"903","Cluster_1453_evm.TU.chromosome_12.1143","Cluster_1453","evm.TU.chromosome_12.1143","TP7",-0.5,-0.6,"1"
"904","Cluster_1453_evm.TU.chromosome_12.1204","Cluster_1453","evm.TU.chromosome_12.1204","TP7",0.5,0.4,"2"
"905","Cluster_1453_evm.TU.chromosome_12.1223","Cluster_1453","evm.TU.chromosome_12.1223","TP7",-0.866025403784439,0.737864787372622,"3"
"906","Cluster_1453_evm.TU.chromosome_12.1239","Cluster_1453","evm.TU.chromosome_12.1239","TP7",-0.5,0.4,"3"
"907","Cluster_1453_evm.TU.chromosome_12.1282","Cluster_1453","evm.TU.chromosome_12.1282","TP7",0.5,0.8,"2"
"908","Cluster_1453_evm.TU.chromosome_12.1323","Cluster_1453","evm.TU.chromosome_12.1323","TP7",0.5,0,"2"
"909","Cluster_1453_evm.TU.chromosome_12.1324","Cluster_1453","evm.TU.chromosome_12.1324","TP7",0.5,0.6,"2"
"910","Cluster_1453_evm.TU.chromosome_12.1415","Cluster_1453","evm.TU.chromosome_12.1415","TP7",-0.5,0.4,"3"
"911","Cluster_1453_evm.TU.chromosome_12.1433","Cluster_1453","evm.TU.chromosome_12.1433","TP7",0.5,0.4,"2"
"912","Cluster_1453_evm.TU.chromosome_12.1438","Cluster_1453","evm.TU.chromosome_12.1438","TP7",-1,0.948683298050514,"3"
"913","Cluster_1453_evm.TU.chromosome_12.1464","Cluster_1453","evm.TU.chromosome_12.1464","TP7",-0.5,1,"3"
"914","Cluster_1453_evm.TU.chromosome_12.1516","Cluster_1453","evm.TU.chromosome_12.1516","TP7",-1,0.258198889747161,"3"
"915","Cluster_1453_evm.TU.chromosome_12.1542","Cluster_1453","evm.TU.chromosome_12.1542","TP7",-0.5,-0.2,"1"
"916","Cluster_1453_evm.TU.chromosome_12.155","Cluster_1453","evm.TU.chromosome_12.155","TP7",-0.5,0.774596669241483,"3"
"917","Cluster_1453_evm.TU.chromosome_12.1564","Cluster_1453","evm.TU.chromosome_12.1564","TP7",-1,0.6,"3"
"918","Cluster_1453_evm.TU.chromosome_12.1572","Cluster_1453","evm.TU.chromosome_12.1572","TP7",-0.5,0.948683298050514,"3"
"919","Cluster_1453_evm.TU.chromosome_12.1663","Cluster_1453","evm.TU.chromosome_12.1663","TP7",0.5,-0.6,"2"
"920","Cluster_1453_evm.TU.chromosome_12.1818","Cluster_1453","evm.TU.chromosome_12.1818","TP7",-0.5,-0.4,"1"
"921","Cluster_1453_evm.TU.chromosome_12.1836","Cluster_1453","evm.TU.chromosome_12.1836","TP7",0.5,-1,"2"
"922","Cluster_1453_evm.TU.chromosome_12.1843","Cluster_1453","evm.TU.chromosome_12.1843","TP7",0.866025403784439,0.737864787372622,"2"
"923","Cluster_1453_evm.TU.chromosome_12.1850","Cluster_1453","evm.TU.chromosome_12.1850","TP7",-1,-0.210818510677892,"3"
"924","Cluster_1453_evm.TU.chromosome_12.1967","Cluster_1453","evm.TU.chromosome_12.1967","TP7",-0.5,0.8,"3"
"925","Cluster_1453_evm.TU.chromosome_12.1990","Cluster_1453","evm.TU.chromosome_12.1990","TP7",-0.5,0.4,"3"
"926","Cluster_1453_evm.TU.chromosome_12.2027","Cluster_1453","evm.TU.chromosome_12.2027","TP7",0.5,0.4,"2"
"927","Cluster_1453_evm.TU.chromosome_12.2041","Cluster_1453","evm.TU.chromosome_12.2041","TP7",0.5,-0.105409255338946,"2"
"928","Cluster_1453_evm.TU.chromosome_12.2122","Cluster_1453","evm.TU.chromosome_12.2122","TP7",-0.5,-0.2,"1"
"929","Cluster_1453_evm.TU.chromosome_12.2124","Cluster_1453","evm.TU.chromosome_12.2124","TP7",-0.5,0.258198889747161,"1"
"930","Cluster_1453_evm.TU.chromosome_12.2148","Cluster_1453","evm.TU.chromosome_12.2148","TP7",0.5,0.737864787372622,"2"
"931","Cluster_1453_evm.TU.chromosome_12.2158","Cluster_1453","evm.TU.chromosome_12.2158","TP7",-0.5,-0.4,"1"
"932","Cluster_1453_evm.TU.chromosome_12.218","Cluster_1453","evm.TU.chromosome_12.218","TP7",-0.5,0.8,"3"
"933","Cluster_1453_evm.TU.chromosome_12.2251","Cluster_1453","evm.TU.chromosome_12.2251","TP7",0.5,-0.4,"2"
"934","Cluster_1453_evm.TU.chromosome_12.2305","Cluster_1453","evm.TU.chromosome_12.2305","TP7",0.5,-0.8,"2"
"935","Cluster_1453_evm.TU.chromosome_12.2311","Cluster_1453","evm.TU.chromosome_12.2311","TP7",-0.5,0.2,"1"
"936","Cluster_1453_evm.TU.chromosome_12.2344","Cluster_1453","evm.TU.chromosome_12.2344","TP7",-0.5,0.2,"1"
"937","Cluster_1453_evm.TU.chromosome_12.2411","Cluster_1453","evm.TU.chromosome_12.2411","TP7",0.5,0.737864787372622,"2"
"938","Cluster_1453_evm.TU.chromosome_12.245","Cluster_1453","evm.TU.chromosome_12.245","TP7",-0.5,-0.4,"1"
"939","Cluster_1453_evm.TU.chromosome_12.2495","Cluster_1453","evm.TU.chromosome_12.2495","TP7",-0.5,0.6,"3"
"940","Cluster_1453_evm.TU.chromosome_12.2523","Cluster_1453","evm.TU.chromosome_12.2523","TP7",-0.5,0.948683298050514,"3"
"941","Cluster_1453_evm.TU.chromosome_12.2556","Cluster_1453","evm.TU.chromosome_12.2556","TP7",-0.5,0.948683298050514,"3"
"942","Cluster_1453_evm.TU.chromosome_12.2581","Cluster_1453","evm.TU.chromosome_12.2581","TP7",0.5,0.2,"2"
"943","Cluster_1453_evm.TU.chromosome_12.2593","Cluster_1453","evm.TU.chromosome_12.2593","TP7",-0.5,1,"3"
"944","Cluster_1453_evm.TU.chromosome_12.2616","Cluster_1453","evm.TU.chromosome_12.2616","TP7",0.5,0.948683298050514,"2"
"945","Cluster_1453_evm.TU.chromosome_12.2678","Cluster_1453","evm.TU.chromosome_12.2678","TP7",-0.5,-0.2,"1"
"946","Cluster_1453_evm.TU.chromosome_12.272","Cluster_1453","evm.TU.chromosome_12.272","TP7",0.5,0.258198889747161,"2"
"947","Cluster_1453_evm.TU.chromosome_12.2785","Cluster_1453","evm.TU.chromosome_12.2785","TP7",-0.5,-0.105409255338946,"1"
"948","Cluster_1453_evm.TU.chromosome_12.2849","Cluster_1453","evm.TU.chromosome_12.2849","TP7",0.5,-0.4,"2"
"949","Cluster_1453_evm.TU.chromosome_12.2927","Cluster_1453","evm.TU.chromosome_12.2927","TP7",-0.5,0.2,"1"
"950","Cluster_1453_evm.TU.chromosome_12.2992","Cluster_1453","evm.TU.chromosome_12.2992","TP7",-1,0,"3"
"951","Cluster_1453_evm.TU.chromosome_12.3025","Cluster_1453","evm.TU.chromosome_12.3025","TP7",-0.5,0.2,"1"
"952","Cluster_1453_evm.TU.chromosome_12.3035","Cluster_1453","evm.TU.chromosome_12.3035","TP7",0.5,0.8,"2"
"953","Cluster_1453_evm.TU.chromosome_12.3068","Cluster_1453","evm.TU.chromosome_12.3068","TP7",-0.5,-0.2,"1"
"954","Cluster_1453_evm.TU.chromosome_12.3081","Cluster_1453","evm.TU.chromosome_12.3081","TP7",-0.5,0.2,"1"
"955","Cluster_1453_evm.TU.chromosome_12.3138","Cluster_1453","evm.TU.chromosome_12.3138","TP7",0.5,0,"2"
"956","Cluster_1453_evm.TU.chromosome_12.3146","Cluster_1453","evm.TU.chromosome_12.3146","TP7",0.5,-0.4,"2"
"957","Cluster_1453_evm.TU.chromosome_12.3203","Cluster_1453","evm.TU.chromosome_12.3203","TP7",-0.5,-0.2,"1"
"958","Cluster_1453_evm.TU.chromosome_12.324","Cluster_1453","evm.TU.chromosome_12.324","TP7",-0.5,0.948683298050514,"3"
"959","Cluster_1453_evm.TU.chromosome_12.3293","Cluster_1453","evm.TU.chromosome_12.3293","TP7",0.5,-0.4,"2"
"960","Cluster_1453_evm.TU.chromosome_12.3295","Cluster_1453","evm.TU.chromosome_12.3295","TP7",-0.5,0.737864787372622,"3"
"961","Cluster_1453_evm.TU.chromosome_12.332","Cluster_1453","evm.TU.chromosome_12.332","TP7",-0.5,0.2,"1"
"962","Cluster_1453_evm.TU.chromosome_12.3351","Cluster_1453","evm.TU.chromosome_12.3351","TP7",-0.5,0.737864787372622,"3"
"963","Cluster_1453_evm.TU.chromosome_12.3368","Cluster_1453","evm.TU.chromosome_12.3368","TP7",0.5,0.2,"2"
"964","Cluster_1453_evm.TU.chromosome_12.3375","Cluster_1453","evm.TU.chromosome_12.3375","TP7",-0.5,-0.105409255338946,"1"
"965","Cluster_1453_evm.TU.chromosome_12.3491","Cluster_1453","evm.TU.chromosome_12.3491","TP7",-0.5,0.948683298050514,"3"
"966","Cluster_1453_evm.TU.chromosome_12.3536","Cluster_1453","evm.TU.chromosome_12.3536","TP7",-0.866025403784439,0.948683298050514,"3"
"967","Cluster_1453_evm.TU.chromosome_12.3603","Cluster_1453","evm.TU.chromosome_12.3603","TP7",0.5,0.4,"2"
"968","Cluster_1453_evm.TU.chromosome_12.3607","Cluster_1453","evm.TU.chromosome_12.3607","TP7",0.866025403784439,-0.8,"2"
"969","Cluster_1453_evm.TU.chromosome_12.3689","Cluster_1453","evm.TU.chromosome_12.3689","TP7",0.5,0.774596669241483,"2"
"970","Cluster_1453_evm.TU.chromosome_12.3858","Cluster_1453","evm.TU.chromosome_12.3858","TP7",-0.5,-0.4,"1"
"971","Cluster_1453_evm.TU.chromosome_12.3868","Cluster_1453","evm.TU.chromosome_12.3868","TP7",-1,0.2,"3"
"972","Cluster_1453_evm.TU.chromosome_12.3946","Cluster_1453","evm.TU.chromosome_12.3946","TP7",-0.5,0,"1"
"973","Cluster_1453_evm.TU.chromosome_12.3980","Cluster_1453","evm.TU.chromosome_12.3980","TP7",-0.866025403784439,-0.4,"1"
"974","Cluster_1453_evm.TU.chromosome_12.4002","Cluster_1453","evm.TU.chromosome_12.4002","TP7",-0.5,0.4,"3"
"975","Cluster_1453_evm.TU.chromosome_12.4032","Cluster_1453","evm.TU.chromosome_12.4032","TP7",-0.866025403784439,0.2,"3"
"976","Cluster_1453_evm.TU.chromosome_12.4045","Cluster_1453","evm.TU.chromosome_12.4045","TP7",0.5,0.4,"2"
"977","Cluster_1453_evm.TU.chromosome_12.466","Cluster_1453","evm.TU.chromosome_12.466","TP7",0.5,0.258198889747161,"2"
"978","Cluster_1453_evm.TU.chromosome_12.487","Cluster_1453","evm.TU.chromosome_12.487","TP7",0.866025403784439,0,"2"
"979","Cluster_1453_evm.TU.chromosome_12.594","Cluster_1453","evm.TU.chromosome_12.594","TP7",-0.5,-0.2,"1"
"980","Cluster_1453_evm.TU.chromosome_12.632","Cluster_1453","evm.TU.chromosome_12.632","TP7",0.866025403784439,0.258198889747161,"2"
"981","Cluster_1453_evm.TU.chromosome_12.646","Cluster_1453","evm.TU.chromosome_12.646","TP7",-0.5,0,"1"
"982","Cluster_1453_evm.TU.chromosome_12.665","Cluster_1453","evm.TU.chromosome_12.665","TP7",0.866025403784439,-0.4,"2"
"983","Cluster_1453_evm.TU.chromosome_12.77","Cluster_1453","evm.TU.chromosome_12.77","TP7",0.5,0.2,"2"
"984","Cluster_1453_evm.TU.chromosome_12.781","Cluster_1453","evm.TU.chromosome_12.781","TP7",0.5,0,"2"
"985","Cluster_1453_evm.TU.chromosome_12.807","Cluster_1453","evm.TU.chromosome_12.807","TP7",-0.5,0.737864787372622,"3"
"986","Cluster_1453_evm.TU.chromosome_12.808","Cluster_1453","evm.TU.chromosome_12.808","TP7",0.5,0.737864787372622,"2"
"987","Cluster_1453_evm.TU.chromosome_13.1014","Cluster_1453","evm.TU.chromosome_13.1014","TP7",0.5,0.4,"2"
"988","Cluster_1453_evm.TU.chromosome_13.1025","Cluster_1453","evm.TU.chromosome_13.1025","TP7",-0.5,0,"1"
"989","Cluster_1453_evm.TU.chromosome_13.1036","Cluster_1453","evm.TU.chromosome_13.1036","TP7",-0.5,0.774596669241483,"3"
"990","Cluster_1453_evm.TU.chromosome_13.1068","Cluster_1453","evm.TU.chromosome_13.1068","TP7",-0.5,-0.4,"1"
"991","Cluster_1453_evm.TU.chromosome_13.1234","Cluster_1453","evm.TU.chromosome_13.1234","TP7",-0.5,0.737864787372622,"3"
"992","Cluster_1453_evm.TU.chromosome_13.1273","Cluster_1453","evm.TU.chromosome_13.1273","TP7",-0.5,-0.4,"1"
"993","Cluster_1453_evm.TU.chromosome_13.1300","Cluster_1453","evm.TU.chromosome_13.1300","TP7",-0.5,0.737864787372622,"3"
"994","Cluster_1453_evm.TU.chromosome_13.1389","Cluster_1453","evm.TU.chromosome_13.1389","TP7",0.5,0.2,"2"
"995","Cluster_1453_evm.TU.chromosome_13.1436","Cluster_1453","evm.TU.chromosome_13.1436","TP7",0.5,0.948683298050514,"2"
"996","Cluster_1453_evm.TU.chromosome_13.145","Cluster_1453","evm.TU.chromosome_13.145","TP7",0.5,0,"2"
"997","Cluster_1453_evm.TU.chromosome_13.1474","Cluster_1453","evm.TU.chromosome_13.1474","TP7",-0.5,0,"1"
"998","Cluster_1453_evm.TU.chromosome_13.1508","Cluster_1453","evm.TU.chromosome_13.1508","TP7",-0.5,0.8,"3"
"999","Cluster_1453_evm.TU.chromosome_13.1518","Cluster_1453","evm.TU.chromosome_13.1518","TP7",0.866025403784439,0.258198889747161,"2"
"1000","Cluster_1453_evm.TU.chromosome_13.1603","Cluster_1453","evm.TU.chromosome_13.1603","TP7",-0.5,-0.4,"1"
"1001","Cluster_1453_evm.TU.chromosome_13.1612","Cluster_1453","evm.TU.chromosome_13.1612","TP7",-0.5,0.8,"3"
"1002","Cluster_1453_evm.TU.chromosome_13.1666","Cluster_1453","evm.TU.chromosome_13.1666","TP7",-0.5,0.774596669241483,"3"
"1003","Cluster_1453_evm.TU.chromosome_13.1672","Cluster_1453","evm.TU.chromosome_13.1672","TP7",-0.5,-0.4,"1"
"1004","Cluster_1453_evm.TU.chromosome_13.1682","Cluster_1453","evm.TU.chromosome_13.1682","TP7",-0.5,0.737864787372622,"3"
"1005","Cluster_1453_evm.TU.chromosome_13.1683","Cluster_1453","evm.TU.chromosome_13.1683","TP7",-0.5,1,"3"
"1006","Cluster_1453_evm.TU.chromosome_13.1707","Cluster_1453","evm.TU.chromosome_13.1707","TP7",-0.5,-0.4,"1"
"1007","Cluster_1453_evm.TU.chromosome_13.1822","Cluster_1453","evm.TU.chromosome_13.1822","TP7",-0.5,0.8,"3"
"1008","Cluster_1453_evm.TU.chromosome_13.186","Cluster_1453","evm.TU.chromosome_13.186","TP7",0.5,0.737864787372622,"2"
"1009","Cluster_1453_evm.TU.chromosome_13.1896","Cluster_1453","evm.TU.chromosome_13.1896","TP7",0.5,0.774596669241483,"2"
"1010","Cluster_1453_evm.TU.chromosome_13.2014","Cluster_1453","evm.TU.chromosome_13.2014","TP7",0.5,0.2,"2"
"1011","Cluster_1453_evm.TU.chromosome_13.2083","Cluster_1453","evm.TU.chromosome_13.2083","TP7",0,0.737864787372622,"1"
"1012","Cluster_1453_evm.TU.chromosome_13.2106","Cluster_1453","evm.TU.chromosome_13.2106","TP7",-0.866025403784439,0.948683298050514,"3"
"1013","Cluster_1453_evm.TU.chromosome_13.2107","Cluster_1453","evm.TU.chromosome_13.2107","TP7",0.5,0,"2"
"1014","Cluster_1453_evm.TU.chromosome_13.2118","Cluster_1453","evm.TU.chromosome_13.2118","TP7",-0.5,-0.4,"1"
"1015","Cluster_1453_evm.TU.chromosome_13.2125","Cluster_1453","evm.TU.chromosome_13.2125","TP7",0.866025403784439,0.737864787372622,"2"
"1016","Cluster_1453_evm.TU.chromosome_13.2187","Cluster_1453","evm.TU.chromosome_13.2187","TP7",-0.5,0,"1"
"1017","Cluster_1453_evm.TU.chromosome_13.2226","Cluster_1453","evm.TU.chromosome_13.2226","TP7",0.5,0.737864787372622,"2"
"1018","Cluster_1453_evm.TU.chromosome_13.2308","Cluster_1453","evm.TU.chromosome_13.2308","TP7",0.866025403784439,0.737864787372622,"2"
"1019","Cluster_1453_evm.TU.chromosome_13.2355","Cluster_1453","evm.TU.chromosome_13.2355","TP7",-0.5,0.8,"3"
"1020","Cluster_1453_evm.TU.chromosome_13.2389","Cluster_1453","evm.TU.chromosome_13.2389","TP7",-0.5,0.8,"3"
"1021","Cluster_1453_evm.TU.chromosome_13.2396","Cluster_1453","evm.TU.chromosome_13.2396","TP7",-0.5,-0.8,"1"
"1022","Cluster_1453_evm.TU.chromosome_13.2468","Cluster_1453","evm.TU.chromosome_13.2468","TP7",-0.5,0.737864787372622,"3"
"1023","Cluster_1453_evm.TU.chromosome_13.2480","Cluster_1453","evm.TU.chromosome_13.2480","TP7",0.5,0.2,"2"
"1024","Cluster_1453_evm.TU.chromosome_13.2486","Cluster_1453","evm.TU.chromosome_13.2486","TP7",0.5,-0.4,"2"
"1025","Cluster_1453_evm.TU.chromosome_13.2523","Cluster_1453","evm.TU.chromosome_13.2523","TP7",-0.5,0.4,"3"
"1026","Cluster_1453_evm.TU.chromosome_13.27","Cluster_1453","evm.TU.chromosome_13.27","TP7",-0.5,0.4,"3"
"1027","Cluster_1453_evm.TU.chromosome_13.2720","Cluster_1453","evm.TU.chromosome_13.2720","TP7",0.5,0.6,"2"
"1028","Cluster_1453_evm.TU.chromosome_13.2730","Cluster_1453","evm.TU.chromosome_13.2730","TP7",0.5,-0.2,"2"
"1029","Cluster_1453_evm.TU.chromosome_13.2740","Cluster_1453","evm.TU.chromosome_13.2740","TP7",-0.5,0,"1"
"1030","Cluster_1453_evm.TU.chromosome_13.2769","Cluster_1453","evm.TU.chromosome_13.2769","TP7",-0.5,-0.316227766016838,"1"
"1031","Cluster_1453_evm.TU.chromosome_13.2797","Cluster_1453","evm.TU.chromosome_13.2797","TP7",0.5,0.4,"2"
"1032","Cluster_1453_evm.TU.chromosome_13.2799","Cluster_1453","evm.TU.chromosome_13.2799","TP7",-0.5,-0.2,"1"
"1033","Cluster_1453_evm.TU.chromosome_13.2801","Cluster_1453","evm.TU.chromosome_13.2801","TP7",0.5,-0.8,"2"
"1034","Cluster_1453_evm.TU.chromosome_13.2802","Cluster_1453","evm.TU.chromosome_13.2802","TP7",-0.5,-0.6,"1"
"1035","Cluster_1453_evm.TU.chromosome_13.2822","Cluster_1453","evm.TU.chromosome_13.2822","TP7",-0.866025403784439,0.258198889747161,"3"
"1036","Cluster_1453_evm.TU.chromosome_13.2839","Cluster_1453","evm.TU.chromosome_13.2839","TP7",0.5,-0.632455532033676,"2"
"1037","Cluster_1453_evm.TU.chromosome_13.2847","Cluster_1453","evm.TU.chromosome_13.2847","TP7",-0.5,0.6,"3"
"1038","Cluster_1453_evm.TU.chromosome_13.2907","Cluster_1453","evm.TU.chromosome_13.2907","TP7",0.866025403784439,0.948683298050514,"2"
"1039","Cluster_1453_evm.TU.chromosome_13.2957","Cluster_1453","evm.TU.chromosome_13.2957","TP7",0.5,-0.4,"2"
"1040","Cluster_1453_evm.TU.chromosome_13.2959","Cluster_1453","evm.TU.chromosome_13.2959","TP7",0.5,-0.4,"2"
"1041","Cluster_1453_evm.TU.chromosome_13.2991","Cluster_1453","evm.TU.chromosome_13.2991","TP7",0.5,-1,"2"
"1042","Cluster_1453_evm.TU.chromosome_13.3001","Cluster_1453","evm.TU.chromosome_13.3001","TP7",0.5,0.6,"2"
"1043","Cluster_1453_evm.TU.chromosome_13.3226","Cluster_1453","evm.TU.chromosome_13.3226","TP7",-0.5,0.4,"3"
"1044","Cluster_1453_evm.TU.chromosome_13.3229","Cluster_1453","evm.TU.chromosome_13.3229","TP7",-0.5,0.8,"3"
"1045","Cluster_1453_evm.TU.chromosome_13.3281","Cluster_1453","evm.TU.chromosome_13.3281","TP7",-1,0.4,"3"
"1046","Cluster_1453_evm.TU.chromosome_13.3296","Cluster_1453","evm.TU.chromosome_13.3296","TP7",0.5,0.6,"2"
"1047","Cluster_1453_evm.TU.chromosome_13.3336","Cluster_1453","evm.TU.chromosome_13.3336","TP7",0.5,0.737864787372622,"2"
"1048","Cluster_1453_evm.TU.chromosome_13.3370","Cluster_1453","evm.TU.chromosome_13.3370","TP7",0.5,0.948683298050514,"2"
"1049","Cluster_1453_evm.TU.chromosome_13.3463","Cluster_1453","evm.TU.chromosome_13.3463","TP7",-0.5,0,"1"
"1050","Cluster_1453_evm.TU.chromosome_13.3546","Cluster_1453","evm.TU.chromosome_13.3546","TP7",0.5,0.4,"2"
"1051","Cluster_1453_evm.TU.chromosome_13.3578","Cluster_1453","evm.TU.chromosome_13.3578","TP7",-0.866025403784439,0.774596669241483,"3"
"1052","Cluster_1453_evm.TU.chromosome_13.3625","Cluster_1453","evm.TU.chromosome_13.3625","TP7",-0.866025403784439,0.737864787372622,"3"
"1053","Cluster_1453_evm.TU.chromosome_13.3634","Cluster_1453","evm.TU.chromosome_13.3634","TP7",0.5,0.737864787372622,"2"
"1054","Cluster_1453_evm.TU.chromosome_13.369","Cluster_1453","evm.TU.chromosome_13.369","TP7",-0.5,0.8,"3"
"1055","Cluster_1453_evm.TU.chromosome_13.370","Cluster_1453","evm.TU.chromosome_13.370","TP7",0.5,-0.2,"2"
"1056","Cluster_1453_evm.TU.chromosome_13.371","Cluster_1453","evm.TU.chromosome_13.371","TP7",-0.5,0.2,"1"
"1057","Cluster_1453_evm.TU.chromosome_13.3721","Cluster_1453","evm.TU.chromosome_13.3721","TP7",-0.866025403784439,0.774596669241483,"3"
"1058","Cluster_1453_evm.TU.chromosome_13.374","Cluster_1453","evm.TU.chromosome_13.374","TP7",0.866025403784439,0.210818510677892,"2"
"1059","Cluster_1453_evm.TU.chromosome_13.3752","Cluster_1453","evm.TU.chromosome_13.3752","TP7",-0.5,-0.258198889747161,"1"
"1060","Cluster_1453_evm.TU.chromosome_13.3790","Cluster_1453","evm.TU.chromosome_13.3790","TP7",0.5,-0.4,"2"
"1061","Cluster_1453_evm.TU.chromosome_13.3866","Cluster_1453","evm.TU.chromosome_13.3866","TP7",-0.5,-0.4,"1"
"1062","Cluster_1453_evm.TU.chromosome_13.388","Cluster_1453","evm.TU.chromosome_13.388","TP7",-0.866025403784439,0.774596669241483,"3"
"1063","Cluster_1453_evm.TU.chromosome_13.3939","Cluster_1453","evm.TU.chromosome_13.3939","TP7",-0.5,0.4,"3"
"1064","Cluster_1453_evm.TU.chromosome_13.395","Cluster_1453","evm.TU.chromosome_13.395","TP7",0.5,0.948683298050514,"2"
"1065","Cluster_1453_evm.TU.chromosome_13.3992","Cluster_1453","evm.TU.chromosome_13.3992","TP7",-0.5,-0.2,"1"
"1066","Cluster_1453_evm.TU.chromosome_13.4015","Cluster_1453","evm.TU.chromosome_13.4015","TP7",-0.5,0.948683298050514,"3"
"1067","Cluster_1453_evm.TU.chromosome_13.4053","Cluster_1453","evm.TU.chromosome_13.4053","TP7",0.5,0.2,"2"
"1068","Cluster_1453_evm.TU.chromosome_13.406","Cluster_1453","evm.TU.chromosome_13.406","TP7",0.5,-0.8,"2"
"1069","Cluster_1453_evm.TU.chromosome_13.4077","Cluster_1453","evm.TU.chromosome_13.4077","TP7",-0.5,-0.8,"1"
"1070","Cluster_1453_evm.TU.chromosome_13.4078","Cluster_1453","evm.TU.chromosome_13.4078","TP7",0.5,0.4,"2"
"1071","Cluster_1453_evm.TU.chromosome_13.4105","Cluster_1453","evm.TU.chromosome_13.4105","TP7",0.5,0.4,"2"
"1072","Cluster_1453_evm.TU.chromosome_13.4114","Cluster_1453","evm.TU.chromosome_13.4114","TP7",0.5,0.4,"2"
"1073","Cluster_1453_evm.TU.chromosome_13.413","Cluster_1453","evm.TU.chromosome_13.413","TP7",0.5,0.737864787372622,"2"
"1074","Cluster_1453_evm.TU.chromosome_13.4132","Cluster_1453","evm.TU.chromosome_13.4132","TP7",-0.5,0.737864787372622,"3"
"1075","Cluster_1453_evm.TU.chromosome_13.4161","Cluster_1453","evm.TU.chromosome_13.4161","TP7",0.5,0.4,"2"
"1076","Cluster_1453_evm.TU.chromosome_13.417","Cluster_1453","evm.TU.chromosome_13.417","TP7",-0.5,0,"1"
"1077","Cluster_1453_evm.TU.chromosome_13.426","Cluster_1453","evm.TU.chromosome_13.426","TP7",-0.5,-0.2,"1"
"1078","Cluster_1453_evm.TU.chromosome_13.427","Cluster_1453","evm.TU.chromosome_13.427","TP7",-0.5,0.737864787372622,"3"
"1079","Cluster_1453_evm.TU.chromosome_13.444","Cluster_1453","evm.TU.chromosome_13.444","TP7",-0.5,0.8,"3"
"1080","Cluster_1453_evm.TU.chromosome_13.494","Cluster_1453","evm.TU.chromosome_13.494","TP7",-0.5,-0.8,"1"
"1081","Cluster_1453_evm.TU.chromosome_13.517","Cluster_1453","evm.TU.chromosome_13.517","TP7",-0.5,0.8,"3"
"1082","Cluster_1453_evm.TU.chromosome_13.53","Cluster_1453","evm.TU.chromosome_13.53","TP7",-0.5,-0.4,"1"
"1083","Cluster_1453_evm.TU.chromosome_13.55","Cluster_1453","evm.TU.chromosome_13.55","TP7",-0.5,-0.2,"1"
"1084","Cluster_1453_evm.TU.chromosome_13.569","Cluster_1453","evm.TU.chromosome_13.569","TP7",0.5,0.737864787372622,"2"
"1085","Cluster_1453_evm.TU.chromosome_13.63","Cluster_1453","evm.TU.chromosome_13.63","TP7",0.5,0.8,"2"
"1086","Cluster_1453_evm.TU.chromosome_13.639","Cluster_1453","evm.TU.chromosome_13.639","TP7",1,0,"2"
"1087","Cluster_1453_evm.TU.chromosome_13.650","Cluster_1453","evm.TU.chromosome_13.650","TP7",-0.5,0.737864787372622,"3"
"1088","Cluster_1453_evm.TU.chromosome_13.685","Cluster_1453","evm.TU.chromosome_13.685","TP7",-0.5,-0.316227766016838,"1"
"1089","Cluster_1453_evm.TU.chromosome_13.732","Cluster_1453","evm.TU.chromosome_13.732","TP7",-0.5,0.948683298050514,"3"
"1090","Cluster_1453_evm.TU.chromosome_13.801","Cluster_1453","evm.TU.chromosome_13.801","TP7",0.866025403784439,1,"2"
"1091","Cluster_1453_evm.TU.chromosome_13.836","Cluster_1453","evm.TU.chromosome_13.836","TP7",1,0,"2"
"1092","Cluster_1453_evm.TU.chromosome_13.920","Cluster_1453","evm.TU.chromosome_13.920","TP7",-0.5,0.948683298050514,"3"
"1093","Cluster_1453_evm.TU.chromosome_13.944","Cluster_1453","evm.TU.chromosome_13.944","TP7",-0.5,-0.2,"1"
"1094","Cluster_1453_evm.TU.chromosome_13.98","Cluster_1453","evm.TU.chromosome_13.98","TP7",0.5,0.8,"2"
"1095","Cluster_1453_evm.TU.chromosome_14.1077","Cluster_1453","evm.TU.chromosome_14.1077","TP7",0.5,0.8,"2"
"1096","Cluster_1453_evm.TU.chromosome_14.1081","Cluster_1453","evm.TU.chromosome_14.1081","TP7",0.5,-0.8,"2"
"1097","Cluster_1453_evm.TU.chromosome_14.1122","Cluster_1453","evm.TU.chromosome_14.1122","TP7",-0.5,-0.8,"1"
"1098","Cluster_1453_evm.TU.chromosome_14.1305","Cluster_1453","evm.TU.chromosome_14.1305","TP7",0.5,0.737864787372622,"2"
"1099","Cluster_1453_evm.TU.chromosome_14.1309","Cluster_1453","evm.TU.chromosome_14.1309","TP7",0.5,0.737864787372622,"2"
"1100","Cluster_1453_evm.TU.chromosome_14.142","Cluster_1453","evm.TU.chromosome_14.142","TP7",-0.5,0.737864787372622,"3"
"1101","Cluster_1453_evm.TU.chromosome_14.1518","Cluster_1453","evm.TU.chromosome_14.1518","TP7",0.5,0.737864787372622,"2"
"1102","Cluster_1453_evm.TU.chromosome_14.1543","Cluster_1453","evm.TU.chromosome_14.1543","TP7",0.866025403784439,0.258198889747161,"2"
"1103","Cluster_1453_evm.TU.chromosome_14.1581","Cluster_1453","evm.TU.chromosome_14.1581","TP7",-0.5,0.774596669241483,"3"
"1104","Cluster_1453_evm.TU.chromosome_14.1662","Cluster_1453","evm.TU.chromosome_14.1662","TP7",0.866025403784439,0.737864787372622,"2"
"1105","Cluster_1453_evm.TU.chromosome_14.1673","Cluster_1453","evm.TU.chromosome_14.1673","TP7",0.5,0.737864787372622,"2"
"1106","Cluster_1453_evm.TU.chromosome_14.171","Cluster_1453","evm.TU.chromosome_14.171","TP7",0.5,0.2,"2"
"1107","Cluster_1453_evm.TU.chromosome_14.1713","Cluster_1453","evm.TU.chromosome_14.1713","TP7",0.5,-0.4,"2"
"1108","Cluster_1453_evm.TU.chromosome_14.1718","Cluster_1453","evm.TU.chromosome_14.1718","TP7",-0.866025403784439,0.774596669241483,"3"
"1109","Cluster_1453_evm.TU.chromosome_14.1739","Cluster_1453","evm.TU.chromosome_14.1739","TP7",0.5,0,"2"
"1110","Cluster_1453_evm.TU.chromosome_14.1749","Cluster_1453","evm.TU.chromosome_14.1749","TP7",-0.5,0.774596669241483,"3"
"1111","Cluster_1453_evm.TU.chromosome_14.1791","Cluster_1453","evm.TU.chromosome_14.1791","TP7",0.5,0.2,"2"
"1112","Cluster_1453_evm.TU.chromosome_14.2122","Cluster_1453","evm.TU.chromosome_14.2122","TP7",0.5,-0.774596669241483,"2"
"1113","Cluster_1453_evm.TU.chromosome_14.2943","Cluster_1453","evm.TU.chromosome_14.2943","TP7",-0.5,0.4,"3"
"1114","Cluster_1453_evm.TU.chromosome_14.303","Cluster_1453","evm.TU.chromosome_14.303","TP7",0.5,-0.6,"2"
"1115","Cluster_1453_evm.TU.chromosome_14.3053","Cluster_1453","evm.TU.chromosome_14.3053","TP7",0.5,0.948683298050514,"2"
"1116","Cluster_1453_evm.TU.chromosome_14.3089","Cluster_1453","evm.TU.chromosome_14.3089","TP7",-0.5,0.4,"3"
"1117","Cluster_1453_evm.TU.chromosome_14.3193","Cluster_1453","evm.TU.chromosome_14.3193","TP7",-0.866025403784439,0.948683298050514,"3"
"1118","Cluster_1453_evm.TU.chromosome_14.3573","Cluster_1453","evm.TU.chromosome_14.3573","TP7",-0.866025403784439,0.774596669241483,"3"
"1119","Cluster_1453_evm.TU.chromosome_14.3801","Cluster_1453","evm.TU.chromosome_14.3801","TP7",-0.5,-0.4,"1"
"1120","Cluster_1453_evm.TU.chromosome_14.393","Cluster_1453","evm.TU.chromosome_14.393","TP7",0.5,0.737864787372622,"2"
"1121","Cluster_1453_evm.TU.chromosome_14.394","Cluster_1453","evm.TU.chromosome_14.394","TP7",0.5,1,"2"
"1122","Cluster_1453_evm.TU.chromosome_14.3965","Cluster_1453","evm.TU.chromosome_14.3965","TP7",-0.866025403784439,-0.4,"1"
"1123","Cluster_1453_evm.TU.chromosome_14.402","Cluster_1453","evm.TU.chromosome_14.402","TP7",0.5,0.737864787372622,"2"
"1124","Cluster_1453_evm.TU.chromosome_14.4402","Cluster_1453","evm.TU.chromosome_14.4402","TP7",0.5,0.258198889747161,"2"
"1125","Cluster_1453_evm.TU.chromosome_14.4485","Cluster_1453","evm.TU.chromosome_14.4485","TP7",0.5,-0.316227766016838,"2"
"1126","Cluster_1453_evm.TU.chromosome_14.4553","Cluster_1453","evm.TU.chromosome_14.4553","TP7",0.866025403784439,0.948683298050514,"2"
"1127","Cluster_1453_evm.TU.chromosome_14.4736","Cluster_1453","evm.TU.chromosome_14.4736","TP7",-0.5,0.4,"3"
"1128","Cluster_1453_evm.TU.chromosome_14.4748","Cluster_1453","evm.TU.chromosome_14.4748","TP7",0.5,-0.316227766016838,"2"
"1129","Cluster_1453_evm.TU.chromosome_14.477","Cluster_1453","evm.TU.chromosome_14.477","TP7",-0.5,0.4,"3"
"1130","Cluster_1453_evm.TU.chromosome_14.4956","Cluster_1453","evm.TU.chromosome_14.4956","TP7",-0.5,0.948683298050514,"3"
"1131","Cluster_1453_evm.TU.chromosome_14.5023","Cluster_1453","evm.TU.chromosome_14.5023","TP7",-0.5,0.948683298050514,"3"
"1132","Cluster_1453_evm.TU.chromosome_14.5099","Cluster_1453","evm.TU.chromosome_14.5099","TP7",-0.5,0.8,"3"
"1133","Cluster_1453_evm.TU.chromosome_14.5232","Cluster_1453","evm.TU.chromosome_14.5232","TP7",0.5,-0.2,"2"
"1134","Cluster_1453_evm.TU.chromosome_14.5269","Cluster_1453","evm.TU.chromosome_14.5269","TP7",-0.866025403784439,0.4,"3"
"1135","Cluster_1453_evm.TU.chromosome_14.5282","Cluster_1453","evm.TU.chromosome_14.5282","TP7",-0.866025403784439,-0.8,"1"
"1136","Cluster_1453_evm.TU.chromosome_14.5283","Cluster_1453","evm.TU.chromosome_14.5283","TP7",-0.5,1,"3"
"1137","Cluster_1453_evm.TU.chromosome_14.529","Cluster_1453","evm.TU.chromosome_14.529","TP7",-0.5,-0.4,"1"
"1138","Cluster_1453_evm.TU.chromosome_14.5295","Cluster_1453","evm.TU.chromosome_14.5295","TP7",0.5,0.4,"2"
"1139","Cluster_1453_evm.TU.chromosome_14.5308","Cluster_1453","evm.TU.chromosome_14.5308","TP7",0.5,0.8,"2"
"1140","Cluster_1453_evm.TU.chromosome_14.5323","Cluster_1453","evm.TU.chromosome_14.5323","TP7",-0.5,-0.4,"1"
"1141","Cluster_1453_evm.TU.chromosome_14.5347","Cluster_1453","evm.TU.chromosome_14.5347","TP7",1,-0.6,"2"
"1142","Cluster_1453_evm.TU.chromosome_14.5362","Cluster_1453","evm.TU.chromosome_14.5362","TP7",0.5,0.4,"2"
"1143","Cluster_1453_evm.TU.chromosome_14.5364","Cluster_1453","evm.TU.chromosome_14.5364","TP7",-0.5,0.948683298050514,"3"
"1144","Cluster_1453_evm.TU.chromosome_14.5367","Cluster_1453","evm.TU.chromosome_14.5367","TP7",-0.5,-1,"1"
"1145","Cluster_1453_evm.TU.chromosome_14.5375","Cluster_1453","evm.TU.chromosome_14.5375","TP7",-0.5,0.737864787372622,"3"
"1146","Cluster_1453_evm.TU.chromosome_14.5425","Cluster_1453","evm.TU.chromosome_14.5425","TP7",0.5,-0.8,"2"
"1147","Cluster_1453_evm.TU.chromosome_14.5459","Cluster_1453","evm.TU.chromosome_14.5459","TP7",0.5,0.737864787372622,"2"
"1148","Cluster_1453_evm.TU.chromosome_14.5469","Cluster_1453","evm.TU.chromosome_14.5469","TP7",-0.5,0.948683298050514,"3"
"1149","Cluster_1453_evm.TU.chromosome_14.5538","Cluster_1453","evm.TU.chromosome_14.5538","TP7",0.5,-0.632455532033676,"2"
"1150","Cluster_1453_evm.TU.chromosome_14.554","Cluster_1453","evm.TU.chromosome_14.554","TP7",-0.5,0.2,"1"
"1151","Cluster_1453_evm.TU.chromosome_14.557","Cluster_1453","evm.TU.chromosome_14.557","TP7",-0.5,-0.4,"1"
"1152","Cluster_1453_evm.TU.chromosome_14.562","Cluster_1453","evm.TU.chromosome_14.562","TP7",-0.5,-0.4,"1"
"1153","Cluster_1453_evm.TU.chromosome_14.5620","Cluster_1453","evm.TU.chromosome_14.5620","TP7",0.866025403784439,0.4,"2"
"1154","Cluster_1453_evm.TU.chromosome_14.5697","Cluster_1453","evm.TU.chromosome_14.5697","TP7",-0.5,0.948683298050514,"3"
"1155","Cluster_1453_evm.TU.chromosome_14.5780","Cluster_1453","evm.TU.chromosome_14.5780","TP7",-0.5,0.2,"1"
"1156","Cluster_1453_evm.TU.chromosome_14.5793","Cluster_1453","evm.TU.chromosome_14.5793","TP7",0.5,0.8,"2"
"1157","Cluster_1453_evm.TU.chromosome_14.5926","Cluster_1453","evm.TU.chromosome_14.5926","TP7",0.5,-0.4,"2"
"1158","Cluster_1453_evm.TU.chromosome_14.5927","Cluster_1453","evm.TU.chromosome_14.5927","TP7",-0.5,-0.4,"1"
"1159","Cluster_1453_evm.TU.chromosome_14.5991","Cluster_1453","evm.TU.chromosome_14.5991","TP7",-0.5,0.948683298050514,"3"
"1160","Cluster_1453_evm.TU.chromosome_14.6067","Cluster_1453","evm.TU.chromosome_14.6067","TP7",-0.5,0.316227766016838,"3"
"1161","Cluster_1453_evm.TU.chromosome_14.6100","Cluster_1453","evm.TU.chromosome_14.6100","TP7",-1,1,"3"
"1162","Cluster_1453_evm.TU.chromosome_14.6138","Cluster_1453","evm.TU.chromosome_14.6138","TP7",-0.5,0,"1"
"1163","Cluster_1453_evm.TU.chromosome_14.6198","Cluster_1453","evm.TU.chromosome_14.6198","TP7",-0.5,0,"1"
"1164","Cluster_1453_evm.TU.chromosome_14.6215","Cluster_1453","evm.TU.chromosome_14.6215","TP7",0.5,0.948683298050514,"2"
"1165","Cluster_1453_evm.TU.chromosome_14.624","Cluster_1453","evm.TU.chromosome_14.624","TP7",0.5,-0.8,"2"
"1166","Cluster_1453_evm.TU.chromosome_14.6278","Cluster_1453","evm.TU.chromosome_14.6278","TP7",1,-0.8,"2"
"1167","Cluster_1453_evm.TU.chromosome_14.6292","Cluster_1453","evm.TU.chromosome_14.6292","TP7",0.5,0.4,"2"
"1168","Cluster_1453_evm.TU.chromosome_14.6299","Cluster_1453","evm.TU.chromosome_14.6299","TP7",-0.5,0.737864787372622,"3"
"1169","Cluster_1453_evm.TU.chromosome_14.6313","Cluster_1453","evm.TU.chromosome_14.6313","TP7",-0.5,0.948683298050514,"3"
"1170","Cluster_1453_evm.TU.chromosome_14.6339","Cluster_1453","evm.TU.chromosome_14.6339","TP7",-0.5,0.948683298050514,"3"
"1171","Cluster_1453_evm.TU.chromosome_14.6363","Cluster_1453","evm.TU.chromosome_14.6363","TP7",-0.866025403784439,0.737864787372622,"3"
"1172","Cluster_1453_evm.TU.chromosome_14.64","Cluster_1453","evm.TU.chromosome_14.64","TP7",-0.5,0.6,"3"
"1173","Cluster_1453_evm.TU.chromosome_14.6400","Cluster_1453","evm.TU.chromosome_14.6400","TP7",-0.5,0.2,"1"
"1174","Cluster_1453_evm.TU.chromosome_14.6425","Cluster_1453","evm.TU.chromosome_14.6425","TP7",0.5,-0.2,"2"
"1175","Cluster_1453_evm.TU.chromosome_14.643","Cluster_1453","evm.TU.chromosome_14.643","TP7",-0.5,0.8,"3"
"1176","Cluster_1453_evm.TU.chromosome_14.661","Cluster_1453","evm.TU.chromosome_14.661","TP7",-0.5,0.258198889747161,"1"
"1177","Cluster_1453_evm.TU.chromosome_14.662","Cluster_1453","evm.TU.chromosome_14.662","TP7",-0.5,0.737864787372622,"3"
"1178","Cluster_1453_evm.TU.chromosome_14.6628","Cluster_1453","evm.TU.chromosome_14.6628","TP7",-0.5,-0.8,"1"
"1179","Cluster_1453_evm.TU.chromosome_14.6765","Cluster_1453","evm.TU.chromosome_14.6765","TP7",0.866025403784439,0.258198889747161,"2"
"1180","Cluster_1453_evm.TU.chromosome_14.6862","Cluster_1453","evm.TU.chromosome_14.6862","TP7",-0.5,0.8,"3"
"1181","Cluster_1453_evm.TU.chromosome_14.6923","Cluster_1453","evm.TU.chromosome_14.6923","TP7",-0.5,0.948683298050514,"3"
"1182","Cluster_1453_evm.TU.chromosome_14.6930","Cluster_1453","evm.TU.chromosome_14.6930","TP7",0.5,0.948683298050514,"2"
"1183","Cluster_1453_evm.TU.chromosome_14.6958","Cluster_1453","evm.TU.chromosome_14.6958","TP7",-0.5,0.737864787372622,"3"
"1184","Cluster_1453_evm.TU.chromosome_14.701","Cluster_1453","evm.TU.chromosome_14.701","TP7",0.866025403784439,0.258198889747161,"2"
"1185","Cluster_1453_evm.TU.chromosome_14.7031","Cluster_1453","evm.TU.chromosome_14.7031","TP7",-0.5,0,"1"
"1186","Cluster_1453_evm.TU.chromosome_14.7070","Cluster_1453","evm.TU.chromosome_14.7070","TP7",0.5,0.8,"2"
"1187","Cluster_1453_evm.TU.chromosome_14.7154","Cluster_1453","evm.TU.chromosome_14.7154","TP7",-0.5,-0.8,"1"
"1188","Cluster_1453_evm.TU.chromosome_14.716","Cluster_1453","evm.TU.chromosome_14.716","TP7",-0.5,0.948683298050514,"3"
"1189","Cluster_1453_evm.TU.chromosome_14.7227","Cluster_1453","evm.TU.chromosome_14.7227","TP7",-0.5,0.737864787372622,"3"
"1190","Cluster_1453_evm.TU.chromosome_14.724","Cluster_1453","evm.TU.chromosome_14.724","TP7",0.5,-0.8,"2"
"1191","Cluster_1453_evm.TU.chromosome_14.7292","Cluster_1453","evm.TU.chromosome_14.7292","TP7",-0.5,0.737864787372622,"3"
"1192","Cluster_1453_evm.TU.chromosome_14.7363","Cluster_1453","evm.TU.chromosome_14.7363","TP7",-0.5,1,"3"
"1193","Cluster_1453_evm.TU.chromosome_14.7365","Cluster_1453","evm.TU.chromosome_14.7365","TP7",0.5,0.4,"2"
"1194","Cluster_1453_evm.TU.chromosome_14.764","Cluster_1453","evm.TU.chromosome_14.764","TP7",-0.5,-0.2,"1"
"1195","Cluster_1453_evm.TU.chromosome_14.796","Cluster_1453","evm.TU.chromosome_14.796","TP7",0.866025403784439,0.737864787372622,"2"
"1196","Cluster_1453_evm.TU.chromosome_14.801","Cluster_1453","evm.TU.chromosome_14.801","TP7",0.5,0.948683298050514,"2"
"1197","Cluster_1453_evm.TU.chromosome_14.803","Cluster_1453","evm.TU.chromosome_14.803","TP7",0.5,-0.2,"2"
"1198","Cluster_1453_evm.TU.chromosome_14.804","Cluster_1453","evm.TU.chromosome_14.804","TP7",0.866025403784439,0.774596669241483,"2"
"1199","Cluster_1453_evm.TU.chromosome_14.892","Cluster_1453","evm.TU.chromosome_14.892","TP7",-0.866025403784439,0.774596669241483,"3"
"1200","Cluster_1453_evm.TU.chromosome_14.91","Cluster_1453","evm.TU.chromosome_14.91","TP7",1,0.4,"2"
"1201","Cluster_1453_evm.TU.chromosome_2.1010","Cluster_1453","evm.TU.chromosome_2.1010","TP7",-0.5,0,"1"
"1202","Cluster_1453_evm.TU.chromosome_2.1026","Cluster_1453","evm.TU.chromosome_2.1026","TP7",0.5,0.737864787372622,"2"
"1203","Cluster_1453_evm.TU.chromosome_2.1060","Cluster_1453","evm.TU.chromosome_2.1060","TP7",-0.5,0.8,"3"
"1204","Cluster_1453_evm.TU.chromosome_2.1099","Cluster_1453","evm.TU.chromosome_2.1099","TP7",-0.5,-1,"1"
"1205","Cluster_1453_evm.TU.chromosome_2.1126","Cluster_1453","evm.TU.chromosome_2.1126","TP7",0.5,0.4,"2"
"1206","Cluster_1453_evm.TU.chromosome_2.1338","Cluster_1453","evm.TU.chromosome_2.1338","TP7",-0.5,0.4,"3"
"1207","Cluster_1453_evm.TU.chromosome_2.1361","Cluster_1453","evm.TU.chromosome_2.1361","TP7",0.5,0.4,"2"
"1208","Cluster_1453_evm.TU.chromosome_2.1370","Cluster_1453","evm.TU.chromosome_2.1370","TP7",-0.5,-0.4,"1"
"1209","Cluster_1453_evm.TU.chromosome_2.139","Cluster_1453","evm.TU.chromosome_2.139","TP7",-0.5,-1,"1"
"1210","Cluster_1453_evm.TU.chromosome_2.1487","Cluster_1453","evm.TU.chromosome_2.1487","TP7",0.5,0.737864787372622,"2"
"1211","Cluster_1453_evm.TU.chromosome_2.1519","Cluster_1453","evm.TU.chromosome_2.1519","TP7",-0.5,0.737864787372622,"3"
"1212","Cluster_1453_evm.TU.chromosome_2.1559","Cluster_1453","evm.TU.chromosome_2.1559","TP7",-1,-0.8,"1"
"1213","Cluster_1453_evm.TU.chromosome_2.1635","Cluster_1453","evm.TU.chromosome_2.1635","TP7",0.5,0.737864787372622,"2"
"1214","Cluster_1453_evm.TU.chromosome_2.1644","Cluster_1453","evm.TU.chromosome_2.1644","TP7",-0.5,0.8,"3"
"1215","Cluster_1453_evm.TU.chromosome_2.1700","Cluster_1453","evm.TU.chromosome_2.1700","TP7",0.5,0.4,"2"
"1216","Cluster_1453_evm.TU.chromosome_2.180","Cluster_1453","evm.TU.chromosome_2.180","TP7",-0.5,-0.2,"1"
"1217","Cluster_1453_evm.TU.chromosome_2.1806","Cluster_1453","evm.TU.chromosome_2.1806","TP7",-0.866025403784439,0.774596669241483,"3"
"1218","Cluster_1453_evm.TU.chromosome_2.1844","Cluster_1453","evm.TU.chromosome_2.1844","TP7",0,0.774596669241483,"1"
"1219","Cluster_1453_evm.TU.chromosome_2.1850","Cluster_1453","evm.TU.chromosome_2.1850","TP7",-0.5,0.737864787372622,"3"
"1220","Cluster_1453_evm.TU.chromosome_2.1856","Cluster_1453","evm.TU.chromosome_2.1856","TP7",-0.5,0,"1"
"1221","Cluster_1453_evm.TU.chromosome_2.1945","Cluster_1453","evm.TU.chromosome_2.1945","TP7",0.5,0.6,"2"
"1222","Cluster_1453_evm.TU.chromosome_2.1993","Cluster_1453","evm.TU.chromosome_2.1993","TP7",-0.5,0.4,"3"
"1223","Cluster_1453_evm.TU.chromosome_2.2049","Cluster_1453","evm.TU.chromosome_2.2049","TP7",-0.866025403784439,0.258198889747161,"3"
"1224","Cluster_1453_evm.TU.chromosome_2.2054","Cluster_1453","evm.TU.chromosome_2.2054","TP7",-0.5,0.6,"3"
"1225","Cluster_1453_evm.TU.chromosome_2.2073","Cluster_1453","evm.TU.chromosome_2.2073","TP7",-0.5,0.258198889747161,"1"
"1226","Cluster_1453_evm.TU.chromosome_2.2078","Cluster_1453","evm.TU.chromosome_2.2078","TP7",1,1,"2"
"1227","Cluster_1453_evm.TU.chromosome_2.317","Cluster_1453","evm.TU.chromosome_2.317","TP7",-0.5,0.258198889747161,"1"
"1228","Cluster_1453_evm.TU.chromosome_2.339","Cluster_1453","evm.TU.chromosome_2.339","TP7",-0.5,-0.4,"1"
"1229","Cluster_1453_evm.TU.chromosome_2.352","Cluster_1453","evm.TU.chromosome_2.352","TP7",-0.5,-0.2,"1"
"1230","Cluster_1453_evm.TU.chromosome_2.368","Cluster_1453","evm.TU.chromosome_2.368","TP7",1,-0.4,"2"
"1231","Cluster_1453_evm.TU.chromosome_2.37","Cluster_1453","evm.TU.chromosome_2.37","TP7",-1,0.4,"3"
"1232","Cluster_1453_evm.TU.chromosome_2.482","Cluster_1453","evm.TU.chromosome_2.482","TP7",0.5,-0.8,"2"
"1233","Cluster_1453_evm.TU.chromosome_2.537","Cluster_1453","evm.TU.chromosome_2.537","TP7",0.5,0.4,"2"
"1234","Cluster_1453_evm.TU.chromosome_2.611","Cluster_1453","evm.TU.chromosome_2.611","TP7",0.866025403784439,0.737864787372622,"2"
"1235","Cluster_1453_evm.TU.chromosome_2.625","Cluster_1453","evm.TU.chromosome_2.625","TP7",0.5,0.737864787372622,"2"
"1236","Cluster_1453_evm.TU.chromosome_2.671","Cluster_1453","evm.TU.chromosome_2.671","TP7",-0.5,0.737864787372622,"3"
"1237","Cluster_1453_evm.TU.chromosome_2.736","Cluster_1453","evm.TU.chromosome_2.736","TP7",-0.5,0,"1"
"1238","Cluster_1453_evm.TU.chromosome_2.763","Cluster_1453","evm.TU.chromosome_2.763","TP7",-0.866025403784439,0.774596669241483,"3"
"1239","Cluster_1453_evm.TU.chromosome_2.789","Cluster_1453","evm.TU.chromosome_2.789","TP7",0.5,0.4,"2"
"1240","Cluster_1453_evm.TU.chromosome_2.793","Cluster_1453","evm.TU.chromosome_2.793","TP7",0.5,0.4,"2"
"1241","Cluster_1453_evm.TU.chromosome_2.828","Cluster_1453","evm.TU.chromosome_2.828","TP7",-0.5,-0.2,"1"
"1242","Cluster_1453_evm.TU.chromosome_2.864","Cluster_1453","evm.TU.chromosome_2.864","TP7",-0.5,-0.4,"1"
"1243","Cluster_1453_evm.TU.chromosome_3.1005","Cluster_1453","evm.TU.chromosome_3.1005","TP7",-0.5,0.8,"3"
"1244","Cluster_1453_evm.TU.chromosome_3.1101","Cluster_1453","evm.TU.chromosome_3.1101","TP7",0.866025403784439,0.4,"2"
"1245","Cluster_1453_evm.TU.chromosome_3.1111","Cluster_1453","evm.TU.chromosome_3.1111","TP7",0.5,0.4,"2"
"1246","Cluster_1453_evm.TU.chromosome_3.1226","Cluster_1453","evm.TU.chromosome_3.1226","TP7",0.5,-0.6,"2"
"1247","Cluster_1453_evm.TU.chromosome_3.1280","Cluster_1453","evm.TU.chromosome_3.1280","TP7",0.5,0.6,"2"
"1248","Cluster_1453_evm.TU.chromosome_3.130","Cluster_1453","evm.TU.chromosome_3.130","TP7",0.5,-1,"2"
"1249","Cluster_1453_evm.TU.chromosome_3.1358","Cluster_1453","evm.TU.chromosome_3.1358","TP7",-0.5,-1,"1"
"1250","Cluster_1453_evm.TU.chromosome_3.1462","Cluster_1453","evm.TU.chromosome_3.1462","TP7",0.866025403784439,-0.316227766016838,"2"
"1251","Cluster_1453_evm.TU.chromosome_3.1486","Cluster_1453","evm.TU.chromosome_3.1486","TP7",0.5,0.8,"2"
"1252","Cluster_1453_evm.TU.chromosome_3.1541","Cluster_1453","evm.TU.chromosome_3.1541","TP7",-0.5,0.737864787372622,"3"
"1253","Cluster_1453_evm.TU.chromosome_3.1542","Cluster_1453","evm.TU.chromosome_3.1542","TP7",-0.866025403784439,-0.105409255338946,"3"
"1254","Cluster_1453_evm.TU.chromosome_3.161","Cluster_1453","evm.TU.chromosome_3.161","TP7",-0.5,0.948683298050514,"3"
"1255","Cluster_1453_evm.TU.chromosome_3.162","Cluster_1453","evm.TU.chromosome_3.162","TP7",-0.5,0.737864787372622,"3"
"1256","Cluster_1453_evm.TU.chromosome_3.1624","Cluster_1453","evm.TU.chromosome_3.1624","TP7",-0.5,0.737864787372622,"3"
"1257","Cluster_1453_evm.TU.chromosome_3.1659","Cluster_1453","evm.TU.chromosome_3.1659","TP7",0.5,-0.6,"2"
"1258","Cluster_1453_evm.TU.chromosome_3.1666","Cluster_1453","evm.TU.chromosome_3.1666","TP7",-0.5,-1,"1"
"1259","Cluster_1453_evm.TU.chromosome_3.1693","Cluster_1453","evm.TU.chromosome_3.1693","TP7",-0.866025403784439,0.948683298050514,"3"
"1260","Cluster_1453_evm.TU.chromosome_3.1789","Cluster_1453","evm.TU.chromosome_3.1789","TP7",-0.5,-0.2,"1"
"1261","Cluster_1453_evm.TU.chromosome_3.1818","Cluster_1453","evm.TU.chromosome_3.1818","TP7",-0.866025403784439,-0.632455532033676,"1"
"1262","Cluster_1453_evm.TU.chromosome_3.1826","Cluster_1453","evm.TU.chromosome_3.1826","TP7",0.5,0.774596669241483,"2"
"1263","Cluster_1453_evm.TU.chromosome_3.1831","Cluster_1453","evm.TU.chromosome_3.1831","TP7",-0.5,-0.4,"1"
"1264","Cluster_1453_evm.TU.chromosome_3.1896","Cluster_1453","evm.TU.chromosome_3.1896","TP7",0.5,0.737864787372622,"2"
"1265","Cluster_1453_evm.TU.chromosome_3.2004","Cluster_1453","evm.TU.chromosome_3.2004","TP7",0.5,0.948683298050514,"2"
"1266","Cluster_1453_evm.TU.chromosome_3.2065","Cluster_1453","evm.TU.chromosome_3.2065","TP7",-0.5,0.4,"3"
"1267","Cluster_1453_evm.TU.chromosome_3.227","Cluster_1453","evm.TU.chromosome_3.227","TP7",-0.5,0,"1"
"1268","Cluster_1453_evm.TU.chromosome_3.242","Cluster_1453","evm.TU.chromosome_3.242","TP7",0.5,-0.4,"2"
"1269","Cluster_1453_evm.TU.chromosome_3.299","Cluster_1453","evm.TU.chromosome_3.299","TP7",-0.5,0.2,"1"
"1270","Cluster_1453_evm.TU.chromosome_3.344","Cluster_1453","evm.TU.chromosome_3.344","TP7",0.5,0.6,"2"
"1271","Cluster_1453_evm.TU.chromosome_3.519","Cluster_1453","evm.TU.chromosome_3.519","TP7",-0.5,0.2,"1"
"1272","Cluster_1453_evm.TU.chromosome_3.544","Cluster_1453","evm.TU.chromosome_3.544","TP7",-0.866025403784439,0.737864787372622,"3"
"1273","Cluster_1453_evm.TU.chromosome_3.624","Cluster_1453","evm.TU.chromosome_3.624","TP7",-0.866025403784439,-0.105409255338946,"3"
"1274","Cluster_1453_evm.TU.chromosome_3.677","Cluster_1453","evm.TU.chromosome_3.677","TP7",0.5,0.6,"2"
"1275","Cluster_1453_evm.TU.chromosome_3.720","Cluster_1453","evm.TU.chromosome_3.720","TP7",-0.5,-0.4,"1"
"1276","Cluster_1453_evm.TU.chromosome_3.751","Cluster_1453","evm.TU.chromosome_3.751","TP7",0.5,-0.4,"2"
"1277","Cluster_1453_evm.TU.chromosome_3.767","Cluster_1453","evm.TU.chromosome_3.767","TP7",0.5,0.737864787372622,"2"
"1278","Cluster_1453_evm.TU.chromosome_3.848","Cluster_1453","evm.TU.chromosome_3.848","TP7",-0.5,0.8,"3"
"1279","Cluster_1453_evm.TU.chromosome_3.857","Cluster_1453","evm.TU.chromosome_3.857","TP7",0.5,0.8,"2"
"1280","Cluster_1453_evm.TU.chromosome_3.868","Cluster_1453","evm.TU.chromosome_3.868","TP7",0.5,0.4,"2"
"1281","Cluster_1453_evm.TU.chromosome_3.937","Cluster_1453","evm.TU.chromosome_3.937","TP7",0.5,0.4,"2"
"1282","Cluster_1453_evm.TU.chromosome_3.979","Cluster_1453","evm.TU.chromosome_3.979","TP7",0.5,0,"2"
"1283","Cluster_1453_evm.TU.chromosome_3.990","Cluster_1453","evm.TU.chromosome_3.990","TP7",0.5,-0.8,"2"
"1284","Cluster_1453_evm.TU.chromosome_4.1033","Cluster_1453","evm.TU.chromosome_4.1033","TP7",-0.5,0,"1"
"1285","Cluster_1453_evm.TU.chromosome_4.1046","Cluster_1453","evm.TU.chromosome_4.1046","TP7",-0.5,1,"3"
"1286","Cluster_1453_evm.TU.chromosome_4.1068","Cluster_1453","evm.TU.chromosome_4.1068","TP7",-0.5,0.737864787372622,"3"
"1287","Cluster_1453_evm.TU.chromosome_4.108","Cluster_1453","evm.TU.chromosome_4.108","TP7",0.5,0.8,"2"
"1288","Cluster_1453_evm.TU.chromosome_4.1103","Cluster_1453","evm.TU.chromosome_4.1103","TP7",0.5,-1,"2"
"1289","Cluster_1453_evm.TU.chromosome_4.1280","Cluster_1453","evm.TU.chromosome_4.1280","TP7",0.5,-0.2,"2"
"1290","Cluster_1453_evm.TU.chromosome_4.1293","Cluster_1453","evm.TU.chromosome_4.1293","TP7",0.5,-0.4,"2"
"1291","Cluster_1453_evm.TU.chromosome_4.1315","Cluster_1453","evm.TU.chromosome_4.1315","TP7",-0.5,0,"1"
"1292","Cluster_1453_evm.TU.chromosome_4.1340","Cluster_1453","evm.TU.chromosome_4.1340","TP7",0.5,0.2,"2"
"1293","Cluster_1453_evm.TU.chromosome_4.1380","Cluster_1453","evm.TU.chromosome_4.1380","TP7",0.5,-0.4,"2"
"1294","Cluster_1453_evm.TU.chromosome_4.1474","Cluster_1453","evm.TU.chromosome_4.1474","TP7",-0.5,1,"3"
"1295","Cluster_1453_evm.TU.chromosome_4.1509","Cluster_1453","evm.TU.chromosome_4.1509","TP7",-1,0.8,"3"
"1296","Cluster_1453_evm.TU.chromosome_4.1511","Cluster_1453","evm.TU.chromosome_4.1511","TP7",-0.5,0.6,"3"
"1297","Cluster_1453_evm.TU.chromosome_4.1622","Cluster_1453","evm.TU.chromosome_4.1622","TP7",0.5,0.2,"2"
"1298","Cluster_1453_evm.TU.chromosome_4.1840","Cluster_1453","evm.TU.chromosome_4.1840","TP7",0.5,0.4,"2"
"1299","Cluster_1453_evm.TU.chromosome_4.1862","Cluster_1453","evm.TU.chromosome_4.1862","TP7",0.5,-0.4,"2"
"1300","Cluster_1453_evm.TU.chromosome_4.1880","Cluster_1453","evm.TU.chromosome_4.1880","TP7",1,-0.8,"2"
"1301","Cluster_1453_evm.TU.chromosome_4.1915","Cluster_1453","evm.TU.chromosome_4.1915","TP7",-0.5,-0.2,"1"
"1302","Cluster_1453_evm.TU.chromosome_4.194","Cluster_1453","evm.TU.chromosome_4.194","TP7",-0.5,0,"1"
"1303","Cluster_1453_evm.TU.chromosome_4.1956","Cluster_1453","evm.TU.chromosome_4.1956","TP7",0.5,-0.2,"2"
"1304","Cluster_1453_evm.TU.chromosome_4.1968","Cluster_1453","evm.TU.chromosome_4.1968","TP7",1,-0.2,"2"
"1305","Cluster_1453_evm.TU.chromosome_4.2057","Cluster_1453","evm.TU.chromosome_4.2057","TP7",-0.5,-0.2,"1"
"1306","Cluster_1453_evm.TU.chromosome_4.2096","Cluster_1453","evm.TU.chromosome_4.2096","TP7",0.5,0.8,"2"
"1307","Cluster_1453_evm.TU.chromosome_4.212","Cluster_1453","evm.TU.chromosome_4.212","TP7",1,0.948683298050514,"2"
"1308","Cluster_1453_evm.TU.chromosome_4.2170","Cluster_1453","evm.TU.chromosome_4.2170","TP7",1,-0.2,"2"
"1309","Cluster_1453_evm.TU.chromosome_4.22","Cluster_1453","evm.TU.chromosome_4.22","TP7",-0.5,0.4,"3"
"1310","Cluster_1453_evm.TU.chromosome_4.2248","Cluster_1453","evm.TU.chromosome_4.2248","TP7",-0.5,0.737864787372622,"3"
"1311","Cluster_1453_evm.TU.chromosome_4.2268","Cluster_1453","evm.TU.chromosome_4.2268","TP7",0.5,0.4,"2"
"1312","Cluster_1453_evm.TU.chromosome_4.2273","Cluster_1453","evm.TU.chromosome_4.2273","TP7",-0.5,0.774596669241483,"3"
"1313","Cluster_1453_evm.TU.chromosome_4.2314","Cluster_1453","evm.TU.chromosome_4.2314","TP7",-0.5,0.4,"3"
"1314","Cluster_1453_evm.TU.chromosome_4.2331","Cluster_1453","evm.TU.chromosome_4.2331","TP7",0.5,-0.2,"2"
"1315","Cluster_1453_evm.TU.chromosome_4.2347","Cluster_1453","evm.TU.chromosome_4.2347","TP7",-0.866025403784439,0.948683298050514,"3"
"1316","Cluster_1453_evm.TU.chromosome_4.2382","Cluster_1453","evm.TU.chromosome_4.2382","TP7",-0.5,0.948683298050514,"3"
"1317","Cluster_1453_evm.TU.chromosome_4.2395","Cluster_1453","evm.TU.chromosome_4.2395","TP7",0.5,-0.8,"2"
"1318","Cluster_1453_evm.TU.chromosome_4.372","Cluster_1453","evm.TU.chromosome_4.372","TP7",-0.5,0.4,"3"
"1319","Cluster_1453_evm.TU.chromosome_4.384","Cluster_1453","evm.TU.chromosome_4.384","TP7",0.5,-0.6,"2"
"1320","Cluster_1453_evm.TU.chromosome_4.50","Cluster_1453","evm.TU.chromosome_4.50","TP7",-0.5,0.2,"1"
"1321","Cluster_1453_evm.TU.chromosome_4.501","Cluster_1453","evm.TU.chromosome_4.501","TP7",-0.5,-0.6,"1"
"1322","Cluster_1453_evm.TU.chromosome_4.527","Cluster_1453","evm.TU.chromosome_4.527","TP7",-0.866025403784439,0.737864787372622,"3"
"1323","Cluster_1453_evm.TU.chromosome_4.562","Cluster_1453","evm.TU.chromosome_4.562","TP7",0.5,1,"2"
"1324","Cluster_1453_evm.TU.chromosome_4.572","Cluster_1453","evm.TU.chromosome_4.572","TP7",-0.5,-0.6,"1"
"1325","Cluster_1453_evm.TU.chromosome_4.598","Cluster_1453","evm.TU.chromosome_4.598","TP7",-0.5,0.948683298050514,"3"
"1326","Cluster_1453_evm.TU.chromosome_4.607","Cluster_1453","evm.TU.chromosome_4.607","TP7",-0.5,0,"1"
"1327","Cluster_1453_evm.TU.chromosome_4.696","Cluster_1453","evm.TU.chromosome_4.696","TP7",0.5,0.4,"2"
"1328","Cluster_1453_evm.TU.chromosome_4.73","Cluster_1453","evm.TU.chromosome_4.73","TP7",0.5,-0.8,"2"
"1329","Cluster_1453_evm.TU.chromosome_4.769","Cluster_1453","evm.TU.chromosome_4.769","TP7",0.5,0.2,"2"
"1330","Cluster_1453_evm.TU.chromosome_4.770","Cluster_1453","evm.TU.chromosome_4.770","TP7",0.5,0.737864787372622,"2"
"1331","Cluster_1453_evm.TU.chromosome_4.78","Cluster_1453","evm.TU.chromosome_4.78","TP7",-0.5,0.4,"3"
"1332","Cluster_1453_evm.TU.chromosome_4.8","Cluster_1453","evm.TU.chromosome_4.8","TP7",-0.5,1,"3"
"1333","Cluster_1453_evm.TU.chromosome_4.841","Cluster_1453","evm.TU.chromosome_4.841","TP7",0.5,0.4,"2"
"1334","Cluster_1453_evm.TU.chromosome_4.879","Cluster_1453","evm.TU.chromosome_4.879","TP7",-0.5,0.6,"3"
"1335","Cluster_1453_evm.TU.chromosome_4.90","Cluster_1453","evm.TU.chromosome_4.90","TP7",-0.5,0.4,"3"
"1336","Cluster_1453_evm.TU.chromosome_5.1013","Cluster_1453","evm.TU.chromosome_5.1013","TP7",-0.5,0.737864787372622,"3"
"1337","Cluster_1453_evm.TU.chromosome_5.1031","Cluster_1453","evm.TU.chromosome_5.1031","TP7",-0.5,0.774596669241483,"3"
"1338","Cluster_1453_evm.TU.chromosome_5.1032","Cluster_1453","evm.TU.chromosome_5.1032","TP7",-0.5,0.210818510677892,"1"
"1339","Cluster_1453_evm.TU.chromosome_5.1051","Cluster_1453","evm.TU.chromosome_5.1051","TP7",-0.5,0.6,"3"
"1340","Cluster_1453_evm.TU.chromosome_5.1091","Cluster_1453","evm.TU.chromosome_5.1091","TP7",-0.5,0.737864787372622,"3"
"1341","Cluster_1453_evm.TU.chromosome_5.1099","Cluster_1453","evm.TU.chromosome_5.1099","TP7",-0.5,-0.2,"1"
"1342","Cluster_1453_evm.TU.chromosome_5.1108","Cluster_1453","evm.TU.chromosome_5.1108","TP7",-0.5,1,"3"
"1343","Cluster_1453_evm.TU.chromosome_5.1118","Cluster_1453","evm.TU.chromosome_5.1118","TP7",0.5,-0.4,"2"
"1344","Cluster_1453_evm.TU.chromosome_5.120","Cluster_1453","evm.TU.chromosome_5.120","TP7",-0.866025403784439,0.6,"3"
"1345","Cluster_1453_evm.TU.chromosome_5.1275","Cluster_1453","evm.TU.chromosome_5.1275","TP7",0.866025403784439,0.258198889747161,"2"
"1346","Cluster_1453_evm.TU.chromosome_5.1356","Cluster_1453","evm.TU.chromosome_5.1356","TP7",-0.5,-0.6,"1"
"1347","Cluster_1453_evm.TU.chromosome_5.1357","Cluster_1453","evm.TU.chromosome_5.1357","TP7",-0.5,-1,"1"
"1348","Cluster_1453_evm.TU.chromosome_5.1488","Cluster_1453","evm.TU.chromosome_5.1488","TP7",0.5,-0.8,"2"
"1349","Cluster_1453_evm.TU.chromosome_5.1534","Cluster_1453","evm.TU.chromosome_5.1534","TP7",0.5,0.948683298050514,"2"
"1350","Cluster_1453_evm.TU.chromosome_5.1708","Cluster_1453","evm.TU.chromosome_5.1708","TP7",0.5,0.8,"2"
"1351","Cluster_1453_evm.TU.chromosome_5.1990","Cluster_1453","evm.TU.chromosome_5.1990","TP7",0.866025403784439,0.737864787372622,"2"
"1352","Cluster_1453_evm.TU.chromosome_5.1998","Cluster_1453","evm.TU.chromosome_5.1998","TP7",0.5,0.4,"2"
"1353","Cluster_1453_evm.TU.chromosome_5.2037","Cluster_1453","evm.TU.chromosome_5.2037","TP7",-0.5,0.737864787372622,"3"
"1354","Cluster_1453_evm.TU.chromosome_5.2046","Cluster_1453","evm.TU.chromosome_5.2046","TP7",-0.866025403784439,-0.2,"1"
"1355","Cluster_1453_evm.TU.chromosome_5.2158","Cluster_1453","evm.TU.chromosome_5.2158","TP7",-0.5,-0.4,"1"
"1356","Cluster_1453_evm.TU.chromosome_5.2183","Cluster_1453","evm.TU.chromosome_5.2183","TP7",-0.5,0.4,"3"
"1357","Cluster_1453_evm.TU.chromosome_5.2190","Cluster_1453","evm.TU.chromosome_5.2190","TP7",0.5,-0.4,"2"
"1358","Cluster_1453_evm.TU.chromosome_5.2233","Cluster_1453","evm.TU.chromosome_5.2233","TP7",-0.5,0.737864787372622,"3"
"1359","Cluster_1453_evm.TU.chromosome_5.2303","Cluster_1453","evm.TU.chromosome_5.2303","TP7",0.5,0.4,"2"
"1360","Cluster_1453_evm.TU.chromosome_5.2304","Cluster_1453","evm.TU.chromosome_5.2304","TP7",0.5,0.6,"2"
"1361","Cluster_1453_evm.TU.chromosome_5.2326","Cluster_1453","evm.TU.chromosome_5.2326","TP7",0.5,0.258198889747161,"2"
"1362","Cluster_1453_evm.TU.chromosome_5.2402","Cluster_1453","evm.TU.chromosome_5.2402","TP7",0.5,0.948683298050514,"2"
"1363","Cluster_1453_evm.TU.chromosome_5.2403","Cluster_1453","evm.TU.chromosome_5.2403","TP7",-0.5,0.8,"3"
"1364","Cluster_1453_evm.TU.chromosome_5.2496","Cluster_1453","evm.TU.chromosome_5.2496","TP7",0.5,0.258198889747161,"2"
"1365","Cluster_1453_evm.TU.chromosome_5.2502","Cluster_1453","evm.TU.chromosome_5.2502","TP7",0.5,0.4,"2"
"1366","Cluster_1453_evm.TU.chromosome_5.2540","Cluster_1453","evm.TU.chromosome_5.2540","TP7",-1,-0.4,"1"
"1367","Cluster_1453_evm.TU.chromosome_5.2632","Cluster_1453","evm.TU.chromosome_5.2632","TP7",-0.5,0.948683298050514,"3"
"1368","Cluster_1453_evm.TU.chromosome_5.2691","Cluster_1453","evm.TU.chromosome_5.2691","TP7",0.5,0.737864787372622,"2"
"1369","Cluster_1453_evm.TU.chromosome_5.2735","Cluster_1453","evm.TU.chromosome_5.2735","TP7",-0.5,0.4,"3"
"1370","Cluster_1453_evm.TU.chromosome_5.275","Cluster_1453","evm.TU.chromosome_5.275","TP7",1,0.4,"2"
"1371","Cluster_1453_evm.TU.chromosome_5.2762","Cluster_1453","evm.TU.chromosome_5.2762","TP7",0.5,0.948683298050514,"2"
"1372","Cluster_1453_evm.TU.chromosome_5.2781","Cluster_1453","evm.TU.chromosome_5.2781","TP7",0.5,0.737864787372622,"2"
"1373","Cluster_1453_evm.TU.chromosome_5.2801","Cluster_1453","evm.TU.chromosome_5.2801","TP7",-1,0.4,"3"
"1374","Cluster_1453_evm.TU.chromosome_5.312","Cluster_1453","evm.TU.chromosome_5.312","TP7",0.5,0.948683298050514,"2"
"1375","Cluster_1453_evm.TU.chromosome_5.411","Cluster_1453","evm.TU.chromosome_5.411","TP7",-0.5,0.948683298050514,"3"
"1376","Cluster_1453_evm.TU.chromosome_5.44","Cluster_1453","evm.TU.chromosome_5.44","TP7",-0.5,0.4,"3"
"1377","Cluster_1453_evm.TU.chromosome_5.454","Cluster_1453","evm.TU.chromosome_5.454","TP7",-0.5,0,"1"
"1378","Cluster_1453_evm.TU.chromosome_5.468","Cluster_1453","evm.TU.chromosome_5.468","TP7",-0.5,-0.4,"1"
"1379","Cluster_1453_evm.TU.chromosome_5.477","Cluster_1453","evm.TU.chromosome_5.477","TP7",-0.5,0.4,"3"
"1380","Cluster_1453_evm.TU.chromosome_5.478","Cluster_1453","evm.TU.chromosome_5.478","TP7",0.5,0.6,"2"
"1381","Cluster_1453_evm.TU.chromosome_5.501","Cluster_1453","evm.TU.chromosome_5.501","TP7",-0.5,0.4,"3"
"1382","Cluster_1453_evm.TU.chromosome_5.54","Cluster_1453","evm.TU.chromosome_5.54","TP7",0.5,1,"2"
"1383","Cluster_1453_evm.TU.chromosome_5.629","Cluster_1453","evm.TU.chromosome_5.629","TP7",-0.5,0.948683298050514,"3"
"1384","Cluster_1453_evm.TU.chromosome_5.641","Cluster_1453","evm.TU.chromosome_5.641","TP7",-0.5,0.4,"3"
"1385","Cluster_1453_evm.TU.chromosome_5.673","Cluster_1453","evm.TU.chromosome_5.673","TP7",0.5,-0.4,"2"
"1386","Cluster_1453_evm.TU.chromosome_5.69","Cluster_1453","evm.TU.chromosome_5.69","TP7",-0.5,0.2,"1"
"1387","Cluster_1453_evm.TU.chromosome_5.815","Cluster_1453","evm.TU.chromosome_5.815","TP7",-0.5,-0.2,"1"
"1388","Cluster_1453_evm.TU.chromosome_5.821","Cluster_1453","evm.TU.chromosome_5.821","TP7",-0.5,0.737864787372622,"3"
"1389","Cluster_1453_evm.TU.chromosome_5.876","Cluster_1453","evm.TU.chromosome_5.876","TP7",0.5,0.737864787372622,"2"
"1390","Cluster_1453_evm.TU.chromosome_5.888","Cluster_1453","evm.TU.chromosome_5.888","TP7",-1,-0.8,"1"
"1391","Cluster_1453_evm.TU.chromosome_5.93","Cluster_1453","evm.TU.chromosome_5.93","TP7",-0.5,0.258198889747161,"1"
"1392","Cluster_1453_evm.TU.chromosome_5.945","Cluster_1453","evm.TU.chromosome_5.945","TP7",1,-0.8,"2"
"1393","Cluster_1453_evm.TU.chromosome_6.1016","Cluster_1453","evm.TU.chromosome_6.1016","TP7",0.5,1,"2"
"1394","Cluster_1453_evm.TU.chromosome_6.1048","Cluster_1453","evm.TU.chromosome_6.1048","TP7",-0.5,0.737864787372622,"3"
"1395","Cluster_1453_evm.TU.chromosome_6.1271","Cluster_1453","evm.TU.chromosome_6.1271","TP7",-0.5,0.4,"3"
"1396","Cluster_1453_evm.TU.chromosome_6.1317","Cluster_1453","evm.TU.chromosome_6.1317","TP7",-0.5,0.948683298050514,"3"
"1397","Cluster_1453_evm.TU.chromosome_6.1318","Cluster_1453","evm.TU.chromosome_6.1318","TP7",-0.866025403784439,0.737864787372622,"3"
"1398","Cluster_1453_evm.TU.chromosome_6.1319","Cluster_1453","evm.TU.chromosome_6.1319","TP7",-0.5,0.4,"3"
"1399","Cluster_1453_evm.TU.chromosome_6.1357","Cluster_1453","evm.TU.chromosome_6.1357","TP7",-0.5,0.948683298050514,"3"
"1400","Cluster_1453_evm.TU.chromosome_6.1387","Cluster_1453","evm.TU.chromosome_6.1387","TP7",0.5,0.948683298050514,"2"
"1401","Cluster_1453_evm.TU.chromosome_6.14","Cluster_1453","evm.TU.chromosome_6.14","TP7",0.5,-0.4,"2"
"1402","Cluster_1453_evm.TU.chromosome_6.1452","Cluster_1453","evm.TU.chromosome_6.1452","TP7",-0.5,1,"3"
"1403","Cluster_1453_evm.TU.chromosome_6.1524","Cluster_1453","evm.TU.chromosome_6.1524","TP7",-0.5,0.6,"3"
"1404","Cluster_1453_evm.TU.chromosome_6.1598","Cluster_1453","evm.TU.chromosome_6.1598","TP7",-0.5,-0.2,"1"
"1405","Cluster_1453_evm.TU.chromosome_6.160","Cluster_1453","evm.TU.chromosome_6.160","TP7",-0.5,0.4,"3"
"1406","Cluster_1453_evm.TU.chromosome_6.1605","Cluster_1453","evm.TU.chromosome_6.1605","TP7",0.5,-0.2,"2"
"1407","Cluster_1453_evm.TU.chromosome_6.1626","Cluster_1453","evm.TU.chromosome_6.1626","TP7",-0.5,0.737864787372622,"3"
"1408","Cluster_1453_evm.TU.chromosome_6.1627","Cluster_1453","evm.TU.chromosome_6.1627","TP7",-0.5,0.6,"3"
"1409","Cluster_1453_evm.TU.chromosome_6.1647","Cluster_1453","evm.TU.chromosome_6.1647","TP7",0.5,0.948683298050514,"2"
"1410","Cluster_1453_evm.TU.chromosome_6.1657","Cluster_1453","evm.TU.chromosome_6.1657","TP7",-0.5,0.4,"3"
"1411","Cluster_1453_evm.TU.chromosome_6.1658","Cluster_1453","evm.TU.chromosome_6.1658","TP7",0.5,-0.4,"2"
"1412","Cluster_1453_evm.TU.chromosome_6.1685","Cluster_1453","evm.TU.chromosome_6.1685","TP7",0.866025403784439,-0.774596669241483,"2"
"1413","Cluster_1453_evm.TU.chromosome_6.1710","Cluster_1453","evm.TU.chromosome_6.1710","TP7",-0.5,0.8,"3"
"1414","Cluster_1453_evm.TU.chromosome_6.1734","Cluster_1453","evm.TU.chromosome_6.1734","TP7",0.5,0.8,"2"
"1415","Cluster_1453_evm.TU.chromosome_6.1740","Cluster_1453","evm.TU.chromosome_6.1740","TP7",0.5,0.8,"2"
"1416","Cluster_1453_evm.TU.chromosome_6.1749","Cluster_1453","evm.TU.chromosome_6.1749","TP7",0.5,-0.632455532033676,"2"
"1417","Cluster_1453_evm.TU.chromosome_6.1829","Cluster_1453","evm.TU.chromosome_6.1829","TP7",-0.5,0.4,"3"
"1418","Cluster_1453_evm.TU.chromosome_6.1871","Cluster_1453","evm.TU.chromosome_6.1871","TP7",0.5,-0.6,"2"
"1419","Cluster_1453_evm.TU.chromosome_6.1918","Cluster_1453","evm.TU.chromosome_6.1918","TP7",-0.5,0.8,"3"
"1420","Cluster_1453_evm.TU.chromosome_6.1950","Cluster_1453","evm.TU.chromosome_6.1950","TP7",-0.5,0.8,"3"
"1421","Cluster_1453_evm.TU.chromosome_6.1977","Cluster_1453","evm.TU.chromosome_6.1977","TP7",-1,0.4,"3"
"1422","Cluster_1453_evm.TU.chromosome_6.2032","Cluster_1453","evm.TU.chromosome_6.2032","TP7",0.5,0.2,"2"
"1423","Cluster_1453_evm.TU.chromosome_6.2179","Cluster_1453","evm.TU.chromosome_6.2179","TP7",-0.5,0.737864787372622,"3"
"1424","Cluster_1453_evm.TU.chromosome_6.2205","Cluster_1453","evm.TU.chromosome_6.2205","TP7",0.5,0.2,"2"
"1425","Cluster_1453_evm.TU.chromosome_6.2246","Cluster_1453","evm.TU.chromosome_6.2246","TP7",-0.5,0.737864787372622,"3"
"1426","Cluster_1453_evm.TU.chromosome_6.2277","Cluster_1453","evm.TU.chromosome_6.2277","TP7",0.5,0.948683298050514,"2"
"1427","Cluster_1453_evm.TU.chromosome_6.2319","Cluster_1453","evm.TU.chromosome_6.2319","TP7",0.5,-0.4,"2"
"1428","Cluster_1453_evm.TU.chromosome_6.2333","Cluster_1453","evm.TU.chromosome_6.2333","TP7",0.5,0.6,"2"
"1429","Cluster_1453_evm.TU.chromosome_6.2366","Cluster_1453","evm.TU.chromosome_6.2366","TP7",-0.5,0.6,"3"
"1430","Cluster_1453_evm.TU.chromosome_6.2577","Cluster_1453","evm.TU.chromosome_6.2577","TP7",-0.5,0.4,"3"
"1431","Cluster_1453_evm.TU.chromosome_6.2734","Cluster_1453","evm.TU.chromosome_6.2734","TP7",-0.5,0.6,"3"
"1432","Cluster_1453_evm.TU.chromosome_6.2805","Cluster_1453","evm.TU.chromosome_6.2805","TP7",0.5,-0.2,"2"
"1433","Cluster_1453_evm.TU.chromosome_6.2806","Cluster_1453","evm.TU.chromosome_6.2806","TP7",-0.5,1,"3"
"1434","Cluster_1453_evm.TU.chromosome_6.2832","Cluster_1453","evm.TU.chromosome_6.2832","TP7",-0.5,0.737864787372622,"3"
"1435","Cluster_1453_evm.TU.chromosome_6.2898","Cluster_1453","evm.TU.chromosome_6.2898","TP7",-0.5,-0.4,"1"
"1436","Cluster_1453_evm.TU.chromosome_6.2949","Cluster_1453","evm.TU.chromosome_6.2949","TP7",0.5,0.4,"2"
"1437","Cluster_1453_evm.TU.chromosome_6.2952","Cluster_1453","evm.TU.chromosome_6.2952","TP7",0.5,0.4,"2"
"1438","Cluster_1453_evm.TU.chromosome_6.323","Cluster_1453","evm.TU.chromosome_6.323","TP7",-0.5,0.2,"1"
"1439","Cluster_1453_evm.TU.chromosome_6.324","Cluster_1453","evm.TU.chromosome_6.324","TP7",-0.5,0.6,"3"
"1440","Cluster_1453_evm.TU.chromosome_6.341","Cluster_1453","evm.TU.chromosome_6.341","TP7",0.5,-1,"2"
"1441","Cluster_1453_evm.TU.chromosome_6.39","Cluster_1453","evm.TU.chromosome_6.39","TP7",-0.5,0.8,"3"
"1442","Cluster_1453_evm.TU.chromosome_6.438","Cluster_1453","evm.TU.chromosome_6.438","TP7",-0.5,0,"1"
"1443","Cluster_1453_evm.TU.chromosome_6.445","Cluster_1453","evm.TU.chromosome_6.445","TP7",0.5,0.948683298050514,"2"
"1444","Cluster_1453_evm.TU.chromosome_6.468","Cluster_1453","evm.TU.chromosome_6.468","TP7",-0.5,-0.4,"1"
"1445","Cluster_1453_evm.TU.chromosome_6.609","Cluster_1453","evm.TU.chromosome_6.609","TP7",-0.5,-0.2,"1"
"1446","Cluster_1453_evm.TU.chromosome_6.800","Cluster_1453","evm.TU.chromosome_6.800","TP7",0.5,0.258198889747161,"2"
"1447","Cluster_1453_evm.TU.chromosome_6.810","Cluster_1453","evm.TU.chromosome_6.810","TP7",0.5,0.4,"2"
"1448","Cluster_1453_evm.TU.chromosome_6.853","Cluster_1453","evm.TU.chromosome_6.853","TP7",1,0.8,"2"
"1449","Cluster_1453_evm.TU.chromosome_6.89","Cluster_1453","evm.TU.chromosome_6.89","TP7",-0.5,-0.4,"1"
"1450","Cluster_1453_evm.TU.chromosome_6.897","Cluster_1453","evm.TU.chromosome_6.897","TP7",0.5,0.4,"2"
"1451","Cluster_1453_evm.TU.chromosome_6.922","Cluster_1453","evm.TU.chromosome_6.922","TP7",0.5,0.258198889747161,"2"
"1452","Cluster_1453_evm.TU.chromosome_6.937","Cluster_1453","evm.TU.chromosome_6.937","TP7",0.5,0,"2"
"1453","Cluster_1453_evm.TU.chromosome_6.944","Cluster_1453","evm.TU.chromosome_6.944","TP7",-1,0.258198889747161,"3"
"1454","Cluster_1453_evm.TU.chromosome_6.972","Cluster_1453","evm.TU.chromosome_6.972","TP7",-0.5,-0.4,"1"
"1455","Cluster_1453_evm.TU.chromosome_7.10","Cluster_1453","evm.TU.chromosome_7.10","TP7",1,0.8,"2"
"1456","Cluster_1453_evm.TU.chromosome_7.1127","Cluster_1453","evm.TU.chromosome_7.1127","TP7",0.5,-0.4,"2"
"1457","Cluster_1453_evm.TU.chromosome_7.1159","Cluster_1453","evm.TU.chromosome_7.1159","TP7",-0.5,-0.2,"1"
"1458","Cluster_1453_evm.TU.chromosome_7.1188","Cluster_1453","evm.TU.chromosome_7.1188","TP7",0.866025403784439,0.774596669241483,"2"
"1459","Cluster_1453_evm.TU.chromosome_7.1196","Cluster_1453","evm.TU.chromosome_7.1196","TP7",-0.5,0.2,"1"
"1460","Cluster_1453_evm.TU.chromosome_7.1203","Cluster_1453","evm.TU.chromosome_7.1203","TP7",-0.5,-0.2,"1"
"1461","Cluster_1453_evm.TU.chromosome_7.1204","Cluster_1453","evm.TU.chromosome_7.1204","TP7",0.5,0.948683298050514,"2"
"1462","Cluster_1453_evm.TU.chromosome_7.1228","Cluster_1453","evm.TU.chromosome_7.1228","TP7",-0.5,-0.8,"1"
"1463","Cluster_1453_evm.TU.chromosome_7.1281","Cluster_1453","evm.TU.chromosome_7.1281","TP7",-0.5,0.258198889747161,"1"
"1464","Cluster_1453_evm.TU.chromosome_7.1290","Cluster_1453","evm.TU.chromosome_7.1290","TP7",0.5,-0.2,"2"
"1465","Cluster_1453_evm.TU.chromosome_7.1307","Cluster_1453","evm.TU.chromosome_7.1307","TP7",0.5,0.8,"2"
"1466","Cluster_1453_evm.TU.chromosome_7.1347","Cluster_1453","evm.TU.chromosome_7.1347","TP7",0.866025403784439,0.258198889747161,"2"
"1467","Cluster_1453_evm.TU.chromosome_7.1357","Cluster_1453","evm.TU.chromosome_7.1357","TP7",-1,-0.4,"1"
"1468","Cluster_1453_evm.TU.chromosome_7.1360","Cluster_1453","evm.TU.chromosome_7.1360","TP7",-0.5,0.8,"3"
"1469","Cluster_1453_evm.TU.chromosome_7.1374","Cluster_1453","evm.TU.chromosome_7.1374","TP7",0.5,-0.2,"2"
"1470","Cluster_1453_evm.TU.chromosome_7.1389","Cluster_1453","evm.TU.chromosome_7.1389","TP7",0.5,0,"2"
"1471","Cluster_1453_evm.TU.chromosome_7.1392","Cluster_1453","evm.TU.chromosome_7.1392","TP7",0.5,-0.4,"2"
"1472","Cluster_1453_evm.TU.chromosome_7.1393","Cluster_1453","evm.TU.chromosome_7.1393","TP7",-0.5,0,"1"
"1473","Cluster_1453_evm.TU.chromosome_7.1419","Cluster_1453","evm.TU.chromosome_7.1419","TP7",-0.5,0.258198889747161,"1"
"1474","Cluster_1453_evm.TU.chromosome_7.1421","Cluster_1453","evm.TU.chromosome_7.1421","TP7",-0.866025403784439,0.258198889747161,"3"
"1475","Cluster_1453_evm.TU.chromosome_7.145","Cluster_1453","evm.TU.chromosome_7.145","TP7",0.5,-0.4,"2"
"1476","Cluster_1453_evm.TU.chromosome_7.1465","Cluster_1453","evm.TU.chromosome_7.1465","TP7",-0.5,0.8,"3"
"1477","Cluster_1453_evm.TU.chromosome_7.1487","Cluster_1453","evm.TU.chromosome_7.1487","TP7",-0.5,-1,"1"
"1478","Cluster_1453_evm.TU.chromosome_7.1510","Cluster_1453","evm.TU.chromosome_7.1510","TP7",-0.5,0.8,"3"
"1479","Cluster_1453_evm.TU.chromosome_7.1671","Cluster_1453","evm.TU.chromosome_7.1671","TP7",0.5,0.6,"2"
"1480","Cluster_1453_evm.TU.chromosome_7.1675","Cluster_1453","evm.TU.chromosome_7.1675","TP7",0.5,0.4,"2"
"1481","Cluster_1453_evm.TU.chromosome_7.1723","Cluster_1453","evm.TU.chromosome_7.1723","TP7",-0.5,0.6,"3"
"1482","Cluster_1453_evm.TU.chromosome_7.1742","Cluster_1453","evm.TU.chromosome_7.1742","TP7",-0.5,0,"1"
"1483","Cluster_1453_evm.TU.chromosome_7.181","Cluster_1453","evm.TU.chromosome_7.181","TP7",0.5,-0.6,"2"
"1484","Cluster_1453_evm.TU.chromosome_7.2137","Cluster_1453","evm.TU.chromosome_7.2137","TP7",-0.5,0.737864787372622,"3"
"1485","Cluster_1453_evm.TU.chromosome_7.2203","Cluster_1453","evm.TU.chromosome_7.2203","TP7",-0.5,0.737864787372622,"3"
"1486","Cluster_1453_evm.TU.chromosome_7.2205","Cluster_1453","evm.TU.chromosome_7.2205","TP7",0.5,0.737864787372622,"2"
"1487","Cluster_1453_evm.TU.chromosome_7.2215","Cluster_1453","evm.TU.chromosome_7.2215","TP7",-0.5,0.8,"3"
"1488","Cluster_1453_evm.TU.chromosome_7.2325","Cluster_1453","evm.TU.chromosome_7.2325","TP7",-0.5,-0.4,"1"
"1489","Cluster_1453_evm.TU.chromosome_7.2409","Cluster_1453","evm.TU.chromosome_7.2409","TP7",0.5,-0.4,"2"
"1490","Cluster_1453_evm.TU.chromosome_7.244","Cluster_1453","evm.TU.chromosome_7.244","TP7",0.5,0,"2"
"1491","Cluster_1453_evm.TU.chromosome_7.2485","Cluster_1453","evm.TU.chromosome_7.2485","TP7",-0.5,0.737864787372622,"3"
"1492","Cluster_1453_evm.TU.chromosome_7.2487","Cluster_1453","evm.TU.chromosome_7.2487","TP7",0.5,0.4,"2"
"1493","Cluster_1453_evm.TU.chromosome_7.2489","Cluster_1453","evm.TU.chromosome_7.2489","TP7",0.5,0.2,"2"
"1494","Cluster_1453_evm.TU.chromosome_7.2490","Cluster_1453","evm.TU.chromosome_7.2490","TP7",0.5,0.948683298050514,"2"
"1495","Cluster_1453_evm.TU.chromosome_7.2528","Cluster_1453","evm.TU.chromosome_7.2528","TP7",-0.866025403784439,0.8,"3"
"1496","Cluster_1453_evm.TU.chromosome_7.2571","Cluster_1453","evm.TU.chromosome_7.2571","TP7",-0.5,0.4,"3"
"1497","Cluster_1453_evm.TU.chromosome_7.2618","Cluster_1453","evm.TU.chromosome_7.2618","TP7",-0.5,-0.6,"1"
"1498","Cluster_1453_evm.TU.chromosome_7.2719","Cluster_1453","evm.TU.chromosome_7.2719","TP7",-0.5,0.4,"3"
"1499","Cluster_1453_evm.TU.chromosome_7.2723","Cluster_1453","evm.TU.chromosome_7.2723","TP7",-0.5,0.316227766016838,"3"
"1500","Cluster_1453_evm.TU.chromosome_7.2788","Cluster_1453","evm.TU.chromosome_7.2788","TP7",-0.5,0.6,"3"
"1501","Cluster_1453_evm.TU.chromosome_7.358","Cluster_1453","evm.TU.chromosome_7.358","TP7",-0.5,0.4,"3"
"1502","Cluster_1453_evm.TU.chromosome_7.359","Cluster_1453","evm.TU.chromosome_7.359","TP7",-0.5,0.4,"3"
"1503","Cluster_1453_evm.TU.chromosome_7.365","Cluster_1453","evm.TU.chromosome_7.365","TP7",-0.5,-0.2,"1"
"1504","Cluster_1453_evm.TU.chromosome_7.375","Cluster_1453","evm.TU.chromosome_7.375","TP7",0.5,0.4,"2"
"1505","Cluster_1453_evm.TU.chromosome_7.429","Cluster_1453","evm.TU.chromosome_7.429","TP7",-0.5,0.6,"3"
"1506","Cluster_1453_evm.TU.chromosome_7.516","Cluster_1453","evm.TU.chromosome_7.516","TP7",-0.5,0.948683298050514,"3"
"1507","Cluster_1453_evm.TU.chromosome_7.523","Cluster_1453","evm.TU.chromosome_7.523","TP7",0.5,0.737864787372622,"2"
"1508","Cluster_1453_evm.TU.chromosome_7.527","Cluster_1453","evm.TU.chromosome_7.527","TP7",-0.5,0.6,"3"
"1509","Cluster_1453_evm.TU.chromosome_7.554","Cluster_1453","evm.TU.chromosome_7.554","TP7",0.5,0.8,"2"
"1510","Cluster_1453_evm.TU.chromosome_7.64","Cluster_1453","evm.TU.chromosome_7.64","TP7",-0.5,0,"1"
"1511","Cluster_1453_evm.TU.chromosome_7.679","Cluster_1453","evm.TU.chromosome_7.679","TP7",0.5,0.948683298050514,"2"
"1512","Cluster_1453_evm.TU.chromosome_7.726","Cluster_1453","evm.TU.chromosome_7.726","TP7",0.5,0.258198889747161,"2"
"1513","Cluster_1453_evm.TU.chromosome_7.75","Cluster_1453","evm.TU.chromosome_7.75","TP7",-0.5,0.737864787372622,"3"
"1514","Cluster_1453_evm.TU.chromosome_7.77","Cluster_1453","evm.TU.chromosome_7.77","TP7",-0.5,0.6,"3"
"1515","Cluster_1453_evm.TU.chromosome_7.78","Cluster_1453","evm.TU.chromosome_7.78","TP7",0.5,0.4,"2"
"1516","Cluster_1453_evm.TU.chromosome_7.861","Cluster_1453","evm.TU.chromosome_7.861","TP7",-0.5,0.4,"3"
"1517","Cluster_1453_evm.TU.chromosome_7.932","Cluster_1453","evm.TU.chromosome_7.932","TP7",-0.866025403784439,0.4,"3"
"1518","Cluster_1453_evm.TU.chromosome_8.1023","Cluster_1453","evm.TU.chromosome_8.1023","TP7",-1,0.4,"3"
"1519","Cluster_1453_evm.TU.chromosome_8.1058","Cluster_1453","evm.TU.chromosome_8.1058","TP7",0.5,0.4,"2"
"1520","Cluster_1453_evm.TU.chromosome_8.1064","Cluster_1453","evm.TU.chromosome_8.1064","TP7",-0.5,-0.2,"1"
"1521","Cluster_1453_evm.TU.chromosome_8.114","Cluster_1453","evm.TU.chromosome_8.114","TP7",-0.5,-0.8,"1"
"1522","Cluster_1453_evm.TU.chromosome_8.1181","Cluster_1453","evm.TU.chromosome_8.1181","TP7",-0.5,0.6,"3"
"1523","Cluster_1453_evm.TU.chromosome_8.1200","Cluster_1453","evm.TU.chromosome_8.1200","TP7",-0.5,0.737864787372622,"3"
"1524","Cluster_1453_evm.TU.chromosome_8.1219","Cluster_1453","evm.TU.chromosome_8.1219","TP7",0.5,0.737864787372622,"2"
"1525","Cluster_1453_evm.TU.chromosome_8.1225","Cluster_1453","evm.TU.chromosome_8.1225","TP7",-0.5,-0.2,"1"
"1526","Cluster_1453_evm.TU.chromosome_8.1280","Cluster_1453","evm.TU.chromosome_8.1280","TP7",-0.5,-0.2,"1"
"1527","Cluster_1453_evm.TU.chromosome_8.1407","Cluster_1453","evm.TU.chromosome_8.1407","TP7",-0.5,0.948683298050514,"3"
"1528","Cluster_1453_evm.TU.chromosome_8.1435","Cluster_1453","evm.TU.chromosome_8.1435","TP7",1,0.2,"2"
"1529","Cluster_1453_evm.TU.chromosome_8.1436","Cluster_1453","evm.TU.chromosome_8.1436","TP7",-0.5,0.258198889747161,"1"
"1530","Cluster_1453_evm.TU.chromosome_8.1471","Cluster_1453","evm.TU.chromosome_8.1471","TP7",0.5,0.737864787372622,"2"
"1531","Cluster_1453_evm.TU.chromosome_8.1497","Cluster_1453","evm.TU.chromosome_8.1497","TP7",-0.5,-0.2,"1"
"1532","Cluster_1453_evm.TU.chromosome_8.1507","Cluster_1453","evm.TU.chromosome_8.1507","TP7",-0.5,0.737864787372622,"3"
"1533","Cluster_1453_evm.TU.chromosome_8.1561","Cluster_1453","evm.TU.chromosome_8.1561","TP7",-0.5,0.948683298050514,"3"
"1534","Cluster_1453_evm.TU.chromosome_8.1564","Cluster_1453","evm.TU.chromosome_8.1564","TP7",-0.5,0,"1"
"1535","Cluster_1453_evm.TU.chromosome_8.1597","Cluster_1453","evm.TU.chromosome_8.1597","TP7",-0.5,0.737864787372622,"3"
"1536","Cluster_1453_evm.TU.chromosome_8.1606","Cluster_1453","evm.TU.chromosome_8.1606","TP7",-0.5,-0.4,"1"
"1537","Cluster_1453_evm.TU.chromosome_8.1613","Cluster_1453","evm.TU.chromosome_8.1613","TP7",-0.5,0.737864787372622,"3"
"1538","Cluster_1453_evm.TU.chromosome_8.1701","Cluster_1453","evm.TU.chromosome_8.1701","TP7",0.5,0.4,"2"
"1539","Cluster_1453_evm.TU.chromosome_8.1749","Cluster_1453","evm.TU.chromosome_8.1749","TP7",-0.5,0.4,"3"
"1540","Cluster_1453_evm.TU.chromosome_8.1875","Cluster_1453","evm.TU.chromosome_8.1875","TP7",-0.5,0.737864787372622,"3"
"1541","Cluster_1453_evm.TU.chromosome_8.1880","Cluster_1453","evm.TU.chromosome_8.1880","TP7",-0.866025403784439,0.774596669241483,"3"
"1542","Cluster_1453_evm.TU.chromosome_8.1904","Cluster_1453","evm.TU.chromosome_8.1904","TP7",-0.5,-0.2,"1"
"1543","Cluster_1453_evm.TU.chromosome_8.1911","Cluster_1453","evm.TU.chromosome_8.1911","TP7",0.5,-0.105409255338946,"2"
"1544","Cluster_1453_evm.TU.chromosome_8.1930","Cluster_1453","evm.TU.chromosome_8.1930","TP7",-0.5,0.4,"3"
"1545","Cluster_1453_evm.TU.chromosome_8.1972","Cluster_1453","evm.TU.chromosome_8.1972","TP7",0.5,-0.258198889747161,"2"
"1546","Cluster_1453_evm.TU.chromosome_8.2046","Cluster_1453","evm.TU.chromosome_8.2046","TP7",-0.5,0.6,"3"
"1547","Cluster_1453_evm.TU.chromosome_8.2051","Cluster_1453","evm.TU.chromosome_8.2051","TP7",-0.5,0.6,"3"
"1548","Cluster_1453_evm.TU.chromosome_8.2053","Cluster_1453","evm.TU.chromosome_8.2053","TP7",0.5,0.737864787372622,"2"
"1549","Cluster_1453_evm.TU.chromosome_8.2113","Cluster_1453","evm.TU.chromosome_8.2113","TP7",0.5,-0.4,"2"
"1550","Cluster_1453_evm.TU.chromosome_8.2200","Cluster_1453","evm.TU.chromosome_8.2200","TP7",-0.5,-0.4,"1"
"1551","Cluster_1453_evm.TU.chromosome_8.224","Cluster_1453","evm.TU.chromosome_8.224","TP7",-0.5,0.258198889747161,"1"
"1552","Cluster_1453_evm.TU.chromosome_8.2242","Cluster_1453","evm.TU.chromosome_8.2242","TP7",-0.5,-0.8,"1"
"1553","Cluster_1453_evm.TU.chromosome_8.2332","Cluster_1453","evm.TU.chromosome_8.2332","TP7",0.5,0.4,"2"
"1554","Cluster_1453_evm.TU.chromosome_8.2385","Cluster_1453","evm.TU.chromosome_8.2385","TP7",0.5,-0.8,"2"
"1555","Cluster_1453_evm.TU.chromosome_8.2386","Cluster_1453","evm.TU.chromosome_8.2386","TP7",-0.5,-0.8,"1"
"1556","Cluster_1453_evm.TU.chromosome_8.239","Cluster_1453","evm.TU.chromosome_8.239","TP7",0.5,0.737864787372622,"2"
"1557","Cluster_1453_evm.TU.chromosome_8.2522","Cluster_1453","evm.TU.chromosome_8.2522","TP7",-0.5,0.4,"3"
"1558","Cluster_1453_evm.TU.chromosome_8.2560","Cluster_1453","evm.TU.chromosome_8.2560","TP7",1,-0.2,"2"
"1559","Cluster_1453_evm.TU.chromosome_8.2573","Cluster_1453","evm.TU.chromosome_8.2573","TP7",0.5,0.948683298050514,"2"
"1560","Cluster_1453_evm.TU.chromosome_8.2636","Cluster_1453","evm.TU.chromosome_8.2636","TP7",-0.5,0.8,"3"
"1561","Cluster_1453_evm.TU.chromosome_8.2674","Cluster_1453","evm.TU.chromosome_8.2674","TP7",0.5,-0.258198889747161,"2"
"1562","Cluster_1453_evm.TU.chromosome_8.2746","Cluster_1453","evm.TU.chromosome_8.2746","TP7",-0.5,0.2,"1"
"1563","Cluster_1453_evm.TU.chromosome_8.318","Cluster_1453","evm.TU.chromosome_8.318","TP7",-0.5,-0.4,"1"
"1564","Cluster_1453_evm.TU.chromosome_8.327","Cluster_1453","evm.TU.chromosome_8.327","TP7",-0.866025403784439,0.4,"3"
"1565","Cluster_1453_evm.TU.chromosome_8.358","Cluster_1453","evm.TU.chromosome_8.358","TP7",0.5,0.948683298050514,"2"
"1566","Cluster_1453_evm.TU.chromosome_8.414","Cluster_1453","evm.TU.chromosome_8.414","TP7",-0.5,0,"1"
"1567","Cluster_1453_evm.TU.chromosome_8.424","Cluster_1453","evm.TU.chromosome_8.424","TP7",-0.866025403784439,0.737864787372622,"3"
"1568","Cluster_1453_evm.TU.chromosome_8.442","Cluster_1453","evm.TU.chromosome_8.442","TP7",0.5,-0.4,"2"
"1569","Cluster_1453_evm.TU.chromosome_8.484","Cluster_1453","evm.TU.chromosome_8.484","TP7",0.5,0.948683298050514,"2"
"1570","Cluster_1453_evm.TU.chromosome_8.488","Cluster_1453","evm.TU.chromosome_8.488","TP7",-0.5,-0.632455532033676,"1"
"1571","Cluster_1453_evm.TU.chromosome_8.538","Cluster_1453","evm.TU.chromosome_8.538","TP7",0.5,-0.8,"2"
"1572","Cluster_1453_evm.TU.chromosome_8.553","Cluster_1453","evm.TU.chromosome_8.553","TP7",-0.5,0.774596669241483,"3"
"1573","Cluster_1453_evm.TU.chromosome_8.566","Cluster_1453","evm.TU.chromosome_8.566","TP7",-0.5,-0.4,"1"
"1574","Cluster_1453_evm.TU.chromosome_8.61","Cluster_1453","evm.TU.chromosome_8.61","TP7",0.5,0.4,"2"
"1575","Cluster_1453_evm.TU.chromosome_8.757","Cluster_1453","evm.TU.chromosome_8.757","TP7",-0.5,0.4,"3"
"1576","Cluster_1453_evm.TU.chromosome_8.763","Cluster_1453","evm.TU.chromosome_8.763","TP7",0.5,0.948683298050514,"2"
"1577","Cluster_1453_evm.TU.chromosome_8.818","Cluster_1453","evm.TU.chromosome_8.818","TP7",-0.5,-0.4,"1"
"1578","Cluster_1453_evm.TU.chromosome_8.879","Cluster_1453","evm.TU.chromosome_8.879","TP7",-0.5,1,"3"
"1579","Cluster_1453_evm.TU.chromosome_8.950","Cluster_1453","evm.TU.chromosome_8.950","TP7",0,-0.258198889747161,"1"
"1580","Cluster_1453_evm.TU.chromosome_8.974","Cluster_1453","evm.TU.chromosome_8.974","TP7",-0.5,0.4,"3"
"1581","Cluster_1453_evm.TU.chromosome_9.1033","Cluster_1453","evm.TU.chromosome_9.1033","TP7",-0.5,0.8,"3"
"1582","Cluster_1453_evm.TU.chromosome_9.1055","Cluster_1453","evm.TU.chromosome_9.1055","TP7",-0.5,-0.4,"1"
"1583","Cluster_1453_evm.TU.chromosome_9.107","Cluster_1453","evm.TU.chromosome_9.107","TP7",0.5,0.6,"2"
"1584","Cluster_1453_evm.TU.chromosome_9.1101","Cluster_1453","evm.TU.chromosome_9.1101","TP7",0.5,0.8,"2"
"1585","Cluster_1453_evm.TU.chromosome_9.1174","Cluster_1453","evm.TU.chromosome_9.1174","TP7",-0.5,0.4,"3"
"1586","Cluster_1453_evm.TU.chromosome_9.1202","Cluster_1453","evm.TU.chromosome_9.1202","TP7",-0.866025403784439,0.737864787372622,"3"
"1587","Cluster_1453_evm.TU.chromosome_9.1317","Cluster_1453","evm.TU.chromosome_9.1317","TP7",-0.5,-0.4,"1"
"1588","Cluster_1453_evm.TU.chromosome_9.1330","Cluster_1453","evm.TU.chromosome_9.1330","TP7",-0.5,0.737864787372622,"3"
"1589","Cluster_1453_evm.TU.chromosome_9.1402","Cluster_1453","evm.TU.chromosome_9.1402","TP7",1,0,"2"
"1590","Cluster_1453_evm.TU.chromosome_9.1507","Cluster_1453","evm.TU.chromosome_9.1507","TP7",-0.5,0.6,"3"
"1591","Cluster_1453_evm.TU.chromosome_9.1519","Cluster_1453","evm.TU.chromosome_9.1519","TP7",-0.5,-0.4,"1"
"1592","Cluster_1453_evm.TU.chromosome_9.154","Cluster_1453","evm.TU.chromosome_9.154","TP7",0.5,-0.632455532033676,"2"
"1593","Cluster_1453_evm.TU.chromosome_9.156","Cluster_1453","evm.TU.chromosome_9.156","TP7",-0.5,0.8,"3"
"1594","Cluster_1453_evm.TU.chromosome_9.1566","Cluster_1453","evm.TU.chromosome_9.1566","TP7",-0.5,-0.4,"1"
"1595","Cluster_1453_evm.TU.chromosome_9.1610","Cluster_1453","evm.TU.chromosome_9.1610","TP7",-0.5,-1,"1"
"1596","Cluster_1453_evm.TU.chromosome_9.1618","Cluster_1453","evm.TU.chromosome_9.1618","TP7",0.5,-0.4,"2"
"1597","Cluster_1453_evm.TU.chromosome_9.1712","Cluster_1453","evm.TU.chromosome_9.1712","TP7",-0.5,0.948683298050514,"3"
"1598","Cluster_1453_evm.TU.chromosome_9.1716","Cluster_1453","evm.TU.chromosome_9.1716","TP7",-0.866025403784439,-0.2,"1"
"1599","Cluster_1453_evm.TU.chromosome_9.173","Cluster_1453","evm.TU.chromosome_9.173","TP7",0.5,-0.8,"2"
"1600","Cluster_1453_evm.TU.chromosome_9.1738","Cluster_1453","evm.TU.chromosome_9.1738","TP7",0.5,-1,"2"
"1601","Cluster_1453_evm.TU.chromosome_9.1795","Cluster_1453","evm.TU.chromosome_9.1795","TP7",0.5,0.774596669241483,"2"
"1602","Cluster_1453_evm.TU.chromosome_9.1872","Cluster_1453","evm.TU.chromosome_9.1872","TP7",-0.5,0.948683298050514,"3"
"1603","Cluster_1453_evm.TU.chromosome_9.1915","Cluster_1453","evm.TU.chromosome_9.1915","TP7",-0.866025403784439,0.258198889747161,"3"
"1604","Cluster_1453_evm.TU.chromosome_9.2088","Cluster_1453","evm.TU.chromosome_9.2088","TP7",-0.5,0.8,"3"
"1605","Cluster_1453_evm.TU.chromosome_9.2109","Cluster_1453","evm.TU.chromosome_9.2109","TP7",-0.5,0.8,"3"
"1606","Cluster_1453_evm.TU.chromosome_9.2112","Cluster_1453","evm.TU.chromosome_9.2112","TP7",-0.5,0.258198889747161,"1"
"1607","Cluster_1453_evm.TU.chromosome_9.2243","Cluster_1453","evm.TU.chromosome_9.2243","TP7",-0.5,-0.4,"1"
"1608","Cluster_1453_evm.TU.chromosome_9.2379","Cluster_1453","evm.TU.chromosome_9.2379","TP7",-1,-0.4,"1"
"1609","Cluster_1453_evm.TU.chromosome_9.2400","Cluster_1453","evm.TU.chromosome_9.2400","TP7",0.5,0.2,"2"
"1610","Cluster_1453_evm.TU.chromosome_9.246","Cluster_1453","evm.TU.chromosome_9.246","TP7",0.5,0.8,"2"
"1611","Cluster_1453_evm.TU.chromosome_9.2506","Cluster_1453","evm.TU.chromosome_9.2506","TP7",-0.5,0.4,"3"
"1612","Cluster_1453_evm.TU.chromosome_9.2515","Cluster_1453","evm.TU.chromosome_9.2515","TP7",0.5,0.737864787372622,"2"
"1613","Cluster_1453_evm.TU.chromosome_9.2557","Cluster_1453","evm.TU.chromosome_9.2557","TP7",-0.5,0.737864787372622,"3"
"1614","Cluster_1453_evm.TU.chromosome_9.258","Cluster_1453","evm.TU.chromosome_9.258","TP7",-0.866025403784439,0.774596669241483,"3"
"1615","Cluster_1453_evm.TU.chromosome_9.2608","Cluster_1453","evm.TU.chromosome_9.2608","TP7",0.5,0.4,"2"
"1616","Cluster_1453_evm.TU.chromosome_9.262","Cluster_1453","evm.TU.chromosome_9.262","TP7",-0.5,0.948683298050514,"3"
"1617","Cluster_1453_evm.TU.chromosome_9.2747","Cluster_1453","evm.TU.chromosome_9.2747","TP7",1,-0.2,"2"
"1618","Cluster_1453_evm.TU.chromosome_9.2749","Cluster_1453","evm.TU.chromosome_9.2749","TP7",-0.5,0.774596669241483,"3"
"1619","Cluster_1453_evm.TU.chromosome_9.2752","Cluster_1453","evm.TU.chromosome_9.2752","TP7",-0.5,0.948683298050514,"3"
"1620","Cluster_1453_evm.TU.chromosome_9.2759","Cluster_1453","evm.TU.chromosome_9.2759","TP7",0.5,0.8,"2"
"1621","Cluster_1453_evm.TU.chromosome_9.2799","Cluster_1453","evm.TU.chromosome_9.2799","TP7",-0.5,0.8,"3"
"1622","Cluster_1453_evm.TU.chromosome_9.2829","Cluster_1453","evm.TU.chromosome_9.2829","TP7",-0.5,0.4,"3"
"1623","Cluster_1453_evm.TU.chromosome_9.2880","Cluster_1453","evm.TU.chromosome_9.2880","TP7",-0.5,0,"1"
"1624","Cluster_1453_evm.TU.chromosome_9.362","Cluster_1453","evm.TU.chromosome_9.362","TP7",0.866025403784439,0.4,"2"
"1625","Cluster_1453_evm.TU.chromosome_9.398","Cluster_1453","evm.TU.chromosome_9.398","TP7",-0.5,-0.4,"1"
"1626","Cluster_1453_evm.TU.chromosome_9.406","Cluster_1453","evm.TU.chromosome_9.406","TP7",-1,0,"3"
"1627","Cluster_1453_evm.TU.chromosome_9.413","Cluster_1453","evm.TU.chromosome_9.413","TP7",0.5,0.737864787372622,"2"
"1628","Cluster_1453_evm.TU.chromosome_9.418","Cluster_1453","evm.TU.chromosome_9.418","TP7",0.5,0.8,"2"
"1629","Cluster_1453_evm.TU.chromosome_9.445","Cluster_1453","evm.TU.chromosome_9.445","TP7",0.5,0.737864787372622,"2"
"1630","Cluster_1453_evm.TU.chromosome_9.555","Cluster_1453","evm.TU.chromosome_9.555","TP7",-0.5,0,"1"
"1631","Cluster_1453_evm.TU.chromosome_9.596","Cluster_1453","evm.TU.chromosome_9.596","TP7",1,-0.4,"2"
"1632","Cluster_1453_evm.TU.chromosome_9.62","Cluster_1453","evm.TU.chromosome_9.62","TP7",-0.5,0,"1"
"1633","Cluster_1453_evm.TU.chromosome_9.631","Cluster_1453","evm.TU.chromosome_9.631","TP7",-0.5,0,"1"
"1634","Cluster_1453_evm.TU.chromosome_9.682","Cluster_1453","evm.TU.chromosome_9.682","TP7",0.5,0.774596669241483,"2"
"1635","Cluster_1453_evm.TU.chromosome_9.747","Cluster_1453","evm.TU.chromosome_9.747","TP7",0.5,-0.8,"2"
"1636","Cluster_1453_evm.TU.chromosome_9.755","Cluster_1453","evm.TU.chromosome_9.755","TP7",0.5,0.737864787372622,"2"
"1637","Cluster_1453_evm.TU.chromosome_9.759","Cluster_1453","evm.TU.chromosome_9.759","TP7",-0.5,-0.6,"1"
"1638","Cluster_1453_evm.TU.chromosome_9.78","Cluster_1453","evm.TU.chromosome_9.78","TP7",0.5,-0.2,"2"
"1639","Cluster_1453_evm.TU.chromosome_9.82","Cluster_1453","evm.TU.chromosome_9.82","TP7",1,0.2,"2"
"1640","Cluster_1453_evm.TU.chromosome_9.864","Cluster_1453","evm.TU.chromosome_9.864","TP7",0.5,-0.4,"2"
"1641","Cluster_1453_evm.TU.chromosome_9.869","Cluster_1453","evm.TU.chromosome_9.869","TP7",-0.866025403784439,0.258198889747161,"3"
"1642","Cluster_1453_evm.TU.chromosome_9.899","Cluster_1453","evm.TU.chromosome_9.899","TP7",-0.5,0,"1"
"1643","Cluster_1453_evm.TU.chromosome_9.947","Cluster_1453","evm.TU.chromosome_9.947","TP7",-0.5,-0.4,"1"
"1644","Cluster_1453_evm.TU.chromosome_9.954","Cluster_1453","evm.TU.chromosome_9.954","TP7",-0.5,-0.4,"1"
"1645","Cluster_1453_evm.TU.chromosome_9.965","Cluster_1453","evm.TU.chromosome_9.965","TP7",-0.5,0.774596669241483,"3"
"1646","Cluster_1473_evm.TU.chromosome_1.774","Cluster_1473","evm.TU.chromosome_1.774","TP7",-0.866025403784439,0.4,"3"
"1647","Cluster_1473_evm.TU.chromosome_12.2128","Cluster_1473","evm.TU.chromosome_12.2128","TP7",-0.866025403784439,-0.4,"1"
"1648","Cluster_1473_evm.TU.chromosome_14.1084","Cluster_1473","evm.TU.chromosome_14.1084","TP7",0,-0.105409255338946,"1"
"1649","Cluster_1473_evm.TU.chromosome_14.1337","Cluster_1473","evm.TU.chromosome_14.1337","TP7",0,-0.8,"2"
"1650","Cluster_1473_evm.TU.chromosome_14.551","Cluster_1473","evm.TU.chromosome_14.551","TP7",0,-0.210818510677892,"1"
"1651","Cluster_1473_evm.TU.chromosome_4.1057","Cluster_1473","evm.TU.chromosome_4.1057","TP7",-1,-0.210818510677892,"3"
"1652","Cluster_1473_evm.TU.chromosome_5.989","Cluster_1473","evm.TU.chromosome_5.989","TP7",-0.5,-0.210818510677892,"1"
"1653","Cluster_1473_evm.TU.chromosome_7.2065","Cluster_1473","evm.TU.chromosome_7.2065","TP7",0,-0.210818510677892,"1"
"1654","Cluster_1473_evm.TU.chromosome_8.2307","Cluster_1473","evm.TU.chromosome_8.2307","TP7",-0.5,-0.316227766016838,"1"
"1655","Cluster_1483_evm.TU.chromosome_1.1710","Cluster_1483","evm.TU.chromosome_1.1710","TP7",1,-0.774596669241483,"2"
"1656","Cluster_1483_evm.TU.chromosome_14.7073","Cluster_1483","evm.TU.chromosome_14.7073","TP7",1,-0.258198889747161,"2"
"1657","Cluster_1483_evm.TU.chromosome_3.813","Cluster_1483","evm.TU.chromosome_3.813","TP7",1,-0.210818510677892,"2"
"1658","Cluster_1483_evm.TU.chromosome_5.1581","Cluster_1483","evm.TU.chromosome_5.1581","TP7",0.5,-0.258198889747161,"2"
"1659","Cluster_1483_evm.TU.chromosome_7.2679","Cluster_1483","evm.TU.chromosome_7.2679","TP7",0,-0.737864787372622,"2"
"1660","Cluster_1772_evm.TU.chromosome_11.1945","Cluster_1772","evm.TU.chromosome_11.1945","TP7",-1,-0.948683298050514,"1"
"1661","Cluster_1772_evm.TU.chromosome_12.1765","Cluster_1772","evm.TU.chromosome_12.1765","TP7",0,-0.737864787372622,"2"
"1662","Cluster_1772_evm.TU.chromosome_12.2176","Cluster_1772","evm.TU.chromosome_12.2176","TP7",-1,-0.948683298050514,"1"
"1663","Cluster_1772_evm.TU.chromosome_12.2518","Cluster_1772","evm.TU.chromosome_12.2518","TP7",-0.5,-0.210818510677892,"1"
"1664","Cluster_1772_evm.TU.chromosome_13.2172","Cluster_1772","evm.TU.chromosome_13.2172","TP7",-1,0.774596669241483,"3"
"1665","Cluster_1772_evm.TU.chromosome_13.721","Cluster_1772","evm.TU.chromosome_13.721","TP7",-1,-0.948683298050514,"1"
"1666","Cluster_1772_evm.TU.chromosome_14.4637","Cluster_1772","evm.TU.chromosome_14.4637","TP7",-0.5,-0.2,"1"
"1667","Cluster_1772_evm.TU.chromosome_14.5312","Cluster_1772","evm.TU.chromosome_14.5312","TP7",-1,-0.948683298050514,"1"
"1668","Cluster_1772_evm.TU.chromosome_3.1196","Cluster_1772","evm.TU.chromosome_3.1196","TP7",-1,0.4,"3"
"1669","Cluster_1772_evm.TU.chromosome_3.1773","Cluster_1772","evm.TU.chromosome_3.1773","TP7",-0.5,0.4,"3"
"1670","Cluster_1772_evm.TU.chromosome_7.623","Cluster_1772","evm.TU.chromosome_7.623","TP7",-1,-0.737864787372622,"1"
"1671","Cluster_2003_evm.TU.chromosome_1.1035","Cluster_2003","evm.TU.chromosome_1.1035","TP7",1,-0.4,"2"
"1672","Cluster_2003_evm.TU.chromosome_1.1299","Cluster_2003","evm.TU.chromosome_1.1299","TP7",0,0.258198889747161,"1"
"1673","Cluster_2003_evm.TU.chromosome_1.1341","Cluster_2003","evm.TU.chromosome_1.1341","TP7",-1,0.8,"3"
"1674","Cluster_2003_evm.TU.chromosome_1.1346","Cluster_2003","evm.TU.chromosome_1.1346","TP7",-0.5,0,"1"
"1675","Cluster_2003_evm.TU.chromosome_1.1441","Cluster_2003","evm.TU.chromosome_1.1441","TP7",0.5,0.774596669241483,"2"
"1676","Cluster_2003_evm.TU.chromosome_1.926","Cluster_2003","evm.TU.chromosome_1.926","TP7",1,0.8,"2"
"1677","Cluster_2003_evm.TU.chromosome_10.1032","Cluster_2003","evm.TU.chromosome_10.1032","TP7",-1,0.948683298050514,"3"
"1678","Cluster_2003_evm.TU.chromosome_10.1184","Cluster_2003","evm.TU.chromosome_10.1184","TP7",-1,0.4,"3"
"1679","Cluster_2003_evm.TU.chromosome_10.1254","Cluster_2003","evm.TU.chromosome_10.1254","TP7",-0.5,0.4,"3"
"1680","Cluster_2003_evm.TU.chromosome_10.1286","Cluster_2003","evm.TU.chromosome_10.1286","TP7",-0.866025403784439,0.774596669241483,"3"
"1681","Cluster_2003_evm.TU.chromosome_10.1374","Cluster_2003","evm.TU.chromosome_10.1374","TP7",-1,0.948683298050514,"3"
"1682","Cluster_2003_evm.TU.chromosome_10.1807","Cluster_2003","evm.TU.chromosome_10.1807","TP7",-1,0.737864787372622,"3"
"1683","Cluster_2003_evm.TU.chromosome_10.186","Cluster_2003","evm.TU.chromosome_10.186","TP7",-1,1,"3"
"1684","Cluster_2003_evm.TU.chromosome_10.1951","Cluster_2003","evm.TU.chromosome_10.1951","TP7",0.5,0.6,"2"
"1685","Cluster_2003_evm.TU.chromosome_10.2113","Cluster_2003","evm.TU.chromosome_10.2113","TP7",-0.5,0.4,"3"
"1686","Cluster_2003_evm.TU.chromosome_10.2353","Cluster_2003","evm.TU.chromosome_10.2353","TP7",-1,0.948683298050514,"3"
"1687","Cluster_2003_evm.TU.chromosome_10.2738","Cluster_2003","evm.TU.chromosome_10.2738","TP7",-0.5,0.8,"3"
"1688","Cluster_2003_evm.TU.chromosome_10.2924","Cluster_2003","evm.TU.chromosome_10.2924","TP7",-0.5,0.8,"3"
"1689","Cluster_2003_evm.TU.chromosome_10.2930","Cluster_2003","evm.TU.chromosome_10.2930","TP7",-0.5,-0.316227766016838,"1"
"1690","Cluster_2003_evm.TU.chromosome_10.2943","Cluster_2003","evm.TU.chromosome_10.2943","TP7",0.5,0.4,"2"
"1691","Cluster_2003_evm.TU.chromosome_10.3051","Cluster_2003","evm.TU.chromosome_10.3051","TP7",1,-0.8,"2"
"1692","Cluster_2003_evm.TU.chromosome_10.337","Cluster_2003","evm.TU.chromosome_10.337","TP7",-1,-1,"1"
"1693","Cluster_2003_evm.TU.chromosome_10.394","Cluster_2003","evm.TU.chromosome_10.394","TP7",-0.5,0.4,"3"
"1694","Cluster_2003_evm.TU.chromosome_10.434","Cluster_2003","evm.TU.chromosome_10.434","TP7",-1,0.2,"3"
"1695","Cluster_2003_evm.TU.chromosome_10.56","Cluster_2003","evm.TU.chromosome_10.56","TP7",-0.5,0.737864787372622,"3"
"1696","Cluster_2003_evm.TU.chromosome_10.675","Cluster_2003","evm.TU.chromosome_10.675","TP7",-0.5,-0.8,"1"
"1697","Cluster_2003_evm.TU.chromosome_10.92","Cluster_2003","evm.TU.chromosome_10.92","TP7",-0.5,-0.2,"1"
"1698","Cluster_2003_evm.TU.chromosome_11.1007","Cluster_2003","evm.TU.chromosome_11.1007","TP7",-1,0.4,"3"
"1699","Cluster_2003_evm.TU.chromosome_11.1010","Cluster_2003","evm.TU.chromosome_11.1010","TP7",1,0.6,"2"
"1700","Cluster_2003_evm.TU.chromosome_11.1128","Cluster_2003","evm.TU.chromosome_11.1128","TP7",-1,-0.8,"1"
"1701","Cluster_2003_evm.TU.chromosome_11.1200","Cluster_2003","evm.TU.chromosome_11.1200","TP7",-1,0.737864787372622,"3"
"1702","Cluster_2003_evm.TU.chromosome_11.1244","Cluster_2003","evm.TU.chromosome_11.1244","TP7",-0.5,0.737864787372622,"3"
"1703","Cluster_2003_evm.TU.chromosome_11.1389","Cluster_2003","evm.TU.chromosome_11.1389","TP7",-1,0.2,"3"
"1704","Cluster_2003_evm.TU.chromosome_11.201","Cluster_2003","evm.TU.chromosome_11.201","TP7",-1,0.948683298050514,"3"
"1705","Cluster_2003_evm.TU.chromosome_11.2209","Cluster_2003","evm.TU.chromosome_11.2209","TP7",0,-0.632455532033676,"2"
"1706","Cluster_2003_evm.TU.chromosome_11.2421","Cluster_2003","evm.TU.chromosome_11.2421","TP7",-0.5,0.8,"3"
"1707","Cluster_2003_evm.TU.chromosome_11.2470","Cluster_2003","evm.TU.chromosome_11.2470","TP7",-0.5,0.4,"3"
"1708","Cluster_2003_evm.TU.chromosome_11.250","Cluster_2003","evm.TU.chromosome_11.250","TP7",-0.5,-0.4,"1"
"1709","Cluster_2003_evm.TU.chromosome_11.2532","Cluster_2003","evm.TU.chromosome_11.2532","TP7",-0.5,0.774596669241483,"3"
"1710","Cluster_2003_evm.TU.chromosome_11.2534","Cluster_2003","evm.TU.chromosome_11.2534","TP7",-0.5,0.948683298050514,"3"
"1711","Cluster_2003_evm.TU.chromosome_11.2637","Cluster_2003","evm.TU.chromosome_11.2637","TP7",0.5,0.4,"2"
"1712","Cluster_2003_evm.TU.chromosome_11.297","Cluster_2003","evm.TU.chromosome_11.297","TP7",-0.5,0.948683298050514,"3"
"1713","Cluster_2003_evm.TU.chromosome_11.3089","Cluster_2003","evm.TU.chromosome_11.3089","TP7",-1,0.2,"3"
"1714","Cluster_2003_evm.TU.chromosome_11.385","Cluster_2003","evm.TU.chromosome_11.385","TP7",-0.5,0.948683298050514,"3"
"1715","Cluster_2003_evm.TU.chromosome_11.386","Cluster_2003","evm.TU.chromosome_11.386","TP7",-1,0.6,"3"
"1716","Cluster_2003_evm.TU.chromosome_11.40","Cluster_2003","evm.TU.chromosome_11.40","TP7",1,1,"2"
"1717","Cluster_2003_evm.TU.chromosome_11.415","Cluster_2003","evm.TU.chromosome_11.415","TP7",0.5,-0.2,"2"
"1718","Cluster_2003_evm.TU.chromosome_11.5","Cluster_2003","evm.TU.chromosome_11.5","TP7",-0.866025403784439,0.737864787372622,"3"
"1719","Cluster_2003_evm.TU.chromosome_11.523","Cluster_2003","evm.TU.chromosome_11.523","TP7",-1,0.737864787372622,"3"
"1720","Cluster_2003_evm.TU.chromosome_11.659","Cluster_2003","evm.TU.chromosome_11.659","TP7",-1,0.2,"3"
"1721","Cluster_2003_evm.TU.chromosome_11.75","Cluster_2003","evm.TU.chromosome_11.75","TP7",0.5,0.8,"2"
"1722","Cluster_2003_evm.TU.chromosome_11.774","Cluster_2003","evm.TU.chromosome_11.774","TP7",-1,0.4,"3"
"1723","Cluster_2003_evm.TU.chromosome_11.78","Cluster_2003","evm.TU.chromosome_11.78","TP7",-0.5,0.737864787372622,"3"
"1724","Cluster_2003_evm.TU.chromosome_12.1426","Cluster_2003","evm.TU.chromosome_12.1426","TP7",-0.5,0.4,"3"
"1725","Cluster_2003_evm.TU.chromosome_12.1436","Cluster_2003","evm.TU.chromosome_12.1436","TP7",-0.5,0.8,"3"
"1726","Cluster_2003_evm.TU.chromosome_12.1597","Cluster_2003","evm.TU.chromosome_12.1597","TP7",-0.5,0.948683298050514,"3"
"1727","Cluster_2003_evm.TU.chromosome_12.1702","Cluster_2003","evm.TU.chromosome_12.1702","TP7",-1,0.737864787372622,"3"
"1728","Cluster_2003_evm.TU.chromosome_12.202","Cluster_2003","evm.TU.chromosome_12.202","TP7",-1,0.948683298050514,"3"
"1729","Cluster_2003_evm.TU.chromosome_12.2065","Cluster_2003","evm.TU.chromosome_12.2065","TP7",-1,0.948683298050514,"3"
"1730","Cluster_2003_evm.TU.chromosome_12.2172","Cluster_2003","evm.TU.chromosome_12.2172","TP7",-1,0.737864787372622,"3"
"1731","Cluster_2003_evm.TU.chromosome_12.2197","Cluster_2003","evm.TU.chromosome_12.2197","TP7",-1,0.8,"3"
"1732","Cluster_2003_evm.TU.chromosome_12.2299","Cluster_2003","evm.TU.chromosome_12.2299","TP7",-0.5,1,"3"
"1733","Cluster_2003_evm.TU.chromosome_12.2300","Cluster_2003","evm.TU.chromosome_12.2300","TP7",-1,-0.2,"3"
"1734","Cluster_2003_evm.TU.chromosome_12.2473","Cluster_2003","evm.TU.chromosome_12.2473","TP7",-1,-1,"1"
"1735","Cluster_2003_evm.TU.chromosome_12.2497","Cluster_2003","evm.TU.chromosome_12.2497","TP7",-1,0.4,"3"
"1736","Cluster_2003_evm.TU.chromosome_12.2670","Cluster_2003","evm.TU.chromosome_12.2670","TP7",1,0,"2"
"1737","Cluster_2003_evm.TU.chromosome_12.2788","Cluster_2003","evm.TU.chromosome_12.2788","TP7",-0.5,0.8,"3"
"1738","Cluster_2003_evm.TU.chromosome_12.316","Cluster_2003","evm.TU.chromosome_12.316","TP7",-1,0.4,"3"
"1739","Cluster_2003_evm.TU.chromosome_12.3328","Cluster_2003","evm.TU.chromosome_12.3328","TP7",-0.866025403784439,0.948683298050514,"3"
"1740","Cluster_2003_evm.TU.chromosome_12.3423","Cluster_2003","evm.TU.chromosome_12.3423","TP7",1,0.2,"2"
"1741","Cluster_2003_evm.TU.chromosome_12.3554","Cluster_2003","evm.TU.chromosome_12.3554","TP7",-0.5,-0.8,"1"
"1742","Cluster_2003_evm.TU.chromosome_12.3654","Cluster_2003","evm.TU.chromosome_12.3654","TP7",-1,0.948683298050514,"3"
"1743","Cluster_2003_evm.TU.chromosome_12.3655","Cluster_2003","evm.TU.chromosome_12.3655","TP7",-1,0.210818510677892,"3"
"1744","Cluster_2003_evm.TU.chromosome_12.372","Cluster_2003","evm.TU.chromosome_12.372","TP7",0.5,1,"2"
"1745","Cluster_2003_evm.TU.chromosome_12.3732","Cluster_2003","evm.TU.chromosome_12.3732","TP7",-1,0.8,"3"
"1746","Cluster_2003_evm.TU.chromosome_12.3911","Cluster_2003","evm.TU.chromosome_12.3911","TP7",-0.5,1,"3"
"1747","Cluster_2003_evm.TU.chromosome_12.3924","Cluster_2003","evm.TU.chromosome_12.3924","TP7",-0.866025403784439,0.774596669241483,"3"
"1748","Cluster_2003_evm.TU.chromosome_12.3928","Cluster_2003","evm.TU.chromosome_12.3928","TP7",-1,-0.4,"1"
"1749","Cluster_2003_evm.TU.chromosome_12.3932","Cluster_2003","evm.TU.chromosome_12.3932","TP7",-0.5,-0.8,"1"
"1750","Cluster_2003_evm.TU.chromosome_12.4138","Cluster_2003","evm.TU.chromosome_12.4138","TP7",-0.5,-0.8,"1"
"1751","Cluster_2003_evm.TU.chromosome_12.633","Cluster_2003","evm.TU.chromosome_12.633","TP7",-0.5,0.737864787372622,"3"
"1752","Cluster_2003_evm.TU.chromosome_12.742","Cluster_2003","evm.TU.chromosome_12.742","TP7",-0.5,0.4,"3"
"1753","Cluster_2003_evm.TU.chromosome_12.772","Cluster_2003","evm.TU.chromosome_12.772","TP7",-1,0.258198889747161,"3"
"1754","Cluster_2003_evm.TU.chromosome_13.1103","Cluster_2003","evm.TU.chromosome_13.1103","TP7",-1,0.8,"3"
"1755","Cluster_2003_evm.TU.chromosome_13.1272","Cluster_2003","evm.TU.chromosome_13.1272","TP7",1,0.6,"2"
"1756","Cluster_2003_evm.TU.chromosome_13.136","Cluster_2003","evm.TU.chromosome_13.136","TP7",-0.5,1,"3"
"1757","Cluster_2003_evm.TU.chromosome_13.137","Cluster_2003","evm.TU.chromosome_13.137","TP7",-0.866025403784439,-0.2,"1"
"1758","Cluster_2003_evm.TU.chromosome_13.1396","Cluster_2003","evm.TU.chromosome_13.1396","TP7",1,0.8,"2"
"1759","Cluster_2003_evm.TU.chromosome_13.1563_evm.TU.chromosome_13.1548","Cluster_2003","evm.TU.chromosome_13.1563_evm.TU.chromosome_13.1548","TP7",-1,0.4,"3"
"1760","Cluster_2003_evm.TU.chromosome_13.1653","Cluster_2003","evm.TU.chromosome_13.1653","TP7",-0.5,0.8,"3"
"1761","Cluster_2003_evm.TU.chromosome_13.1659","Cluster_2003","evm.TU.chromosome_13.1659","TP7",-1,0.8,"3"
"1762","Cluster_2003_evm.TU.chromosome_13.1695","Cluster_2003","evm.TU.chromosome_13.1695","TP7",0.5,0.4,"2"
"1763","Cluster_2003_evm.TU.chromosome_13.1718","Cluster_2003","evm.TU.chromosome_13.1718","TP7",0.5,-0.2,"2"
"1764","Cluster_2003_evm.TU.chromosome_13.1876","Cluster_2003","evm.TU.chromosome_13.1876","TP7",1,1,"2"
"1765","Cluster_2003_evm.TU.chromosome_13.1895","Cluster_2003","evm.TU.chromosome_13.1895","TP7",-1,0.737864787372622,"3"
"1766","Cluster_2003_evm.TU.chromosome_13.2233","Cluster_2003","evm.TU.chromosome_13.2233","TP7",-1,0.6,"3"
"1767","Cluster_2003_evm.TU.chromosome_13.229","Cluster_2003","evm.TU.chromosome_13.229","TP7",-1,0.8,"3"
"1768","Cluster_2003_evm.TU.chromosome_13.2712","Cluster_2003","evm.TU.chromosome_13.2712","TP7",-0.5,0.8,"3"
"1769","Cluster_2003_evm.TU.chromosome_13.2713","Cluster_2003","evm.TU.chromosome_13.2713","TP7",-1,0.6,"3"
"1770","Cluster_2003_evm.TU.chromosome_13.2753","Cluster_2003","evm.TU.chromosome_13.2753","TP7",1,-0.2,"2"
"1771","Cluster_2003_evm.TU.chromosome_13.2884","Cluster_2003","evm.TU.chromosome_13.2884","TP7",0.5,0.8,"2"
"1772","Cluster_2003_evm.TU.chromosome_13.2992","Cluster_2003","evm.TU.chromosome_13.2992","TP7",-0.5,0.4,"3"
"1773","Cluster_2003_evm.TU.chromosome_13.3542","Cluster_2003","evm.TU.chromosome_13.3542","TP7",0.5,0.4,"2"
"1774","Cluster_2003_evm.TU.chromosome_13.3705","Cluster_2003","evm.TU.chromosome_13.3705","TP7",-0.5,0.2,"1"
"1775","Cluster_2003_evm.TU.chromosome_13.4049","Cluster_2003","evm.TU.chromosome_13.4049","TP7",-1,0.737864787372622,"3"
"1776","Cluster_2003_evm.TU.chromosome_13.4054","Cluster_2003","evm.TU.chromosome_13.4054","TP7",-1,0.8,"3"
"1777","Cluster_2003_evm.TU.chromosome_13.422","Cluster_2003","evm.TU.chromosome_13.422","TP7",-0.5,-0.8,"1"
"1778","Cluster_2003_evm.TU.chromosome_13.43","Cluster_2003","evm.TU.chromosome_13.43","TP7",-1,-0.4,"1"
"1779","Cluster_2003_evm.TU.chromosome_13.492","Cluster_2003","evm.TU.chromosome_13.492","TP7",-1,0.774596669241483,"3"
"1780","Cluster_2003_evm.TU.chromosome_13.497","Cluster_2003","evm.TU.chromosome_13.497","TP7",-1,-1,"1"
"1781","Cluster_2003_evm.TU.chromosome_13.594","Cluster_2003","evm.TU.chromosome_13.594","TP7",1,-0.8,"2"
"1782","Cluster_2003_evm.TU.chromosome_13.671","Cluster_2003","evm.TU.chromosome_13.671","TP7",-0.866025403784439,-0.8,"1"
"1783","Cluster_2003_evm.TU.chromosome_13.672","Cluster_2003","evm.TU.chromosome_13.672","TP7",0.5,0.2,"2"
"1784","Cluster_2003_evm.TU.chromosome_13.780","Cluster_2003","evm.TU.chromosome_13.780","TP7",0.5,-0.4,"2"
"1785","Cluster_2003_evm.TU.chromosome_13.890","Cluster_2003","evm.TU.chromosome_13.890","TP7",-1,0.4,"3"
"1786","Cluster_2003_evm.TU.chromosome_14.1039","Cluster_2003","evm.TU.chromosome_14.1039","TP7",-0.5,0.4,"3"
"1787","Cluster_2003_evm.TU.chromosome_14.1283","Cluster_2003","evm.TU.chromosome_14.1283","TP7",0.5,0.4,"2"
"1788","Cluster_2003_evm.TU.chromosome_14.1502","Cluster_2003","evm.TU.chromosome_14.1502","TP7",-0.5,1,"3"
"1789","Cluster_2003_evm.TU.chromosome_14.1714","Cluster_2003","evm.TU.chromosome_14.1714","TP7",1,-0.8,"2"
"1790","Cluster_2003_evm.TU.chromosome_14.1806","Cluster_2003","evm.TU.chromosome_14.1806","TP7",-0.5,0.6,"3"
"1791","Cluster_2003_evm.TU.chromosome_14.200","Cluster_2003","evm.TU.chromosome_14.200","TP7",-1,0.6,"3"
"1792","Cluster_2003_evm.TU.chromosome_14.2453","Cluster_2003","evm.TU.chromosome_14.2453","TP7",0.5,-0.105409255338946,"2"
"1793","Cluster_2003_evm.TU.chromosome_14.2587","Cluster_2003","evm.TU.chromosome_14.2587","TP7",-1,-0.4,"1"
"1794","Cluster_2003_evm.TU.chromosome_14.2936","Cluster_2003","evm.TU.chromosome_14.2936","TP7",-0.866025403784439,0.258198889747161,"3"
"1795","Cluster_2003_evm.TU.chromosome_14.321","Cluster_2003","evm.TU.chromosome_14.321","TP7",-0.5,-0.4,"1"
"1796","Cluster_2003_evm.TU.chromosome_14.324","Cluster_2003","evm.TU.chromosome_14.324","TP7",-1,0.4,"3"
"1797","Cluster_2003_evm.TU.chromosome_14.3479","Cluster_2003","evm.TU.chromosome_14.3479","TP7",-1,0.948683298050514,"3"
"1798","Cluster_2003_evm.TU.chromosome_14.3899","Cluster_2003","evm.TU.chromosome_14.3899","TP7",-1,0,"3"
"1799","Cluster_2003_evm.TU.chromosome_14.477","Cluster_2003","evm.TU.chromosome_14.477","TP7",1,-0.4,"2"
"1800","Cluster_2003_evm.TU.chromosome_14.5094","Cluster_2003","evm.TU.chromosome_14.5094","TP7",-1,0.4,"3"
"1801","Cluster_2003_evm.TU.chromosome_14.5096","Cluster_2003","evm.TU.chromosome_14.5096","TP7",0.5,0.4,"2"
"1802","Cluster_2003_evm.TU.chromosome_14.5253","Cluster_2003","evm.TU.chromosome_14.5253","TP7",-0.5,-1,"1"
"1803","Cluster_2003_evm.TU.chromosome_14.5496","Cluster_2003","evm.TU.chromosome_14.5496","TP7",0.5,0.4,"2"
"1804","Cluster_2003_evm.TU.chromosome_14.5547","Cluster_2003","evm.TU.chromosome_14.5547","TP7",-1,0.948683298050514,"3"
"1805","Cluster_2003_evm.TU.chromosome_14.564","Cluster_2003","evm.TU.chromosome_14.564","TP7",-0.5,-1,"1"
"1806","Cluster_2003_evm.TU.chromosome_14.5791","Cluster_2003","evm.TU.chromosome_14.5791","TP7",-0.5,0.8,"3"
"1807","Cluster_2003_evm.TU.chromosome_14.5836","Cluster_2003","evm.TU.chromosome_14.5836","TP7",-0.5,-0.8,"1"
"1808","Cluster_2003_evm.TU.chromosome_14.6033","Cluster_2003","evm.TU.chromosome_14.6033","TP7",-1,-0.2,"3"
"1809","Cluster_2003_evm.TU.chromosome_14.6186","Cluster_2003","evm.TU.chromosome_14.6186","TP7",-1,0,"3"
"1810","Cluster_2003_evm.TU.chromosome_14.6294","Cluster_2003","evm.TU.chromosome_14.6294","TP7",-1,0.948683298050514,"3"
"1811","Cluster_2003_evm.TU.chromosome_14.631","Cluster_2003","evm.TU.chromosome_14.631","TP7",1,-0.6,"2"
"1812","Cluster_2003_evm.TU.chromosome_14.6588","Cluster_2003","evm.TU.chromosome_14.6588","TP7",-0.5,0.2,"1"
"1813","Cluster_2003_evm.TU.chromosome_14.6657","Cluster_2003","evm.TU.chromosome_14.6657","TP7",1,0.4,"2"
"1814","Cluster_2003_evm.TU.chromosome_14.6772","Cluster_2003","evm.TU.chromosome_14.6772","TP7",-0.5,-0.4,"1"
"1815","Cluster_2003_evm.TU.chromosome_14.6776","Cluster_2003","evm.TU.chromosome_14.6776","TP7",-0.5,0.737864787372622,"3"
"1816","Cluster_2003_evm.TU.chromosome_14.6916","Cluster_2003","evm.TU.chromosome_14.6916","TP7",-0.5,0.737864787372622,"3"
"1817","Cluster_2003_evm.TU.chromosome_14.6917","Cluster_2003","evm.TU.chromosome_14.6917","TP7",0,0.258198889747161,"1"
"1818","Cluster_2003_evm.TU.chromosome_14.6982","Cluster_2003","evm.TU.chromosome_14.6982","TP7",-1,0.4,"3"
"1819","Cluster_2003_evm.TU.chromosome_14.7041","Cluster_2003","evm.TU.chromosome_14.7041","TP7",-0.5,1,"3"
"1820","Cluster_2003_evm.TU.chromosome_14.7168","Cluster_2003","evm.TU.chromosome_14.7168","TP7",-1,0.8,"3"
"1821","Cluster_2003_evm.TU.chromosome_14.881","Cluster_2003","evm.TU.chromosome_14.881","TP7",-0.5,-0.4,"1"
"1822","Cluster_2003_evm.TU.chromosome_2.1124","Cluster_2003","evm.TU.chromosome_2.1124","TP7",-0.5,0.2,"1"
"1823","Cluster_2003_evm.TU.chromosome_2.1483","Cluster_2003","evm.TU.chromosome_2.1483","TP7",-1,0.948683298050514,"3"
"1824","Cluster_2003_evm.TU.chromosome_2.168","Cluster_2003","evm.TU.chromosome_2.168","TP7",-0.5,0.8,"3"
"1825","Cluster_2003_evm.TU.chromosome_2.1720","Cluster_2003","evm.TU.chromosome_2.1720","TP7",-0.5,0.2,"1"
"1826","Cluster_2003_evm.TU.chromosome_2.175","Cluster_2003","evm.TU.chromosome_2.175","TP7",-0.5,0.737864787372622,"3"
"1827","Cluster_2003_evm.TU.chromosome_2.1803","Cluster_2003","evm.TU.chromosome_2.1803","TP7",-0.5,0.737864787372622,"3"
"1828","Cluster_2003_evm.TU.chromosome_2.1825","Cluster_2003","evm.TU.chromosome_2.1825","TP7",-0.5,0.8,"3"
"1829","Cluster_2003_evm.TU.chromosome_2.1833","Cluster_2003","evm.TU.chromosome_2.1833","TP7",-1,0.4,"3"
"1830","Cluster_2003_evm.TU.chromosome_2.324","Cluster_2003","evm.TU.chromosome_2.324","TP7",-1,-0.6,"1"
"1831","Cluster_2003_evm.TU.chromosome_2.331","Cluster_2003","evm.TU.chromosome_2.331","TP7",0.5,0.8,"2"
"1832","Cluster_2003_evm.TU.chromosome_2.489","Cluster_2003","evm.TU.chromosome_2.489","TP7",-1,0.948683298050514,"3"
"1833","Cluster_2003_evm.TU.chromosome_2.640","Cluster_2003","evm.TU.chromosome_2.640","TP7",-0.5,0.2,"1"
"1834","Cluster_2003_evm.TU.chromosome_2.657","Cluster_2003","evm.TU.chromosome_2.657","TP7",-1,-0.6,"1"
"1835","Cluster_2003_evm.TU.chromosome_2.696","Cluster_2003","evm.TU.chromosome_2.696","TP7",0,0.4,"1"
"1836","Cluster_2003_evm.TU.chromosome_2.709","Cluster_2003","evm.TU.chromosome_2.709","TP7",-1,0.8,"3"
"1837","Cluster_2003_evm.TU.chromosome_2.80","Cluster_2003","evm.TU.chromosome_2.80","TP7",-0.5,0.4,"3"
"1838","Cluster_2003_evm.TU.chromosome_2.842","Cluster_2003","evm.TU.chromosome_2.842","TP7",1,-1,"2"
"1839","Cluster_2003_evm.TU.chromosome_2.874","Cluster_2003","evm.TU.chromosome_2.874","TP7",-1,0.737864787372622,"3"
"1840","Cluster_2003_evm.TU.chromosome_2.901","Cluster_2003","evm.TU.chromosome_2.901","TP7",-1,0.2,"3"
"1841","Cluster_2003_evm.TU.chromosome_3.10","Cluster_2003","evm.TU.chromosome_3.10","TP7",-1,0.8,"3"
"1842","Cluster_2003_evm.TU.chromosome_3.1127","Cluster_2003","evm.TU.chromosome_3.1127","TP7",1,0.8,"2"
"1843","Cluster_2003_evm.TU.chromosome_3.1128","Cluster_2003","evm.TU.chromosome_3.1128","TP7",-0.5,1,"3"
"1844","Cluster_2003_evm.TU.chromosome_3.156","Cluster_2003","evm.TU.chromosome_3.156","TP7",-0.5,0.6,"3"
"1845","Cluster_2003_evm.TU.chromosome_3.1585","Cluster_2003","evm.TU.chromosome_3.1585","TP7",-0.866025403784439,-0.105409255338946,"3"
"1846","Cluster_2003_evm.TU.chromosome_3.1660","Cluster_2003","evm.TU.chromosome_3.1660","TP7",-0.5,0.737864787372622,"3"
"1847","Cluster_2003_evm.TU.chromosome_3.1890","Cluster_2003","evm.TU.chromosome_3.1890","TP7",-1,0.258198889747161,"3"
"1848","Cluster_2003_evm.TU.chromosome_3.299","Cluster_2003","evm.TU.chromosome_3.299","TP7",1,-0.2,"2"
"1849","Cluster_2003_evm.TU.chromosome_3.389","Cluster_2003","evm.TU.chromosome_3.389","TP7",-1,-0.4,"1"
"1850","Cluster_2003_evm.TU.chromosome_3.442","Cluster_2003","evm.TU.chromosome_3.442","TP7",0.5,-1,"2"
"1851","Cluster_2003_evm.TU.chromosome_3.501","Cluster_2003","evm.TU.chromosome_3.501","TP7",-0.5,0.8,"3"
"1852","Cluster_2003_evm.TU.chromosome_3.59","Cluster_2003","evm.TU.chromosome_3.59","TP7",-1,-0.4,"1"
"1853","Cluster_2003_evm.TU.chromosome_3.957","Cluster_2003","evm.TU.chromosome_3.957","TP7",-0.5,0.4,"3"
"1854","Cluster_2003_evm.TU.chromosome_4.1046","Cluster_2003","evm.TU.chromosome_4.1046","TP7",-0.5,0.6,"3"
"1855","Cluster_2003_evm.TU.chromosome_4.1191","Cluster_2003","evm.TU.chromosome_4.1191","TP7",-0.5,0.737864787372622,"3"
"1856","Cluster_2003_evm.TU.chromosome_4.1205","Cluster_2003","evm.TU.chromosome_4.1205","TP7",-0.5,0.8,"3"
"1857","Cluster_2003_evm.TU.chromosome_4.1328","Cluster_2003","evm.TU.chromosome_4.1328","TP7",-0.5,0.8,"3"
"1858","Cluster_2003_evm.TU.chromosome_4.1367","Cluster_2003","evm.TU.chromosome_4.1367","TP7",0,0.774596669241483,"1"
"1859","Cluster_2003_evm.TU.chromosome_4.1368","Cluster_2003","evm.TU.chromosome_4.1368","TP7",-0.866025403784439,0.737864787372622,"3"
"1860","Cluster_2003_evm.TU.chromosome_4.1530","Cluster_2003","evm.TU.chromosome_4.1530","TP7",-0.5,0.4,"3"
"1861","Cluster_2003_evm.TU.chromosome_4.1612","Cluster_2003","evm.TU.chromosome_4.1612","TP7",-1,0.4,"3"
"1862","Cluster_2003_evm.TU.chromosome_4.1645","Cluster_2003","evm.TU.chromosome_4.1645","TP7",-0.5,0.948683298050514,"3"
"1863","Cluster_2003_evm.TU.chromosome_4.1653","Cluster_2003","evm.TU.chromosome_4.1653","TP7",-0.5,0.4,"3"
"1864","Cluster_2003_evm.TU.chromosome_4.1847","Cluster_2003","evm.TU.chromosome_4.1847","TP7",-1,0.948683298050514,"3"
"1865","Cluster_2003_evm.TU.chromosome_4.1948","Cluster_2003","evm.TU.chromosome_4.1948","TP7",-0.5,0.8,"3"
"1866","Cluster_2003_evm.TU.chromosome_4.2000","Cluster_2003","evm.TU.chromosome_4.2000","TP7",-0.5,0.2,"1"
"1867","Cluster_2003_evm.TU.chromosome_4.211","Cluster_2003","evm.TU.chromosome_4.211","TP7",-0.5,-0.2,"1"
"1868","Cluster_2003_evm.TU.chromosome_4.2142","Cluster_2003","evm.TU.chromosome_4.2142","TP7",-0.5,0.8,"3"
"1869","Cluster_2003_evm.TU.chromosome_4.2385","Cluster_2003","evm.TU.chromosome_4.2385","TP7",-1,0.8,"3"
"1870","Cluster_2003_evm.TU.chromosome_4.2462","Cluster_2003","evm.TU.chromosome_4.2462","TP7",0.5,-1,"2"
"1871","Cluster_2003_evm.TU.chromosome_4.266","Cluster_2003","evm.TU.chromosome_4.266","TP7",0.5,-1,"2"
"1872","Cluster_2003_evm.TU.chromosome_4.358","Cluster_2003","evm.TU.chromosome_4.358","TP7",1,0.737864787372622,"2"
"1873","Cluster_2003_evm.TU.chromosome_4.730","Cluster_2003","evm.TU.chromosome_4.730","TP7",-1,0.4,"3"
"1874","Cluster_2003_evm.TU.chromosome_4.825","Cluster_2003","evm.TU.chromosome_4.825","TP7",-0.5,0.2,"1"
"1875","Cluster_2003_evm.TU.chromosome_5.1002","Cluster_2003","evm.TU.chromosome_5.1002","TP7",0.5,0,"2"
"1876","Cluster_2003_evm.TU.chromosome_5.1201","Cluster_2003","evm.TU.chromosome_5.1201","TP7",-0.5,-0.2,"1"
"1877","Cluster_2003_evm.TU.chromosome_5.1253","Cluster_2003","evm.TU.chromosome_5.1253","TP7",-1,0.948683298050514,"3"
"1878","Cluster_2003_evm.TU.chromosome_5.1278","Cluster_2003","evm.TU.chromosome_5.1278","TP7",-0.5,-0.6,"1"
"1879","Cluster_2003_evm.TU.chromosome_5.1376","Cluster_2003","evm.TU.chromosome_5.1376","TP7",1,0.8,"2"
"1880","Cluster_2003_evm.TU.chromosome_5.2022","Cluster_2003","evm.TU.chromosome_5.2022","TP7",1,-0.4,"2"
"1881","Cluster_2003_evm.TU.chromosome_5.2164","Cluster_2003","evm.TU.chromosome_5.2164","TP7",-1,1,"3"
"1882","Cluster_2003_evm.TU.chromosome_5.2210","Cluster_2003","evm.TU.chromosome_5.2210","TP7",-0.5,0.4,"3"
"1883","Cluster_2003_evm.TU.chromosome_5.223","Cluster_2003","evm.TU.chromosome_5.223","TP7",-0.5,0.8,"3"
"1884","Cluster_2003_evm.TU.chromosome_5.2273","Cluster_2003","evm.TU.chromosome_5.2273","TP7",-0.5,-0.2,"1"
"1885","Cluster_2003_evm.TU.chromosome_5.2755","Cluster_2003","evm.TU.chromosome_5.2755","TP7",-0.5,0.8,"3"
"1886","Cluster_2003_evm.TU.chromosome_5.2779","Cluster_2003","evm.TU.chromosome_5.2779","TP7",-1,0.948683298050514,"3"
"1887","Cluster_2003_evm.TU.chromosome_5.36","Cluster_2003","evm.TU.chromosome_5.36","TP7",-1,-0.8,"1"
"1888","Cluster_2003_evm.TU.chromosome_5.467","Cluster_2003","evm.TU.chromosome_5.467","TP7",-0.5,1,"3"
"1889","Cluster_2003_evm.TU.chromosome_5.512","Cluster_2003","evm.TU.chromosome_5.512","TP7",-0.5,0.4,"3"
"1890","Cluster_2003_evm.TU.chromosome_5.513","Cluster_2003","evm.TU.chromosome_5.513","TP7",1,0.2,"2"
"1891","Cluster_2003_evm.TU.chromosome_5.945","Cluster_2003","evm.TU.chromosome_5.945","TP7",-0.5,0,"1"
"1892","Cluster_2003_evm.TU.chromosome_5.96","Cluster_2003","evm.TU.chromosome_5.96","TP7",-1,-0.2,"3"
"1893","Cluster_2003_evm.TU.chromosome_6.1027","Cluster_2003","evm.TU.chromosome_6.1027","TP7",-0.5,0.8,"3"
"1894","Cluster_2003_evm.TU.chromosome_6.1119","Cluster_2003","evm.TU.chromosome_6.1119","TP7",-1,0.8,"3"
"1895","Cluster_2003_evm.TU.chromosome_6.1352","Cluster_2003","evm.TU.chromosome_6.1352","TP7",-0.5,1,"3"
"1896","Cluster_2003_evm.TU.chromosome_6.1387","Cluster_2003","evm.TU.chromosome_6.1387","TP7",-1,0.737864787372622,"3"
"1897","Cluster_2003_evm.TU.chromosome_6.1496","Cluster_2003","evm.TU.chromosome_6.1496","TP7",-0.866025403784439,0.948683298050514,"3"
"1898","Cluster_2003_evm.TU.chromosome_6.1595","Cluster_2003","evm.TU.chromosome_6.1595","TP7",-0.5,-0.8,"1"
"1899","Cluster_2003_evm.TU.chromosome_6.1805","Cluster_2003","evm.TU.chromosome_6.1805","TP7",0,0.737864787372622,"1"
"1900","Cluster_2003_evm.TU.chromosome_6.1903","Cluster_2003","evm.TU.chromosome_6.1903","TP7",1,-0.4,"2"
"1901","Cluster_2003_evm.TU.chromosome_6.205","Cluster_2003","evm.TU.chromosome_6.205","TP7",0.5,0.4,"2"
"1902","Cluster_2003_evm.TU.chromosome_6.2056","Cluster_2003","evm.TU.chromosome_6.2056","TP7",-0.5,0.737864787372622,"3"
"1903","Cluster_2003_evm.TU.chromosome_6.2122","Cluster_2003","evm.TU.chromosome_6.2122","TP7",0.5,-0.8,"2"
"1904","Cluster_2003_evm.TU.chromosome_6.2283","Cluster_2003","evm.TU.chromosome_6.2283","TP7",-0.5,0.2,"1"
"1905","Cluster_2003_evm.TU.chromosome_6.240","Cluster_2003","evm.TU.chromosome_6.240","TP7",-0.5,0.8,"3"
"1906","Cluster_2003_evm.TU.chromosome_6.355","Cluster_2003","evm.TU.chromosome_6.355","TP7",-0.5,0.948683298050514,"3"
"1907","Cluster_2003_evm.TU.chromosome_6.43","Cluster_2003","evm.TU.chromosome_6.43","TP7",-0.5,0.8,"3"
"1908","Cluster_2003_evm.TU.chromosome_6.611","Cluster_2003","evm.TU.chromosome_6.611","TP7",0.5,-0.2,"2"
"1909","Cluster_2003_evm.TU.chromosome_6.613","Cluster_2003","evm.TU.chromosome_6.613","TP7",-1,0.4,"3"
"1910","Cluster_2003_evm.TU.chromosome_6.621","Cluster_2003","evm.TU.chromosome_6.621","TP7",-0.5,-0.4,"1"
"1911","Cluster_2003_evm.TU.chromosome_6.629","Cluster_2003","evm.TU.chromosome_6.629","TP7",-0.5,-0.8,"1"
"1912","Cluster_2003_evm.TU.chromosome_6.652","Cluster_2003","evm.TU.chromosome_6.652","TP7",1,-0.4,"2"
"1913","Cluster_2003_evm.TU.chromosome_6.75","Cluster_2003","evm.TU.chromosome_6.75","TP7",-1,-0.4,"1"
"1914","Cluster_2003_evm.TU.chromosome_6.759","Cluster_2003","evm.TU.chromosome_6.759","TP7",-0.5,0.8,"3"
"1915","Cluster_2003_evm.TU.chromosome_7.1034","Cluster_2003","evm.TU.chromosome_7.1034","TP7",-1,0.4,"3"
"1916","Cluster_2003_evm.TU.chromosome_7.1141","Cluster_2003","evm.TU.chromosome_7.1141","TP7",0.5,-0.2,"2"
"1917","Cluster_2003_evm.TU.chromosome_7.1235","Cluster_2003","evm.TU.chromosome_7.1235","TP7",-0.5,1,"3"
"1918","Cluster_2003_evm.TU.chromosome_7.1696","Cluster_2003","evm.TU.chromosome_7.1696","TP7",-1,0.737864787372622,"3"
"1919","Cluster_2003_evm.TU.chromosome_7.1707","Cluster_2003","evm.TU.chromosome_7.1707","TP7",-1,1,"3"
"1920","Cluster_2003_evm.TU.chromosome_7.1754","Cluster_2003","evm.TU.chromosome_7.1754","TP7",-0.5,1,"3"
"1921","Cluster_2003_evm.TU.chromosome_7.1887","Cluster_2003","evm.TU.chromosome_7.1887","TP7",-1,0.948683298050514,"3"
"1922","Cluster_2003_evm.TU.chromosome_7.1967","Cluster_2003","evm.TU.chromosome_7.1967","TP7",-0.5,0.4,"3"
"1923","Cluster_2003_evm.TU.chromosome_7.2050","Cluster_2003","evm.TU.chromosome_7.2050","TP7",0.5,0.2,"2"
"1924","Cluster_2003_evm.TU.chromosome_7.2103","Cluster_2003","evm.TU.chromosome_7.2103","TP7",-1,-0.8,"1"
"1925","Cluster_2003_evm.TU.chromosome_7.2180","Cluster_2003","evm.TU.chromosome_7.2180","TP7",-1,0.774596669241483,"3"
"1926","Cluster_2003_evm.TU.chromosome_7.2186","Cluster_2003","evm.TU.chromosome_7.2186","TP7",0.5,0.2,"2"
"1927","Cluster_2003_evm.TU.chromosome_7.2714","Cluster_2003","evm.TU.chromosome_7.2714","TP7",1,0.8,"2"
"1928","Cluster_2003_evm.TU.chromosome_7.332","Cluster_2003","evm.TU.chromosome_7.332","TP7",0.5,1,"2"
"1929","Cluster_2003_evm.TU.chromosome_7.550","Cluster_2003","evm.TU.chromosome_7.550","TP7",1,0.948683298050514,"2"
"1930","Cluster_2003_evm.TU.chromosome_7.601","Cluster_2003","evm.TU.chromosome_7.601","TP7",-1,0.948683298050514,"3"
"1931","Cluster_2003_evm.TU.chromosome_8.1144","Cluster_2003","evm.TU.chromosome_8.1144","TP7",-0.5,-0.4,"1"
"1932","Cluster_2003_evm.TU.chromosome_8.1248","Cluster_2003","evm.TU.chromosome_8.1248","TP7",-0.5,0.8,"3"
"1933","Cluster_2003_evm.TU.chromosome_8.1289","Cluster_2003","evm.TU.chromosome_8.1289","TP7",-1,-0.4,"1"
"1934","Cluster_2003_evm.TU.chromosome_8.1514","Cluster_2003","evm.TU.chromosome_8.1514","TP7",0.5,0.8,"2"
"1935","Cluster_2003_evm.TU.chromosome_8.1582","Cluster_2003","evm.TU.chromosome_8.1582","TP7",-0.5,0.948683298050514,"3"
"1936","Cluster_2003_evm.TU.chromosome_8.2251","Cluster_2003","evm.TU.chromosome_8.2251","TP7",-0.5,1,"3"
"1937","Cluster_2003_evm.TU.chromosome_8.2274","Cluster_2003","evm.TU.chromosome_8.2274","TP7",-0.5,0.948683298050514,"3"
"1938","Cluster_2003_evm.TU.chromosome_8.2328","Cluster_2003","evm.TU.chromosome_8.2328","TP7",-1,-0.6,"1"
"1939","Cluster_2003_evm.TU.chromosome_8.239","Cluster_2003","evm.TU.chromosome_8.239","TP7",-1,0.948683298050514,"3"
"1940","Cluster_2003_evm.TU.chromosome_8.2438","Cluster_2003","evm.TU.chromosome_8.2438","TP7",-1,0.737864787372622,"3"
"1941","Cluster_2003_evm.TU.chromosome_8.2459","Cluster_2003","evm.TU.chromosome_8.2459","TP7",-0.5,0.8,"3"
"1942","Cluster_2003_evm.TU.chromosome_8.2476","Cluster_2003","evm.TU.chromosome_8.2476","TP7",-1,0.8,"3"
"1943","Cluster_2003_evm.TU.chromosome_8.2577","Cluster_2003","evm.TU.chromosome_8.2577","TP7",-1,0.2,"3"
"1944","Cluster_2003_evm.TU.chromosome_8.2586","Cluster_2003","evm.TU.chromosome_8.2586","TP7",-1,0.8,"3"
"1945","Cluster_2003_evm.TU.chromosome_8.2672","Cluster_2003","evm.TU.chromosome_8.2672","TP7",-1,-0.2,"3"
"1946","Cluster_2003_evm.TU.chromosome_8.2680","Cluster_2003","evm.TU.chromosome_8.2680","TP7",0.5,-1,"2"
"1947","Cluster_2003_evm.TU.chromosome_8.32","Cluster_2003","evm.TU.chromosome_8.32","TP7",-0.5,0.8,"3"
"1948","Cluster_2003_evm.TU.chromosome_8.384","Cluster_2003","evm.TU.chromosome_8.384","TP7",1,0.4,"2"
"1949","Cluster_2003_evm.TU.chromosome_8.495","Cluster_2003","evm.TU.chromosome_8.495","TP7",-0.5,0.948683298050514,"3"
"1950","Cluster_2003_evm.TU.chromosome_8.541","Cluster_2003","evm.TU.chromosome_8.541","TP7",0.5,0.8,"2"
"1951","Cluster_2003_evm.TU.chromosome_8.665","Cluster_2003","evm.TU.chromosome_8.665","TP7",0,0.258198889747161,"1"
"1952","Cluster_2003_evm.TU.chromosome_8.98","Cluster_2003","evm.TU.chromosome_8.98","TP7",-1,-0.2,"3"
"1953","Cluster_2003_evm.TU.chromosome_9.1190","Cluster_2003","evm.TU.chromosome_9.1190","TP7",-0.5,0.948683298050514,"3"
"1954","Cluster_2003_evm.TU.chromosome_9.134","Cluster_2003","evm.TU.chromosome_9.134","TP7",-0.5,0.6,"3"
"1955","Cluster_2003_evm.TU.chromosome_9.1570","Cluster_2003","evm.TU.chromosome_9.1570","TP7",1,1,"2"
"1956","Cluster_2003_evm.TU.chromosome_9.1971","Cluster_2003","evm.TU.chromosome_9.1971","TP7",-0.866025403784439,0.737864787372622,"3"
"1957","Cluster_2003_evm.TU.chromosome_9.2400","Cluster_2003","evm.TU.chromosome_9.2400","TP7",-1,-0.2,"3"
"1958","Cluster_2003_evm.TU.chromosome_9.2435","Cluster_2003","evm.TU.chromosome_9.2435","TP7",-0.5,0.4,"3"
"1959","Cluster_2003_evm.TU.chromosome_9.2760","Cluster_2003","evm.TU.chromosome_9.2760","TP7",1,0.948683298050514,"2"
"1960","Cluster_2003_evm.TU.chromosome_9.2773","Cluster_2003","evm.TU.chromosome_9.2773","TP7",-1,0.6,"3"
"1961","Cluster_2003_evm.TU.chromosome_9.2877","Cluster_2003","evm.TU.chromosome_9.2877","TP7",-0.5,0.4,"3"
"1962","Cluster_2003_evm.TU.chromosome_9.2878","Cluster_2003","evm.TU.chromosome_9.2878","TP7",-1,-0.8,"1"
"1963","Cluster_2003_evm.TU.chromosome_9.2934","Cluster_2003","evm.TU.chromosome_9.2934","TP7",0.5,-0.2,"2"
"1964","Cluster_2003_evm.TU.chromosome_9.486","Cluster_2003","evm.TU.chromosome_9.486","TP7",-0.5,0.8,"3"
"1965","Cluster_2003_evm.TU.chromosome_9.512","Cluster_2003","evm.TU.chromosome_9.512","TP7",-1,0.8,"3"
"1966","Cluster_2003_evm.TU.chromosome_9.748","Cluster_2003","evm.TU.chromosome_9.748","TP7",-0.5,-0.8,"1"
"1967","Cluster_2003_evm.TU.chromosome_9.984","Cluster_2003","evm.TU.chromosome_9.984","TP7",-1,0.4,"3"
"1968","Cluster_2073_evm.TU.chromosome_1.1241","Cluster_2073","evm.TU.chromosome_1.1241","TP7",-1,-1,"1"
"1969","Cluster_2073_evm.TU.chromosome_10.194","Cluster_2073","evm.TU.chromosome_10.194","TP7",0.5,-0.4,"2"
"1970","Cluster_2073_evm.TU.chromosome_10.2425","Cluster_2073","evm.TU.chromosome_10.2425","TP7",-1,-0.8,"1"
"1971","Cluster_2073_evm.TU.chromosome_10.284","Cluster_2073","evm.TU.chromosome_10.284","TP7",-0.5,0.2,"1"
"1972","Cluster_2073_evm.TU.chromosome_10.2903","Cluster_2073","evm.TU.chromosome_10.2903","TP7",-0.5,-0.8,"1"
"1973","Cluster_2073_evm.TU.chromosome_10.3035","Cluster_2073","evm.TU.chromosome_10.3035","TP7",1,0.4,"2"
"1974","Cluster_2073_evm.TU.chromosome_10.305","Cluster_2073","evm.TU.chromosome_10.305","TP7",-0.5,-1,"1"
"1975","Cluster_2073_evm.TU.chromosome_11.2423","Cluster_2073","evm.TU.chromosome_11.2423","TP7",-0.5,1,"3"
"1976","Cluster_2073_evm.TU.chromosome_11.3072","Cluster_2073","evm.TU.chromosome_11.3072","TP7",-1,-0.948683298050514,"1"
"1977","Cluster_2073_evm.TU.chromosome_11.3087","Cluster_2073","evm.TU.chromosome_11.3087","TP7",-0.5,-0.4,"1"
"1978","Cluster_2073_evm.TU.chromosome_11.339","Cluster_2073","evm.TU.chromosome_11.339","TP7",-1,0.4,"3"
"1979","Cluster_2073_evm.TU.chromosome_11.364","Cluster_2073","evm.TU.chromosome_11.364","TP7",-0.5,-0.948683298050514,"1"
"1980","Cluster_2073_evm.TU.chromosome_12.1966","Cluster_2073","evm.TU.chromosome_12.1966","TP7",0.5,-0.4,"2"
"1981","Cluster_2073_evm.TU.chromosome_12.2055","Cluster_2073","evm.TU.chromosome_12.2055","TP7",-1,0.4,"3"
"1982","Cluster_2073_evm.TU.chromosome_12.2142","Cluster_2073","evm.TU.chromosome_12.2142","TP7",-0.5,1,"3"
"1983","Cluster_2073_evm.TU.chromosome_12.241","Cluster_2073","evm.TU.chromosome_12.241","TP7",-1,-0.737864787372622,"1"
"1984","Cluster_2073_evm.TU.chromosome_12.3292","Cluster_2073","evm.TU.chromosome_12.3292","TP7",-1,0,"3"
"1985","Cluster_2073_evm.TU.chromosome_12.3789","Cluster_2073","evm.TU.chromosome_12.3789","TP7",0.5,-1,"2"
"1986","Cluster_2073_evm.TU.chromosome_12.3881","Cluster_2073","evm.TU.chromosome_12.3881","TP7",-1,-0.4,"1"
"1987","Cluster_2073_evm.TU.chromosome_12.643","Cluster_2073","evm.TU.chromosome_12.643","TP7",-0.5,0,"1"
"1988","Cluster_2073_evm.TU.chromosome_13.1515","Cluster_2073","evm.TU.chromosome_13.1515","TP7",-0.5,0.4,"3"
"1989","Cluster_2073_evm.TU.chromosome_13.3612","Cluster_2073","evm.TU.chromosome_13.3612","TP7",1,-0.4,"2"
"1990","Cluster_2073_evm.TU.chromosome_13.4178","Cluster_2073","evm.TU.chromosome_13.4178","TP7",-0.5,0,"1"
"1991","Cluster_2073_evm.TU.chromosome_13.51","Cluster_2073","evm.TU.chromosome_13.51","TP7",1,0.4,"2"
"1992","Cluster_2073_evm.TU.chromosome_14.540","Cluster_2073","evm.TU.chromosome_14.540","TP7",1,0.4,"2"
"1993","Cluster_2073_evm.TU.chromosome_14.5845","Cluster_2073","evm.TU.chromosome_14.5845","TP7",-1,-0.6,"1"
"1994","Cluster_2073_evm.TU.chromosome_14.5846","Cluster_2073","evm.TU.chromosome_14.5846","TP7",-1,-0.4,"1"
"1995","Cluster_2073_evm.TU.chromosome_14.6123","Cluster_2073","evm.TU.chromosome_14.6123","TP7",-1,0.2,"3"
"1996","Cluster_2073_evm.TU.chromosome_14.6138","Cluster_2073","evm.TU.chromosome_14.6138","TP7",-1,-0.8,"1"
"1997","Cluster_2073_evm.TU.chromosome_14.6523","Cluster_2073","evm.TU.chromosome_14.6523","TP7",-0.5,0.4,"3"
"1998","Cluster_2073_evm.TU.chromosome_14.7053","Cluster_2073","evm.TU.chromosome_14.7053","TP7",-1,-0.4,"1"
"1999","Cluster_2073_evm.TU.chromosome_14.7343","Cluster_2073","evm.TU.chromosome_14.7343","TP7",-0.5,-0.4,"1"
"2000","Cluster_2073_evm.TU.chromosome_14.879","Cluster_2073","evm.TU.chromosome_14.879","TP7",-1,-0.8,"1"
"2001","Cluster_2073_evm.TU.chromosome_2.165_evm.TU.chromosome_2.166","Cluster_2073","evm.TU.chromosome_2.165_evm.TU.chromosome_2.166","TP7",-0.5,0.4,"3"
"2002","Cluster_2073_evm.TU.chromosome_2.1691","Cluster_2073","evm.TU.chromosome_2.1691","TP7",-0.5,-1,"1"
"2003","Cluster_2073_evm.TU.chromosome_2.1960","Cluster_2073","evm.TU.chromosome_2.1960","TP7",0.5,1,"2"
"2004","Cluster_2073_evm.TU.chromosome_2.260","Cluster_2073","evm.TU.chromosome_2.260","TP7",-1,-0.4,"1"
"2005","Cluster_2073_evm.TU.chromosome_2.383","Cluster_2073","evm.TU.chromosome_2.383","TP7",-1,-0.948683298050514,"1"
"2006","Cluster_2073_evm.TU.chromosome_2.437","Cluster_2073","evm.TU.chromosome_2.437","TP7",-0.5,-0.4,"1"
"2007","Cluster_2073_evm.TU.chromosome_2.905","Cluster_2073","evm.TU.chromosome_2.905","TP7",-1,0.632455532033676,"3"
"2008","Cluster_2073_evm.TU.chromosome_2.981","Cluster_2073","evm.TU.chromosome_2.981","TP7",-1,0.8,"3"
"2009","Cluster_2073_evm.TU.chromosome_3.1983","Cluster_2073","evm.TU.chromosome_3.1983","TP7",-0.5,0.2,"1"
"2010","Cluster_2073_evm.TU.chromosome_3.389","Cluster_2073","evm.TU.chromosome_3.389","TP7",-0.5,0.4,"3"
"2011","Cluster_2073_evm.TU.chromosome_3.55","Cluster_2073","evm.TU.chromosome_3.55","TP7",-0.5,-0.948683298050514,"1"
"2012","Cluster_2073_evm.TU.chromosome_3.586","Cluster_2073","evm.TU.chromosome_3.586","TP7",-0.5,-0.8,"1"
"2013","Cluster_2073_evm.TU.chromosome_4.1559","Cluster_2073","evm.TU.chromosome_4.1559","TP7",1,0.8,"2"
"2014","Cluster_2073_evm.TU.chromosome_4.971","Cluster_2073","evm.TU.chromosome_4.971","TP7",-0.5,-1,"1"
"2015","Cluster_2073_evm.TU.chromosome_5.1332","Cluster_2073","evm.TU.chromosome_5.1332","TP7",-0.5,-1,"1"
"2016","Cluster_2073_evm.TU.chromosome_5.1598","Cluster_2073","evm.TU.chromosome_5.1598","TP7",0.5,-0.737864787372622,"2"
"2017","Cluster_2073_evm.TU.chromosome_5.1757","Cluster_2073","evm.TU.chromosome_5.1757","TP7",-1,-0.8,"1"
"2018","Cluster_2073_evm.TU.chromosome_5.1862","Cluster_2073","evm.TU.chromosome_5.1862","TP7",-1,-0.948683298050514,"1"
"2019","Cluster_2073_evm.TU.chromosome_5.2563","Cluster_2073","evm.TU.chromosome_5.2563","TP7",-0.5,-0.2,"1"
"2020","Cluster_2073_evm.TU.chromosome_5.517","Cluster_2073","evm.TU.chromosome_5.517","TP7",-1,-0.2,"3"
"2021","Cluster_2073_evm.TU.chromosome_5.590","Cluster_2073","evm.TU.chromosome_5.590","TP7",-1,-0.6,"1"
"2022","Cluster_2073_evm.TU.chromosome_5.884","Cluster_2073","evm.TU.chromosome_5.884","TP7",-1,0.4,"3"
"2023","Cluster_2073_evm.TU.chromosome_6.1711","Cluster_2073","evm.TU.chromosome_6.1711","TP7",-0.5,-0.737864787372622,"1"
"2024","Cluster_2073_evm.TU.chromosome_6.2061","Cluster_2073","evm.TU.chromosome_6.2061","TP7",-0.5,0.8,"3"
"2025","Cluster_2073_evm.TU.chromosome_6.2722","Cluster_2073","evm.TU.chromosome_6.2722","TP7",0.5,-1,"2"
"2026","Cluster_2073_evm.TU.chromosome_6.881","Cluster_2073","evm.TU.chromosome_6.881","TP7",-0.5,-1,"1"
"2027","Cluster_2073_evm.TU.chromosome_7.1070","Cluster_2073","evm.TU.chromosome_7.1070","TP7",-1,-0.737864787372622,"1"
"2028","Cluster_2073_evm.TU.chromosome_7.2842","Cluster_2073","evm.TU.chromosome_7.2842","TP7",1,0.2,"2"
"2029","Cluster_2073_evm.TU.chromosome_8.2389","Cluster_2073","evm.TU.chromosome_8.2389","TP7",-1,-0.258198889747161,"3"
"2030","Cluster_2073_evm.TU.chromosome_8.64","Cluster_2073","evm.TU.chromosome_8.64","TP7",-0.5,-0.948683298050514,"1"
"2031","Cluster_2073_evm.TU.chromosome_8.801","Cluster_2073","evm.TU.chromosome_8.801","TP7",-1,0.4,"3"
"2032","Cluster_2073_evm.TU.chromosome_9.2112","Cluster_2073","evm.TU.chromosome_9.2112","TP7",-1,-0.774596669241483,"1"
"2033","Cluster_2073_evm.TU.chromosome_9.703","Cluster_2073","evm.TU.chromosome_9.703","TP7",-1,0.4,"3"
"2034","Cluster_2097_evm.TU.chromosome_1.127","Cluster_2097","evm.TU.chromosome_1.127","TP7",-0.5,-0.4,"1"
"2035","Cluster_2097_evm.TU.chromosome_1.1347","Cluster_2097","evm.TU.chromosome_1.1347","TP7",0.5,0.210818510677892,"2"
"2036","Cluster_2097_evm.TU.chromosome_1.1417","Cluster_2097","evm.TU.chromosome_1.1417","TP7",-0.5,-0.8,"1"
"2037","Cluster_2097_evm.TU.chromosome_1.1493","Cluster_2097","evm.TU.chromosome_1.1493","TP7",0.866025403784439,0.632455532033676,"2"
"2038","Cluster_2097_evm.TU.chromosome_1.1640","Cluster_2097","evm.TU.chromosome_1.1640","TP7",0.5,0.4,"2"
"2039","Cluster_2097_evm.TU.chromosome_1.1715","Cluster_2097","evm.TU.chromosome_1.1715","TP7",-0.5,-0.8,"1"
"2040","Cluster_2097_evm.TU.chromosome_1.1716","Cluster_2097","evm.TU.chromosome_1.1716","TP7",0.5,-0.8,"2"
"2041","Cluster_2097_evm.TU.chromosome_1.352","Cluster_2097","evm.TU.chromosome_1.352","TP7",0.866025403784439,0.774596669241483,"2"
"2042","Cluster_2097_evm.TU.chromosome_1.576","Cluster_2097","evm.TU.chromosome_1.576","TP7",0.5,-0.2,"2"
"2043","Cluster_2097_evm.TU.chromosome_1.651","Cluster_2097","evm.TU.chromosome_1.651","TP7",-0.5,0,"1"
"2044","Cluster_2097_evm.TU.chromosome_1.678","Cluster_2097","evm.TU.chromosome_1.678","TP7",0.5,0.8,"2"
"2045","Cluster_2097_evm.TU.chromosome_1.848","Cluster_2097","evm.TU.chromosome_1.848","TP7",1,0.210818510677892,"2"
"2046","Cluster_2097_evm.TU.chromosome_1.984","Cluster_2097","evm.TU.chromosome_1.984","TP7",0.5,0.8,"2"
"2047","Cluster_2097_evm.TU.chromosome_10.1084","Cluster_2097","evm.TU.chromosome_10.1084","TP7",0.866025403784439,0.210818510677892,"2"
"2048","Cluster_2097_evm.TU.chromosome_10.1127","Cluster_2097","evm.TU.chromosome_10.1127","TP7",-0.866025403784439,0.210818510677892,"3"
"2049","Cluster_2097_evm.TU.chromosome_10.116","Cluster_2097","evm.TU.chromosome_10.116","TP7",-0.5,0.8,"3"
"2050","Cluster_2097_evm.TU.chromosome_10.117","Cluster_2097","evm.TU.chromosome_10.117","TP7",-0.5,0.4,"3"
"2051","Cluster_2097_evm.TU.chromosome_10.120","Cluster_2097","evm.TU.chromosome_10.120","TP7",-0.5,0.2,"1"
"2052","Cluster_2097_evm.TU.chromosome_10.147","Cluster_2097","evm.TU.chromosome_10.147","TP7",0.5,0.2,"2"
"2053","Cluster_2097_evm.TU.chromosome_10.156","Cluster_2097","evm.TU.chromosome_10.156","TP7",-0.5,1,"3"
"2054","Cluster_2097_evm.TU.chromosome_10.1653","Cluster_2097","evm.TU.chromosome_10.1653","TP7",-0.5,0.2,"1"
"2055","Cluster_2097_evm.TU.chromosome_10.1660","Cluster_2097","evm.TU.chromosome_10.1660","TP7",0.5,0.105409255338946,"2"
"2056","Cluster_2097_evm.TU.chromosome_10.1808","Cluster_2097","evm.TU.chromosome_10.1808","TP7",-0.5,-0.6,"1"
"2057","Cluster_2097_evm.TU.chromosome_10.192","Cluster_2097","evm.TU.chromosome_10.192","TP7",-1,0.8,"3"
"2058","Cluster_2097_evm.TU.chromosome_10.1999","Cluster_2097","evm.TU.chromosome_10.1999","TP7",-0.5,0.2,"1"
"2059","Cluster_2097_evm.TU.chromosome_10.2436","Cluster_2097","evm.TU.chromosome_10.2436","TP7",-0.5,0.632455532033676,"3"
"2060","Cluster_2097_evm.TU.chromosome_10.2499","Cluster_2097","evm.TU.chromosome_10.2499","TP7",-0.5,0.2,"1"
"2061","Cluster_2097_evm.TU.chromosome_10.2688","Cluster_2097","evm.TU.chromosome_10.2688","TP7",0.5,0,"2"
"2062","Cluster_2097_evm.TU.chromosome_10.2925","Cluster_2097","evm.TU.chromosome_10.2925","TP7",-0.866025403784439,-0.258198889747161,"1"
"2063","Cluster_2097_evm.TU.chromosome_10.3150","Cluster_2097","evm.TU.chromosome_10.3150","TP7",0.5,-0.4,"2"
"2064","Cluster_2097_evm.TU.chromosome_10.3224","Cluster_2097","evm.TU.chromosome_10.3224","TP7",1,0.2,"2"
"2065","Cluster_2097_evm.TU.chromosome_10.340","Cluster_2097","evm.TU.chromosome_10.340","TP7",-0.5,-0.4,"1"
"2066","Cluster_2097_evm.TU.chromosome_10.480","Cluster_2097","evm.TU.chromosome_10.480","TP7",-0.866025403784439,0.4,"3"
"2067","Cluster_2097_evm.TU.chromosome_10.917","Cluster_2097","evm.TU.chromosome_10.917","TP7",0.5,0.632455532033676,"2"
"2068","Cluster_2097_evm.TU.chromosome_10.924","Cluster_2097","evm.TU.chromosome_10.924","TP7",0.866025403784439,0.774596669241483,"2"
"2069","Cluster_2097_evm.TU.chromosome_10.971","Cluster_2097","evm.TU.chromosome_10.971","TP7",0.5,0.774596669241483,"2"
"2070","Cluster_2097_evm.TU.chromosome_11.1292","Cluster_2097","evm.TU.chromosome_11.1292","TP7",0.5,0.4,"2"
"2071","Cluster_2097_evm.TU.chromosome_11.1306","Cluster_2097","evm.TU.chromosome_11.1306","TP7",1,-0.4,"2"
"2072","Cluster_2097_evm.TU.chromosome_11.140","Cluster_2097","evm.TU.chromosome_11.140","TP7",0.5,0.4,"2"
"2073","Cluster_2097_evm.TU.chromosome_11.1437","Cluster_2097","evm.TU.chromosome_11.1437","TP7",-0.5,1,"3"
"2074","Cluster_2097_evm.TU.chromosome_11.1479","Cluster_2097","evm.TU.chromosome_11.1479","TP7",0.866025403784439,0,"2"
"2075","Cluster_2097_evm.TU.chromosome_11.1495","Cluster_2097","evm.TU.chromosome_11.1495","TP7",-0.5,-0.8,"1"
"2076","Cluster_2097_evm.TU.chromosome_11.1512","Cluster_2097","evm.TU.chromosome_11.1512","TP7",-0.5,1,"3"
"2077","Cluster_2097_evm.TU.chromosome_11.1528","Cluster_2097","evm.TU.chromosome_11.1528","TP7",-0.5,-0.2,"1"
"2078","Cluster_2097_evm.TU.chromosome_11.1605","Cluster_2097","evm.TU.chromosome_11.1605","TP7",0.5,0.2,"2"
"2079","Cluster_2097_evm.TU.chromosome_11.2066","Cluster_2097","evm.TU.chromosome_11.2066","TP7",0.5,0.210818510677892,"2"
"2080","Cluster_2097_evm.TU.chromosome_11.2085","Cluster_2097","evm.TU.chromosome_11.2085","TP7",0.866025403784439,0.210818510677892,"2"
"2081","Cluster_2097_evm.TU.chromosome_11.2598","Cluster_2097","evm.TU.chromosome_11.2598","TP7",-0.5,0.2,"1"
"2082","Cluster_2097_evm.TU.chromosome_11.2742","Cluster_2097","evm.TU.chromosome_11.2742","TP7",0.866025403784439,-0.258198889747161,"2"
"2083","Cluster_2097_evm.TU.chromosome_11.2756","Cluster_2097","evm.TU.chromosome_11.2756","TP7",0.5,0.774596669241483,"2"
"2084","Cluster_2097_evm.TU.chromosome_11.2757","Cluster_2097","evm.TU.chromosome_11.2757","TP7",-0.5,-0.774596669241483,"1"
"2085","Cluster_2097_evm.TU.chromosome_11.40","Cluster_2097","evm.TU.chromosome_11.40","TP7",0.5,0.4,"2"
"2086","Cluster_2097_evm.TU.chromosome_11.553","Cluster_2097","evm.TU.chromosome_11.553","TP7",0.866025403784439,0.737864787372622,"2"
"2087","Cluster_2097_evm.TU.chromosome_11.625","Cluster_2097","evm.TU.chromosome_11.625","TP7",0.5,0,"2"
"2088","Cluster_2097_evm.TU.chromosome_11.692","Cluster_2097","evm.TU.chromosome_11.692","TP7",0.5,1,"2"
"2089","Cluster_2097_evm.TU.chromosome_11.695","Cluster_2097","evm.TU.chromosome_11.695","TP7",0.5,0.774596669241483,"2"
"2090","Cluster_2097_evm.TU.chromosome_11.884","Cluster_2097","evm.TU.chromosome_11.884","TP7",1,0.4,"2"
"2091","Cluster_2097_evm.TU.chromosome_11.893","Cluster_2097","evm.TU.chromosome_11.893","TP7",0.5,0.774596669241483,"2"
"2092","Cluster_2097_evm.TU.chromosome_11.934","Cluster_2097","evm.TU.chromosome_11.934","TP7",-0.5,0.632455532033676,"3"
"2093","Cluster_2097_evm.TU.chromosome_11.939","Cluster_2097","evm.TU.chromosome_11.939","TP7",-0.5,0.210818510677892,"1"
"2094","Cluster_2097_evm.TU.chromosome_12.1","Cluster_2097","evm.TU.chromosome_12.1","TP7",-0.5,0,"1"
"2095","Cluster_2097_evm.TU.chromosome_12.1106","Cluster_2097","evm.TU.chromosome_12.1106","TP7",0.5,-0.4,"2"
"2096","Cluster_2097_evm.TU.chromosome_12.1286","Cluster_2097","evm.TU.chromosome_12.1286","TP7",0.5,-0.258198889747161,"2"
"2097","Cluster_2097_evm.TU.chromosome_12.1416","Cluster_2097","evm.TU.chromosome_12.1416","TP7",0.5,1,"2"
"2098","Cluster_2097_evm.TU.chromosome_12.1571","Cluster_2097","evm.TU.chromosome_12.1571","TP7",0.5,1,"2"
"2099","Cluster_2097_evm.TU.chromosome_12.184","Cluster_2097","evm.TU.chromosome_12.184","TP7",-0.5,0.774596669241483,"3"
"2100","Cluster_2097_evm.TU.chromosome_12.2292","Cluster_2097","evm.TU.chromosome_12.2292","TP7",0.5,0.4,"2"
"2101","Cluster_2097_evm.TU.chromosome_12.2615","Cluster_2097","evm.TU.chromosome_12.2615","TP7",0.5,0.4,"2"
"2102","Cluster_2097_evm.TU.chromosome_12.2620","Cluster_2097","evm.TU.chromosome_12.2620","TP7",-1,0.210818510677892,"3"
"2103","Cluster_2097_evm.TU.chromosome_12.2657","Cluster_2097","evm.TU.chromosome_12.2657","TP7",-0.5,0.8,"3"
"2104","Cluster_2097_evm.TU.chromosome_12.2763","Cluster_2097","evm.TU.chromosome_12.2763","TP7",0.5,1,"2"
"2105","Cluster_2097_evm.TU.chromosome_12.2790","Cluster_2097","evm.TU.chromosome_12.2790","TP7",0.5,0.210818510677892,"2"
"2106","Cluster_2097_evm.TU.chromosome_12.2926","Cluster_2097","evm.TU.chromosome_12.2926","TP7",0.5,0.210818510677892,"2"
"2107","Cluster_2097_evm.TU.chromosome_12.2946","Cluster_2097","evm.TU.chromosome_12.2946","TP7",-0.5,-0.4,"1"
"2108","Cluster_2097_evm.TU.chromosome_12.3080","Cluster_2097","evm.TU.chromosome_12.3080","TP7",0.5,0.2,"2"
"2109","Cluster_2097_evm.TU.chromosome_12.3101","Cluster_2097","evm.TU.chromosome_12.3101","TP7",-0.5,-1,"1"
"2110","Cluster_2097_evm.TU.chromosome_12.327","Cluster_2097","evm.TU.chromosome_12.327","TP7",0.5,0.2,"2"
"2111","Cluster_2097_evm.TU.chromosome_12.3288","Cluster_2097","evm.TU.chromosome_12.3288","TP7",-0.5,0.632455532033676,"3"
"2112","Cluster_2097_evm.TU.chromosome_12.3356","Cluster_2097","evm.TU.chromosome_12.3356","TP7",0.866025403784439,0.8,"2"
"2113","Cluster_2097_evm.TU.chromosome_12.3533","Cluster_2097","evm.TU.chromosome_12.3533","TP7",-0.5,0.8,"3"
"2114","Cluster_2097_evm.TU.chromosome_12.3895","Cluster_2097","evm.TU.chromosome_12.3895","TP7",-0.5,0.4,"3"
"2115","Cluster_2097_evm.TU.chromosome_12.4045","Cluster_2097","evm.TU.chromosome_12.4045","TP7",-0.5,-0.4,"1"
"2116","Cluster_2097_evm.TU.chromosome_12.4046","Cluster_2097","evm.TU.chromosome_12.4046","TP7",0.866025403784439,0.258198889747161,"2"
"2117","Cluster_2097_evm.TU.chromosome_12.441","Cluster_2097","evm.TU.chromosome_12.441","TP7",-0.5,-0.6,"1"
"2118","Cluster_2097_evm.TU.chromosome_12.72","Cluster_2097","evm.TU.chromosome_12.72","TP7",0.5,-0.4,"2"
"2119","Cluster_2097_evm.TU.chromosome_12.888","Cluster_2097","evm.TU.chromosome_12.888","TP7",0.5,-0.8,"2"
"2120","Cluster_2097_evm.TU.chromosome_12.922","Cluster_2097","evm.TU.chromosome_12.922","TP7",0.5,1,"2"
"2121","Cluster_2097_evm.TU.chromosome_13.1105","Cluster_2097","evm.TU.chromosome_13.1105","TP7",0.5,0.210818510677892,"2"
"2122","Cluster_2097_evm.TU.chromosome_13.1121","Cluster_2097","evm.TU.chromosome_13.1121","TP7",-0.5,0.4,"3"
"2123","Cluster_2097_evm.TU.chromosome_13.1167","Cluster_2097","evm.TU.chromosome_13.1167","TP7",-1,-0.6,"1"
"2124","Cluster_2097_evm.TU.chromosome_13.1265","Cluster_2097","evm.TU.chromosome_13.1265","TP7",-0.5,0.774596669241483,"3"
"2125","Cluster_2097_evm.TU.chromosome_13.1616","Cluster_2097","evm.TU.chromosome_13.1616","TP7",-0.5,0.2,"1"
"2126","Cluster_2097_evm.TU.chromosome_13.1767","Cluster_2097","evm.TU.chromosome_13.1767","TP7",-0.5,0.632455532033676,"3"
"2127","Cluster_2097_evm.TU.chromosome_13.186","Cluster_2097","evm.TU.chromosome_13.186","TP7",-0.5,0.210818510677892,"1"
"2128","Cluster_2097_evm.TU.chromosome_13.1918","Cluster_2097","evm.TU.chromosome_13.1918","TP7",1,0.8,"2"
"2129","Cluster_2097_evm.TU.chromosome_13.196","Cluster_2097","evm.TU.chromosome_13.196","TP7",0.5,0.774596669241483,"2"
"2130","Cluster_2097_evm.TU.chromosome_13.2090","Cluster_2097","evm.TU.chromosome_13.2090","TP7",0.5,0.210818510677892,"2"
"2131","Cluster_2097_evm.TU.chromosome_13.2102","Cluster_2097","evm.TU.chromosome_13.2102","TP7",0.5,0.4,"2"
"2132","Cluster_2097_evm.TU.chromosome_13.2159","Cluster_2097","evm.TU.chromosome_13.2159","TP7",0.5,-0.4,"2"
"2133","Cluster_2097_evm.TU.chromosome_13.2379","Cluster_2097","evm.TU.chromosome_13.2379","TP7",-0.5,0.2,"1"
"2134","Cluster_2097_evm.TU.chromosome_13.2397","Cluster_2097","evm.TU.chromosome_13.2397","TP7",-0.5,0.4,"3"
"2135","Cluster_2097_evm.TU.chromosome_13.2468","Cluster_2097","evm.TU.chromosome_13.2468","TP7",0.5,0.210818510677892,"2"
"2136","Cluster_2097_evm.TU.chromosome_13.2680","Cluster_2097","evm.TU.chromosome_13.2680","TP7",0.5,-0.2,"2"
"2137","Cluster_2097_evm.TU.chromosome_13.2750","Cluster_2097","evm.TU.chromosome_13.2750","TP7",-0.5,0.8,"3"
"2138","Cluster_2097_evm.TU.chromosome_13.287","Cluster_2097","evm.TU.chromosome_13.287","TP7",-0.5,-0.8,"1"
"2139","Cluster_2097_evm.TU.chromosome_13.3034","Cluster_2097","evm.TU.chromosome_13.3034","TP7",-0.5,-0.4,"1"
"2140","Cluster_2097_evm.TU.chromosome_13.3144","Cluster_2097","evm.TU.chromosome_13.3144","TP7",-0.5,0.4,"3"
"2141","Cluster_2097_evm.TU.chromosome_13.3174","Cluster_2097","evm.TU.chromosome_13.3174","TP7",0.5,0.210818510677892,"2"
"2142","Cluster_2097_evm.TU.chromosome_13.3187","Cluster_2097","evm.TU.chromosome_13.3187","TP7",-0.5,0.8,"3"
"2143","Cluster_2097_evm.TU.chromosome_13.3299","Cluster_2097","evm.TU.chromosome_13.3299","TP7",-1,0.6,"3"
"2144","Cluster_2097_evm.TU.chromosome_13.3404","Cluster_2097","evm.TU.chromosome_13.3404","TP7",0.5,0.2,"2"
"2145","Cluster_2097_evm.TU.chromosome_13.3667","Cluster_2097","evm.TU.chromosome_13.3667","TP7",0.5,0.4,"2"
"2146","Cluster_2097_evm.TU.chromosome_13.4020","Cluster_2097","evm.TU.chromosome_13.4020","TP7",-0.5,1,"3"
"2147","Cluster_2097_evm.TU.chromosome_13.4052","Cluster_2097","evm.TU.chromosome_13.4052","TP7",0.5,-0.8,"2"
"2148","Cluster_2097_evm.TU.chromosome_13.4054","Cluster_2097","evm.TU.chromosome_13.4054","TP7",-0.5,0,"1"
"2149","Cluster_2097_evm.TU.chromosome_13.4109","Cluster_2097","evm.TU.chromosome_13.4109","TP7",-0.5,0.210818510677892,"1"
"2150","Cluster_2097_evm.TU.chromosome_13.4155","Cluster_2097","evm.TU.chromosome_13.4155","TP7",-0.5,0.210818510677892,"1"
"2151","Cluster_2097_evm.TU.chromosome_13.435","Cluster_2097","evm.TU.chromosome_13.435","TP7",0.5,-0.316227766016838,"2"
"2152","Cluster_2097_evm.TU.chromosome_13.494","Cluster_2097","evm.TU.chromosome_13.494","TP7",0.5,-0.2,"2"
"2153","Cluster_2097_evm.TU.chromosome_13.670","Cluster_2097","evm.TU.chromosome_13.670","TP7",-1,-0.4,"1"
"2154","Cluster_2097_evm.TU.chromosome_13.681","Cluster_2097","evm.TU.chromosome_13.681","TP7",-0.5,0.4,"3"
"2155","Cluster_2097_evm.TU.chromosome_13.833","Cluster_2097","evm.TU.chromosome_13.833","TP7",-0.5,0.8,"3"
"2156","Cluster_2097_evm.TU.chromosome_14.1233","Cluster_2097","evm.TU.chromosome_14.1233","TP7",0.5,0.4,"2"
"2157","Cluster_2097_evm.TU.chromosome_14.130","Cluster_2097","evm.TU.chromosome_14.130","TP7",-0.5,0.210818510677892,"1"
"2158","Cluster_2097_evm.TU.chromosome_14.1657","Cluster_2097","evm.TU.chromosome_14.1657","TP7",0.5,0.8,"2"
"2159","Cluster_2097_evm.TU.chromosome_14.1781","Cluster_2097","evm.TU.chromosome_14.1781","TP7",-0.5,0.210818510677892,"1"
"2160","Cluster_2097_evm.TU.chromosome_14.181","Cluster_2097","evm.TU.chromosome_14.181","TP7",0.5,0.2,"2"
"2161","Cluster_2097_evm.TU.chromosome_14.1827","Cluster_2097","evm.TU.chromosome_14.1827","TP7",0.5,0.4,"2"
"2162","Cluster_2097_evm.TU.chromosome_14.3758","Cluster_2097","evm.TU.chromosome_14.3758","TP7",-0.866025403784439,0.774596669241483,"3"
"2163","Cluster_2097_evm.TU.chromosome_14.420","Cluster_2097","evm.TU.chromosome_14.420","TP7",-0.5,0.632455532033676,"3"
"2164","Cluster_2097_evm.TU.chromosome_14.4267","Cluster_2097","evm.TU.chromosome_14.4267","TP7",0.866025403784439,-0.258198889747161,"2"
"2165","Cluster_2097_evm.TU.chromosome_14.4745","Cluster_2097","evm.TU.chromosome_14.4745","TP7",0.5,0.6,"2"
"2166","Cluster_2097_evm.TU.chromosome_14.4755","Cluster_2097","evm.TU.chromosome_14.4755","TP7",0.866025403784439,0.632455532033676,"2"
"2167","Cluster_2097_evm.TU.chromosome_14.4759","Cluster_2097","evm.TU.chromosome_14.4759","TP7",-0.5,-0.4,"1"
"2168","Cluster_2097_evm.TU.chromosome_14.5250","Cluster_2097","evm.TU.chromosome_14.5250","TP7",-0.5,-0.4,"1"
"2169","Cluster_2097_evm.TU.chromosome_14.5303","Cluster_2097","evm.TU.chromosome_14.5303","TP7",-0.5,-0.4,"1"
"2170","Cluster_2097_evm.TU.chromosome_14.5407","Cluster_2097","evm.TU.chromosome_14.5407","TP7",0.5,-0.258198889747161,"2"
"2171","Cluster_2097_evm.TU.chromosome_14.541","Cluster_2097","evm.TU.chromosome_14.541","TP7",0.5,0.8,"2"
"2172","Cluster_2097_evm.TU.chromosome_14.545","Cluster_2097","evm.TU.chromosome_14.545","TP7",0.5,0.4,"2"
"2173","Cluster_2097_evm.TU.chromosome_14.5760","Cluster_2097","evm.TU.chromosome_14.5760","TP7",0.5,-0.8,"2"
"2174","Cluster_2097_evm.TU.chromosome_14.577","Cluster_2097","evm.TU.chromosome_14.577","TP7",-0.5,0.210818510677892,"1"
"2175","Cluster_2097_evm.TU.chromosome_14.5791","Cluster_2097","evm.TU.chromosome_14.5791","TP7",-1,0.2,"3"
"2176","Cluster_2097_evm.TU.chromosome_14.5835","Cluster_2097","evm.TU.chromosome_14.5835","TP7",-0.5,-0.4,"1"
"2177","Cluster_2097_evm.TU.chromosome_14.589","Cluster_2097","evm.TU.chromosome_14.589","TP7",0.5,0.4,"2"
"2178","Cluster_2097_evm.TU.chromosome_14.5950","Cluster_2097","evm.TU.chromosome_14.5950","TP7",0.5,0.2,"2"
"2179","Cluster_2097_evm.TU.chromosome_14.5977","Cluster_2097","evm.TU.chromosome_14.5977","TP7",0.5,-0.8,"2"
"2180","Cluster_2097_evm.TU.chromosome_14.5979","Cluster_2097","evm.TU.chromosome_14.5979","TP7",0.5,0.4,"2"
"2181","Cluster_2097_evm.TU.chromosome_14.602","Cluster_2097","evm.TU.chromosome_14.602","TP7",-0.5,0.210818510677892,"1"
"2182","Cluster_2097_evm.TU.chromosome_14.6427","Cluster_2097","evm.TU.chromosome_14.6427","TP7",-0.5,-0.4,"1"
"2183","Cluster_2097_evm.TU.chromosome_14.6503","Cluster_2097","evm.TU.chromosome_14.6503","TP7",0.5,-0.2,"2"
"2184","Cluster_2097_evm.TU.chromosome_14.6541","Cluster_2097","evm.TU.chromosome_14.6541","TP7",0.5,0.4,"2"
"2185","Cluster_2097_evm.TU.chromosome_14.6805","Cluster_2097","evm.TU.chromosome_14.6805","TP7",0.5,0.210818510677892,"2"
"2186","Cluster_2097_evm.TU.chromosome_14.6939","Cluster_2097","evm.TU.chromosome_14.6939","TP7",0.5,0.737864787372622,"2"
"2187","Cluster_2097_evm.TU.chromosome_14.6958","Cluster_2097","evm.TU.chromosome_14.6958","TP7",0.5,0.210818510677892,"2"
"2188","Cluster_2097_evm.TU.chromosome_14.7000","Cluster_2097","evm.TU.chromosome_14.7000","TP7",-0.5,-0.8,"1"
"2189","Cluster_2097_evm.TU.chromosome_14.7003","Cluster_2097","evm.TU.chromosome_14.7003","TP7",-0.5,0.210818510677892,"1"
"2190","Cluster_2097_evm.TU.chromosome_14.7005","Cluster_2097","evm.TU.chromosome_14.7005","TP7",0.5,0.632455532033676,"2"
"2191","Cluster_2097_evm.TU.chromosome_14.7009","Cluster_2097","evm.TU.chromosome_14.7009","TP7",0.5,0.2,"2"
"2192","Cluster_2097_evm.TU.chromosome_14.7079","Cluster_2097","evm.TU.chromosome_14.7079","TP7",-0.5,-0.8,"1"
"2193","Cluster_2097_evm.TU.chromosome_14.78","Cluster_2097","evm.TU.chromosome_14.78","TP7",-0.5,0.6,"3"
"2194","Cluster_2097_evm.TU.chromosome_2.1057","Cluster_2097","evm.TU.chromosome_2.1057","TP7",0.5,0.8,"2"
"2195","Cluster_2097_evm.TU.chromosome_2.1152","Cluster_2097","evm.TU.chromosome_2.1152","TP7",-1,-0.6,"1"
"2196","Cluster_2097_evm.TU.chromosome_2.1373","Cluster_2097","evm.TU.chromosome_2.1373","TP7",-0.866025403784439,0.210818510677892,"3"
"2197","Cluster_2097_evm.TU.chromosome_2.1374","Cluster_2097","evm.TU.chromosome_2.1374","TP7",0.5,0.8,"2"
"2198","Cluster_2097_evm.TU.chromosome_2.1377","Cluster_2097","evm.TU.chromosome_2.1377","TP7",0.5,0.4,"2"
"2199","Cluster_2097_evm.TU.chromosome_2.1492","Cluster_2097","evm.TU.chromosome_2.1492","TP7",0.5,-0.4,"2"
"2200","Cluster_2097_evm.TU.chromosome_2.487","Cluster_2097","evm.TU.chromosome_2.487","TP7",0.5,-0.8,"2"
"2201","Cluster_2097_evm.TU.chromosome_2.536","Cluster_2097","evm.TU.chromosome_2.536","TP7",-0.5,0.8,"3"
"2202","Cluster_2097_evm.TU.chromosome_2.60","Cluster_2097","evm.TU.chromosome_2.60","TP7",0.5,-0.8,"2"
"2203","Cluster_2097_evm.TU.chromosome_2.637","Cluster_2097","evm.TU.chromosome_2.637","TP7",0.5,0.8,"2"
"2204","Cluster_2097_evm.TU.chromosome_2.788","Cluster_2097","evm.TU.chromosome_2.788","TP7",0.5,0.4,"2"
"2205","Cluster_2097_evm.TU.chromosome_2.901","Cluster_2097","evm.TU.chromosome_2.901","TP7",-0.5,0.8,"3"
"2206","Cluster_2097_evm.TU.chromosome_3.1079","Cluster_2097","evm.TU.chromosome_3.1079","TP7",-0.5,0.105409255338946,"1"
"2207","Cluster_2097_evm.TU.chromosome_3.1473","Cluster_2097","evm.TU.chromosome_3.1473","TP7",-0.5,0.8,"3"
"2208","Cluster_2097_evm.TU.chromosome_3.1603","Cluster_2097","evm.TU.chromosome_3.1603","TP7",-0.5,0.4,"3"
"2209","Cluster_2097_evm.TU.chromosome_3.1677","Cluster_2097","evm.TU.chromosome_3.1677","TP7",-0.5,0.2,"1"
"2210","Cluster_2097_evm.TU.chromosome_3.1766","Cluster_2097","evm.TU.chromosome_3.1766","TP7",-1,0.4,"3"
"2211","Cluster_2097_evm.TU.chromosome_3.1954","Cluster_2097","evm.TU.chromosome_3.1954","TP7",-0.5,0.8,"3"
"2212","Cluster_2097_evm.TU.chromosome_3.45","Cluster_2097","evm.TU.chromosome_3.45","TP7",0.5,-0.6,"2"
"2213","Cluster_2097_evm.TU.chromosome_3.702","Cluster_2097","evm.TU.chromosome_3.702","TP7",-0.5,-0.4,"1"
"2214","Cluster_2097_evm.TU.chromosome_3.763","Cluster_2097","evm.TU.chromosome_3.763","TP7",0.5,0.210818510677892,"2"
"2215","Cluster_2097_evm.TU.chromosome_3.785","Cluster_2097","evm.TU.chromosome_3.785","TP7",-0.5,-1,"1"
"2216","Cluster_2097_evm.TU.chromosome_3.8","Cluster_2097","evm.TU.chromosome_3.8","TP7",0.5,0.8,"2"
"2217","Cluster_2097_evm.TU.chromosome_3.81","Cluster_2097","evm.TU.chromosome_3.81","TP7",-0.5,0.6,"3"
"2218","Cluster_2097_evm.TU.chromosome_3.847","Cluster_2097","evm.TU.chromosome_3.847","TP7",0.5,1,"2"
"2219","Cluster_2097_evm.TU.chromosome_3.885","Cluster_2097","evm.TU.chromosome_3.885","TP7",-0.5,-0.8,"1"
"2220","Cluster_2097_evm.TU.chromosome_3.933","Cluster_2097","evm.TU.chromosome_3.933","TP7",-1,-0.6,"1"
"2221","Cluster_2097_evm.TU.chromosome_4.1033","Cluster_2097","evm.TU.chromosome_4.1033","TP7",0.5,0.2,"2"
"2222","Cluster_2097_evm.TU.chromosome_4.1063","Cluster_2097","evm.TU.chromosome_4.1063","TP7",0.5,0,"2"
"2223","Cluster_2097_evm.TU.chromosome_4.1264","Cluster_2097","evm.TU.chromosome_4.1264","TP7",0.866025403784439,-0.258198889747161,"2"
"2224","Cluster_2097_evm.TU.chromosome_4.1270","Cluster_2097","evm.TU.chromosome_4.1270","TP7",-0.5,0.8,"3"
"2225","Cluster_2097_evm.TU.chromosome_4.1327","Cluster_2097","evm.TU.chromosome_4.1327","TP7",0.5,-0.4,"2"
"2226","Cluster_2097_evm.TU.chromosome_4.1473","Cluster_2097","evm.TU.chromosome_4.1473","TP7",-0.5,0.4,"3"
"2227","Cluster_2097_evm.TU.chromosome_4.1531","Cluster_2097","evm.TU.chromosome_4.1531","TP7",-0.5,0.2,"1"
"2228","Cluster_2097_evm.TU.chromosome_4.1910","Cluster_2097","evm.TU.chromosome_4.1910","TP7",1,0.8,"2"
"2229","Cluster_2097_evm.TU.chromosome_4.1940","Cluster_2097","evm.TU.chromosome_4.1940","TP7",-1,-0.8,"1"
"2230","Cluster_2097_evm.TU.chromosome_4.2000","Cluster_2097","evm.TU.chromosome_4.2000","TP7",0.5,0.8,"2"
"2231","Cluster_2097_evm.TU.chromosome_4.2029","Cluster_2097","evm.TU.chromosome_4.2029","TP7",-0.5,0.8,"3"
"2232","Cluster_2097_evm.TU.chromosome_4.2142","Cluster_2097","evm.TU.chromosome_4.2142","TP7",0.5,0,"2"
"2233","Cluster_2097_evm.TU.chromosome_4.2202","Cluster_2097","evm.TU.chromosome_4.2202","TP7",-0.5,-0.2,"1"
"2234","Cluster_2097_evm.TU.chromosome_4.2347","Cluster_2097","evm.TU.chromosome_4.2347","TP7",0.866025403784439,0.632455532033676,"2"
"2235","Cluster_2097_evm.TU.chromosome_4.530","Cluster_2097","evm.TU.chromosome_4.530","TP7",0.5,-0.4,"2"
"2236","Cluster_2097_evm.TU.chromosome_4.620","Cluster_2097","evm.TU.chromosome_4.620","TP7",0.5,0.210818510677892,"2"
"2237","Cluster_2097_evm.TU.chromosome_4.731","Cluster_2097","evm.TU.chromosome_4.731","TP7",0.5,0,"2"
"2238","Cluster_2097_evm.TU.chromosome_4.85","Cluster_2097","evm.TU.chromosome_4.85","TP7",-0.5,0.8,"3"
"2239","Cluster_2097_evm.TU.chromosome_4.852","Cluster_2097","evm.TU.chromosome_4.852","TP7",0.5,1,"2"
"2240","Cluster_2097_evm.TU.chromosome_5.1215","Cluster_2097","evm.TU.chromosome_5.1215","TP7",0.866025403784439,-0.258198889747161,"2"
"2241","Cluster_2097_evm.TU.chromosome_5.1489","Cluster_2097","evm.TU.chromosome_5.1489","TP7",-0.5,-0.2,"1"
"2242","Cluster_2097_evm.TU.chromosome_5.1492","Cluster_2097","evm.TU.chromosome_5.1492","TP7",-1,0.210818510677892,"3"
"2243","Cluster_2097_evm.TU.chromosome_5.1758","Cluster_2097","evm.TU.chromosome_5.1758","TP7",-0.866025403784439,0.8,"3"
"2244","Cluster_2097_evm.TU.chromosome_5.1862","Cluster_2097","evm.TU.chromosome_5.1862","TP7",0.5,0.210818510677892,"2"
"2245","Cluster_2097_evm.TU.chromosome_5.203","Cluster_2097","evm.TU.chromosome_5.203","TP7",0.5,0.4,"2"
"2246","Cluster_2097_evm.TU.chromosome_5.2263","Cluster_2097","evm.TU.chromosome_5.2263","TP7",0.5,-0.4,"2"
"2247","Cluster_2097_evm.TU.chromosome_5.2367","Cluster_2097","evm.TU.chromosome_5.2367","TP7",0.5,-0.8,"2"
"2248","Cluster_2097_evm.TU.chromosome_5.252","Cluster_2097","evm.TU.chromosome_5.252","TP7",0.866025403784439,0.210818510677892,"2"
"2249","Cluster_2097_evm.TU.chromosome_5.2566","Cluster_2097","evm.TU.chromosome_5.2566","TP7",-0.866025403784439,-0.258198889747161,"1"
"2250","Cluster_2097_evm.TU.chromosome_5.2651","Cluster_2097","evm.TU.chromosome_5.2651","TP7",-0.5,-0.4,"1"
"2251","Cluster_2097_evm.TU.chromosome_5.2654","Cluster_2097","evm.TU.chromosome_5.2654","TP7",0.5,0.632455532033676,"2"
"2252","Cluster_2097_evm.TU.chromosome_5.277","Cluster_2097","evm.TU.chromosome_5.277","TP7",0.5,0.632455532033676,"2"
"2253","Cluster_2097_evm.TU.chromosome_5.352","Cluster_2097","evm.TU.chromosome_5.352","TP7",-0.5,0.210818510677892,"1"
"2254","Cluster_2097_evm.TU.chromosome_5.549","Cluster_2097","evm.TU.chromosome_5.549","TP7",-0.5,0.2,"1"
"2255","Cluster_2097_evm.TU.chromosome_5.736","Cluster_2097","evm.TU.chromosome_5.736","TP7",0.5,0.210818510677892,"2"
"2256","Cluster_2097_evm.TU.chromosome_5.815","Cluster_2097","evm.TU.chromosome_5.815","TP7",0.5,0.8,"2"
"2257","Cluster_2097_evm.TU.chromosome_5.817","Cluster_2097","evm.TU.chromosome_5.817","TP7",-0.5,-0.4,"1"
"2258","Cluster_2097_evm.TU.chromosome_5.912","Cluster_2097","evm.TU.chromosome_5.912","TP7",1,1,"2"
"2259","Cluster_2097_evm.TU.chromosome_5.968","Cluster_2097","evm.TU.chromosome_5.968","TP7",0.5,-0.8,"2"
"2260","Cluster_2097_evm.TU.chromosome_6.1059","Cluster_2097","evm.TU.chromosome_6.1059","TP7",-0.866025403784439,0.632455532033676,"3"
"2261","Cluster_2097_evm.TU.chromosome_6.12","Cluster_2097","evm.TU.chromosome_6.12","TP7",-0.5,0.4,"3"
"2262","Cluster_2097_evm.TU.chromosome_6.1326","Cluster_2097","evm.TU.chromosome_6.1326","TP7",-0.5,0.210818510677892,"1"
"2263","Cluster_2097_evm.TU.chromosome_6.145","Cluster_2097","evm.TU.chromosome_6.145","TP7",-0.5,-0.6,"1"
"2264","Cluster_2097_evm.TU.chromosome_6.1567","Cluster_2097","evm.TU.chromosome_6.1567","TP7",1,0.6,"2"
"2265","Cluster_2097_evm.TU.chromosome_6.2357","Cluster_2097","evm.TU.chromosome_6.2357","TP7",0.5,0.4,"2"
"2266","Cluster_2097_evm.TU.chromosome_6.238","Cluster_2097","evm.TU.chromosome_6.238","TP7",0.866025403784439,-0.258198889747161,"2"
"2267","Cluster_2097_evm.TU.chromosome_6.2453","Cluster_2097","evm.TU.chromosome_6.2453","TP7",-0.866025403784439,0.632455532033676,"3"
"2268","Cluster_2097_evm.TU.chromosome_6.2625","Cluster_2097","evm.TU.chromosome_6.2625","TP7",-0.5,-0.8,"1"
"2269","Cluster_2097_evm.TU.chromosome_6.2759","Cluster_2097","evm.TU.chromosome_6.2759","TP7",1,-0.4,"2"
"2270","Cluster_2097_evm.TU.chromosome_6.2784","Cluster_2097","evm.TU.chromosome_6.2784","TP7",-0.5,0.632455532033676,"3"
"2271","Cluster_2097_evm.TU.chromosome_6.2867","Cluster_2097","evm.TU.chromosome_6.2867","TP7",0.5,-0.6,"2"
"2272","Cluster_2097_evm.TU.chromosome_6.2935","Cluster_2097","evm.TU.chromosome_6.2935","TP7",0.5,-0.8,"2"
"2273","Cluster_2097_evm.TU.chromosome_6.507","Cluster_2097","evm.TU.chromosome_6.507","TP7",0.866025403784439,-0.258198889747161,"2"
"2274","Cluster_2097_evm.TU.chromosome_6.601","Cluster_2097","evm.TU.chromosome_6.601","TP7",0.5,0.8,"2"
"2275","Cluster_2097_evm.TU.chromosome_6.829","Cluster_2097","evm.TU.chromosome_6.829","TP7",0.5,0.4,"2"
"2276","Cluster_2097_evm.TU.chromosome_6.859","Cluster_2097","evm.TU.chromosome_6.859","TP7",0.5,0.4,"2"
"2277","Cluster_2097_evm.TU.chromosome_7.1149","Cluster_2097","evm.TU.chromosome_7.1149","TP7",-0.5,0.210818510677892,"1"
"2278","Cluster_2097_evm.TU.chromosome_7.1294","Cluster_2097","evm.TU.chromosome_7.1294","TP7",0.5,1,"2"
"2279","Cluster_2097_evm.TU.chromosome_7.1324","Cluster_2097","evm.TU.chromosome_7.1324","TP7",-0.5,-0.4,"1"
"2280","Cluster_2097_evm.TU.chromosome_7.171","Cluster_2097","evm.TU.chromosome_7.171","TP7",0.5,0,"2"
"2281","Cluster_2097_evm.TU.chromosome_7.1755","Cluster_2097","evm.TU.chromosome_7.1755","TP7",0.5,0.210818510677892,"2"
"2282","Cluster_2097_evm.TU.chromosome_7.1909","Cluster_2097","evm.TU.chromosome_7.1909","TP7",0.5,0.774596669241483,"2"
"2283","Cluster_2097_evm.TU.chromosome_7.1937","Cluster_2097","evm.TU.chromosome_7.1937","TP7",0.866025403784439,0.210818510677892,"2"
"2284","Cluster_2097_evm.TU.chromosome_7.1940","Cluster_2097","evm.TU.chromosome_7.1940","TP7",0,0.210818510677892,"1"
"2285","Cluster_2097_evm.TU.chromosome_7.196","Cluster_2097","evm.TU.chromosome_7.196","TP7",-0.5,0.210818510677892,"1"
"2286","Cluster_2097_evm.TU.chromosome_7.219","Cluster_2097","evm.TU.chromosome_7.219","TP7",0.5,0.8,"2"
"2287","Cluster_2097_evm.TU.chromosome_7.2482","Cluster_2097","evm.TU.chromosome_7.2482","TP7",0.5,-1,"2"
"2288","Cluster_2097_evm.TU.chromosome_7.2501","Cluster_2097","evm.TU.chromosome_7.2501","TP7",-0.5,0.8,"3"
"2289","Cluster_2097_evm.TU.chromosome_7.2507","Cluster_2097","evm.TU.chromosome_7.2507","TP7",-0.5,-0.4,"1"
"2290","Cluster_2097_evm.TU.chromosome_7.2608","Cluster_2097","evm.TU.chromosome_7.2608","TP7",-0.5,-1,"1"
"2291","Cluster_2097_evm.TU.chromosome_7.2698","Cluster_2097","evm.TU.chromosome_7.2698","TP7",-0.5,-0.4,"1"
"2292","Cluster_2097_evm.TU.chromosome_7.2839","Cluster_2097","evm.TU.chromosome_7.2839","TP7",0.5,0.632455532033676,"2"
"2293","Cluster_2097_evm.TU.chromosome_7.467","Cluster_2097","evm.TU.chromosome_7.467","TP7",0.5,0.8,"2"
"2294","Cluster_2097_evm.TU.chromosome_7.493","Cluster_2097","evm.TU.chromosome_7.493","TP7",-0.5,0,"1"
"2295","Cluster_2097_evm.TU.chromosome_7.62","Cluster_2097","evm.TU.chromosome_7.62","TP7",-0.5,0.2,"1"
"2296","Cluster_2097_evm.TU.chromosome_7.685","Cluster_2097","evm.TU.chromosome_7.685","TP7",-0.5,-0.8,"1"
"2297","Cluster_2097_evm.TU.chromosome_7.769","Cluster_2097","evm.TU.chromosome_7.769","TP7",-0.5,0.632455532033676,"3"
"2298","Cluster_2097_evm.TU.chromosome_7.776","Cluster_2097","evm.TU.chromosome_7.776","TP7",0.5,0.4,"2"
"2299","Cluster_2097_evm.TU.chromosome_7.778","Cluster_2097","evm.TU.chromosome_7.778","TP7",0.5,0,"2"
"2300","Cluster_2097_evm.TU.chromosome_7.797","Cluster_2097","evm.TU.chromosome_7.797","TP7",-0.5,0.2,"1"
"2301","Cluster_2097_evm.TU.chromosome_7.81","Cluster_2097","evm.TU.chromosome_7.81","TP7",0.5,0.632455532033676,"2"
"2302","Cluster_2097_evm.TU.chromosome_7.819","Cluster_2097","evm.TU.chromosome_7.819","TP7",-1,0.4,"3"
"2303","Cluster_2097_evm.TU.chromosome_7.910","Cluster_2097","evm.TU.chromosome_7.910","TP7",-0.5,-0.258198889747161,"1"
"2304","Cluster_2097_evm.TU.chromosome_8.1073","Cluster_2097","evm.TU.chromosome_8.1073","TP7",-0.5,0.8,"3"
"2305","Cluster_2097_evm.TU.chromosome_8.1116","Cluster_2097","evm.TU.chromosome_8.1116","TP7",0.5,0.8,"2"
"2306","Cluster_2097_evm.TU.chromosome_8.1239","Cluster_2097","evm.TU.chromosome_8.1239","TP7",-0.5,0.210818510677892,"1"
"2307","Cluster_2097_evm.TU.chromosome_8.1322","Cluster_2097","evm.TU.chromosome_8.1322","TP7",0.5,0.210818510677892,"2"
"2308","Cluster_2097_evm.TU.chromosome_8.1530","Cluster_2097","evm.TU.chromosome_8.1530","TP7",0.866025403784439,0.737864787372622,"2"
"2309","Cluster_2097_evm.TU.chromosome_8.1533","Cluster_2097","evm.TU.chromosome_8.1533","TP7",0.866025403784439,-0.258198889747161,"2"
"2310","Cluster_2097_evm.TU.chromosome_8.1540","Cluster_2097","evm.TU.chromosome_8.1540","TP7",-0.5,0.4,"3"
"2311","Cluster_2097_evm.TU.chromosome_8.1541","Cluster_2097","evm.TU.chromosome_8.1541","TP7",-0.5,0.632455532033676,"3"
"2312","Cluster_2097_evm.TU.chromosome_8.1543","Cluster_2097","evm.TU.chromosome_8.1543","TP7",-0.866025403784439,0.774596669241483,"3"
"2313","Cluster_2097_evm.TU.chromosome_8.1551","Cluster_2097","evm.TU.chromosome_8.1551","TP7",-1,0.4,"3"
"2314","Cluster_2097_evm.TU.chromosome_8.1584","Cluster_2097","evm.TU.chromosome_8.1584","TP7",0.5,-0.8,"2"
"2315","Cluster_2097_evm.TU.chromosome_8.170","Cluster_2097","evm.TU.chromosome_8.170","TP7",1,0.4,"2"
"2316","Cluster_2097_evm.TU.chromosome_8.1703","Cluster_2097","evm.TU.chromosome_8.1703","TP7",-0.5,-0.316227766016838,"1"
"2317","Cluster_2097_evm.TU.chromosome_8.1763","Cluster_2097","evm.TU.chromosome_8.1763","TP7",-0.5,0.632455532033676,"3"
"2318","Cluster_2097_evm.TU.chromosome_8.1766","Cluster_2097","evm.TU.chromosome_8.1766","TP7",-0.866025403784439,0.210818510677892,"3"
"2319","Cluster_2097_evm.TU.chromosome_8.1771","Cluster_2097","evm.TU.chromosome_8.1771","TP7",0.5,-0.4,"2"
"2320","Cluster_2097_evm.TU.chromosome_8.2042","Cluster_2097","evm.TU.chromosome_8.2042","TP7",0.5,0.2,"2"
"2321","Cluster_2097_evm.TU.chromosome_8.2128","Cluster_2097","evm.TU.chromosome_8.2128","TP7",-0.5,-0.737864787372622,"1"
"2322","Cluster_2097_evm.TU.chromosome_8.2157","Cluster_2097","evm.TU.chromosome_8.2157","TP7",0.5,0.8,"2"
"2323","Cluster_2097_evm.TU.chromosome_8.2510","Cluster_2097","evm.TU.chromosome_8.2510","TP7",0.5,-0.4,"2"
"2324","Cluster_2097_evm.TU.chromosome_8.2532","Cluster_2097","evm.TU.chromosome_8.2532","TP7",-0.5,0.8,"3"
"2325","Cluster_2097_evm.TU.chromosome_8.2624","Cluster_2097","evm.TU.chromosome_8.2624","TP7",-0.5,0.210818510677892,"1"
"2326","Cluster_2097_evm.TU.chromosome_8.2636","Cluster_2097","evm.TU.chromosome_8.2636","TP7",0.5,0.8,"2"
"2327","Cluster_2097_evm.TU.chromosome_8.2772","Cluster_2097","evm.TU.chromosome_8.2772","TP7",0.5,-0.105409255338946,"2"
"2328","Cluster_2097_evm.TU.chromosome_8.728","Cluster_2097","evm.TU.chromosome_8.728","TP7",-0.5,0.6,"3"
"2329","Cluster_2097_evm.TU.chromosome_8.760","Cluster_2097","evm.TU.chromosome_8.760","TP7",0.866025403784439,0.774596669241483,"2"
"2330","Cluster_2097_evm.TU.chromosome_9.1170","Cluster_2097","evm.TU.chromosome_9.1170","TP7",0.5,-0.8,"2"
"2331","Cluster_2097_evm.TU.chromosome_9.1262","Cluster_2097","evm.TU.chromosome_9.1262","TP7",-0.5,0.4,"3"
"2332","Cluster_2097_evm.TU.chromosome_9.1390","Cluster_2097","evm.TU.chromosome_9.1390","TP7",-0.866025403784439,-0.258198889747161,"1"
"2333","Cluster_2097_evm.TU.chromosome_9.1528","Cluster_2097","evm.TU.chromosome_9.1528","TP7",-0.5,-0.4,"1"
"2334","Cluster_2097_evm.TU.chromosome_9.1543","Cluster_2097","evm.TU.chromosome_9.1543","TP7",-0.866025403784439,-0.258198889747161,"1"
"2335","Cluster_2097_evm.TU.chromosome_9.1569","Cluster_2097","evm.TU.chromosome_9.1569","TP7",0.5,-0.4,"2"
"2336","Cluster_2097_evm.TU.chromosome_9.172","Cluster_2097","evm.TU.chromosome_9.172","TP7",0.5,0.4,"2"
"2337","Cluster_2097_evm.TU.chromosome_9.1770","Cluster_2097","evm.TU.chromosome_9.1770","TP7",-0.5,0.632455532033676,"3"
"2338","Cluster_2097_evm.TU.chromosome_9.1771","Cluster_2097","evm.TU.chromosome_9.1771","TP7",0.5,0.8,"2"
"2339","Cluster_2097_evm.TU.chromosome_9.1988","Cluster_2097","evm.TU.chromosome_9.1988","TP7",-0.5,-0.8,"1"
"2340","Cluster_2097_evm.TU.chromosome_9.2004","Cluster_2097","evm.TU.chromosome_9.2004","TP7",-0.5,0.4,"3"
"2341","Cluster_2097_evm.TU.chromosome_9.225","Cluster_2097","evm.TU.chromosome_9.225","TP7",0.5,0.8,"2"
"2342","Cluster_2097_evm.TU.chromosome_9.2289","Cluster_2097","evm.TU.chromosome_9.2289","TP7",-0.5,0.632455532033676,"3"
"2343","Cluster_2097_evm.TU.chromosome_9.2555","Cluster_2097","evm.TU.chromosome_9.2555","TP7",-0.5,0.4,"3"
"2344","Cluster_2097_evm.TU.chromosome_9.2704","Cluster_2097","evm.TU.chromosome_9.2704","TP7",0.5,0.2,"2"
"2345","Cluster_2097_evm.TU.chromosome_9.2759","Cluster_2097","evm.TU.chromosome_9.2759","TP7",-0.5,0.8,"3"
"2346","Cluster_2151_evm.TU.chromosome_10.2042","Cluster_2151","evm.TU.chromosome_10.2042","TP7",-0.5,-1,"1"
"2347","Cluster_2151_evm.TU.chromosome_11.1713","Cluster_2151","evm.TU.chromosome_11.1713","TP7",-1,-1,"1"
"2348","Cluster_2151_evm.TU.chromosome_11.1778","Cluster_2151","evm.TU.chromosome_11.1778","TP7",0.5,0.8,"2"
"2349","Cluster_2151_evm.TU.chromosome_11.1780","Cluster_2151","evm.TU.chromosome_11.1780","TP7",0.5,0.4,"2"
"2350","Cluster_2151_evm.TU.chromosome_11.885","Cluster_2151","evm.TU.chromosome_11.885","TP7",-0.5,-0.737864787372622,"1"
"2351","Cluster_2151_evm.TU.chromosome_12.115","Cluster_2151","evm.TU.chromosome_12.115","TP7",-0.5,0.105409255338946,"1"
"2352","Cluster_2151_evm.TU.chromosome_12.2624","Cluster_2151","evm.TU.chromosome_12.2624","TP7",-0.5,-0.948683298050514,"1"
"2353","Cluster_2151_evm.TU.chromosome_12.2928","Cluster_2151","evm.TU.chromosome_12.2928","TP7",1,0.8,"2"
"2354","Cluster_2151_evm.TU.chromosome_13.2478","Cluster_2151","evm.TU.chromosome_13.2478","TP7",-1,-0.737864787372622,"1"
"2355","Cluster_2151_evm.TU.chromosome_13.2534","Cluster_2151","evm.TU.chromosome_13.2534","TP7",-1,-0.774596669241483,"1"
"2356","Cluster_2151_evm.TU.chromosome_13.285","Cluster_2151","evm.TU.chromosome_13.285","TP7",-1,-0.210818510677892,"3"
"2357","Cluster_2151_evm.TU.chromosome_13.3988","Cluster_2151","evm.TU.chromosome_13.3988","TP7",-0.5,0.4,"3"
"2358","Cluster_2151_evm.TU.chromosome_14.115","Cluster_2151","evm.TU.chromosome_14.115","TP7",-0.5,-0.737864787372622,"1"
"2359","Cluster_2151_evm.TU.chromosome_14.116","Cluster_2151","evm.TU.chromosome_14.116","TP7",-1,-0.948683298050514,"1"
"2360","Cluster_2151_evm.TU.chromosome_14.6432","Cluster_2151","evm.TU.chromosome_14.6432","TP7",-1,-0.737864787372622,"1"
"2361","Cluster_2151_evm.TU.chromosome_2.518","Cluster_2151","evm.TU.chromosome_2.518","TP7",0.5,-0.258198889747161,"2"
"2362","Cluster_2151_evm.TU.chromosome_5.1499","Cluster_2151","evm.TU.chromosome_5.1499","TP7",-0.5,-0.737864787372622,"1"
"2363","Cluster_2151_evm.TU.chromosome_5.2566","Cluster_2151","evm.TU.chromosome_5.2566","TP7",0,-0.774596669241483,"2"
"2364","Cluster_2151_evm.TU.chromosome_5.419","Cluster_2151","evm.TU.chromosome_5.419","TP7",1,-0.948683298050514,"2"
"2365","Cluster_2151_evm.TU.chromosome_5.806","Cluster_2151","evm.TU.chromosome_5.806","TP7",-1,0.4,"3"
"2366","Cluster_2151_evm.TU.chromosome_7.1475","Cluster_2151","evm.TU.chromosome_7.1475","TP7",1,0.4,"2"
"2367","Cluster_2151_evm.TU.chromosome_8.818","Cluster_2151","evm.TU.chromosome_8.818","TP7",-1,0.2,"3"
"2368","Cluster_2151_evm.TU.chromosome_9.2348","Cluster_2151","evm.TU.chromosome_9.2348","TP7",-0.866025403784439,-0.737864787372622,"1"
"2369","Cluster_2151_evm.TU.chromosome_9.558","Cluster_2151","evm.TU.chromosome_9.558","TP7",-1,0.8,"3"
"2370","Cluster_247_evm.TU.chromosome_1.1246","Cluster_247","evm.TU.chromosome_1.1246","TP7",1,0.8,"2"
"2371","Cluster_247_evm.TU.chromosome_1.1376","Cluster_247","evm.TU.chromosome_1.1376","TP7",-0.5,0.6,"3"
"2372","Cluster_247_evm.TU.chromosome_1.542","Cluster_247","evm.TU.chromosome_1.542","TP7",-0.5,0.948683298050514,"3"
"2373","Cluster_247_evm.TU.chromosome_10.2661","Cluster_247","evm.TU.chromosome_10.2661","TP7",-0.5,1,"3"
"2374","Cluster_247_evm.TU.chromosome_10.3241","Cluster_247","evm.TU.chromosome_10.3241","TP7",-1,-0.2,"3"
"2375","Cluster_247_evm.TU.chromosome_11.1658","Cluster_247","evm.TU.chromosome_11.1658","TP7",0,0.737864787372622,"1"
"2376","Cluster_247_evm.TU.chromosome_11.273","Cluster_247","evm.TU.chromosome_11.273","TP7",-1,0.737864787372622,"3"
"2377","Cluster_247_evm.TU.chromosome_12.1662","Cluster_247","evm.TU.chromosome_12.1662","TP7",-1,0.6,"3"
"2378","Cluster_247_evm.TU.chromosome_12.1663","Cluster_247","evm.TU.chromosome_12.1663","TP7",-0.5,-0.8,"1"
"2379","Cluster_247_evm.TU.chromosome_12.2435","Cluster_247","evm.TU.chromosome_12.2435","TP7",-1,0.2,"3"
"2380","Cluster_247_evm.TU.chromosome_12.2858","Cluster_247","evm.TU.chromosome_12.2858","TP7",-1,-0.4,"1"
"2381","Cluster_247_evm.TU.chromosome_12.2869","Cluster_247","evm.TU.chromosome_12.2869","TP7",-1,0.737864787372622,"3"
"2382","Cluster_247_evm.TU.chromosome_12.3796","Cluster_247","evm.TU.chromosome_12.3796","TP7",-1,0.4,"3"
"2383","Cluster_247_evm.TU.chromosome_13.1819","Cluster_247","evm.TU.chromosome_13.1819","TP7",-0.5,-1,"1"
"2384","Cluster_247_evm.TU.chromosome_13.28","Cluster_247","evm.TU.chromosome_13.28","TP7",-1,-0.6,"1"
"2385","Cluster_247_evm.TU.chromosome_14.1309","Cluster_247","evm.TU.chromosome_14.1309","TP7",-0.5,0.948683298050514,"3"
"2386","Cluster_247_evm.TU.chromosome_14.5679","Cluster_247","evm.TU.chromosome_14.5679","TP7",1,-0.4,"2"
"2387","Cluster_247_evm.TU.chromosome_14.5759","Cluster_247","evm.TU.chromosome_14.5759","TP7",-0.5,0.774596669241483,"3"
"2388","Cluster_247_evm.TU.chromosome_14.6204","Cluster_247","evm.TU.chromosome_14.6204","TP7",-0.866025403784439,0.948683298050514,"3"
"2389","Cluster_247_evm.TU.chromosome_2.345","Cluster_247","evm.TU.chromosome_2.345","TP7",1,-0.4,"2"
"2390","Cluster_247_evm.TU.chromosome_3.1258","Cluster_247","evm.TU.chromosome_3.1258","TP7",-0.5,-0.6,"1"
"2391","Cluster_247_evm.TU.chromosome_3.796","Cluster_247","evm.TU.chromosome_3.796","TP7",-1,0.948683298050514,"3"
"2392","Cluster_247_evm.TU.chromosome_4.2264","Cluster_247","evm.TU.chromosome_4.2264","TP7",-0.5,0.737864787372622,"3"
"2393","Cluster_247_evm.TU.chromosome_5.160","Cluster_247","evm.TU.chromosome_5.160","TP7",-1,0.948683298050514,"3"
"2394","Cluster_247_evm.TU.chromosome_5.1943","Cluster_247","evm.TU.chromosome_5.1943","TP7",-0.5,-1,"1"
"2395","Cluster_247_evm.TU.chromosome_5.2766","Cluster_247","evm.TU.chromosome_5.2766","TP7",-0.866025403784439,-0.774596669241483,"1"
"2396","Cluster_247_evm.TU.chromosome_5.2821","Cluster_247","evm.TU.chromosome_5.2821","TP7",-0.5,0.8,"3"
"2397","Cluster_247_evm.TU.chromosome_5.701","Cluster_247","evm.TU.chromosome_5.701","TP7",-1,0.4,"3"
"2398","Cluster_247_evm.TU.chromosome_6.2610","Cluster_247","evm.TU.chromosome_6.2610","TP7",-1,0.6,"3"
"2399","Cluster_247_evm.TU.chromosome_7.1201","Cluster_247","evm.TU.chromosome_7.1201","TP7",1,0.737864787372622,"2"
"2400","Cluster_247_evm.TU.chromosome_7.1202","Cluster_247","evm.TU.chromosome_7.1202","TP7",-1,0,"3"
"2401","Cluster_247_evm.TU.chromosome_7.1570","Cluster_247","evm.TU.chromosome_7.1570","TP7",-0.5,0.948683298050514,"3"
"2402","Cluster_247_evm.TU.chromosome_7.190","Cluster_247","evm.TU.chromosome_7.190","TP7",-1,-0.4,"1"
"2403","Cluster_247_evm.TU.chromosome_7.1916","Cluster_247","evm.TU.chromosome_7.1916","TP7",-0.866025403784439,0.258198889747161,"3"
"2404","Cluster_247_evm.TU.chromosome_8.1436","Cluster_247","evm.TU.chromosome_8.1436","TP7",-1,0.774596669241483,"3"
"2405","Cluster_247_evm.TU.chromosome_8.1666","Cluster_247","evm.TU.chromosome_8.1666","TP7",-1,0.105409255338946,"3"
"2406","Cluster_247_evm.TU.chromosome_8.2561","Cluster_247","evm.TU.chromosome_8.2561","TP7",-0.5,0.737864787372622,"3"
"2407","Cluster_247_evm.TU.chromosome_8.331","Cluster_247","evm.TU.chromosome_8.331","TP7",-0.5,0.948683298050514,"3"
"2408","Cluster_247_evm.TU.chromosome_9.1168","Cluster_247","evm.TU.chromosome_9.1168","TP7",-1,-0.2,"3"
"2409","Cluster_247_evm.TU.chromosome_9.1617","Cluster_247","evm.TU.chromosome_9.1617","TP7",-0.5,0.2,"1"
"2410","Cluster_2972_evm.TU.chromosome_1.1542","Cluster_2972","evm.TU.chromosome_1.1542","TP7",-0.866025403784439,0.6,"3"
"2411","Cluster_2972_evm.TU.chromosome_1.729","Cluster_2972","evm.TU.chromosome_1.729","TP7",-1,0.316227766016838,"3"
"2412","Cluster_2972_evm.TU.chromosome_1.999","Cluster_2972","evm.TU.chromosome_1.999","TP7",-0.5,0.316227766016838,"3"
"2413","Cluster_2972_evm.TU.chromosome_10.1198","Cluster_2972","evm.TU.chromosome_10.1198","TP7",-1,-0.316227766016838,"3"
"2414","Cluster_2972_evm.TU.chromosome_10.2038","Cluster_2972","evm.TU.chromosome_10.2038","TP7",0,-0.774596669241483,"2"
"2415","Cluster_2972_evm.TU.chromosome_10.2222","Cluster_2972","evm.TU.chromosome_10.2222","TP7",-0.5,-0.316227766016838,"1"
"2416","Cluster_2972_evm.TU.chromosome_10.514","Cluster_2972","evm.TU.chromosome_10.514","TP7",0,-0.316227766016838,"1"
"2417","Cluster_2972_evm.TU.chromosome_11.2903","Cluster_2972","evm.TU.chromosome_11.2903","TP7",0,0.316227766016838,"1"
"2418","Cluster_2972_evm.TU.chromosome_11.3134","Cluster_2972","evm.TU.chromosome_11.3134","TP7",-0.866025403784439,0.774596669241483,"3"
"2419","Cluster_2972_evm.TU.chromosome_12.15","Cluster_2972","evm.TU.chromosome_12.15","TP7",-0.5,-0.210818510677892,"1"
"2420","Cluster_2972_evm.TU.chromosome_12.2410","Cluster_2972","evm.TU.chromosome_12.2410","TP7",-0.5,-0.774596669241483,"1"
"2421","Cluster_2972_evm.TU.chromosome_12.2802","Cluster_2972","evm.TU.chromosome_12.2802","TP7",-1,0.316227766016838,"3"
"2422","Cluster_2972_evm.TU.chromosome_13.1888","Cluster_2972","evm.TU.chromosome_13.1888","TP7",0.5,0.4,"2"
"2423","Cluster_2972_evm.TU.chromosome_13.2100","Cluster_2972","evm.TU.chromosome_13.2100","TP7",-0.5,0,"1"
"2424","Cluster_2972_evm.TU.chromosome_14.1228","Cluster_2972","evm.TU.chromosome_14.1228","TP7",0,-0.210818510677892,"1"
"2425","Cluster_2972_evm.TU.chromosome_14.5126","Cluster_2972","evm.TU.chromosome_14.5126","TP7",-0.5,-0.316227766016838,"1"
"2426","Cluster_2972_evm.TU.chromosome_14.683","Cluster_2972","evm.TU.chromosome_14.683","TP7",0,0,"1"
"2427","Cluster_2972_evm.TU.chromosome_2.1647","Cluster_2972","evm.TU.chromosome_2.1647","TP7",-0.5,-0.316227766016838,"1"
"2428","Cluster_2972_evm.TU.chromosome_3.2047","Cluster_2972","evm.TU.chromosome_3.2047","TP7",-1,-0.316227766016838,"3"
"2429","Cluster_2972_evm.TU.chromosome_4.1903","Cluster_2972","evm.TU.chromosome_4.1903","TP7",-0.5,0.316227766016838,"3"
"2430","Cluster_2972_evm.TU.chromosome_4.212","Cluster_2972","evm.TU.chromosome_4.212","TP7",-0.5,-0.316227766016838,"1"
"2431","Cluster_2972_evm.TU.chromosome_4.431","Cluster_2972","evm.TU.chromosome_4.431","TP7",-0.5,0.6,"3"
"2432","Cluster_2972_evm.TU.chromosome_6.1537","Cluster_2972","evm.TU.chromosome_6.1537","TP7",-0.5,0.316227766016838,"3"
"2433","Cluster_2972_evm.TU.chromosome_6.1705","Cluster_2972","evm.TU.chromosome_6.1705","TP7",-0.5,-0.316227766016838,"1"
"2434","Cluster_2972_evm.TU.chromosome_6.2010","Cluster_2972","evm.TU.chromosome_6.2010","TP7",-0.866025403784439,0.316227766016838,"3"
"2435","Cluster_2972_evm.TU.chromosome_6.2014","Cluster_2972","evm.TU.chromosome_6.2014","TP7",-0.5,-0.8,"1"
"2436","Cluster_2972_evm.TU.chromosome_6.849","Cluster_2972","evm.TU.chromosome_6.849","TP7",-1,0.316227766016838,"3"
"2437","Cluster_2972_evm.TU.chromosome_6.850","Cluster_2972","evm.TU.chromosome_6.850","TP7",-1,-0.316227766016838,"3"
"2438","Cluster_2972_evm.TU.chromosome_7.2342","Cluster_2972","evm.TU.chromosome_7.2342","TP7",-0.5,0.316227766016838,"3"
"2439","Cluster_2972_evm.TU.chromosome_7.2343","Cluster_2972","evm.TU.chromosome_7.2343","TP7",-1,0.774596669241483,"3"
"2440","Cluster_2972_evm.TU.chromosome_7.2370","Cluster_2972","evm.TU.chromosome_7.2370","TP7",-0.866025403784439,-0.774596669241483,"1"
"2441","Cluster_2972_evm.TU.chromosome_7.34","Cluster_2972","evm.TU.chromosome_7.34","TP7",-1,0,"3"
"2442","Cluster_2972_evm.TU.chromosome_8.1303","Cluster_2972","evm.TU.chromosome_8.1303","TP7",0.5,-0.4,"2"
"2443","Cluster_2972_evm.TU.chromosome_8.1330","Cluster_2972","evm.TU.chromosome_8.1330","TP7",-0.866025403784439,-0.737864787372622,"1"
"2444","Cluster_2972_evm.TU.chromosome_8.2267","Cluster_2972","evm.TU.chromosome_8.2267","TP7",-1,0.316227766016838,"3"
"2445","Cluster_2972_evm.TU.chromosome_9.2881","Cluster_2972","evm.TU.chromosome_9.2881","TP7",-1,-0.774596669241483,"1"
"2446","Cluster_3037_evm.TU.chromosome_1.1492","Cluster_3037","evm.TU.chromosome_1.1492","TP7",-0.5,0.737864787372622,"3"
"2447","Cluster_3037_evm.TU.chromosome_1.412","Cluster_3037","evm.TU.chromosome_1.412","TP7",0.866025403784439,0.948683298050514,"2"
"2448","Cluster_3037_evm.TU.chromosome_1.859","Cluster_3037","evm.TU.chromosome_1.859","TP7",0.5,-0.4,"2"
"2449","Cluster_3037_evm.TU.chromosome_1.860","Cluster_3037","evm.TU.chromosome_1.860","TP7",-0.5,0.2,"1"
"2450","Cluster_3037_evm.TU.chromosome_10.1125","Cluster_3037","evm.TU.chromosome_10.1125","TP7",-0.5,1,"3"
"2451","Cluster_3037_evm.TU.chromosome_10.1436","Cluster_3037","evm.TU.chromosome_10.1436","TP7",-0.5,0,"1"
"2452","Cluster_3037_evm.TU.chromosome_10.1447","Cluster_3037","evm.TU.chromosome_10.1447","TP7",0.5,-0.4,"2"
"2453","Cluster_3037_evm.TU.chromosome_10.1624","Cluster_3037","evm.TU.chromosome_10.1624","TP7",-0.866025403784439,0.774596669241483,"3"
"2454","Cluster_3037_evm.TU.chromosome_10.1792","Cluster_3037","evm.TU.chromosome_10.1792","TP7",-0.5,0.4,"3"
"2455","Cluster_3037_evm.TU.chromosome_10.1880","Cluster_3037","evm.TU.chromosome_10.1880","TP7",-0.5,0.2,"1"
"2456","Cluster_3037_evm.TU.chromosome_10.1959","Cluster_3037","evm.TU.chromosome_10.1959","TP7",0.866025403784439,0.737864787372622,"2"
"2457","Cluster_3037_evm.TU.chromosome_10.2301","Cluster_3037","evm.TU.chromosome_10.2301","TP7",0.5,-0.2,"2"
"2458","Cluster_3037_evm.TU.chromosome_10.2318","Cluster_3037","evm.TU.chromosome_10.2318","TP7",-0.5,-0.8,"1"
"2459","Cluster_3037_evm.TU.chromosome_10.2319","Cluster_3037","evm.TU.chromosome_10.2319","TP7",0.5,0.948683298050514,"2"
"2460","Cluster_3037_evm.TU.chromosome_10.2322","Cluster_3037","evm.TU.chromosome_10.2322","TP7",-0.866025403784439,0.948683298050514,"3"
"2461","Cluster_3037_evm.TU.chromosome_10.2390","Cluster_3037","evm.TU.chromosome_10.2390","TP7",0.5,-0.4,"2"
"2462","Cluster_3037_evm.TU.chromosome_10.2825","Cluster_3037","evm.TU.chromosome_10.2825","TP7",-0.5,0.258198889747161,"1"
"2463","Cluster_3037_evm.TU.chromosome_10.2923","Cluster_3037","evm.TU.chromosome_10.2923","TP7",0.5,-0.2,"2"
"2464","Cluster_3037_evm.TU.chromosome_10.2926","Cluster_3037","evm.TU.chromosome_10.2926","TP7",0.5,0.8,"2"
"2465","Cluster_3037_evm.TU.chromosome_10.2953","Cluster_3037","evm.TU.chromosome_10.2953","TP7",0.5,0.2,"2"
"2466","Cluster_3037_evm.TU.chromosome_10.3004","Cluster_3037","evm.TU.chromosome_10.3004","TP7",0.5,0.6,"2"
"2467","Cluster_3037_evm.TU.chromosome_10.3033","Cluster_3037","evm.TU.chromosome_10.3033","TP7",-0.5,-0.8,"1"
"2468","Cluster_3037_evm.TU.chromosome_10.3092","Cluster_3037","evm.TU.chromosome_10.3092","TP7",-0.5,0.4,"3"
"2469","Cluster_3037_evm.TU.chromosome_10.3275","Cluster_3037","evm.TU.chromosome_10.3275","TP7",-0.5,-0.4,"1"
"2470","Cluster_3037_evm.TU.chromosome_10.402","Cluster_3037","evm.TU.chromosome_10.402","TP7",-0.5,-0.8,"1"
"2471","Cluster_3037_evm.TU.chromosome_10.691","Cluster_3037","evm.TU.chromosome_10.691","TP7",0.5,1,"2"
"2472","Cluster_3037_evm.TU.chromosome_11.1327","Cluster_3037","evm.TU.chromosome_11.1327","TP7",-0.5,0.2,"1"
"2473","Cluster_3037_evm.TU.chromosome_11.138","Cluster_3037","evm.TU.chromosome_11.138","TP7",0.5,-0.8,"2"
"2474","Cluster_3037_evm.TU.chromosome_11.1676","Cluster_3037","evm.TU.chromosome_11.1676","TP7",0.5,0.948683298050514,"2"
"2475","Cluster_3037_evm.TU.chromosome_11.1837","Cluster_3037","evm.TU.chromosome_11.1837","TP7",0.5,-0.105409255338946,"2"
"2476","Cluster_3037_evm.TU.chromosome_11.1959","Cluster_3037","evm.TU.chromosome_11.1959","TP7",-0.5,0.737864787372622,"3"
"2477","Cluster_3037_evm.TU.chromosome_11.226","Cluster_3037","evm.TU.chromosome_11.226","TP7",0.5,0.8,"2"
"2478","Cluster_3037_evm.TU.chromosome_11.2817","Cluster_3037","evm.TU.chromosome_11.2817","TP7",0.5,0.6,"2"
"2479","Cluster_3037_evm.TU.chromosome_11.348","Cluster_3037","evm.TU.chromosome_11.348","TP7",0.5,0.8,"2"
"2480","Cluster_3037_evm.TU.chromosome_11.40","Cluster_3037","evm.TU.chromosome_11.40","TP7",0.5,0.8,"2"
"2481","Cluster_3037_evm.TU.chromosome_11.539","Cluster_3037","evm.TU.chromosome_11.539","TP7",0.5,0.8,"2"
"2482","Cluster_3037_evm.TU.chromosome_11.552","Cluster_3037","evm.TU.chromosome_11.552","TP7",0.5,-0.6,"2"
"2483","Cluster_3037_evm.TU.chromosome_12.1026","Cluster_3037","evm.TU.chromosome_12.1026","TP7",-0.866025403784439,0.737864787372622,"3"
"2484","Cluster_3037_evm.TU.chromosome_12.1146","Cluster_3037","evm.TU.chromosome_12.1146","TP7",0.5,1,"2"
"2485","Cluster_3037_evm.TU.chromosome_12.146","Cluster_3037","evm.TU.chromosome_12.146","TP7",-0.5,0.4,"3"
"2486","Cluster_3037_evm.TU.chromosome_12.1617","Cluster_3037","evm.TU.chromosome_12.1617","TP7",0.5,0.948683298050514,"2"
"2487","Cluster_3037_evm.TU.chromosome_12.1775","Cluster_3037","evm.TU.chromosome_12.1775","TP7",0.5,0.8,"2"
"2488","Cluster_3037_evm.TU.chromosome_12.1778","Cluster_3037","evm.TU.chromosome_12.1778","TP7",-0.5,-0.8,"1"
"2489","Cluster_3037_evm.TU.chromosome_12.1992","Cluster_3037","evm.TU.chromosome_12.1992","TP7",-0.5,0.8,"3"
"2490","Cluster_3037_evm.TU.chromosome_12.2163","Cluster_3037","evm.TU.chromosome_12.2163","TP7",0.5,-0.8,"2"
"2491","Cluster_3037_evm.TU.chromosome_12.217","Cluster_3037","evm.TU.chromosome_12.217","TP7",-0.5,-0.8,"1"
"2492","Cluster_3037_evm.TU.chromosome_12.2214","Cluster_3037","evm.TU.chromosome_12.2214","TP7",0.5,-0.8,"2"
"2493","Cluster_3037_evm.TU.chromosome_12.2215","Cluster_3037","evm.TU.chromosome_12.2215","TP7",0.5,-0.4,"2"
"2494","Cluster_3037_evm.TU.chromosome_12.2369","Cluster_3037","evm.TU.chromosome_12.2369","TP7",0,-0.258198889747161,"1"
"2495","Cluster_3037_evm.TU.chromosome_12.3020","Cluster_3037","evm.TU.chromosome_12.3020","TP7",-0.5,0.4,"3"
"2496","Cluster_3037_evm.TU.chromosome_12.3091","Cluster_3037","evm.TU.chromosome_12.3091","TP7",-0.5,0.8,"3"
"2497","Cluster_3037_evm.TU.chromosome_12.333","Cluster_3037","evm.TU.chromosome_12.333","TP7",-0.5,0.8,"3"
"2498","Cluster_3037_evm.TU.chromosome_12.3379","Cluster_3037","evm.TU.chromosome_12.3379","TP7",0.5,-0.105409255338946,"2"
"2499","Cluster_3037_evm.TU.chromosome_12.4035","Cluster_3037","evm.TU.chromosome_12.4035","TP7",-0.5,-0.4,"1"
"2500","Cluster_3037_evm.TU.chromosome_12.4069","Cluster_3037","evm.TU.chromosome_12.4069","TP7",-0.866025403784439,0.4,"3"
"2501","Cluster_3037_evm.TU.chromosome_12.4072","Cluster_3037","evm.TU.chromosome_12.4072","TP7",-0.5,-0.6,"1"
"2502","Cluster_3037_evm.TU.chromosome_12.4082","Cluster_3037","evm.TU.chromosome_12.4082","TP7",-0.5,-0.2,"1"
"2503","Cluster_3037_evm.TU.chromosome_12.878","Cluster_3037","evm.TU.chromosome_12.878","TP7",0.5,1,"2"
"2504","Cluster_3037_evm.TU.chromosome_12.926","Cluster_3037","evm.TU.chromosome_12.926","TP7",0.5,0.2,"2"
"2505","Cluster_3037_evm.TU.chromosome_12.927","Cluster_3037","evm.TU.chromosome_12.927","TP7",0.5,-0.2,"2"
"2506","Cluster_3037_evm.TU.chromosome_13.1086","Cluster_3037","evm.TU.chromosome_13.1086","TP7",-0.5,0,"1"
"2507","Cluster_3037_evm.TU.chromosome_13.117","Cluster_3037","evm.TU.chromosome_13.117","TP7",0.5,0.948683298050514,"2"
"2508","Cluster_3037_evm.TU.chromosome_13.1411","Cluster_3037","evm.TU.chromosome_13.1411","TP7",0.5,-0.8,"2"
"2509","Cluster_3037_evm.TU.chromosome_13.1469","Cluster_3037","evm.TU.chromosome_13.1469","TP7",-0.5,0.4,"3"
"2510","Cluster_3037_evm.TU.chromosome_13.1662","Cluster_3037","evm.TU.chromosome_13.1662","TP7",-0.5,-0.2,"1"
"2511","Cluster_3037_evm.TU.chromosome_13.2488","Cluster_3037","evm.TU.chromosome_13.2488","TP7",-0.5,0.8,"3"
"2512","Cluster_3037_evm.TU.chromosome_13.2719","Cluster_3037","evm.TU.chromosome_13.2719","TP7",-0.5,-0.6,"1"
"2513","Cluster_3037_evm.TU.chromosome_13.3414","Cluster_3037","evm.TU.chromosome_13.3414","TP7",-0.5,0.8,"3"
"2514","Cluster_3037_evm.TU.chromosome_13.3417","Cluster_3037","evm.TU.chromosome_13.3417","TP7",0.5,-0.4,"2"
"2515","Cluster_3037_evm.TU.chromosome_13.3703","Cluster_3037","evm.TU.chromosome_13.3703","TP7",0.5,0.948683298050514,"2"
"2516","Cluster_3037_evm.TU.chromosome_13.4200","Cluster_3037","evm.TU.chromosome_13.4200","TP7",-0.866025403784439,0.737864787372622,"3"
"2517","Cluster_3037_evm.TU.chromosome_13.607","Cluster_3037","evm.TU.chromosome_13.607","TP7",0.5,0.774596669241483,"2"
"2518","Cluster_3037_evm.TU.chromosome_13.798","Cluster_3037","evm.TU.chromosome_13.798","TP7",-0.5,-0.8,"1"
"2519","Cluster_3037_evm.TU.chromosome_13.821","Cluster_3037","evm.TU.chromosome_13.821","TP7",-0.5,-0.2,"1"
"2520","Cluster_3037_evm.TU.chromosome_14.105","Cluster_3037","evm.TU.chromosome_14.105","TP7",-0.5,1,"3"
"2521","Cluster_3037_evm.TU.chromosome_14.1062","Cluster_3037","evm.TU.chromosome_14.1062","TP7",0.5,0.6,"2"
"2522","Cluster_3037_evm.TU.chromosome_14.1641","Cluster_3037","evm.TU.chromosome_14.1641","TP7",0.5,0.737864787372622,"2"
"2523","Cluster_3037_evm.TU.chromosome_14.185","Cluster_3037","evm.TU.chromosome_14.185","TP7",0.5,0.2,"2"
"2524","Cluster_3037_evm.TU.chromosome_14.2871","Cluster_3037","evm.TU.chromosome_14.2871","TP7",-0.5,0.737864787372622,"3"
"2525","Cluster_3037_evm.TU.chromosome_14.3061","Cluster_3037","evm.TU.chromosome_14.3061","TP7",0.5,0.737864787372622,"2"
"2526","Cluster_3037_evm.TU.chromosome_14.5650","Cluster_3037","evm.TU.chromosome_14.5650","TP7",0.5,0.8,"2"
"2527","Cluster_3037_evm.TU.chromosome_14.5653","Cluster_3037","evm.TU.chromosome_14.5653","TP7",0.5,-0.4,"2"
"2528","Cluster_3037_evm.TU.chromosome_14.5760","Cluster_3037","evm.TU.chromosome_14.5760","TP7",0.5,0.4,"2"
"2529","Cluster_3037_evm.TU.chromosome_14.5912","Cluster_3037","evm.TU.chromosome_14.5912","TP7",-1,-0.6,"1"
"2530","Cluster_3037_evm.TU.chromosome_14.629","Cluster_3037","evm.TU.chromosome_14.629","TP7",0.5,-0.2,"2"
"2531","Cluster_3037_evm.TU.chromosome_14.6492","Cluster_3037","evm.TU.chromosome_14.6492","TP7",0.5,-0.2,"2"
"2532","Cluster_3037_evm.TU.chromosome_14.6613","Cluster_3037","evm.TU.chromosome_14.6613","TP7",-0.866025403784439,0.8,"3"
"2533","Cluster_3037_evm.TU.chromosome_14.6655","Cluster_3037","evm.TU.chromosome_14.6655","TP7",-0.5,-0.4,"1"
"2534","Cluster_3037_evm.TU.chromosome_14.6666","Cluster_3037","evm.TU.chromosome_14.6666","TP7",-0.5,1,"3"
"2535","Cluster_3037_evm.TU.chromosome_14.7181","Cluster_3037","evm.TU.chromosome_14.7181","TP7",1,0.258198889747161,"2"
"2536","Cluster_3037_evm.TU.chromosome_14.7218","Cluster_3037","evm.TU.chromosome_14.7218","TP7",0.5,0.6,"2"
"2537","Cluster_3037_evm.TU.chromosome_14.7362","Cluster_3037","evm.TU.chromosome_14.7362","TP7",-0.5,0.4,"3"
"2538","Cluster_3037_evm.TU.chromosome_2.1175","Cluster_3037","evm.TU.chromosome_2.1175","TP7",0.5,-0.8,"2"
"2539","Cluster_3037_evm.TU.chromosome_2.1434","Cluster_3037","evm.TU.chromosome_2.1434","TP7",0.5,0.737864787372622,"2"
"2540","Cluster_3037_evm.TU.chromosome_2.1462","Cluster_3037","evm.TU.chromosome_2.1462","TP7",0.5,0.4,"2"
"2541","Cluster_3037_evm.TU.chromosome_2.1669","Cluster_3037","evm.TU.chromosome_2.1669","TP7",-0.866025403784439,0.258198889747161,"3"
"2542","Cluster_3037_evm.TU.chromosome_2.1920","Cluster_3037","evm.TU.chromosome_2.1920","TP7",-0.5,-0.4,"1"
"2543","Cluster_3037_evm.TU.chromosome_2.2042","Cluster_3037","evm.TU.chromosome_2.2042","TP7",0.5,0.2,"2"
"2544","Cluster_3037_evm.TU.chromosome_2.267","Cluster_3037","evm.TU.chromosome_2.267","TP7",-0.5,-0.6,"1"
"2545","Cluster_3037_evm.TU.chromosome_2.277","Cluster_3037","evm.TU.chromosome_2.277","TP7",-0.5,0.948683298050514,"3"
"2546","Cluster_3037_evm.TU.chromosome_2.316","Cluster_3037","evm.TU.chromosome_2.316","TP7",0.5,0.8,"2"
"2547","Cluster_3037_evm.TU.chromosome_2.589","Cluster_3037","evm.TU.chromosome_2.589","TP7",0.5,0.737864787372622,"2"
"2548","Cluster_3037_evm.TU.chromosome_2.834","Cluster_3037","evm.TU.chromosome_2.834","TP7",0.5,0.2,"2"
"2549","Cluster_3037_evm.TU.chromosome_2.859","Cluster_3037","evm.TU.chromosome_2.859","TP7",-0.5,0.4,"3"
"2550","Cluster_3037_evm.TU.chromosome_2.877","Cluster_3037","evm.TU.chromosome_2.877","TP7",0.5,0.4,"2"
"2551","Cluster_3037_evm.TU.chromosome_3.1057","Cluster_3037","evm.TU.chromosome_3.1057","TP7",0.5,0,"2"
"2552","Cluster_3037_evm.TU.chromosome_3.1809","Cluster_3037","evm.TU.chromosome_3.1809","TP7",-0.5,-0.2,"1"
"2553","Cluster_3037_evm.TU.chromosome_3.1872","Cluster_3037","evm.TU.chromosome_3.1872","TP7",-0.866025403784439,-0.774596669241483,"1"
"2554","Cluster_3037_evm.TU.chromosome_3.227","Cluster_3037","evm.TU.chromosome_3.227","TP7",0.5,0.4,"2"
"2555","Cluster_3037_evm.TU.chromosome_4.1103","Cluster_3037","evm.TU.chromosome_4.1103","TP7",-0.5,-0.8,"1"
"2556","Cluster_3037_evm.TU.chromosome_4.1369","Cluster_3037","evm.TU.chromosome_4.1369","TP7",0.5,0.4,"2"
"2557","Cluster_3037_evm.TU.chromosome_4.1375","Cluster_3037","evm.TU.chromosome_4.1375","TP7",0.5,0.8,"2"
"2558","Cluster_3037_evm.TU.chromosome_4.1670","Cluster_3037","evm.TU.chromosome_4.1670","TP7",0.5,0.6,"2"
"2559","Cluster_3037_evm.TU.chromosome_4.1805","Cluster_3037","evm.TU.chromosome_4.1805","TP7",-0.5,-0.8,"1"
"2560","Cluster_3037_evm.TU.chromosome_4.1877","Cluster_3037","evm.TU.chromosome_4.1877","TP7",0.5,0.4,"2"
"2561","Cluster_3037_evm.TU.chromosome_4.1924","Cluster_3037","evm.TU.chromosome_4.1924","TP7",0.5,1,"2"
"2562","Cluster_3037_evm.TU.chromosome_4.2087","Cluster_3037","evm.TU.chromosome_4.2087","TP7",0.5,-0.2,"2"
"2563","Cluster_3037_evm.TU.chromosome_4.2281","Cluster_3037","evm.TU.chromosome_4.2281","TP7",0.866025403784439,0.258198889747161,"2"
"2564","Cluster_3037_evm.TU.chromosome_4.2382","Cluster_3037","evm.TU.chromosome_4.2382","TP7",0.5,0.737864787372622,"2"
"2565","Cluster_3037_evm.TU.chromosome_4.332","Cluster_3037","evm.TU.chromosome_4.332","TP7",0.5,-0.4,"2"
"2566","Cluster_3037_evm.TU.chromosome_4.915","Cluster_3037","evm.TU.chromosome_4.915","TP7",-0.5,0.774596669241483,"3"
"2567","Cluster_3037_evm.TU.chromosome_5.1265","Cluster_3037","evm.TU.chromosome_5.1265","TP7",0.5,-0.2,"2"
"2568","Cluster_3037_evm.TU.chromosome_5.1495","Cluster_3037","evm.TU.chromosome_5.1495","TP7",0.5,0.4,"2"
"2569","Cluster_3037_evm.TU.chromosome_5.1565","Cluster_3037","evm.TU.chromosome_5.1565","TP7",0.5,-0.8,"2"
"2570","Cluster_3037_evm.TU.chromosome_5.1884","Cluster_3037","evm.TU.chromosome_5.1884","TP7",0.5,-0.4,"2"
"2571","Cluster_3037_evm.TU.chromosome_5.2137","Cluster_3037","evm.TU.chromosome_5.2137","TP7",-1,0.4,"3"
"2572","Cluster_3037_evm.TU.chromosome_5.2190","Cluster_3037","evm.TU.chromosome_5.2190","TP7",-0.5,0,"1"
"2573","Cluster_3037_evm.TU.chromosome_5.2727","Cluster_3037","evm.TU.chromosome_5.2727","TP7",0.5,0.8,"2"
"2574","Cluster_3037_evm.TU.chromosome_5.381","Cluster_3037","evm.TU.chromosome_5.381","TP7",0.5,0.8,"2"
"2575","Cluster_3037_evm.TU.chromosome_5.382","Cluster_3037","evm.TU.chromosome_5.382","TP7",-0.5,0.8,"3"
"2576","Cluster_3037_evm.TU.chromosome_5.887","Cluster_3037","evm.TU.chromosome_5.887","TP7",-0.5,-0.4,"1"
"2577","Cluster_3037_evm.TU.chromosome_6.1033","Cluster_3037","evm.TU.chromosome_6.1033","TP7",-0.5,0.8,"3"
"2578","Cluster_3037_evm.TU.chromosome_6.1639","Cluster_3037","evm.TU.chromosome_6.1639","TP7",-1,-0.6,"1"
"2579","Cluster_3037_evm.TU.chromosome_6.2019","Cluster_3037","evm.TU.chromosome_6.2019","TP7",0.5,0.737864787372622,"2"
"2580","Cluster_3037_evm.TU.chromosome_6.2288","Cluster_3037","evm.TU.chromosome_6.2288","TP7",-0.5,0.8,"3"
"2581","Cluster_3037_evm.TU.chromosome_6.2364","Cluster_3037","evm.TU.chromosome_6.2364","TP7",0.5,0.4,"2"
"2582","Cluster_3037_evm.TU.chromosome_6.2400","Cluster_3037","evm.TU.chromosome_6.2400","TP7",-0.5,-0.8,"1"
"2583","Cluster_3037_evm.TU.chromosome_6.2523","Cluster_3037","evm.TU.chromosome_6.2523","TP7",0.5,0.8,"2"
"2584","Cluster_3037_evm.TU.chromosome_6.2955","Cluster_3037","evm.TU.chromosome_6.2955","TP7",0.5,0.4,"2"
"2585","Cluster_3037_evm.TU.chromosome_6.483","Cluster_3037","evm.TU.chromosome_6.483","TP7",-1,-0.6,"1"
"2586","Cluster_3037_evm.TU.chromosome_6.649","Cluster_3037","evm.TU.chromosome_6.649","TP7",0.5,0.948683298050514,"2"
"2587","Cluster_3037_evm.TU.chromosome_6.699","Cluster_3037","evm.TU.chromosome_6.699","TP7",1,0.4,"2"
"2588","Cluster_3037_evm.TU.chromosome_6.75","Cluster_3037","evm.TU.chromosome_6.75","TP7",-0.5,-0.2,"1"
"2589","Cluster_3037_evm.TU.chromosome_7.1470","Cluster_3037","evm.TU.chromosome_7.1470","TP7",0.5,-0.4,"2"
"2590","Cluster_3037_evm.TU.chromosome_7.2714","Cluster_3037","evm.TU.chromosome_7.2714","TP7",0.5,0.4,"2"
"2591","Cluster_3037_evm.TU.chromosome_7.278","Cluster_3037","evm.TU.chromosome_7.278","TP7",-0.5,0.6,"3"
"2592","Cluster_3037_evm.TU.chromosome_7.510","Cluster_3037","evm.TU.chromosome_7.510","TP7",-0.5,-0.8,"1"
"2593","Cluster_3037_evm.TU.chromosome_7.975","Cluster_3037","evm.TU.chromosome_7.975","TP7",0.5,-0.4,"2"
"2594","Cluster_3037_evm.TU.chromosome_8.115","Cluster_3037","evm.TU.chromosome_8.115","TP7",0.5,0.4,"2"
"2595","Cluster_3037_evm.TU.chromosome_8.1195","Cluster_3037","evm.TU.chromosome_8.1195","TP7",0.5,-0.4,"2"
"2596","Cluster_3037_evm.TU.chromosome_8.1214","Cluster_3037","evm.TU.chromosome_8.1214","TP7",0.5,0,"2"
"2597","Cluster_3037_evm.TU.chromosome_8.151","Cluster_3037","evm.TU.chromosome_8.151","TP7",0.5,0.737864787372622,"2"
"2598","Cluster_3037_evm.TU.chromosome_8.1585","Cluster_3037","evm.TU.chromosome_8.1585","TP7",-0.5,0.6,"3"
"2599","Cluster_3037_evm.TU.chromosome_8.1710","Cluster_3037","evm.TU.chromosome_8.1710","TP7",0.5,-0.2,"2"
"2600","Cluster_3037_evm.TU.chromosome_8.214","Cluster_3037","evm.TU.chromosome_8.214","TP7",-0.5,-0.8,"1"
"2601","Cluster_3037_evm.TU.chromosome_8.2616","Cluster_3037","evm.TU.chromosome_8.2616","TP7",0.5,-0.8,"2"
"2602","Cluster_3037_evm.TU.chromosome_8.402","Cluster_3037","evm.TU.chromosome_8.402","TP7",0.5,-0.8,"2"
"2603","Cluster_3037_evm.TU.chromosome_8.814","Cluster_3037","evm.TU.chromosome_8.814","TP7",0.866025403784439,0.774596669241483,"2"
"2604","Cluster_3037_evm.TU.chromosome_8.904","Cluster_3037","evm.TU.chromosome_8.904","TP7",-0.866025403784439,-0.4,"1"
"2605","Cluster_3037_evm.TU.chromosome_9.1435","Cluster_3037","evm.TU.chromosome_9.1435","TP7",0.5,-0.4,"2"
"2606","Cluster_3037_evm.TU.chromosome_9.1519","Cluster_3037","evm.TU.chromosome_9.1519","TP7",0.5,-0.2,"2"
"2607","Cluster_3037_evm.TU.chromosome_9.2377","Cluster_3037","evm.TU.chromosome_9.2377","TP7",-0.866025403784439,-0.2,"1"
"2608","Cluster_3037_evm.TU.chromosome_9.2543","Cluster_3037","evm.TU.chromosome_9.2543","TP7",0.5,-0.2,"2"
"2609","Cluster_3037_evm.TU.chromosome_9.2678","Cluster_3037","evm.TU.chromosome_9.2678","TP7",0.5,-0.4,"2"
"2610","Cluster_3037_evm.TU.chromosome_9.2709","Cluster_3037","evm.TU.chromosome_9.2709","TP7",0.5,0,"2"
"2611","Cluster_3037_evm.TU.chromosome_9.475","Cluster_3037","evm.TU.chromosome_9.475","TP7",-0.5,-0.8,"1"
"2612","Cluster_3037_evm.TU.chromosome_9.528","Cluster_3037","evm.TU.chromosome_9.528","TP7",-1,0.4,"3"
"2613","Cluster_3037_evm.TU.chromosome_9.535","Cluster_3037","evm.TU.chromosome_9.535","TP7",0.5,-0.8,"2"
"2614","Cluster_3037_evm.TU.chromosome_9.536","Cluster_3037","evm.TU.chromosome_9.536","TP7",0.5,0.8,"2"
"2615","Cluster_3037_evm.TU.chromosome_9.913","Cluster_3037","evm.TU.chromosome_9.913","TP7",-0.866025403784439,0.774596669241483,"3"
"2616","Cluster_3037_evm.TU.chromosome_9.989","Cluster_3037","evm.TU.chromosome_9.989","TP7",-0.866025403784439,0.258198889747161,"3"
"2617","Cluster_3044_evm.TU.chromosome_1.1524","Cluster_3044","evm.TU.chromosome_1.1524","TP7",0.5,-0.8,"2"
"2618","Cluster_3044_evm.TU.chromosome_1.335","Cluster_3044","evm.TU.chromosome_1.335","TP7",-1,-0.316227766016838,"3"
"2619","Cluster_3044_evm.TU.chromosome_1.342","Cluster_3044","evm.TU.chromosome_1.342","TP7",-0.5,-0.6,"1"
"2620","Cluster_3044_evm.TU.chromosome_1.345","Cluster_3044","evm.TU.chromosome_1.345","TP7",-0.5,-0.210818510677892,"1"
"2621","Cluster_3044_evm.TU.chromosome_1.351","Cluster_3044","evm.TU.chromosome_1.351","TP7",-0.5,-0.2,"1"
"2622","Cluster_3044_evm.TU.chromosome_10.1101","Cluster_3044","evm.TU.chromosome_10.1101","TP7",-0.5,-1,"1"
"2623","Cluster_3044_evm.TU.chromosome_10.1176","Cluster_3044","evm.TU.chromosome_10.1176","TP7",0.5,-1,"2"
"2624","Cluster_3044_evm.TU.chromosome_10.2538","Cluster_3044","evm.TU.chromosome_10.2538","TP7",-0.5,-0.2,"1"
"2625","Cluster_3044_evm.TU.chromosome_10.2627","Cluster_3044","evm.TU.chromosome_10.2627","TP7",0.5,0.6,"2"
"2626","Cluster_3044_evm.TU.chromosome_10.273","Cluster_3044","evm.TU.chromosome_10.273","TP7",-0.866025403784439,-0.210818510677892,"1"
"2627","Cluster_3044_evm.TU.chromosome_10.474","Cluster_3044","evm.TU.chromosome_10.474","TP7",0.5,-0.2,"2"
"2628","Cluster_3044_evm.TU.chromosome_10.708","Cluster_3044","evm.TU.chromosome_10.708","TP7",0.5,-0.8,"2"
"2629","Cluster_3044_evm.TU.chromosome_11.1013","Cluster_3044","evm.TU.chromosome_11.1013","TP7",0.5,0.4,"2"
"2630","Cluster_3044_evm.TU.chromosome_11.1024","Cluster_3044","evm.TU.chromosome_11.1024","TP7",0.866025403784439,-0.632455532033676,"2"
"2631","Cluster_3044_evm.TU.chromosome_11.1374","Cluster_3044","evm.TU.chromosome_11.1374","TP7",0.5,0.8,"2"
"2632","Cluster_3044_evm.TU.chromosome_11.2149","Cluster_3044","evm.TU.chromosome_11.2149","TP7",0.5,-0.4,"2"
"2633","Cluster_3044_evm.TU.chromosome_11.278","Cluster_3044","evm.TU.chromosome_11.278","TP7",0.5,-0.632455532033676,"2"
"2634","Cluster_3044_evm.TU.chromosome_11.2874","Cluster_3044","evm.TU.chromosome_11.2874","TP7",-0.5,0.8,"3"
"2635","Cluster_3044_evm.TU.chromosome_11.2953","Cluster_3044","evm.TU.chromosome_11.2953","TP7",-0.5,-0.258198889747161,"1"
"2636","Cluster_3044_evm.TU.chromosome_12.1402","Cluster_3044","evm.TU.chromosome_12.1402","TP7",-0.5,-0.4,"1"
"2637","Cluster_3044_evm.TU.chromosome_12.1927","Cluster_3044","evm.TU.chromosome_12.1927","TP7",-0.5,0.2,"1"
"2638","Cluster_3044_evm.TU.chromosome_12.2000","Cluster_3044","evm.TU.chromosome_12.2000","TP7",-0.5,-0.8,"1"
"2639","Cluster_3044_evm.TU.chromosome_12.2124","Cluster_3044","evm.TU.chromosome_12.2124","TP7",-0.5,-0.774596669241483,"1"
"2640","Cluster_3044_evm.TU.chromosome_12.2129","Cluster_3044","evm.TU.chromosome_12.2129","TP7",0.5,0.8,"2"
"2641","Cluster_3044_evm.TU.chromosome_12.2193","Cluster_3044","evm.TU.chromosome_12.2193","TP7",-0.5,0.2,"1"
"2642","Cluster_3044_evm.TU.chromosome_12.2809","Cluster_3044","evm.TU.chromosome_12.2809","TP7",1,0,"2"
"2643","Cluster_3044_evm.TU.chromosome_12.3229","Cluster_3044","evm.TU.chromosome_12.3229","TP7",0.5,0.8,"2"
"2644","Cluster_3044_evm.TU.chromosome_12.3601","Cluster_3044","evm.TU.chromosome_12.3601","TP7",-0.5,0.8,"3"
"2645","Cluster_3044_evm.TU.chromosome_12.373","Cluster_3044","evm.TU.chromosome_12.373","TP7",0.5,-0.210818510677892,"2"
"2646","Cluster_3044_evm.TU.chromosome_13.2885","Cluster_3044","evm.TU.chromosome_13.2885","TP7",-0.5,-0.4,"1"
"2647","Cluster_3044_evm.TU.chromosome_13.3057","Cluster_3044","evm.TU.chromosome_13.3057","TP7",0.866025403784439,-0.210818510677892,"2"
"2648","Cluster_3044_evm.TU.chromosome_13.3209","Cluster_3044","evm.TU.chromosome_13.3209","TP7",-0.5,0.4,"3"
"2649","Cluster_3044_evm.TU.chromosome_13.3355","Cluster_3044","evm.TU.chromosome_13.3355","TP7",0.5,0.2,"2"
"2650","Cluster_3044_evm.TU.chromosome_13.3385","Cluster_3044","evm.TU.chromosome_13.3385","TP7",-0.5,-0.4,"1"
"2651","Cluster_3044_evm.TU.chromosome_13.700","Cluster_3044","evm.TU.chromosome_13.700","TP7",-0.5,1,"3"
"2652","Cluster_3044_evm.TU.chromosome_14.402","Cluster_3044","evm.TU.chromosome_14.402","TP7",0.5,-0.632455532033676,"2"
"2653","Cluster_3044_evm.TU.chromosome_14.4701","Cluster_3044","evm.TU.chromosome_14.4701","TP7",0.5,0.105409255338946,"2"
"2654","Cluster_3044_evm.TU.chromosome_14.4957","Cluster_3044","evm.TU.chromosome_14.4957","TP7",0.5,-0.210818510677892,"2"
"2655","Cluster_3044_evm.TU.chromosome_14.5114","Cluster_3044","evm.TU.chromosome_14.5114","TP7",0.866025403784439,0.316227766016838,"2"
"2656","Cluster_3044_evm.TU.chromosome_14.5225","Cluster_3044","evm.TU.chromosome_14.5225","TP7",-0.5,0.4,"3"
"2657","Cluster_3044_evm.TU.chromosome_14.5617","Cluster_3044","evm.TU.chromosome_14.5617","TP7",-1,-0.210818510677892,"3"
"2658","Cluster_3044_evm.TU.chromosome_14.6857","Cluster_3044","evm.TU.chromosome_14.6857","TP7",-0.5,-0.8,"1"
"2659","Cluster_3044_evm.TU.chromosome_14.6923","Cluster_3044","evm.TU.chromosome_14.6923","TP7",-0.5,-0.210818510677892,"1"
"2660","Cluster_3044_evm.TU.chromosome_14.971","Cluster_3044","evm.TU.chromosome_14.971","TP7",-0.5,0.8,"3"
"2661","Cluster_3044_evm.TU.chromosome_2.1356","Cluster_3044","evm.TU.chromosome_2.1356","TP7",0.866025403784439,-0.632455532033676,"2"
"2662","Cluster_3044_evm.TU.chromosome_2.1793","Cluster_3044","evm.TU.chromosome_2.1793","TP7",0.5,-0.632455532033676,"2"
"2663","Cluster_3044_evm.TU.chromosome_2.311","Cluster_3044","evm.TU.chromosome_2.311","TP7",-0.5,0.4,"3"
"2664","Cluster_3044_evm.TU.chromosome_2.729","Cluster_3044","evm.TU.chromosome_2.729","TP7",0.5,0,"2"
"2665","Cluster_3044_evm.TU.chromosome_3.1163","Cluster_3044","evm.TU.chromosome_3.1163","TP7",-0.5,-0.4,"1"
"2666","Cluster_3044_evm.TU.chromosome_3.1394","Cluster_3044","evm.TU.chromosome_3.1394","TP7",-0.5,0.4,"3"
"2667","Cluster_3044_evm.TU.chromosome_3.1707","Cluster_3044","evm.TU.chromosome_3.1707","TP7",0.5,-0.4,"2"
"2668","Cluster_3044_evm.TU.chromosome_3.1724","Cluster_3044","evm.TU.chromosome_3.1724","TP7",0.5,0.4,"2"
"2669","Cluster_3044_evm.TU.chromosome_3.1736","Cluster_3044","evm.TU.chromosome_3.1736","TP7",-0.5,0.774596669241483,"3"
"2670","Cluster_3044_evm.TU.chromosome_3.241","Cluster_3044","evm.TU.chromosome_3.241","TP7",0.5,0,"2"
"2671","Cluster_3044_evm.TU.chromosome_3.46","Cluster_3044","evm.TU.chromosome_3.46","TP7",-0.5,-0.632455532033676,"1"
"2672","Cluster_3044_evm.TU.chromosome_3.764","Cluster_3044","evm.TU.chromosome_3.764","TP7",-0.5,-0.4,"1"
"2673","Cluster_3044_evm.TU.chromosome_3.775","Cluster_3044","evm.TU.chromosome_3.775","TP7",0.5,0,"2"
"2674","Cluster_3044_evm.TU.chromosome_3.887","Cluster_3044","evm.TU.chromosome_3.887","TP7",-0.5,0,"1"
"2675","Cluster_3044_evm.TU.chromosome_3.889","Cluster_3044","evm.TU.chromosome_3.889","TP7",0.5,-0.8,"2"
"2676","Cluster_3044_evm.TU.chromosome_3.915","Cluster_3044","evm.TU.chromosome_3.915","TP7",-0.5,0.2,"1"
"2677","Cluster_3044_evm.TU.chromosome_4.1189","Cluster_3044","evm.TU.chromosome_4.1189","TP7",-0.5,0.4,"3"
"2678","Cluster_3044_evm.TU.chromosome_4.1231","Cluster_3044","evm.TU.chromosome_4.1231","TP7",-0.5,-0.2,"1"
"2679","Cluster_3044_evm.TU.chromosome_4.1711","Cluster_3044","evm.TU.chromosome_4.1711","TP7",-0.5,-0.8,"1"
"2680","Cluster_3044_evm.TU.chromosome_4.19","Cluster_3044","evm.TU.chromosome_4.19","TP7",0.5,-0.8,"2"
"2681","Cluster_3044_evm.TU.chromosome_4.1946","Cluster_3044","evm.TU.chromosome_4.1946","TP7",-0.5,-0.774596669241483,"1"
"2682","Cluster_3044_evm.TU.chromosome_4.963","Cluster_3044","evm.TU.chromosome_4.963","TP7",-0.5,-0.8,"1"
"2683","Cluster_3044_evm.TU.chromosome_5.1732","Cluster_3044","evm.TU.chromosome_5.1732","TP7",0.5,-0.4,"2"
"2684","Cluster_3044_evm.TU.chromosome_5.2430","Cluster_3044","evm.TU.chromosome_5.2430","TP7",0.5,-0.8,"2"
"2685","Cluster_3044_evm.TU.chromosome_5.554","Cluster_3044","evm.TU.chromosome_5.554","TP7",-0.5,-0.2,"1"
"2686","Cluster_3044_evm.TU.chromosome_5.583","Cluster_3044","evm.TU.chromosome_5.583","TP7",-0.5,0.8,"3"
"2687","Cluster_3044_evm.TU.chromosome_6.1194","Cluster_3044","evm.TU.chromosome_6.1194","TP7",0.866025403784439,-0.105409255338946,"2"
"2688","Cluster_3044_evm.TU.chromosome_6.1221","Cluster_3044","evm.TU.chromosome_6.1221","TP7",-0.5,-0.210818510677892,"1"
"2689","Cluster_3044_evm.TU.chromosome_6.1578","Cluster_3044","evm.TU.chromosome_6.1578","TP7",-0.5,0.4,"3"
"2690","Cluster_3044_evm.TU.chromosome_6.1710","Cluster_3044","evm.TU.chromosome_6.1710","TP7",-0.5,0,"1"
"2691","Cluster_3044_evm.TU.chromosome_6.1796","Cluster_3044","evm.TU.chromosome_6.1796","TP7",-0.5,-0.210818510677892,"1"
"2692","Cluster_3044_evm.TU.chromosome_6.2398","Cluster_3044","evm.TU.chromosome_6.2398","TP7",0.5,-0.774596669241483,"2"
"2693","Cluster_3044_evm.TU.chromosome_6.43","Cluster_3044","evm.TU.chromosome_6.43","TP7",-0.5,-0.2,"1"
"2694","Cluster_3044_evm.TU.chromosome_6.517","Cluster_3044","evm.TU.chromosome_6.517","TP7",-0.5,0.4,"3"
"2695","Cluster_3044_evm.TU.chromosome_6.59","Cluster_3044","evm.TU.chromosome_6.59","TP7",-0.5,0.4,"3"
"2696","Cluster_3044_evm.TU.chromosome_6.71","Cluster_3044","evm.TU.chromosome_6.71","TP7",0.5,-0.210818510677892,"2"
"2697","Cluster_3044_evm.TU.chromosome_6.858","Cluster_3044","evm.TU.chromosome_6.858","TP7",0.5,0.8,"2"
"2698","Cluster_3044_evm.TU.chromosome_7.1025","Cluster_3044","evm.TU.chromosome_7.1025","TP7",-0.5,0.105409255338946,"1"
"2699","Cluster_3044_evm.TU.chromosome_7.1670","Cluster_3044","evm.TU.chromosome_7.1670","TP7",0.5,0.8,"2"
"2700","Cluster_3044_evm.TU.chromosome_7.1751","Cluster_3044","evm.TU.chromosome_7.1751","TP7",-0.866025403784439,0.258198889747161,"3"
"2701","Cluster_3044_evm.TU.chromosome_7.1962","Cluster_3044","evm.TU.chromosome_7.1962","TP7",0.5,-0.4,"2"
"2702","Cluster_3044_evm.TU.chromosome_7.2192","Cluster_3044","evm.TU.chromosome_7.2192","TP7",-0.5,0.6,"3"
"2703","Cluster_3044_evm.TU.chromosome_7.2334","Cluster_3044","evm.TU.chromosome_7.2334","TP7",-0.5,0.4,"3"
"2704","Cluster_3044_evm.TU.chromosome_7.2527","Cluster_3044","evm.TU.chromosome_7.2527","TP7",0.5,1,"2"
"2705","Cluster_3044_evm.TU.chromosome_7.2734","Cluster_3044","evm.TU.chromosome_7.2734","TP7",0.5,-0.210818510677892,"2"
"2706","Cluster_3044_evm.TU.chromosome_7.318","Cluster_3044","evm.TU.chromosome_7.318","TP7",0.5,0,"2"
"2707","Cluster_3044_evm.TU.chromosome_7.843","Cluster_3044","evm.TU.chromosome_7.843","TP7",-0.5,0.4,"3"
"2708","Cluster_3044_evm.TU.chromosome_8.1090","Cluster_3044","evm.TU.chromosome_8.1090","TP7",0.5,0,"2"
"2709","Cluster_3044_evm.TU.chromosome_8.1141","Cluster_3044","evm.TU.chromosome_8.1141","TP7",0.5,-0.210818510677892,"2"
"2710","Cluster_3044_evm.TU.chromosome_8.129","Cluster_3044","evm.TU.chromosome_8.129","TP7",-0.866025403784439,-0.632455532033676,"1"
"2711","Cluster_3044_evm.TU.chromosome_8.1493","Cluster_3044","evm.TU.chromosome_8.1493","TP7",1,-0.4,"2"
"2712","Cluster_3044_evm.TU.chromosome_8.1747","Cluster_3044","evm.TU.chromosome_8.1747","TP7",-0.5,-1,"1"
"2713","Cluster_3044_evm.TU.chromosome_8.2007","Cluster_3044","evm.TU.chromosome_8.2007","TP7",0.5,-0.210818510677892,"2"
"2714","Cluster_3044_evm.TU.chromosome_8.2047","Cluster_3044","evm.TU.chromosome_8.2047","TP7",0.5,-0.4,"2"
"2715","Cluster_3044_evm.TU.chromosome_8.2125","Cluster_3044","evm.TU.chromosome_8.2125","TP7",1,1,"2"
"2716","Cluster_3044_evm.TU.chromosome_8.2137","Cluster_3044","evm.TU.chromosome_8.2137","TP7",0.5,0.8,"2"
"2717","Cluster_3044_evm.TU.chromosome_8.2184","Cluster_3044","evm.TU.chromosome_8.2184","TP7",0.5,-0.632455532033676,"2"
"2718","Cluster_3044_evm.TU.chromosome_8.2440","Cluster_3044","evm.TU.chromosome_8.2440","TP7",0.5,-0.4,"2"
"2719","Cluster_3044_evm.TU.chromosome_8.2658","Cluster_3044","evm.TU.chromosome_8.2658","TP7",-1,0.6,"3"
"2720","Cluster_3044_evm.TU.chromosome_8.275","Cluster_3044","evm.TU.chromosome_8.275","TP7",0.5,-0.632455532033676,"2"
"2721","Cluster_3044_evm.TU.chromosome_8.434","Cluster_3044","evm.TU.chromosome_8.434","TP7",-0.5,-0.632455532033676,"1"
"2722","Cluster_3044_evm.TU.chromosome_8.660","Cluster_3044","evm.TU.chromosome_8.660","TP7",-0.5,0.258198889747161,"1"
"2723","Cluster_3044_evm.TU.chromosome_9.1578","Cluster_3044","evm.TU.chromosome_9.1578","TP7",0.5,-0.8,"2"
"2724","Cluster_3044_evm.TU.chromosome_9.1579","Cluster_3044","evm.TU.chromosome_9.1579","TP7",0.5,-0.8,"2"
"2725","Cluster_3044_evm.TU.chromosome_9.1779","Cluster_3044","evm.TU.chromosome_9.1779","TP7",0.5,-0.4,"2"
"2726","Cluster_3044_evm.TU.chromosome_9.242","Cluster_3044","evm.TU.chromosome_9.242","TP7",0.5,-0.4,"2"
"2727","Cluster_3044_evm.TU.chromosome_9.461","Cluster_3044","evm.TU.chromosome_9.461","TP7",0.5,0.4,"2"
"2728","Cluster_3044_evm.TU.chromosome_9.7","Cluster_3044","evm.TU.chromosome_9.7","TP7",-0.5,-1,"1"
"2729","Cluster_3044_evm.TU.chromosome_9.8","Cluster_3044","evm.TU.chromosome_9.8","TP7",-0.5,-0.632455532033676,"1"
"2730","Cluster_30_evm.TU.chromosome_1.1085","Cluster_30","evm.TU.chromosome_1.1085","TP7",-0.866025403784439,-0.948683298050514,"1"
"2731","Cluster_30_evm.TU.chromosome_1.1226","Cluster_30","evm.TU.chromosome_1.1226","TP7",-0.5,-0.632455532033676,"1"
"2732","Cluster_30_evm.TU.chromosome_10.1991","Cluster_30","evm.TU.chromosome_10.1991","TP7",-1,-0.8,"1"
"2733","Cluster_30_evm.TU.chromosome_11.2811","Cluster_30","evm.TU.chromosome_11.2811","TP7",-0.5,-0.948683298050514,"1"
"2734","Cluster_30_evm.TU.chromosome_12.3815","Cluster_30","evm.TU.chromosome_12.3815","TP7",-1,-0.258198889747161,"3"
"2735","Cluster_30_evm.TU.chromosome_13.2061","Cluster_30","evm.TU.chromosome_13.2061","TP7",-1,-0.737864787372622,"1"
"2736","Cluster_30_evm.TU.chromosome_13.4170","Cluster_30","evm.TU.chromosome_13.4170","TP7",-0.5,-0.737864787372622,"1"
"2737","Cluster_30_evm.TU.chromosome_13.703","Cluster_30","evm.TU.chromosome_13.703","TP7",0.5,-0.6,"2"
"2738","Cluster_30_evm.TU.chromosome_14.7255","Cluster_30","evm.TU.chromosome_14.7255","TP7",-0.5,-0.737864787372622,"1"
"2739","Cluster_30_evm.TU.chromosome_2.1003","Cluster_30","evm.TU.chromosome_2.1003","TP7",-1,-0.6,"1"
"2740","Cluster_30_evm.TU.chromosome_2.1734","Cluster_30","evm.TU.chromosome_2.1734","TP7",0,-0.2,"1"
"2741","Cluster_30_evm.TU.chromosome_2.572","Cluster_30","evm.TU.chromosome_2.572","TP7",-1,-0.8,"1"
"2742","Cluster_30_evm.TU.chromosome_3.1687","Cluster_30","evm.TU.chromosome_3.1687","TP7",-1,0.4,"3"
"2743","Cluster_30_evm.TU.chromosome_5.1801","Cluster_30","evm.TU.chromosome_5.1801","TP7",-1,-0.4,"1"
"2744","Cluster_30_evm.TU.chromosome_5.2646","Cluster_30","evm.TU.chromosome_5.2646","TP7",-1,-0.4,"1"
"2745","Cluster_30_evm.TU.chromosome_5.2829","Cluster_30","evm.TU.chromosome_5.2829","TP7",-0.5,-0.2,"1"
"2746","Cluster_30_evm.TU.chromosome_6.2365","Cluster_30","evm.TU.chromosome_6.2365","TP7",-1,-0.4,"1"
"2747","Cluster_30_evm.TU.chromosome_6.276","Cluster_30","evm.TU.chromosome_6.276","TP7",-0.5,-0.737864787372622,"1"
"2748","Cluster_30_evm.TU.chromosome_6.2768","Cluster_30","evm.TU.chromosome_6.2768","TP7",-0.5,-0.4,"1"
"2749","Cluster_30_evm.TU.chromosome_6.2899","Cluster_30","evm.TU.chromosome_6.2899","TP7",1,0.2,"2"
"2750","Cluster_30_evm.TU.chromosome_6.526","Cluster_30","evm.TU.chromosome_6.526","TP7",1,-0.2,"2"
"2751","Cluster_30_evm.TU.chromosome_7.1164","Cluster_30","evm.TU.chromosome_7.1164","TP7",-0.5,-0.948683298050514,"1"
"2752","Cluster_30_evm.TU.chromosome_8.1682","Cluster_30","evm.TU.chromosome_8.1682","TP7",-0.5,-0.737864787372622,"1"
"2753","Cluster_30_evm.TU.chromosome_9.1593","Cluster_30","evm.TU.chromosome_9.1593","TP7",1,0.4,"2"
"2754","Cluster_30_evm.TU.chromosome_9.1617","Cluster_30","evm.TU.chromosome_9.1617","TP7",-0.5,0.2,"1"
"2755","Cluster_30_evm.TU.chromosome_9.598","Cluster_30","evm.TU.chromosome_9.598","TP7",1,0,"2"
"2756","Cluster_3293_evm.TU.chromosome_1.1021","Cluster_3293","evm.TU.chromosome_1.1021","TP7",-0.866025403784439,0.4,"3"
"2757","Cluster_3293_evm.TU.chromosome_1.1241","Cluster_3293","evm.TU.chromosome_1.1241","TP7",-0.5,0.4,"3"
"2758","Cluster_3293_evm.TU.chromosome_1.1371","Cluster_3293","evm.TU.chromosome_1.1371","TP7",-0.866025403784439,-0.948683298050514,"1"
"2759","Cluster_3293_evm.TU.chromosome_1.14","Cluster_3293","evm.TU.chromosome_1.14","TP7",-0.5,0.4,"3"
"2760","Cluster_3293_evm.TU.chromosome_1.1634","Cluster_3293","evm.TU.chromosome_1.1634","TP7",0.5,-0.4,"2"
"2761","Cluster_3293_evm.TU.chromosome_1.1657","Cluster_3293","evm.TU.chromosome_1.1657","TP7",-0.5,0.4,"3"
"2762","Cluster_3293_evm.TU.chromosome_1.1676","Cluster_3293","evm.TU.chromosome_1.1676","TP7",-0.5,1,"3"
"2763","Cluster_3293_evm.TU.chromosome_1.1700","Cluster_3293","evm.TU.chromosome_1.1700","TP7",-0.5,0.4,"3"
"2764","Cluster_3293_evm.TU.chromosome_1.1701","Cluster_3293","evm.TU.chromosome_1.1701","TP7",-1,0.2,"3"
"2765","Cluster_3293_evm.TU.chromosome_1.1710","Cluster_3293","evm.TU.chromosome_1.1710","TP7",-1,-0.258198889747161,"3"
"2766","Cluster_3293_evm.TU.chromosome_1.1732","Cluster_3293","evm.TU.chromosome_1.1732","TP7",-1,0.4,"3"
"2767","Cluster_3293_evm.TU.chromosome_1.1745","Cluster_3293","evm.TU.chromosome_1.1745","TP7",1,0.8,"2"
"2768","Cluster_3293_evm.TU.chromosome_1.406","Cluster_3293","evm.TU.chromosome_1.406","TP7",-0.5,0.210818510677892,"1"
"2769","Cluster_3293_evm.TU.chromosome_1.487","Cluster_3293","evm.TU.chromosome_1.487","TP7",-1,-0.8,"1"
"2770","Cluster_3293_evm.TU.chromosome_1.576","Cluster_3293","evm.TU.chromosome_1.576","TP7",1,-0.2,"2"
"2771","Cluster_3293_evm.TU.chromosome_1.826","Cluster_3293","evm.TU.chromosome_1.826","TP7",-0.866025403784439,1,"3"
"2772","Cluster_3293_evm.TU.chromosome_1.90","Cluster_3293","evm.TU.chromosome_1.90","TP7",0.5,0.2,"2"
"2773","Cluster_3293_evm.TU.chromosome_1.999","Cluster_3293","evm.TU.chromosome_1.999","TP7",-0.5,0.210818510677892,"1"
"2774","Cluster_3293_evm.TU.chromosome_10.1740","Cluster_3293","evm.TU.chromosome_10.1740","TP7",-0.5,0.632455532033676,"3"
"2775","Cluster_3293_evm.TU.chromosome_10.1912","Cluster_3293","evm.TU.chromosome_10.1912","TP7",-1,0.4,"3"
"2776","Cluster_3293_evm.TU.chromosome_10.2183","Cluster_3293","evm.TU.chromosome_10.2183","TP7",-0.5,0.8,"3"
"2777","Cluster_3293_evm.TU.chromosome_10.2294","Cluster_3293","evm.TU.chromosome_10.2294","TP7",-0.5,0.4,"3"
"2778","Cluster_3293_evm.TU.chromosome_10.2421","Cluster_3293","evm.TU.chromosome_10.2421","TP7",-0.5,1,"3"
"2779","Cluster_3293_evm.TU.chromosome_10.2679","Cluster_3293","evm.TU.chromosome_10.2679","TP7",-0.5,0.2,"1"
"2780","Cluster_3293_evm.TU.chromosome_10.3050","Cluster_3293","evm.TU.chromosome_10.3050","TP7",-0.5,0.632455532033676,"3"
"2781","Cluster_3293_evm.TU.chromosome_10.3139","Cluster_3293","evm.TU.chromosome_10.3139","TP7",-1,0.632455532033676,"3"
"2782","Cluster_3293_evm.TU.chromosome_10.3241","Cluster_3293","evm.TU.chromosome_10.3241","TP7",-0.5,0.4,"3"
"2783","Cluster_3293_evm.TU.chromosome_10.346","Cluster_3293","evm.TU.chromosome_10.346","TP7",1,0.2,"2"
"2784","Cluster_3293_evm.TU.chromosome_10.412","Cluster_3293","evm.TU.chromosome_10.412","TP7",-1,0.210818510677892,"3"
"2785","Cluster_3293_evm.TU.chromosome_10.627","Cluster_3293","evm.TU.chromosome_10.627","TP7",-0.866025403784439,0.210818510677892,"3"
"2786","Cluster_3293_evm.TU.chromosome_10.927","Cluster_3293","evm.TU.chromosome_10.927","TP7",1,0.632455532033676,"2"
"2787","Cluster_3293_evm.TU.chromosome_11.1434","Cluster_3293","evm.TU.chromosome_11.1434","TP7",-1,-1,"1"
"2788","Cluster_3293_evm.TU.chromosome_11.1436","Cluster_3293","evm.TU.chromosome_11.1436","TP7",-1,0.2,"3"
"2789","Cluster_3293_evm.TU.chromosome_11.2120","Cluster_3293","evm.TU.chromosome_11.2120","TP7",-0.5,-0.8,"1"
"2790","Cluster_3293_evm.TU.chromosome_11.2279","Cluster_3293","evm.TU.chromosome_11.2279","TP7",-0.5,0.8,"3"
"2791","Cluster_3293_evm.TU.chromosome_11.2635","Cluster_3293","evm.TU.chromosome_11.2635","TP7",-0.5,0.4,"3"
"2792","Cluster_3293_evm.TU.chromosome_11.2706","Cluster_3293","evm.TU.chromosome_11.2706","TP7",-1,0.210818510677892,"3"
"2793","Cluster_3293_evm.TU.chromosome_11.2723","Cluster_3293","evm.TU.chromosome_11.2723","TP7",-0.5,0.8,"3"
"2794","Cluster_3293_evm.TU.chromosome_11.2837","Cluster_3293","evm.TU.chromosome_11.2837","TP7",0.5,-0.4,"2"
"2795","Cluster_3293_evm.TU.chromosome_11.2901","Cluster_3293","evm.TU.chromosome_11.2901","TP7",-0.5,0.632455532033676,"3"
"2796","Cluster_3293_evm.TU.chromosome_12.1465","Cluster_3293","evm.TU.chromosome_12.1465","TP7",-0.5,0.632455532033676,"3"
"2797","Cluster_3293_evm.TU.chromosome_12.1488","Cluster_3293","evm.TU.chromosome_12.1488","TP7",-0.5,-0.6,"1"
"2798","Cluster_3293_evm.TU.chromosome_12.1598","Cluster_3293","evm.TU.chromosome_12.1598","TP7",-0.5,-0.258198889747161,"1"
"2799","Cluster_3293_evm.TU.chromosome_12.1919","Cluster_3293","evm.TU.chromosome_12.1919","TP7",-1,-0.4,"1"
"2800","Cluster_3293_evm.TU.chromosome_12.1967","Cluster_3293","evm.TU.chromosome_12.1967","TP7",-0.5,0.8,"3"
"2801","Cluster_3293_evm.TU.chromosome_12.1980","Cluster_3293","evm.TU.chromosome_12.1980","TP7",-0.866025403784439,-0.258198889747161,"1"
"2802","Cluster_3293_evm.TU.chromosome_12.2324","Cluster_3293","evm.TU.chromosome_12.2324","TP7",1,-0.258198889747161,"2"
"2803","Cluster_3293_evm.TU.chromosome_12.2341","Cluster_3293","evm.TU.chromosome_12.2341","TP7",-1,0.210818510677892,"3"
"2804","Cluster_3293_evm.TU.chromosome_12.2346","Cluster_3293","evm.TU.chromosome_12.2346","TP7",-1,0.632455532033676,"3"
"2805","Cluster_3293_evm.TU.chromosome_12.2348","Cluster_3293","evm.TU.chromosome_12.2348","TP7",-0.866025403784439,0.632455532033676,"3"
"2806","Cluster_3293_evm.TU.chromosome_12.2483","Cluster_3293","evm.TU.chromosome_12.2483","TP7",-1,-0.8,"1"
"2807","Cluster_3293_evm.TU.chromosome_12.2510","Cluster_3293","evm.TU.chromosome_12.2510","TP7",0.5,0.8,"2"
"2808","Cluster_3293_evm.TU.chromosome_12.2849","Cluster_3293","evm.TU.chromosome_12.2849","TP7",-1,-1,"1"
"2809","Cluster_3293_evm.TU.chromosome_12.2956","Cluster_3293","evm.TU.chromosome_12.2956","TP7",-1,0.210818510677892,"3"
"2810","Cluster_3293_evm.TU.chromosome_12.3079","Cluster_3293","evm.TU.chromosome_12.3079","TP7",-0.5,-0.4,"1"
"2811","Cluster_3293_evm.TU.chromosome_12.3131","Cluster_3293","evm.TU.chromosome_12.3131","TP7",-1,-0.2,"3"
"2812","Cluster_3293_evm.TU.chromosome_12.3351","Cluster_3293","evm.TU.chromosome_12.3351","TP7",-0.5,0.210818510677892,"1"
"2813","Cluster_3293_evm.TU.chromosome_12.3433","Cluster_3293","evm.TU.chromosome_12.3433","TP7",-0.5,0.4,"3"
"2814","Cluster_3293_evm.TU.chromosome_12.3675","Cluster_3293","evm.TU.chromosome_12.3675","TP7",-1,0,"3"
"2815","Cluster_3293_evm.TU.chromosome_12.3693","Cluster_3293","evm.TU.chromosome_12.3693","TP7",1,-0.6,"2"
"2816","Cluster_3293_evm.TU.chromosome_12.3868","Cluster_3293","evm.TU.chromosome_12.3868","TP7",0.5,-0.8,"2"
"2817","Cluster_3293_evm.TU.chromosome_12.3880","Cluster_3293","evm.TU.chromosome_12.3880","TP7",-0.5,-0.6,"1"
"2818","Cluster_3293_evm.TU.chromosome_12.4136","Cluster_3293","evm.TU.chromosome_12.4136","TP7",-0.5,-0.8,"1"
"2819","Cluster_3293_evm.TU.chromosome_12.488","Cluster_3293","evm.TU.chromosome_12.488","TP7",-1,0.4,"3"
"2820","Cluster_3293_evm.TU.chromosome_12.748","Cluster_3293","evm.TU.chromosome_12.748","TP7",-1,0.2,"3"
"2821","Cluster_3293_evm.TU.chromosome_12.972","Cluster_3293","evm.TU.chromosome_12.972","TP7",0,0.210818510677892,"1"
"2822","Cluster_3293_evm.TU.chromosome_13.1718","Cluster_3293","evm.TU.chromosome_13.1718","TP7",0.5,-0.8,"2"
"2823","Cluster_3293_evm.TU.chromosome_13.1807","Cluster_3293","evm.TU.chromosome_13.1807","TP7",0.5,0.4,"2"
"2824","Cluster_3293_evm.TU.chromosome_13.1812","Cluster_3293","evm.TU.chromosome_13.1812","TP7",0,-0.6,"2"
"2825","Cluster_3293_evm.TU.chromosome_13.1872","Cluster_3293","evm.TU.chromosome_13.1872","TP7",1,0.4,"2"
"2826","Cluster_3293_evm.TU.chromosome_13.1889","Cluster_3293","evm.TU.chromosome_13.1889","TP7",-1,-1,"1"
"2827","Cluster_3293_evm.TU.chromosome_13.1895","Cluster_3293","evm.TU.chromosome_13.1895","TP7",-1,0.632455532033676,"3"
"2828","Cluster_3293_evm.TU.chromosome_13.217","Cluster_3293","evm.TU.chromosome_13.217","TP7",-1,0.774596669241483,"3"
"2829","Cluster_3293_evm.TU.chromosome_13.2239","Cluster_3293","evm.TU.chromosome_13.2239","TP7",0,0.632455532033676,"1"
"2830","Cluster_3293_evm.TU.chromosome_13.2272","Cluster_3293","evm.TU.chromosome_13.2272","TP7",-1,-0.8,"1"
"2831","Cluster_3293_evm.TU.chromosome_13.2364","Cluster_3293","evm.TU.chromosome_13.2364","TP7",-0.5,-0.2,"1"
"2832","Cluster_3293_evm.TU.chromosome_13.2368","Cluster_3293","evm.TU.chromosome_13.2368","TP7",-1,-0.4,"1"
"2833","Cluster_3293_evm.TU.chromosome_13.2380","Cluster_3293","evm.TU.chromosome_13.2380","TP7",-1,0.210818510677892,"3"
"2834","Cluster_3293_evm.TU.chromosome_13.2453","Cluster_3293","evm.TU.chromosome_13.2453","TP7",-0.5,0.210818510677892,"1"
"2835","Cluster_3293_evm.TU.chromosome_13.2490","Cluster_3293","evm.TU.chromosome_13.2490","TP7",1,-0.4,"2"
"2836","Cluster_3293_evm.TU.chromosome_13.2543","Cluster_3293","evm.TU.chromosome_13.2543","TP7",-1,0.210818510677892,"3"
"2837","Cluster_3293_evm.TU.chromosome_13.2682","Cluster_3293","evm.TU.chromosome_13.2682","TP7",-0.5,-0.2,"1"
"2838","Cluster_3293_evm.TU.chromosome_13.2909","Cluster_3293","evm.TU.chromosome_13.2909","TP7",-0.5,-0.8,"1"
"2839","Cluster_3293_evm.TU.chromosome_13.3174","Cluster_3293","evm.TU.chromosome_13.3174","TP7",-0.5,0.210818510677892,"1"
"2840","Cluster_3293_evm.TU.chromosome_13.3187","Cluster_3293","evm.TU.chromosome_13.3187","TP7",-1,0.8,"3"
"2841","Cluster_3293_evm.TU.chromosome_13.3405","Cluster_3293","evm.TU.chromosome_13.3405","TP7",0.5,0.632455532033676,"2"
"2842","Cluster_3293_evm.TU.chromosome_13.3557","Cluster_3293","evm.TU.chromosome_13.3557","TP7",-0.5,0.4,"3"
"2843","Cluster_3293_evm.TU.chromosome_13.3644","Cluster_3293","evm.TU.chromosome_13.3644","TP7",-0.5,0.2,"1"
"2844","Cluster_3293_evm.TU.chromosome_13.396","Cluster_3293","evm.TU.chromosome_13.396","TP7",-1,0.4,"3"
"2845","Cluster_3293_evm.TU.chromosome_13.4169","Cluster_3293","evm.TU.chromosome_13.4169","TP7",0.5,-0.4,"2"
"2846","Cluster_3293_evm.TU.chromosome_13.4199","Cluster_3293","evm.TU.chromosome_13.4199","TP7",0.5,-1,"2"
"2847","Cluster_3293_evm.TU.chromosome_13.774","Cluster_3293","evm.TU.chromosome_13.774","TP7",-0.5,0.210818510677892,"1"
"2848","Cluster_3293_evm.TU.chromosome_13.787","Cluster_3293","evm.TU.chromosome_13.787","TP7",-1,-0.8,"1"
"2849","Cluster_3293_evm.TU.chromosome_13.789","Cluster_3293","evm.TU.chromosome_13.789","TP7",-0.5,-0.948683298050514,"1"
"2850","Cluster_3293_evm.TU.chromosome_13.797","Cluster_3293","evm.TU.chromosome_13.797","TP7",-1,-0.774596669241483,"1"
"2851","Cluster_3293_evm.TU.chromosome_13.808","Cluster_3293","evm.TU.chromosome_13.808","TP7",-1,0.8,"3"
"2852","Cluster_3293_evm.TU.chromosome_14.1040","Cluster_3293","evm.TU.chromosome_14.1040","TP7",1,0.2,"2"
"2853","Cluster_3293_evm.TU.chromosome_14.1334","Cluster_3293","evm.TU.chromosome_14.1334","TP7",-1,1,"3"
"2854","Cluster_3293_evm.TU.chromosome_14.1378","Cluster_3293","evm.TU.chromosome_14.1378","TP7",-0.5,0.2,"1"
"2855","Cluster_3293_evm.TU.chromosome_14.1380","Cluster_3293","evm.TU.chromosome_14.1380","TP7",1,0.632455532033676,"2"
"2856","Cluster_3293_evm.TU.chromosome_14.1382","Cluster_3293","evm.TU.chromosome_14.1382","TP7",-0.5,0.632455532033676,"3"
"2857","Cluster_3293_evm.TU.chromosome_14.1416","Cluster_3293","evm.TU.chromosome_14.1416","TP7",-0.5,0.632455532033676,"3"
"2858","Cluster_3293_evm.TU.chromosome_14.1953","Cluster_3293","evm.TU.chromosome_14.1953","TP7",1,0.8,"2"
"2859","Cluster_3293_evm.TU.chromosome_14.330","Cluster_3293","evm.TU.chromosome_14.330","TP7",0.5,-0.4,"2"
"2860","Cluster_3293_evm.TU.chromosome_14.379","Cluster_3293","evm.TU.chromosome_14.379","TP7",-1,0.210818510677892,"3"
"2861","Cluster_3293_evm.TU.chromosome_14.5051","Cluster_3293","evm.TU.chromosome_14.5051","TP7",-1,0.4,"3"
"2862","Cluster_3293_evm.TU.chromosome_14.5162","Cluster_3293","evm.TU.chromosome_14.5162","TP7",-0.5,0.4,"3"
"2863","Cluster_3293_evm.TU.chromosome_14.5400","Cluster_3293","evm.TU.chromosome_14.5400","TP7",-0.5,1,"3"
"2864","Cluster_3293_evm.TU.chromosome_14.6057","Cluster_3293","evm.TU.chromosome_14.6057","TP7",0.5,0.8,"2"
"2865","Cluster_3293_evm.TU.chromosome_14.628","Cluster_3293","evm.TU.chromosome_14.628","TP7",0.5,0.2,"2"
"2866","Cluster_3293_evm.TU.chromosome_14.6757","Cluster_3293","evm.TU.chromosome_14.6757","TP7",-1,0,"3"
"2867","Cluster_3293_evm.TU.chromosome_14.6861","Cluster_3293","evm.TU.chromosome_14.6861","TP7",-1,0,"3"
"2868","Cluster_3293_evm.TU.chromosome_14.6879","Cluster_3293","evm.TU.chromosome_14.6879","TP7",-0.5,0.4,"3"
"2869","Cluster_3293_evm.TU.chromosome_14.7323","Cluster_3293","evm.TU.chromosome_14.7323","TP7",-0.5,0.8,"3"
"2870","Cluster_3293_evm.TU.chromosome_2.1294","Cluster_3293","evm.TU.chromosome_2.1294","TP7",-0.5,0.774596669241483,"3"
"2871","Cluster_3293_evm.TU.chromosome_2.1413","Cluster_3293","evm.TU.chromosome_2.1413","TP7",-1,0.8,"3"
"2872","Cluster_3293_evm.TU.chromosome_2.1422","Cluster_3293","evm.TU.chromosome_2.1422","TP7",-0.5,-0.258198889747161,"1"
"2873","Cluster_3293_evm.TU.chromosome_2.1583","Cluster_3293","evm.TU.chromosome_2.1583","TP7",-0.5,0.210818510677892,"1"
"2874","Cluster_3293_evm.TU.chromosome_2.1661","Cluster_3293","evm.TU.chromosome_2.1661","TP7",-1,1,"3"
"2875","Cluster_3293_evm.TU.chromosome_2.1680","Cluster_3293","evm.TU.chromosome_2.1680","TP7",-0.866025403784439,0.774596669241483,"3"
"2876","Cluster_3293_evm.TU.chromosome_2.1690","Cluster_3293","evm.TU.chromosome_2.1690","TP7",-0.5,0.8,"3"
"2877","Cluster_3293_evm.TU.chromosome_2.1882","Cluster_3293","evm.TU.chromosome_2.1882","TP7",-0.5,0.210818510677892,"1"
"2878","Cluster_3293_evm.TU.chromosome_2.2015","Cluster_3293","evm.TU.chromosome_2.2015","TP7",-0.5,0.737864787372622,"3"
"2879","Cluster_3293_evm.TU.chromosome_2.2023","Cluster_3293","evm.TU.chromosome_2.2023","TP7",-0.5,0.2,"1"
"2880","Cluster_3293_evm.TU.chromosome_2.2051","Cluster_3293","evm.TU.chromosome_2.2051","TP7",0,0.2,"1"
"2881","Cluster_3293_evm.TU.chromosome_2.2055","Cluster_3293","evm.TU.chromosome_2.2055","TP7",-0.866025403784439,0.258198889747161,"3"
"2882","Cluster_3293_evm.TU.chromosome_2.2078","Cluster_3293","evm.TU.chromosome_2.2078","TP7",-0.5,0.4,"3"
"2883","Cluster_3293_evm.TU.chromosome_2.21_evm.TU.chromosome_2.22","Cluster_3293","evm.TU.chromosome_2.21_evm.TU.chromosome_2.22","TP7",0.5,0,"2"
"2884","Cluster_3293_evm.TU.chromosome_2.383","Cluster_3293","evm.TU.chromosome_2.383","TP7",-0.5,0.210818510677892,"1"
"2885","Cluster_3293_evm.TU.chromosome_2.43","Cluster_3293","evm.TU.chromosome_2.43","TP7",-0.5,0,"1"
"2886","Cluster_3293_evm.TU.chromosome_2.467","Cluster_3293","evm.TU.chromosome_2.467","TP7",-0.5,0.8,"3"
"2887","Cluster_3293_evm.TU.chromosome_2.516","Cluster_3293","evm.TU.chromosome_2.516","TP7",-0.5,0.8,"3"
"2888","Cluster_3293_evm.TU.chromosome_2.538","Cluster_3293","evm.TU.chromosome_2.538","TP7",-1,0.8,"3"
"2889","Cluster_3293_evm.TU.chromosome_2.624","Cluster_3293","evm.TU.chromosome_2.624","TP7",-0.5,-0.4,"1"
"2890","Cluster_3293_evm.TU.chromosome_2.978","Cluster_3293","evm.TU.chromosome_2.978","TP7",1,0.4,"2"
"2891","Cluster_3293_evm.TU.chromosome_3.1321","Cluster_3293","evm.TU.chromosome_3.1321","TP7",-0.5,0.2,"1"
"2892","Cluster_3293_evm.TU.chromosome_3.155","Cluster_3293","evm.TU.chromosome_3.155","TP7",-0.5,-0.8,"1"
"2893","Cluster_3293_evm.TU.chromosome_3.1791","Cluster_3293","evm.TU.chromosome_3.1791","TP7",-0.5,0.8,"3"
"2894","Cluster_3293_evm.TU.chromosome_3.1803","Cluster_3293","evm.TU.chromosome_3.1803","TP7",-0.5,-0.8,"1"
"2895","Cluster_3293_evm.TU.chromosome_3.1956","Cluster_3293","evm.TU.chromosome_3.1956","TP7",-1,0.632455532033676,"3"
"2896","Cluster_3293_evm.TU.chromosome_3.1963","Cluster_3293","evm.TU.chromosome_3.1963","TP7",0.5,-0.4,"2"
"2897","Cluster_3293_evm.TU.chromosome_3.215","Cluster_3293","evm.TU.chromosome_3.215","TP7",-0.5,-0.6,"1"
"2898","Cluster_3293_evm.TU.chromosome_3.295","Cluster_3293","evm.TU.chromosome_3.295","TP7",-0.5,0.210818510677892,"1"
"2899","Cluster_3293_evm.TU.chromosome_3.548","Cluster_3293","evm.TU.chromosome_3.548","TP7",0,-0.316227766016838,"1"
"2900","Cluster_3293_evm.TU.chromosome_3.819","Cluster_3293","evm.TU.chromosome_3.819","TP7",1,-0.8,"2"
"2901","Cluster_3293_evm.TU.chromosome_4.1158","Cluster_3293","evm.TU.chromosome_4.1158","TP7",0.5,0.8,"2"
"2902","Cluster_3293_evm.TU.chromosome_4.1174","Cluster_3293","evm.TU.chromosome_4.1174","TP7",-0.5,0.210818510677892,"1"
"2903","Cluster_3293_evm.TU.chromosome_4.1254","Cluster_3293","evm.TU.chromosome_4.1254","TP7",-0.5,0,"1"
"2904","Cluster_3293_evm.TU.chromosome_4.1260","Cluster_3293","evm.TU.chromosome_4.1260","TP7",-0.5,0.210818510677892,"1"
"2905","Cluster_3293_evm.TU.chromosome_4.1562","Cluster_3293","evm.TU.chromosome_4.1562","TP7",-0.5,0.632455532033676,"3"
"2906","Cluster_3293_evm.TU.chromosome_4.1566","Cluster_3293","evm.TU.chromosome_4.1566","TP7",-0.5,1,"3"
"2907","Cluster_3293_evm.TU.chromosome_4.1571","Cluster_3293","evm.TU.chromosome_4.1571","TP7",-1,0.4,"3"
"2908","Cluster_3293_evm.TU.chromosome_4.1572","Cluster_3293","evm.TU.chromosome_4.1572","TP7",-1,0.2,"3"
"2909","Cluster_3293_evm.TU.chromosome_4.1576","Cluster_3293","evm.TU.chromosome_4.1576","TP7",0.5,0.4,"2"
"2910","Cluster_3293_evm.TU.chromosome_4.1577","Cluster_3293","evm.TU.chromosome_4.1577","TP7",-1,0,"3"
"2911","Cluster_3293_evm.TU.chromosome_4.1670","Cluster_3293","evm.TU.chromosome_4.1670","TP7",-0.5,0.8,"3"
"2912","Cluster_3293_evm.TU.chromosome_4.1694","Cluster_3293","evm.TU.chromosome_4.1694","TP7",-1,0.632455532033676,"3"
"2913","Cluster_3293_evm.TU.chromosome_4.172","Cluster_3293","evm.TU.chromosome_4.172","TP7",1,1,"2"
"2914","Cluster_3293_evm.TU.chromosome_4.1720","Cluster_3293","evm.TU.chromosome_4.1720","TP7",0.5,-0.258198889747161,"2"
"2915","Cluster_3293_evm.TU.chromosome_4.1739","Cluster_3293","evm.TU.chromosome_4.1739","TP7",-1,-0.4,"1"
"2916","Cluster_3293_evm.TU.chromosome_4.1771","Cluster_3293","evm.TU.chromosome_4.1771","TP7",-0.866025403784439,-0.2,"1"
"2917","Cluster_3293_evm.TU.chromosome_4.1781","Cluster_3293","evm.TU.chromosome_4.1781","TP7",-0.5,0.8,"3"
"2918","Cluster_3293_evm.TU.chromosome_4.1786","Cluster_3293","evm.TU.chromosome_4.1786","TP7",-0.5,0.632455532033676,"3"
"2919","Cluster_3293_evm.TU.chromosome_4.1787","Cluster_3293","evm.TU.chromosome_4.1787","TP7",-0.5,0.4,"3"
"2920","Cluster_3293_evm.TU.chromosome_4.1790","Cluster_3293","evm.TU.chromosome_4.1790","TP7",-0.5,0.4,"3"
"2921","Cluster_3293_evm.TU.chromosome_4.1794","Cluster_3293","evm.TU.chromosome_4.1794","TP7",0.5,0.210818510677892,"2"
"2922","Cluster_3293_evm.TU.chromosome_4.1804","Cluster_3293","evm.TU.chromosome_4.1804","TP7",0.5,-0.2,"2"
"2923","Cluster_3293_evm.TU.chromosome_4.1813","Cluster_3293","evm.TU.chromosome_4.1813","TP7",-0.5,0.8,"3"
"2924","Cluster_3293_evm.TU.chromosome_4.2152","Cluster_3293","evm.TU.chromosome_4.2152","TP7",-0.5,0.2,"1"
"2925","Cluster_3293_evm.TU.chromosome_4.2347","Cluster_3293","evm.TU.chromosome_4.2347","TP7",0,0.632455532033676,"1"
"2926","Cluster_3293_evm.TU.chromosome_4.253","Cluster_3293","evm.TU.chromosome_4.253","TP7",-0.5,0.4,"3"
"2927","Cluster_3293_evm.TU.chromosome_4.430","Cluster_3293","evm.TU.chromosome_4.430","TP7",-0.5,-0.8,"1"
"2928","Cluster_3293_evm.TU.chromosome_4.504","Cluster_3293","evm.TU.chromosome_4.504","TP7",-0.866025403784439,0.210818510677892,"3"
"2929","Cluster_3293_evm.TU.chromosome_4.623","Cluster_3293","evm.TU.chromosome_4.623","TP7",0.5,0.632455532033676,"2"
"2930","Cluster_3293_evm.TU.chromosome_4.960","Cluster_3293","evm.TU.chromosome_4.960","TP7",-0.5,-0.4,"1"
"2931","Cluster_3293_evm.TU.chromosome_5.1009","Cluster_3293","evm.TU.chromosome_5.1009","TP7",-0.5,0.4,"3"
"2932","Cluster_3293_evm.TU.chromosome_5.1141","Cluster_3293","evm.TU.chromosome_5.1141","TP7",-0.5,0.4,"3"
"2933","Cluster_3293_evm.TU.chromosome_5.1261","Cluster_3293","evm.TU.chromosome_5.1261","TP7",-0.5,0.632455532033676,"3"
"2934","Cluster_3293_evm.TU.chromosome_5.1467","Cluster_3293","evm.TU.chromosome_5.1467","TP7",0.5,0.2,"2"
"2935","Cluster_3293_evm.TU.chromosome_5.1489","Cluster_3293","evm.TU.chromosome_5.1489","TP7",-1,-0.2,"3"
"2936","Cluster_3293_evm.TU.chromosome_5.1764","Cluster_3293","evm.TU.chromosome_5.1764","TP7",-0.5,0.4,"3"
"2937","Cluster_3293_evm.TU.chromosome_5.2422","Cluster_3293","evm.TU.chromosome_5.2422","TP7",-1,0.210818510677892,"3"
"2938","Cluster_3293_evm.TU.chromosome_5.2609","Cluster_3293","evm.TU.chromosome_5.2609","TP7",-0.5,0.8,"3"
"2939","Cluster_3293_evm.TU.chromosome_5.2750","Cluster_3293","evm.TU.chromosome_5.2750","TP7",-0.5,0.316227766016838,"3"
"2940","Cluster_3293_evm.TU.chromosome_5.2807","Cluster_3293","evm.TU.chromosome_5.2807","TP7",-0.5,-0.2,"1"
"2941","Cluster_3293_evm.TU.chromosome_5.356","Cluster_3293","evm.TU.chromosome_5.356","TP7",-0.5,0.210818510677892,"1"
"2942","Cluster_3293_evm.TU.chromosome_5.519","Cluster_3293","evm.TU.chromosome_5.519","TP7",0,0.8,"1"
"2943","Cluster_3293_evm.TU.chromosome_5.556","Cluster_3293","evm.TU.chromosome_5.556","TP7",0.5,0.8,"2"
"2944","Cluster_3293_evm.TU.chromosome_5.612","Cluster_3293","evm.TU.chromosome_5.612","TP7",-0.5,-0.948683298050514,"1"
"2945","Cluster_3293_evm.TU.chromosome_5.613","Cluster_3293","evm.TU.chromosome_5.613","TP7",-1,0.6,"3"
"2946","Cluster_3293_evm.TU.chromosome_5.698","Cluster_3293","evm.TU.chromosome_5.698","TP7",1,-0.8,"2"
"2947","Cluster_3293_evm.TU.chromosome_5.700","Cluster_3293","evm.TU.chromosome_5.700","TP7",1,0.8,"2"
"2948","Cluster_3293_evm.TU.chromosome_5.703","Cluster_3293","evm.TU.chromosome_5.703","TP7",-1,0.4,"3"
"2949","Cluster_3293_evm.TU.chromosome_5.730","Cluster_3293","evm.TU.chromosome_5.730","TP7",-1,0.4,"3"
"2950","Cluster_3293_evm.TU.chromosome_5.731","Cluster_3293","evm.TU.chromosome_5.731","TP7",-0.5,0.2,"1"
"2951","Cluster_3293_evm.TU.chromosome_5.732","Cluster_3293","evm.TU.chromosome_5.732","TP7",1,0.210818510677892,"2"
"2952","Cluster_3293_evm.TU.chromosome_5.85","Cluster_3293","evm.TU.chromosome_5.85","TP7",1,0.632455532033676,"2"
"2953","Cluster_3293_evm.TU.chromosome_5.86","Cluster_3293","evm.TU.chromosome_5.86","TP7",1,-0.2,"2"
"2954","Cluster_3293_evm.TU.chromosome_6.1120","Cluster_3293","evm.TU.chromosome_6.1120","TP7",-0.5,0.4,"3"
"2955","Cluster_3293_evm.TU.chromosome_6.1455","Cluster_3293","evm.TU.chromosome_6.1455","TP7",0.5,-0.4,"2"
"2956","Cluster_3293_evm.TU.chromosome_6.1661","Cluster_3293","evm.TU.chromosome_6.1661","TP7",-0.5,0.8,"3"
"2957","Cluster_3293_evm.TU.chromosome_6.1939","Cluster_3293","evm.TU.chromosome_6.1939","TP7",-0.5,0.2,"1"
"2958","Cluster_3293_evm.TU.chromosome_6.2331","Cluster_3293","evm.TU.chromosome_6.2331","TP7",0.5,-0.4,"2"
"2959","Cluster_3293_evm.TU.chromosome_6.2402","Cluster_3293","evm.TU.chromosome_6.2402","TP7",-1,0.632455532033676,"3"
"2960","Cluster_3293_evm.TU.chromosome_6.248","Cluster_3293","evm.TU.chromosome_6.248","TP7",-0.5,0.8,"3"
"2961","Cluster_3293_evm.TU.chromosome_6.2612","Cluster_3293","evm.TU.chromosome_6.2612","TP7",-0.5,0.4,"3"
"2962","Cluster_3293_evm.TU.chromosome_6.2863","Cluster_3293","evm.TU.chromosome_6.2863","TP7",-0.5,0.4,"3"
"2963","Cluster_3293_evm.TU.chromosome_6.2893","Cluster_3293","evm.TU.chromosome_6.2893","TP7",1,-0.4,"2"
"2964","Cluster_3293_evm.TU.chromosome_6.339","Cluster_3293","evm.TU.chromosome_6.339","TP7",-1,-0.8,"1"
"2965","Cluster_3293_evm.TU.chromosome_6.464","Cluster_3293","evm.TU.chromosome_6.464","TP7",-1,-0.8,"1"
"2966","Cluster_3293_evm.TU.chromosome_6.595","Cluster_3293","evm.TU.chromosome_6.595","TP7",-0.5,0.4,"3"
"2967","Cluster_3293_evm.TU.chromosome_6.854","Cluster_3293","evm.TU.chromosome_6.854","TP7",-1,0.4,"3"
"2968","Cluster_3293_evm.TU.chromosome_7.1086","Cluster_3293","evm.TU.chromosome_7.1086","TP7",0,0.632455532033676,"1"
"2969","Cluster_3293_evm.TU.chromosome_7.1248","Cluster_3293","evm.TU.chromosome_7.1248","TP7",-1,0.632455532033676,"3"
"2970","Cluster_3293_evm.TU.chromosome_7.128","Cluster_3293","evm.TU.chromosome_7.128","TP7",-1,0.4,"3"
"2971","Cluster_3293_evm.TU.chromosome_7.1921","Cluster_3293","evm.TU.chromosome_7.1921","TP7",-1,-0.8,"1"
"2972","Cluster_3293_evm.TU.chromosome_7.20","Cluster_3293","evm.TU.chromosome_7.20","TP7",-1,-0.8,"1"
"2973","Cluster_3293_evm.TU.chromosome_7.2056","Cluster_3293","evm.TU.chromosome_7.2056","TP7",-1,0.632455532033676,"3"
"2974","Cluster_3293_evm.TU.chromosome_7.2057","Cluster_3293","evm.TU.chromosome_7.2057","TP7",-1,-0.4,"1"
"2975","Cluster_3293_evm.TU.chromosome_7.208","Cluster_3293","evm.TU.chromosome_7.208","TP7",-1,0.4,"3"
"2976","Cluster_3293_evm.TU.chromosome_7.224","Cluster_3293","evm.TU.chromosome_7.224","TP7",-0.5,-0.4,"1"
"2977","Cluster_3293_evm.TU.chromosome_7.2328","Cluster_3293","evm.TU.chromosome_7.2328","TP7",-0.5,-0.4,"1"
"2978","Cluster_3293_evm.TU.chromosome_7.2433","Cluster_3293","evm.TU.chromosome_7.2433","TP7",-0.5,-0.2,"1"
"2979","Cluster_3293_evm.TU.chromosome_7.261","Cluster_3293","evm.TU.chromosome_7.261","TP7",-1,0,"3"
"2980","Cluster_3293_evm.TU.chromosome_7.410","Cluster_3293","evm.TU.chromosome_7.410","TP7",0,0.774596669241483,"1"
"2981","Cluster_3293_evm.TU.chromosome_7.623","Cluster_3293","evm.TU.chromosome_7.623","TP7",-1,0.632455532033676,"3"
"2982","Cluster_3293_evm.TU.chromosome_7.65","Cluster_3293","evm.TU.chromosome_7.65","TP7",-0.5,-0.4,"1"
"2983","Cluster_3293_evm.TU.chromosome_7.827","Cluster_3293","evm.TU.chromosome_7.827","TP7",-1,-0.4,"1"
"2984","Cluster_3293_evm.TU.chromosome_7.851","Cluster_3293","evm.TU.chromosome_7.851","TP7",-0.5,0.8,"3"
"2985","Cluster_3293_evm.TU.chromosome_8.14","Cluster_3293","evm.TU.chromosome_8.14","TP7",-0.5,-0.4,"1"
"2986","Cluster_3293_evm.TU.chromosome_8.156","Cluster_3293","evm.TU.chromosome_8.156","TP7",-1,0.2,"3"
"2987","Cluster_3293_evm.TU.chromosome_8.1615","Cluster_3293","evm.TU.chromosome_8.1615","TP7",-1,0.210818510677892,"3"
"2988","Cluster_3293_evm.TU.chromosome_8.1699","Cluster_3293","evm.TU.chromosome_8.1699","TP7",-0.5,0.2,"1"
"2989","Cluster_3293_evm.TU.chromosome_8.1715","Cluster_3293","evm.TU.chromosome_8.1715","TP7",-0.5,0.8,"3"
"2990","Cluster_3293_evm.TU.chromosome_8.1722","Cluster_3293","evm.TU.chromosome_8.1722","TP7",1,-0.2,"2"
"2991","Cluster_3293_evm.TU.chromosome_8.2045","Cluster_3293","evm.TU.chromosome_8.2045","TP7",0.5,0.4,"2"
"2992","Cluster_3293_evm.TU.chromosome_8.2251","Cluster_3293","evm.TU.chromosome_8.2251","TP7",-0.5,0.4,"3"
"2993","Cluster_3293_evm.TU.chromosome_8.2256","Cluster_3293","evm.TU.chromosome_8.2256","TP7",-0.5,0.2,"1"
"2994","Cluster_3293_evm.TU.chromosome_8.2333","Cluster_3293","evm.TU.chromosome_8.2333","TP7",-1,0.210818510677892,"3"
"2995","Cluster_3293_evm.TU.chromosome_8.2394","Cluster_3293","evm.TU.chromosome_8.2394","TP7",1,0.2,"2"
"2996","Cluster_3293_evm.TU.chromosome_8.2510","Cluster_3293","evm.TU.chromosome_8.2510","TP7",-0.5,-0.4,"1"
"2997","Cluster_3293_evm.TU.chromosome_9.1254","Cluster_3293","evm.TU.chromosome_9.1254","TP7",-1,-0.8,"1"
"2998","Cluster_3293_evm.TU.chromosome_9.1406","Cluster_3293","evm.TU.chromosome_9.1406","TP7",1,-0.4,"2"
"2999","Cluster_3293_evm.TU.chromosome_9.1443","Cluster_3293","evm.TU.chromosome_9.1443","TP7",-0.5,0.4,"3"
"3000","Cluster_3293_evm.TU.chromosome_9.1524","Cluster_3293","evm.TU.chromosome_9.1524","TP7",0.5,0.210818510677892,"2"
"3001","Cluster_3293_evm.TU.chromosome_9.1595","Cluster_3293","evm.TU.chromosome_9.1595","TP7",-1,0.210818510677892,"3"
"3002","Cluster_3293_evm.TU.chromosome_9.1950","Cluster_3293","evm.TU.chromosome_9.1950","TP7",1,-0.4,"2"
"3003","Cluster_3293_evm.TU.chromosome_9.2222","Cluster_3293","evm.TU.chromosome_9.2222","TP7",0.5,0.8,"2"
"3004","Cluster_3293_evm.TU.chromosome_9.2373","Cluster_3293","evm.TU.chromosome_9.2373","TP7",-0.5,0.210818510677892,"1"
"3005","Cluster_3293_evm.TU.chromosome_9.2375","Cluster_3293","evm.TU.chromosome_9.2375","TP7",-0.5,0.4,"3"
"3006","Cluster_3293_evm.TU.chromosome_9.2500","Cluster_3293","evm.TU.chromosome_9.2500","TP7",-0.5,0.8,"3"
"3007","Cluster_3293_evm.TU.chromosome_9.2503","Cluster_3293","evm.TU.chromosome_9.2503","TP7",-1,-0.8,"1"
"3008","Cluster_3293_evm.TU.chromosome_9.2644","Cluster_3293","evm.TU.chromosome_9.2644","TP7",-0.5,0.2,"1"
"3009","Cluster_3293_evm.TU.chromosome_9.2755","Cluster_3293","evm.TU.chromosome_9.2755","TP7",-1,0.8,"3"
"3010","Cluster_3293_evm.TU.chromosome_9.821","Cluster_3293","evm.TU.chromosome_9.821","TP7",-0.866025403784439,-0.258198889747161,"1"
"3011","Cluster_3293_evm.TU.chromosome_9.963","Cluster_3293","evm.TU.chromosome_9.963","TP7",1,-0.8,"2"
"3012","Cluster_3293_evm.TU.chromosome_9.966","Cluster_3293","evm.TU.chromosome_9.966","TP7",-0.5,0.8,"3"
"3013","Cluster_3331_evm.TU.chromosome_1.1077","Cluster_3331","evm.TU.chromosome_1.1077","TP7",-0.5,0.4,"3"
"3014","Cluster_3331_evm.TU.chromosome_1.1343","Cluster_3331","evm.TU.chromosome_1.1343","TP7",0.5,-0.4,"2"
"3015","Cluster_3331_evm.TU.chromosome_1.1529","Cluster_3331","evm.TU.chromosome_1.1529","TP7",0.5,-0.2,"2"
"3016","Cluster_3331_evm.TU.chromosome_1.1650","Cluster_3331","evm.TU.chromosome_1.1650","TP7",1,-0.4,"2"
"3017","Cluster_3331_evm.TU.chromosome_1.1845","Cluster_3331","evm.TU.chromosome_1.1845","TP7",1,0.4,"2"
"3018","Cluster_3331_evm.TU.chromosome_1.275","Cluster_3331","evm.TU.chromosome_1.275","TP7",0,-0.948683298050514,"2"
"3019","Cluster_3331_evm.TU.chromosome_1.340","Cluster_3331","evm.TU.chromosome_1.340","TP7",0.5,-0.948683298050514,"2"
"3020","Cluster_3331_evm.TU.chromosome_1.907","Cluster_3331","evm.TU.chromosome_1.907","TP7",1,-0.6,"2"
"3021","Cluster_3331_evm.TU.chromosome_10.1220","Cluster_3331","evm.TU.chromosome_10.1220","TP7",-1,0.4,"3"
"3022","Cluster_3331_evm.TU.chromosome_10.1258","Cluster_3331","evm.TU.chromosome_10.1258","TP7",1,0.4,"2"
"3023","Cluster_3331_evm.TU.chromosome_10.1394","Cluster_3331","evm.TU.chromosome_10.1394","TP7",-1,-0.8,"1"
"3024","Cluster_3331_evm.TU.chromosome_10.1686","Cluster_3331","evm.TU.chromosome_10.1686","TP7",1,-1,"2"
"3025","Cluster_3331_evm.TU.chromosome_10.2037","Cluster_3331","evm.TU.chromosome_10.2037","TP7",1,-0.8,"2"
"3026","Cluster_3331_evm.TU.chromosome_10.2126","Cluster_3331","evm.TU.chromosome_10.2126","TP7",0.5,0,"2"
"3027","Cluster_3331_evm.TU.chromosome_10.2163","Cluster_3331","evm.TU.chromosome_10.2163","TP7",-0.5,0.105409255338946,"1"
"3028","Cluster_3331_evm.TU.chromosome_10.2177","Cluster_3331","evm.TU.chromosome_10.2177","TP7",1,0.4,"2"
"3029","Cluster_3331_evm.TU.chromosome_10.443","Cluster_3331","evm.TU.chromosome_10.443","TP7",-1,-0.4,"1"
"3030","Cluster_3331_evm.TU.chromosome_10.918_evm.TU.chromosome_10.906","Cluster_3331","evm.TU.chromosome_10.918_evm.TU.chromosome_10.906","TP7",-0.5,0.4,"3"
"3031","Cluster_3331_evm.TU.chromosome_11.1824","Cluster_3331","evm.TU.chromosome_11.1824","TP7",0.5,-0.8,"2"
"3032","Cluster_3331_evm.TU.chromosome_11.1863","Cluster_3331","evm.TU.chromosome_11.1863","TP7",0.5,-0.4,"2"
"3033","Cluster_3331_evm.TU.chromosome_11.1964","Cluster_3331","evm.TU.chromosome_11.1964","TP7",1,-0.6,"2"
"3034","Cluster_3331_evm.TU.chromosome_11.2052","Cluster_3331","evm.TU.chromosome_11.2052","TP7",1,-0.737864787372622,"2"
"3035","Cluster_3331_evm.TU.chromosome_11.2121","Cluster_3331","evm.TU.chromosome_11.2121","TP7",0.5,-1,"2"
"3036","Cluster_3331_evm.TU.chromosome_11.2233","Cluster_3331","evm.TU.chromosome_11.2233","TP7",0.5,0.2,"2"
"3037","Cluster_3331_evm.TU.chromosome_11.2281","Cluster_3331","evm.TU.chromosome_11.2281","TP7",1,-0.8,"2"
"3038","Cluster_3331_evm.TU.chromosome_11.2654","Cluster_3331","evm.TU.chromosome_11.2654","TP7",1,-0.4,"2"
"3039","Cluster_3331_evm.TU.chromosome_11.2770","Cluster_3331","evm.TU.chromosome_11.2770","TP7",0,-0.8,"2"
"3040","Cluster_3331_evm.TU.chromosome_12.1043","Cluster_3331","evm.TU.chromosome_12.1043","TP7",0,-0.105409255338946,"1"
"3041","Cluster_3331_evm.TU.chromosome_12.1570","Cluster_3331","evm.TU.chromosome_12.1570","TP7",0.5,0,"2"
"3042","Cluster_3331_evm.TU.chromosome_12.1948","Cluster_3331","evm.TU.chromosome_12.1948","TP7",0.5,-0.4,"2"
"3043","Cluster_3331_evm.TU.chromosome_12.2357","Cluster_3331","evm.TU.chromosome_12.2357","TP7",1,0.8,"2"
"3044","Cluster_3331_evm.TU.chromosome_12.2493","Cluster_3331","evm.TU.chromosome_12.2493","TP7",-0.5,-1,"1"
"3045","Cluster_3331_evm.TU.chromosome_12.2678","Cluster_3331","evm.TU.chromosome_12.2678","TP7",1,0.4,"2"
"3046","Cluster_3331_evm.TU.chromosome_12.294","Cluster_3331","evm.TU.chromosome_12.294","TP7",-0.5,-0.2,"1"
"3047","Cluster_3331_evm.TU.chromosome_12.3202","Cluster_3331","evm.TU.chromosome_12.3202","TP7",-1,-0.8,"1"
"3048","Cluster_3331_evm.TU.chromosome_12.3231","Cluster_3331","evm.TU.chromosome_12.3231","TP7",0.866025403784439,0.8,"2"
"3049","Cluster_3331_evm.TU.chromosome_12.3260","Cluster_3331","evm.TU.chromosome_12.3260","TP7",-0.5,-0.4,"1"
"3050","Cluster_3331_evm.TU.chromosome_12.3261","Cluster_3331","evm.TU.chromosome_12.3261","TP7",0.5,0.4,"2"
"3051","Cluster_3331_evm.TU.chromosome_12.3312","Cluster_3331","evm.TU.chromosome_12.3312","TP7",1,-0.8,"2"
"3052","Cluster_3331_evm.TU.chromosome_12.335","Cluster_3331","evm.TU.chromosome_12.335","TP7",1,-0.4,"2"
"3053","Cluster_3331_evm.TU.chromosome_12.3353","Cluster_3331","evm.TU.chromosome_12.3353","TP7",1,-0.8,"2"
"3054","Cluster_3331_evm.TU.chromosome_12.3385","Cluster_3331","evm.TU.chromosome_12.3385","TP7",0.5,0.4,"2"
"3055","Cluster_3331_evm.TU.chromosome_12.3386","Cluster_3331","evm.TU.chromosome_12.3386","TP7",-0.5,0.4,"3"
"3056","Cluster_3331_evm.TU.chromosome_12.3553","Cluster_3331","evm.TU.chromosome_12.3553","TP7",0.5,0.6,"2"
"3057","Cluster_3331_evm.TU.chromosome_12.3559","Cluster_3331","evm.TU.chromosome_12.3559","TP7",-0.5,-0.4,"1"
"3058","Cluster_3331_evm.TU.chromosome_12.3663","Cluster_3331","evm.TU.chromosome_12.3663","TP7",0.5,-0.8,"2"
"3059","Cluster_3331_evm.TU.chromosome_12.368","Cluster_3331","evm.TU.chromosome_12.368","TP7",0.5,0.2,"2"
"3060","Cluster_3331_evm.TU.chromosome_12.3787","Cluster_3331","evm.TU.chromosome_12.3787","TP7",1,-0.4,"2"
"3061","Cluster_3331_evm.TU.chromosome_12.3881","Cluster_3331","evm.TU.chromosome_12.3881","TP7",1,0.2,"2"
"3062","Cluster_3331_evm.TU.chromosome_12.3921","Cluster_3331","evm.TU.chromosome_12.3921","TP7",0.5,0.6,"2"
"3063","Cluster_3331_evm.TU.chromosome_12.500","Cluster_3331","evm.TU.chromosome_12.500","TP7",1,-0.8,"2"
"3064","Cluster_3331_evm.TU.chromosome_12.662","Cluster_3331","evm.TU.chromosome_12.662","TP7",-1,-0.8,"1"
"3065","Cluster_3331_evm.TU.chromosome_13.1132","Cluster_3331","evm.TU.chromosome_13.1132","TP7",-1,0.2,"3"
"3066","Cluster_3331_evm.TU.chromosome_13.125","Cluster_3331","evm.TU.chromosome_13.125","TP7",0.5,1,"2"
"3067","Cluster_3331_evm.TU.chromosome_13.15","Cluster_3331","evm.TU.chromosome_13.15","TP7",-0.5,-0.2,"1"
"3068","Cluster_3331_evm.TU.chromosome_13.1523","Cluster_3331","evm.TU.chromosome_13.1523","TP7",1,-0.6,"2"
"3069","Cluster_3331_evm.TU.chromosome_13.1689","Cluster_3331","evm.TU.chromosome_13.1689","TP7",0.5,-0.2,"2"
"3070","Cluster_3331_evm.TU.chromosome_13.1989","Cluster_3331","evm.TU.chromosome_13.1989","TP7",-1,-0.948683298050514,"1"
"3071","Cluster_3331_evm.TU.chromosome_13.1992","Cluster_3331","evm.TU.chromosome_13.1992","TP7",1,-0.8,"2"
"3072","Cluster_3331_evm.TU.chromosome_13.2657","Cluster_3331","evm.TU.chromosome_13.2657","TP7",0.5,0.8,"2"
"3073","Cluster_3331_evm.TU.chromosome_13.3031","Cluster_3331","evm.TU.chromosome_13.3031","TP7",1,-0.8,"2"
"3074","Cluster_3331_evm.TU.chromosome_13.340","Cluster_3331","evm.TU.chromosome_13.340","TP7",1,-0.737864787372622,"2"
"3075","Cluster_3331_evm.TU.chromosome_13.3481","Cluster_3331","evm.TU.chromosome_13.3481","TP7",1,-0.4,"2"
"3076","Cluster_3331_evm.TU.chromosome_13.3485","Cluster_3331","evm.TU.chromosome_13.3485","TP7",-1,-0.4,"1"
"3077","Cluster_3331_evm.TU.chromosome_13.3498","Cluster_3331","evm.TU.chromosome_13.3498","TP7",0.5,-0.948683298050514,"2"
"3078","Cluster_3331_evm.TU.chromosome_13.3532","Cluster_3331","evm.TU.chromosome_13.3532","TP7",1,-0.6,"2"
"3079","Cluster_3331_evm.TU.chromosome_13.3706","Cluster_3331","evm.TU.chromosome_13.3706","TP7",-1,0.2,"3"
"3080","Cluster_3331_evm.TU.chromosome_13.3735","Cluster_3331","evm.TU.chromosome_13.3735","TP7",-0.5,-1,"1"
"3081","Cluster_3331_evm.TU.chromosome_13.3939","Cluster_3331","evm.TU.chromosome_13.3939","TP7",-0.5,0.2,"1"
"3082","Cluster_3331_evm.TU.chromosome_13.3995","Cluster_3331","evm.TU.chromosome_13.3995","TP7",0.5,0.2,"2"
"3083","Cluster_3331_evm.TU.chromosome_13.4012","Cluster_3331","evm.TU.chromosome_13.4012","TP7",1,-0.4,"2"
"3084","Cluster_3331_evm.TU.chromosome_13.4176","Cluster_3331","evm.TU.chromosome_13.4176","TP7",-0.5,0,"1"
"3085","Cluster_3331_evm.TU.chromosome_13.56","Cluster_3331","evm.TU.chromosome_13.56","TP7",-0.5,0.6,"3"
"3086","Cluster_3331_evm.TU.chromosome_13.599","Cluster_3331","evm.TU.chromosome_13.599","TP7",1,0,"2"
"3087","Cluster_3331_evm.TU.chromosome_13.670","Cluster_3331","evm.TU.chromosome_13.670","TP7",-0.5,0.8,"3"
"3088","Cluster_3331_evm.TU.chromosome_13.920","Cluster_3331","evm.TU.chromosome_13.920","TP7",1,-0.737864787372622,"2"
"3089","Cluster_3331_evm.TU.chromosome_14.1404","Cluster_3331","evm.TU.chromosome_14.1404","TP7",0.5,0.4,"2"
"3090","Cluster_3331_evm.TU.chromosome_14.1620","Cluster_3331","evm.TU.chromosome_14.1620","TP7",0.5,-0.737864787372622,"2"
"3091","Cluster_3331_evm.TU.chromosome_14.1662","Cluster_3331","evm.TU.chromosome_14.1662","TP7",0,-0.948683298050514,"2"
"3092","Cluster_3331_evm.TU.chromosome_14.1682","Cluster_3331","evm.TU.chromosome_14.1682","TP7",1,-0.8,"2"
"3093","Cluster_3331_evm.TU.chromosome_14.1748","Cluster_3331","evm.TU.chromosome_14.1748","TP7",1,-0.737864787372622,"2"
"3094","Cluster_3331_evm.TU.chromosome_14.1781","Cluster_3331","evm.TU.chromosome_14.1781","TP7",0.5,-0.948683298050514,"2"
"3095","Cluster_3331_evm.TU.chromosome_14.1806","Cluster_3331","evm.TU.chromosome_14.1806","TP7",1,-0.8,"2"
"3096","Cluster_3331_evm.TU.chromosome_14.3184","Cluster_3331","evm.TU.chromosome_14.3184","TP7",0,-0.948683298050514,"2"
"3097","Cluster_3331_evm.TU.chromosome_14.3530","Cluster_3331","evm.TU.chromosome_14.3530","TP7",1,0,"2"
"3098","Cluster_3331_evm.TU.chromosome_14.4082","Cluster_3331","evm.TU.chromosome_14.4082","TP7",-1,0.6,"3"
"3099","Cluster_3331_evm.TU.chromosome_14.4731","Cluster_3331","evm.TU.chromosome_14.4731","TP7",1,-0.2,"2"
"3100","Cluster_3331_evm.TU.chromosome_14.5096","Cluster_3331","evm.TU.chromosome_14.5096","TP7",-1,0,"3"
"3101","Cluster_3331_evm.TU.chromosome_14.5100","Cluster_3331","evm.TU.chromosome_14.5100","TP7",1,-0.6,"2"
"3102","Cluster_3331_evm.TU.chromosome_14.5295","Cluster_3331","evm.TU.chromosome_14.5295","TP7",-1,-0.2,"3"
"3103","Cluster_3331_evm.TU.chromosome_14.5395","Cluster_3331","evm.TU.chromosome_14.5395","TP7",0,-0.948683298050514,"2"
"3104","Cluster_3331_evm.TU.chromosome_14.551","Cluster_3331","evm.TU.chromosome_14.551","TP7",0,-0.948683298050514,"2"
"3105","Cluster_3331_evm.TU.chromosome_14.5641","Cluster_3331","evm.TU.chromosome_14.5641","TP7",0.5,-0.8,"2"
"3106","Cluster_3331_evm.TU.chromosome_14.5700","Cluster_3331","evm.TU.chromosome_14.5700","TP7",1,-1,"2"
"3107","Cluster_3331_evm.TU.chromosome_14.616","Cluster_3331","evm.TU.chromosome_14.616","TP7",1,-1,"2"
"3108","Cluster_3331_evm.TU.chromosome_14.6208","Cluster_3331","evm.TU.chromosome_14.6208","TP7",0.5,-0.4,"2"
"3109","Cluster_3331_evm.TU.chromosome_14.6221","Cluster_3331","evm.TU.chromosome_14.6221","TP7",1,-0.6,"2"
"3110","Cluster_3331_evm.TU.chromosome_14.6356","Cluster_3331","evm.TU.chromosome_14.6356","TP7",-0.5,-0.4,"1"
"3111","Cluster_3331_evm.TU.chromosome_14.6776","Cluster_3331","evm.TU.chromosome_14.6776","TP7",1,-0.737864787372622,"2"
"3112","Cluster_3331_evm.TU.chromosome_14.6860","Cluster_3331","evm.TU.chromosome_14.6860","TP7",1,-0.948683298050514,"2"
"3113","Cluster_3331_evm.TU.chromosome_14.728","Cluster_3331","evm.TU.chromosome_14.728","TP7",0.5,-0.4,"2"
"3114","Cluster_3331_evm.TU.chromosome_14.813","Cluster_3331","evm.TU.chromosome_14.813","TP7",-0.5,0.8,"3"
"3115","Cluster_3331_evm.TU.chromosome_14.959","Cluster_3331","evm.TU.chromosome_14.959","TP7",1,-0.737864787372622,"2"
"3116","Cluster_3331_evm.TU.chromosome_2.1010","Cluster_3331","evm.TU.chromosome_2.1010","TP7",1,-0.4,"2"
"3117","Cluster_3331_evm.TU.chromosome_2.515","Cluster_3331","evm.TU.chromosome_2.515","TP7",0.5,-0.4,"2"
"3118","Cluster_3331_evm.TU.chromosome_2.626","Cluster_3331","evm.TU.chromosome_2.626","TP7",0.5,0.2,"2"
"3119","Cluster_3331_evm.TU.chromosome_2.666","Cluster_3331","evm.TU.chromosome_2.666","TP7",1,0.4,"2"
"3120","Cluster_3331_evm.TU.chromosome_2.81","Cluster_3331","evm.TU.chromosome_2.81","TP7",-0.5,0.8,"3"
"3121","Cluster_3331_evm.TU.chromosome_2.842","Cluster_3331","evm.TU.chromosome_2.842","TP7",-0.5,0.8,"3"
"3122","Cluster_3331_evm.TU.chromosome_2.981","Cluster_3331","evm.TU.chromosome_2.981","TP7",1,1,"2"
"3123","Cluster_3331_evm.TU.chromosome_3.1290","Cluster_3331","evm.TU.chromosome_3.1290","TP7",-1,-0.2,"3"
"3124","Cluster_3331_evm.TU.chromosome_3.1667","Cluster_3331","evm.TU.chromosome_3.1667","TP7",0.5,-0.737864787372622,"2"
"3125","Cluster_3331_evm.TU.chromosome_3.182","Cluster_3331","evm.TU.chromosome_3.182","TP7",0.5,0.774596669241483,"2"
"3126","Cluster_3331_evm.TU.chromosome_3.1852","Cluster_3331","evm.TU.chromosome_3.1852","TP7",-1,-0.4,"1"
"3127","Cluster_3331_evm.TU.chromosome_3.891","Cluster_3331","evm.TU.chromosome_3.891","TP7",0.5,0.2,"2"
"3128","Cluster_3331_evm.TU.chromosome_4.1190","Cluster_3331","evm.TU.chromosome_4.1190","TP7",-1,0.2,"3"
"3129","Cluster_3331_evm.TU.chromosome_4.132","Cluster_3331","evm.TU.chromosome_4.132","TP7",0.5,-0.948683298050514,"2"
"3130","Cluster_3331_evm.TU.chromosome_4.166","Cluster_3331","evm.TU.chromosome_4.166","TP7",1,0.4,"2"
"3131","Cluster_3331_evm.TU.chromosome_4.1848","Cluster_3331","evm.TU.chromosome_4.1848","TP7",-0.5,-0.948683298050514,"1"
"3132","Cluster_3331_evm.TU.chromosome_4.2017","Cluster_3331","evm.TU.chromosome_4.2017","TP7",-0.5,-0.737864787372622,"1"
"3133","Cluster_3331_evm.TU.chromosome_4.2250","Cluster_3331","evm.TU.chromosome_4.2250","TP7",0,0.210818510677892,"1"
"3134","Cluster_3331_evm.TU.chromosome_4.2510","Cluster_3331","evm.TU.chromosome_4.2510","TP7",-1,-0.2,"3"
"3135","Cluster_3331_evm.TU.chromosome_4.279","Cluster_3331","evm.TU.chromosome_4.279","TP7",0.5,-0.8,"2"
"3136","Cluster_3331_evm.TU.chromosome_4.500","Cluster_3331","evm.TU.chromosome_4.500","TP7",-1,0.8,"3"
"3137","Cluster_3331_evm.TU.chromosome_4.685","Cluster_3331","evm.TU.chromosome_4.685","TP7",-1,0.8,"3"
"3138","Cluster_3331_evm.TU.chromosome_4.935","Cluster_3331","evm.TU.chromosome_4.935","TP7",1,0.4,"2"
"3139","Cluster_3331_evm.TU.chromosome_5.1218","Cluster_3331","evm.TU.chromosome_5.1218","TP7",1,-0.6,"2"
"3140","Cluster_3331_evm.TU.chromosome_5.1385","Cluster_3331","evm.TU.chromosome_5.1385","TP7",-0.5,-0.6,"1"
"3141","Cluster_3331_evm.TU.chromosome_5.1491","Cluster_3331","evm.TU.chromosome_5.1491","TP7",1,-0.4,"2"
"3142","Cluster_3331_evm.TU.chromosome_5.1575","Cluster_3331","evm.TU.chromosome_5.1575","TP7",0.5,-1,"2"
"3143","Cluster_3331_evm.TU.chromosome_5.1684","Cluster_3331","evm.TU.chromosome_5.1684","TP7",-1,0,"3"
"3144","Cluster_3331_evm.TU.chromosome_5.1732","Cluster_3331","evm.TU.chromosome_5.1732","TP7",0.5,-0.2,"2"
"3145","Cluster_3331_evm.TU.chromosome_5.1754","Cluster_3331","evm.TU.chromosome_5.1754","TP7",1,-1,"2"
"3146","Cluster_3331_evm.TU.chromosome_5.2210","Cluster_3331","evm.TU.chromosome_5.2210","TP7",1,0.2,"2"
"3147","Cluster_3331_evm.TU.chromosome_5.2393","Cluster_3331","evm.TU.chromosome_5.2393","TP7",0.5,-0.4,"2"
"3148","Cluster_3331_evm.TU.chromosome_5.2488","Cluster_3331","evm.TU.chromosome_5.2488","TP7",1,-0.948683298050514,"2"
"3149","Cluster_3331_evm.TU.chromosome_5.2516","Cluster_3331","evm.TU.chromosome_5.2516","TP7",1,0,"2"
"3150","Cluster_3331_evm.TU.chromosome_5.2597","Cluster_3331","evm.TU.chromosome_5.2597","TP7",0.866025403784439,-0.316227766016838,"2"
"3151","Cluster_3331_evm.TU.chromosome_5.2795","Cluster_3331","evm.TU.chromosome_5.2795","TP7",-0.5,0.8,"3"
"3152","Cluster_3331_evm.TU.chromosome_5.502","Cluster_3331","evm.TU.chromosome_5.502","TP7",0.5,-0.4,"2"
"3153","Cluster_3331_evm.TU.chromosome_5.662","Cluster_3331","evm.TU.chromosome_5.662","TP7",0,-0.737864787372622,"2"
"3154","Cluster_3331_evm.TU.chromosome_6.1092","Cluster_3331","evm.TU.chromosome_6.1092","TP7",0,-0.737864787372622,"2"
"3155","Cluster_3331_evm.TU.chromosome_6.1096","Cluster_3331","evm.TU.chromosome_6.1096","TP7",1,0.2,"2"
"3156","Cluster_3331_evm.TU.chromosome_6.115","Cluster_3331","evm.TU.chromosome_6.115","TP7",-0.5,-0.8,"1"
"3157","Cluster_3331_evm.TU.chromosome_6.1164","Cluster_3331","evm.TU.chromosome_6.1164","TP7",0,-0.774596669241483,"2"
"3158","Cluster_3331_evm.TU.chromosome_6.117","Cluster_3331","evm.TU.chromosome_6.117","TP7",1,0.2,"2"
"3159","Cluster_3331_evm.TU.chromosome_6.1218","Cluster_3331","evm.TU.chromosome_6.1218","TP7",0.5,-0.8,"2"
"3160","Cluster_3331_evm.TU.chromosome_6.1598","Cluster_3331","evm.TU.chromosome_6.1598","TP7",1,0.4,"2"
"3161","Cluster_3331_evm.TU.chromosome_6.1643","Cluster_3331","evm.TU.chromosome_6.1643","TP7",1,-0.2,"2"
"3162","Cluster_3331_evm.TU.chromosome_6.1772","Cluster_3331","evm.TU.chromosome_6.1772","TP7",1,-0.4,"2"
"3163","Cluster_3331_evm.TU.chromosome_6.1941","Cluster_3331","evm.TU.chromosome_6.1941","TP7",-0.5,1,"3"
"3164","Cluster_3331_evm.TU.chromosome_6.239","Cluster_3331","evm.TU.chromosome_6.239","TP7",1,-0.6,"2"
"3165","Cluster_3331_evm.TU.chromosome_6.2476","Cluster_3331","evm.TU.chromosome_6.2476","TP7",-0.5,0,"1"
"3166","Cluster_3331_evm.TU.chromosome_6.2588","Cluster_3331","evm.TU.chromosome_6.2588","TP7",1,0.8,"2"
"3167","Cluster_3331_evm.TU.chromosome_6.2954","Cluster_3331","evm.TU.chromosome_6.2954","TP7",0,-0.8,"2"
"3168","Cluster_3331_evm.TU.chromosome_6.400","Cluster_3331","evm.TU.chromosome_6.400","TP7",1,0.4,"2"
"3169","Cluster_3331_evm.TU.chromosome_6.575","Cluster_3331","evm.TU.chromosome_6.575","TP7",0.5,-0.948683298050514,"2"
"3170","Cluster_3331_evm.TU.chromosome_6.610","Cluster_3331","evm.TU.chromosome_6.610","TP7",0.5,0.8,"2"
"3171","Cluster_3331_evm.TU.chromosome_6.651","Cluster_3331","evm.TU.chromosome_6.651","TP7",1,-0.4,"2"
"3172","Cluster_3331_evm.TU.chromosome_6.884","Cluster_3331","evm.TU.chromosome_6.884","TP7",0,-0.948683298050514,"2"
"3173","Cluster_3331_evm.TU.chromosome_7.1449","Cluster_3331","evm.TU.chromosome_7.1449","TP7",0.866025403784439,-0.774596669241483,"2"
"3174","Cluster_3331_evm.TU.chromosome_7.1739","Cluster_3331","evm.TU.chromosome_7.1739","TP7",1,0.2,"2"
"3175","Cluster_3331_evm.TU.chromosome_7.202","Cluster_3331","evm.TU.chromosome_7.202","TP7",0.5,0.4,"2"
"3176","Cluster_3331_evm.TU.chromosome_7.203","Cluster_3331","evm.TU.chromosome_7.203","TP7",-0.5,0.4,"3"
"3177","Cluster_3331_evm.TU.chromosome_7.2352","Cluster_3331","evm.TU.chromosome_7.2352","TP7",0.5,0.2,"2"
"3178","Cluster_3331_evm.TU.chromosome_7.2389","Cluster_3331","evm.TU.chromosome_7.2389","TP7",0.5,-0.737864787372622,"2"
"3179","Cluster_3331_evm.TU.chromosome_7.244","Cluster_3331","evm.TU.chromosome_7.244","TP7",-1,0.4,"3"
"3180","Cluster_3331_evm.TU.chromosome_7.2463","Cluster_3331","evm.TU.chromosome_7.2463","TP7",1,-0.774596669241483,"2"
"3181","Cluster_3331_evm.TU.chromosome_7.255","Cluster_3331","evm.TU.chromosome_7.255","TP7",0.5,0.4,"2"
"3182","Cluster_3331_evm.TU.chromosome_7.2793","Cluster_3331","evm.TU.chromosome_7.2793","TP7",0.5,0.4,"2"
"3183","Cluster_3331_evm.TU.chromosome_7.301","Cluster_3331","evm.TU.chromosome_7.301","TP7",-0.5,-1,"1"
"3184","Cluster_3331_evm.TU.chromosome_7.39","Cluster_3331","evm.TU.chromosome_7.39","TP7",0.5,0.8,"2"
"3185","Cluster_3331_evm.TU.chromosome_7.439","Cluster_3331","evm.TU.chromosome_7.439","TP7",-0.5,-0.2,"1"
"3186","Cluster_3331_evm.TU.chromosome_7.460","Cluster_3331","evm.TU.chromosome_7.460","TP7",1,-0.4,"2"
"3187","Cluster_3331_evm.TU.chromosome_7.94","Cluster_3331","evm.TU.chromosome_7.94","TP7",1,-0.948683298050514,"2"
"3188","Cluster_3331_evm.TU.chromosome_7.969","Cluster_3331","evm.TU.chromosome_7.969","TP7",-0.5,0.4,"3"
"3189","Cluster_3331_evm.TU.chromosome_8.1127","Cluster_3331","evm.TU.chromosome_8.1127","TP7",-1,-0.8,"1"
"3190","Cluster_3331_evm.TU.chromosome_8.1135","Cluster_3331","evm.TU.chromosome_8.1135","TP7",0.5,-0.948683298050514,"2"
"3191","Cluster_3331_evm.TU.chromosome_8.1400","Cluster_3331","evm.TU.chromosome_8.1400","TP7",1,-0.8,"2"
"3192","Cluster_3331_evm.TU.chromosome_8.1422","Cluster_3331","evm.TU.chromosome_8.1422","TP7",0.5,0.632455532033676,"2"
"3193","Cluster_3331_evm.TU.chromosome_8.1427","Cluster_3331","evm.TU.chromosome_8.1427","TP7",0.5,-0.948683298050514,"2"
"3194","Cluster_3331_evm.TU.chromosome_8.1430","Cluster_3331","evm.TU.chromosome_8.1430","TP7",1,-0.4,"2"
"3195","Cluster_3331_evm.TU.chromosome_8.1433","Cluster_3331","evm.TU.chromosome_8.1433","TP7",0.5,-0.737864787372622,"2"
"3196","Cluster_3331_evm.TU.chromosome_8.1585","Cluster_3331","evm.TU.chromosome_8.1585","TP7",-1,-0.6,"1"
"3197","Cluster_3331_evm.TU.chromosome_8.1735","Cluster_3331","evm.TU.chromosome_8.1735","TP7",0.5,-0.737864787372622,"2"
"3198","Cluster_3331_evm.TU.chromosome_8.2069","Cluster_3331","evm.TU.chromosome_8.2069","TP7",0.5,-0.2,"2"
"3199","Cluster_3331_evm.TU.chromosome_8.2581","Cluster_3331","evm.TU.chromosome_8.2581","TP7",1,-0.4,"2"
"3200","Cluster_3331_evm.TU.chromosome_8.259","Cluster_3331","evm.TU.chromosome_8.259","TP7",0.5,-0.2,"2"
"3201","Cluster_3331_evm.TU.chromosome_8.384","Cluster_3331","evm.TU.chromosome_8.384","TP7",-0.5,-0.8,"1"
"3202","Cluster_3331_evm.TU.chromosome_8.423","Cluster_3331","evm.TU.chromosome_8.423","TP7",0,-0.4,"2"
"3203","Cluster_3331_evm.TU.chromosome_8.501","Cluster_3331","evm.TU.chromosome_8.501","TP7",0.5,-0.8,"2"
"3204","Cluster_3331_evm.TU.chromosome_8.975","Cluster_3331","evm.TU.chromosome_8.975","TP7",1,-0.737864787372622,"2"
"3205","Cluster_3331_evm.TU.chromosome_9.1216","Cluster_3331","evm.TU.chromosome_9.1216","TP7",-0.5,0.8,"3"
"3206","Cluster_3331_evm.TU.chromosome_9.1294","Cluster_3331","evm.TU.chromosome_9.1294","TP7",1,-1,"2"
"3207","Cluster_3331_evm.TU.chromosome_9.2066","Cluster_3331","evm.TU.chromosome_9.2066","TP7",0.5,0.2,"2"
"3208","Cluster_3331_evm.TU.chromosome_9.2097","Cluster_3331","evm.TU.chromosome_9.2097","TP7",1,-0.6,"2"
"3209","Cluster_3331_evm.TU.chromosome_9.2154","Cluster_3331","evm.TU.chromosome_9.2154","TP7",-0.5,-0.8,"1"
"3210","Cluster_3331_evm.TU.chromosome_9.2462","Cluster_3331","evm.TU.chromosome_9.2462","TP7",1,0.4,"2"
"3211","Cluster_3331_evm.TU.chromosome_9.2516","Cluster_3331","evm.TU.chromosome_9.2516","TP7",1,-0.774596669241483,"2"
"3212","Cluster_3331_evm.TU.chromosome_9.2807","Cluster_3331","evm.TU.chromosome_9.2807","TP7",0.5,-0.4,"2"
"3213","Cluster_3331_evm.TU.chromosome_9.2825","Cluster_3331","evm.TU.chromosome_9.2825","TP7",0.5,-0.737864787372622,"2"
"3214","Cluster_3331_evm.TU.chromosome_9.2837","Cluster_3331","evm.TU.chromosome_9.2837","TP7",-1,-0.948683298050514,"1"
"3215","Cluster_3331_evm.TU.chromosome_9.555","Cluster_3331","evm.TU.chromosome_9.555","TP7",-0.5,0.4,"3"
"3216","Cluster_3331_evm.TU.chromosome_9.6","Cluster_3331","evm.TU.chromosome_9.6","TP7",0.5,0.4,"2"
"3217","Cluster_3331_evm.TU.chromosome_9.62","Cluster_3331","evm.TU.chromosome_9.62","TP7",1,-0.4,"2"
"3218","Cluster_3331_evm.TU.chromosome_9.692","Cluster_3331","evm.TU.chromosome_9.692","TP7",-0.5,-0.4,"1"
"3219","Cluster_3331_evm.TU.chromosome_9.713","Cluster_3331","evm.TU.chromosome_9.713","TP7",-0.5,-0.8,"1"
"3220","Cluster_3331_evm.TU.chromosome_9.89","Cluster_3331","evm.TU.chromosome_9.89","TP7",0.5,-0.8,"2"
"3221","Cluster_3331_evm.TU.chromosome_9.948","Cluster_3331","evm.TU.chromosome_9.948","TP7",1,0.4,"2"
"3222","Cluster_3337_evm.TU.chromosome_1.1343","Cluster_3337","evm.TU.chromosome_1.1343","TP7",-0.866025403784439,-0.4,"1"
"3223","Cluster_3337_evm.TU.chromosome_1.1845","Cluster_3337","evm.TU.chromosome_1.1845","TP7",-0.866025403784439,0.4,"3"
"3224","Cluster_3337_evm.TU.chromosome_1.275","Cluster_3337","evm.TU.chromosome_1.275","TP7",-0.5,-0.948683298050514,"1"
"3225","Cluster_3337_evm.TU.chromosome_10.2037","Cluster_3337","evm.TU.chromosome_10.2037","TP7",-0.866025403784439,-0.8,"1"
"3226","Cluster_3337_evm.TU.chromosome_10.2177","Cluster_3337","evm.TU.chromosome_10.2177","TP7",-0.866025403784439,0.4,"3"
"3227","Cluster_3337_evm.TU.chromosome_11.1863","Cluster_3337","evm.TU.chromosome_11.1863","TP7",-0.866025403784439,-0.4,"1"
"3228","Cluster_3337_evm.TU.chromosome_11.1964","Cluster_3337","evm.TU.chromosome_11.1964","TP7",-0.866025403784439,-0.6,"1"
"3229","Cluster_3337_evm.TU.chromosome_11.2052","Cluster_3337","evm.TU.chromosome_11.2052","TP7",-0.866025403784439,-0.737864787372622,"1"
"3230","Cluster_3337_evm.TU.chromosome_11.2233","Cluster_3337","evm.TU.chromosome_11.2233","TP7",-0.866025403784439,0.2,"3"
"3231","Cluster_3337_evm.TU.chromosome_11.2654","Cluster_3337","evm.TU.chromosome_11.2654","TP7",-0.866025403784439,-0.4,"1"
"3232","Cluster_3337_evm.TU.chromosome_11.2770","Cluster_3337","evm.TU.chromosome_11.2770","TP7",-0.5,-0.8,"1"
"3233","Cluster_3337_evm.TU.chromosome_12.1043","Cluster_3337","evm.TU.chromosome_12.1043","TP7",-0.5,-0.105409255338946,"1"
"3234","Cluster_3337_evm.TU.chromosome_12.3231","Cluster_3337","evm.TU.chromosome_12.3231","TP7",-0.5,0.8,"3"
"3235","Cluster_3337_evm.TU.chromosome_12.3261","Cluster_3337","evm.TU.chromosome_12.3261","TP7",-0.866025403784439,0.4,"3"
"3236","Cluster_3337_evm.TU.chromosome_12.3312","Cluster_3337","evm.TU.chromosome_12.3312","TP7",-0.866025403784439,-0.8,"1"
"3237","Cluster_3337_evm.TU.chromosome_12.3553","Cluster_3337","evm.TU.chromosome_12.3553","TP7",-0.866025403784439,0.6,"3"
"3238","Cluster_3337_evm.TU.chromosome_13.1132","Cluster_3337","evm.TU.chromosome_13.1132","TP7",0.866025403784439,0.2,"2"
"3239","Cluster_3337_evm.TU.chromosome_13.1523","Cluster_3337","evm.TU.chromosome_13.1523","TP7",-0.866025403784439,-0.6,"1"
"3240","Cluster_3337_evm.TU.chromosome_13.1689","Cluster_3337","evm.TU.chromosome_13.1689","TP7",-0.866025403784439,-0.2,"1"
"3241","Cluster_3337_evm.TU.chromosome_13.2657","Cluster_3337","evm.TU.chromosome_13.2657","TP7",-0.866025403784439,0.8,"3"
"3242","Cluster_3337_evm.TU.chromosome_13.340","Cluster_3337","evm.TU.chromosome_13.340","TP7",-0.866025403784439,-0.737864787372622,"1"
"3243","Cluster_3337_evm.TU.chromosome_13.3481","Cluster_3337","evm.TU.chromosome_13.3481","TP7",-0.866025403784439,-0.4,"1"
"3244","Cluster_3337_evm.TU.chromosome_13.3498","Cluster_3337","evm.TU.chromosome_13.3498","TP7",-0.866025403784439,-0.948683298050514,"1"
"3245","Cluster_3337_evm.TU.chromosome_13.3939","Cluster_3337","evm.TU.chromosome_13.3939","TP7",0.866025403784439,0.2,"2"
"3246","Cluster_3337_evm.TU.chromosome_13.920","Cluster_3337","evm.TU.chromosome_13.920","TP7",-0.866025403784439,-0.737864787372622,"1"
"3247","Cluster_3337_evm.TU.chromosome_14.1620","Cluster_3337","evm.TU.chromosome_14.1620","TP7",-0.866025403784439,-0.737864787372622,"1"
"3248","Cluster_3337_evm.TU.chromosome_14.1662","Cluster_3337","evm.TU.chromosome_14.1662","TP7",-0.5,-0.948683298050514,"1"
"3249","Cluster_3337_evm.TU.chromosome_14.1748","Cluster_3337","evm.TU.chromosome_14.1748","TP7",-0.866025403784439,-0.737864787372622,"1"
"3250","Cluster_3337_evm.TU.chromosome_14.1781","Cluster_3337","evm.TU.chromosome_14.1781","TP7",-0.866025403784439,-0.948683298050514,"1"
"3251","Cluster_3337_evm.TU.chromosome_14.3184","Cluster_3337","evm.TU.chromosome_14.3184","TP7",-0.5,-0.948683298050514,"1"
"3252","Cluster_3337_evm.TU.chromosome_14.4731","Cluster_3337","evm.TU.chromosome_14.4731","TP7",-0.866025403784439,-0.2,"1"
"3253","Cluster_3337_evm.TU.chromosome_14.5395","Cluster_3337","evm.TU.chromosome_14.5395","TP7",-0.5,-0.948683298050514,"1"
"3254","Cluster_3337_evm.TU.chromosome_14.551","Cluster_3337","evm.TU.chromosome_14.551","TP7",-0.5,-0.948683298050514,"1"
"3255","Cluster_3337_evm.TU.chromosome_14.6208","Cluster_3337","evm.TU.chromosome_14.6208","TP7",-0.866025403784439,-0.4,"1"
"3256","Cluster_3337_evm.TU.chromosome_14.6776","Cluster_3337","evm.TU.chromosome_14.6776","TP7",-0.866025403784439,-0.737864787372622,"1"
"3257","Cluster_3337_evm.TU.chromosome_14.6860","Cluster_3337","evm.TU.chromosome_14.6860","TP7",-0.866025403784439,-0.948683298050514,"1"
"3258","Cluster_3337_evm.TU.chromosome_14.959","Cluster_3337","evm.TU.chromosome_14.959","TP7",-0.866025403784439,-0.737864787372622,"1"
"3259","Cluster_3337_evm.TU.chromosome_2.1010","Cluster_3337","evm.TU.chromosome_2.1010","TP7",-0.866025403784439,-0.4,"1"
"3260","Cluster_3337_evm.TU.chromosome_2.515","Cluster_3337","evm.TU.chromosome_2.515","TP7",-0.866025403784439,-0.4,"1"
"3261","Cluster_3337_evm.TU.chromosome_2.626","Cluster_3337","evm.TU.chromosome_2.626","TP7",-0.866025403784439,0.2,"3"
"3262","Cluster_3337_evm.TU.chromosome_2.666","Cluster_3337","evm.TU.chromosome_2.666","TP7",-0.866025403784439,0.4,"3"
"3263","Cluster_3337_evm.TU.chromosome_3.1290","Cluster_3337","evm.TU.chromosome_3.1290","TP7",0.866025403784439,-0.2,"2"
"3264","Cluster_3337_evm.TU.chromosome_3.1667","Cluster_3337","evm.TU.chromosome_3.1667","TP7",-0.866025403784439,-0.737864787372622,"1"
"3265","Cluster_3337_evm.TU.chromosome_4.132","Cluster_3337","evm.TU.chromosome_4.132","TP7",-0.866025403784439,-0.948683298050514,"1"
"3266","Cluster_3337_evm.TU.chromosome_4.2017","Cluster_3337","evm.TU.chromosome_4.2017","TP7",0.866025403784439,-0.737864787372622,"2"
"3267","Cluster_3337_evm.TU.chromosome_4.2250","Cluster_3337","evm.TU.chromosome_4.2250","TP7",-0.5,0.210818510677892,"1"
"3268","Cluster_3337_evm.TU.chromosome_5.2597","Cluster_3337","evm.TU.chromosome_5.2597","TP7",-0.5,-0.316227766016838,"1"
"3269","Cluster_3337_evm.TU.chromosome_5.2795","Cluster_3337","evm.TU.chromosome_5.2795","TP7",0.866025403784439,0.8,"2"
"3270","Cluster_3337_evm.TU.chromosome_5.662","Cluster_3337","evm.TU.chromosome_5.662","TP7",-0.5,-0.737864787372622,"1"
"3271","Cluster_3337_evm.TU.chromosome_6.1092","Cluster_3337","evm.TU.chromosome_6.1092","TP7",-0.5,-0.737864787372622,"1"
"3272","Cluster_3337_evm.TU.chromosome_6.1096","Cluster_3337","evm.TU.chromosome_6.1096","TP7",-0.866025403784439,0.2,"3"
"3273","Cluster_3337_evm.TU.chromosome_6.1164","Cluster_3337","evm.TU.chromosome_6.1164","TP7",-0.5,-0.774596669241483,"1"
"3274","Cluster_3337_evm.TU.chromosome_6.1218","Cluster_3337","evm.TU.chromosome_6.1218","TP7",-0.866025403784439,-0.8,"1"
"3275","Cluster_3337_evm.TU.chromosome_6.1598","Cluster_3337","evm.TU.chromosome_6.1598","TP7",-0.866025403784439,0.4,"3"
"3276","Cluster_3337_evm.TU.chromosome_6.1643","Cluster_3337","evm.TU.chromosome_6.1643","TP7",-0.866025403784439,-0.2,"1"
"3277","Cluster_3337_evm.TU.chromosome_6.1772","Cluster_3337","evm.TU.chromosome_6.1772","TP7",-0.866025403784439,-0.4,"1"
"3278","Cluster_3337_evm.TU.chromosome_6.2954","Cluster_3337","evm.TU.chromosome_6.2954","TP7",-0.5,-0.8,"1"
"3279","Cluster_3337_evm.TU.chromosome_6.400","Cluster_3337","evm.TU.chromosome_6.400","TP7",-0.866025403784439,0.4,"3"
"3280","Cluster_3337_evm.TU.chromosome_6.575","Cluster_3337","evm.TU.chromosome_6.575","TP7",-0.866025403784439,-0.948683298050514,"1"
"3281","Cluster_3337_evm.TU.chromosome_6.651","Cluster_3337","evm.TU.chromosome_6.651","TP7",-0.866025403784439,-0.4,"1"
"3282","Cluster_3337_evm.TU.chromosome_6.884","Cluster_3337","evm.TU.chromosome_6.884","TP7",-0.5,-0.948683298050514,"1"
"3283","Cluster_3337_evm.TU.chromosome_7.1449","Cluster_3337","evm.TU.chromosome_7.1449","TP7",-0.5,-0.774596669241483,"1"
"3284","Cluster_3337_evm.TU.chromosome_7.202","Cluster_3337","evm.TU.chromosome_7.202","TP7",-0.866025403784439,0.4,"3"
"3285","Cluster_3337_evm.TU.chromosome_7.2352","Cluster_3337","evm.TU.chromosome_7.2352","TP7",-0.866025403784439,0.2,"3"
"3286","Cluster_3337_evm.TU.chromosome_7.2389","Cluster_3337","evm.TU.chromosome_7.2389","TP7",-0.866025403784439,-0.737864787372622,"1"
"3287","Cluster_3337_evm.TU.chromosome_7.2463","Cluster_3337","evm.TU.chromosome_7.2463","TP7",-0.866025403784439,-0.774596669241483,"1"
"3288","Cluster_3337_evm.TU.chromosome_7.2793","Cluster_3337","evm.TU.chromosome_7.2793","TP7",-0.866025403784439,0.4,"3"
"3289","Cluster_3337_evm.TU.chromosome_7.94","Cluster_3337","evm.TU.chromosome_7.94","TP7",-0.866025403784439,-0.948683298050514,"1"
"3290","Cluster_3337_evm.TU.chromosome_8.1135","Cluster_3337","evm.TU.chromosome_8.1135","TP7",-0.866025403784439,-0.948683298050514,"1"
"3291","Cluster_3337_evm.TU.chromosome_8.1422","Cluster_3337","evm.TU.chromosome_8.1422","TP7",-0.866025403784439,0.632455532033676,"3"
"3292","Cluster_3337_evm.TU.chromosome_8.1427","Cluster_3337","evm.TU.chromosome_8.1427","TP7",-0.866025403784439,-0.948683298050514,"1"
"3293","Cluster_3337_evm.TU.chromosome_8.1430","Cluster_3337","evm.TU.chromosome_8.1430","TP7",-0.866025403784439,-0.4,"1"
"3294","Cluster_3337_evm.TU.chromosome_8.1433","Cluster_3337","evm.TU.chromosome_8.1433","TP7",-0.866025403784439,-0.737864787372622,"1"
"3295","Cluster_3337_evm.TU.chromosome_8.1735","Cluster_3337","evm.TU.chromosome_8.1735","TP7",-0.866025403784439,-0.737864787372622,"1"
"3296","Cluster_3337_evm.TU.chromosome_8.2581","Cluster_3337","evm.TU.chromosome_8.2581","TP7",-0.866025403784439,-0.4,"1"
"3297","Cluster_3337_evm.TU.chromosome_8.423","Cluster_3337","evm.TU.chromosome_8.423","TP7",-0.5,-0.4,"1"
"3298","Cluster_3337_evm.TU.chromosome_8.975","Cluster_3337","evm.TU.chromosome_8.975","TP7",-0.866025403784439,-0.737864787372622,"1"
"3299","Cluster_3337_evm.TU.chromosome_9.1294","Cluster_3337","evm.TU.chromosome_9.1294","TP7",-0.866025403784439,-1,"1"
"3300","Cluster_3337_evm.TU.chromosome_9.2066","Cluster_3337","evm.TU.chromosome_9.2066","TP7",-0.866025403784439,0.2,"3"
"3301","Cluster_3337_evm.TU.chromosome_9.2097","Cluster_3337","evm.TU.chromosome_9.2097","TP7",-0.866025403784439,-0.6,"1"
"3302","Cluster_3337_evm.TU.chromosome_9.2516","Cluster_3337","evm.TU.chromosome_9.2516","TP7",-0.866025403784439,-0.774596669241483,"1"
"3303","Cluster_3337_evm.TU.chromosome_9.2825","Cluster_3337","evm.TU.chromosome_9.2825","TP7",-0.866025403784439,-0.737864787372622,"1"
"3304","Cluster_3337_evm.TU.chromosome_9.555","Cluster_3337","evm.TU.chromosome_9.555","TP7",0.866025403784439,0.4,"2"
"3305","Cluster_3337_evm.TU.chromosome_9.692","Cluster_3337","evm.TU.chromosome_9.692","TP7",0.866025403784439,-0.4,"2"
"3306","Cluster_3338_evm.TU.chromosome_1.1343","Cluster_3338","evm.TU.chromosome_1.1343","TP7",-0.866025403784439,-0.4,"1"
"3307","Cluster_3338_evm.TU.chromosome_1.1845","Cluster_3338","evm.TU.chromosome_1.1845","TP7",-0.866025403784439,0.4,"3"
"3308","Cluster_3338_evm.TU.chromosome_1.275","Cluster_3338","evm.TU.chromosome_1.275","TP7",-0.5,-0.948683298050514,"1"
"3309","Cluster_3338_evm.TU.chromosome_10.2037","Cluster_3338","evm.TU.chromosome_10.2037","TP7",-0.866025403784439,-0.8,"1"
"3310","Cluster_3338_evm.TU.chromosome_10.2177","Cluster_3338","evm.TU.chromosome_10.2177","TP7",-0.866025403784439,0.4,"3"
"3311","Cluster_3338_evm.TU.chromosome_11.1863","Cluster_3338","evm.TU.chromosome_11.1863","TP7",-0.866025403784439,-0.4,"1"
"3312","Cluster_3338_evm.TU.chromosome_11.1964","Cluster_3338","evm.TU.chromosome_11.1964","TP7",-0.866025403784439,-0.6,"1"
"3313","Cluster_3338_evm.TU.chromosome_11.2052","Cluster_3338","evm.TU.chromosome_11.2052","TP7",-0.866025403784439,-0.737864787372622,"1"
"3314","Cluster_3338_evm.TU.chromosome_11.2233","Cluster_3338","evm.TU.chromosome_11.2233","TP7",-0.866025403784439,0.2,"3"
"3315","Cluster_3338_evm.TU.chromosome_11.2654","Cluster_3338","evm.TU.chromosome_11.2654","TP7",-0.866025403784439,-0.4,"1"
"3316","Cluster_3338_evm.TU.chromosome_11.2770","Cluster_3338","evm.TU.chromosome_11.2770","TP7",-0.5,-0.8,"1"
"3317","Cluster_3338_evm.TU.chromosome_12.1043","Cluster_3338","evm.TU.chromosome_12.1043","TP7",-0.5,-0.105409255338946,"1"
"3318","Cluster_3338_evm.TU.chromosome_12.3231","Cluster_3338","evm.TU.chromosome_12.3231","TP7",-0.5,0.8,"3"
"3319","Cluster_3338_evm.TU.chromosome_12.3261","Cluster_3338","evm.TU.chromosome_12.3261","TP7",-0.866025403784439,0.4,"3"
"3320","Cluster_3338_evm.TU.chromosome_12.3312","Cluster_3338","evm.TU.chromosome_12.3312","TP7",-0.866025403784439,-0.8,"1"
"3321","Cluster_3338_evm.TU.chromosome_12.335","Cluster_3338","evm.TU.chromosome_12.335","TP7",-0.866025403784439,-0.4,"1"
"3322","Cluster_3338_evm.TU.chromosome_12.3553","Cluster_3338","evm.TU.chromosome_12.3553","TP7",-0.866025403784439,0.6,"3"
"3323","Cluster_3338_evm.TU.chromosome_13.1132","Cluster_3338","evm.TU.chromosome_13.1132","TP7",0.866025403784439,0.2,"2"
"3324","Cluster_3338_evm.TU.chromosome_13.1523","Cluster_3338","evm.TU.chromosome_13.1523","TP7",-0.866025403784439,-0.6,"1"
"3325","Cluster_3338_evm.TU.chromosome_13.1689","Cluster_3338","evm.TU.chromosome_13.1689","TP7",-0.866025403784439,-0.2,"1"
"3326","Cluster_3338_evm.TU.chromosome_13.2657","Cluster_3338","evm.TU.chromosome_13.2657","TP7",-0.866025403784439,0.8,"3"
"3327","Cluster_3338_evm.TU.chromosome_13.340","Cluster_3338","evm.TU.chromosome_13.340","TP7",-0.866025403784439,-0.737864787372622,"1"
"3328","Cluster_3338_evm.TU.chromosome_13.3481","Cluster_3338","evm.TU.chromosome_13.3481","TP7",-0.866025403784439,-0.4,"1"
"3329","Cluster_3338_evm.TU.chromosome_13.3498","Cluster_3338","evm.TU.chromosome_13.3498","TP7",-0.866025403784439,-0.948683298050514,"1"
"3330","Cluster_3338_evm.TU.chromosome_13.3939","Cluster_3338","evm.TU.chromosome_13.3939","TP7",0.866025403784439,0.2,"2"
"3331","Cluster_3338_evm.TU.chromosome_13.920","Cluster_3338","evm.TU.chromosome_13.920","TP7",-0.866025403784439,-0.737864787372622,"1"
"3332","Cluster_3338_evm.TU.chromosome_14.1620","Cluster_3338","evm.TU.chromosome_14.1620","TP7",-0.866025403784439,-0.737864787372622,"1"
"3333","Cluster_3338_evm.TU.chromosome_14.1662","Cluster_3338","evm.TU.chromosome_14.1662","TP7",-0.5,-0.948683298050514,"1"
"3334","Cluster_3338_evm.TU.chromosome_14.1748","Cluster_3338","evm.TU.chromosome_14.1748","TP7",-0.866025403784439,-0.737864787372622,"1"
"3335","Cluster_3338_evm.TU.chromosome_14.1781","Cluster_3338","evm.TU.chromosome_14.1781","TP7",-0.866025403784439,-0.948683298050514,"1"
"3336","Cluster_3338_evm.TU.chromosome_14.3184","Cluster_3338","evm.TU.chromosome_14.3184","TP7",-0.5,-0.948683298050514,"1"
"3337","Cluster_3338_evm.TU.chromosome_14.4731","Cluster_3338","evm.TU.chromosome_14.4731","TP7",-0.866025403784439,-0.2,"1"
"3338","Cluster_3338_evm.TU.chromosome_14.5395","Cluster_3338","evm.TU.chromosome_14.5395","TP7",-0.5,-0.948683298050514,"1"
"3339","Cluster_3338_evm.TU.chromosome_14.551","Cluster_3338","evm.TU.chromosome_14.551","TP7",-0.5,-0.948683298050514,"1"
"3340","Cluster_3338_evm.TU.chromosome_14.616","Cluster_3338","evm.TU.chromosome_14.616","TP7",-0.866025403784439,-1,"1"
"3341","Cluster_3338_evm.TU.chromosome_14.6208","Cluster_3338","evm.TU.chromosome_14.6208","TP7",-0.866025403784439,-0.4,"1"
"3342","Cluster_3338_evm.TU.chromosome_14.6776","Cluster_3338","evm.TU.chromosome_14.6776","TP7",-0.866025403784439,-0.737864787372622,"1"
"3343","Cluster_3338_evm.TU.chromosome_14.6860","Cluster_3338","evm.TU.chromosome_14.6860","TP7",-0.866025403784439,-0.948683298050514,"1"
"3344","Cluster_3338_evm.TU.chromosome_14.813","Cluster_3338","evm.TU.chromosome_14.813","TP7",0,0.8,"1"
"3345","Cluster_3338_evm.TU.chromosome_14.959","Cluster_3338","evm.TU.chromosome_14.959","TP7",-0.866025403784439,-0.737864787372622,"1"
"3346","Cluster_3338_evm.TU.chromosome_2.1010","Cluster_3338","evm.TU.chromosome_2.1010","TP7",-0.866025403784439,-0.4,"1"
"3347","Cluster_3338_evm.TU.chromosome_2.515","Cluster_3338","evm.TU.chromosome_2.515","TP7",-0.866025403784439,-0.4,"1"
"3348","Cluster_3338_evm.TU.chromosome_2.626","Cluster_3338","evm.TU.chromosome_2.626","TP7",-0.866025403784439,0.2,"3"
"3349","Cluster_3338_evm.TU.chromosome_2.666","Cluster_3338","evm.TU.chromosome_2.666","TP7",-0.866025403784439,0.4,"3"
"3350","Cluster_3338_evm.TU.chromosome_3.1290","Cluster_3338","evm.TU.chromosome_3.1290","TP7",0.866025403784439,-0.2,"2"
"3351","Cluster_3338_evm.TU.chromosome_3.1667","Cluster_3338","evm.TU.chromosome_3.1667","TP7",-0.866025403784439,-0.737864787372622,"1"
"3352","Cluster_3338_evm.TU.chromosome_3.891","Cluster_3338","evm.TU.chromosome_3.891","TP7",-0.866025403784439,0.2,"3"
"3353","Cluster_3338_evm.TU.chromosome_4.132","Cluster_3338","evm.TU.chromosome_4.132","TP7",-0.866025403784439,-0.948683298050514,"1"
"3354","Cluster_3338_evm.TU.chromosome_4.2017","Cluster_3338","evm.TU.chromosome_4.2017","TP7",0.866025403784439,-0.737864787372622,"2"
"3355","Cluster_3338_evm.TU.chromosome_4.2250","Cluster_3338","evm.TU.chromosome_4.2250","TP7",-0.5,0.210818510677892,"1"
"3356","Cluster_3338_evm.TU.chromosome_5.2488","Cluster_3338","evm.TU.chromosome_5.2488","TP7",-0.866025403784439,-0.948683298050514,"1"
"3357","Cluster_3338_evm.TU.chromosome_5.2597","Cluster_3338","evm.TU.chromosome_5.2597","TP7",-0.5,-0.316227766016838,"1"
"3358","Cluster_3338_evm.TU.chromosome_5.2795","Cluster_3338","evm.TU.chromosome_5.2795","TP7",0.866025403784439,0.8,"2"
"3359","Cluster_3338_evm.TU.chromosome_5.662","Cluster_3338","evm.TU.chromosome_5.662","TP7",-0.5,-0.737864787372622,"1"
"3360","Cluster_3338_evm.TU.chromosome_6.1092","Cluster_3338","evm.TU.chromosome_6.1092","TP7",-0.5,-0.737864787372622,"1"
"3361","Cluster_3338_evm.TU.chromosome_6.1096","Cluster_3338","evm.TU.chromosome_6.1096","TP7",-0.866025403784439,0.2,"3"
"3362","Cluster_3338_evm.TU.chromosome_6.1164","Cluster_3338","evm.TU.chromosome_6.1164","TP7",-0.5,-0.774596669241483,"1"
"3363","Cluster_3338_evm.TU.chromosome_6.1218","Cluster_3338","evm.TU.chromosome_6.1218","TP7",-0.866025403784439,-0.8,"1"
"3364","Cluster_3338_evm.TU.chromosome_6.1598","Cluster_3338","evm.TU.chromosome_6.1598","TP7",-0.866025403784439,0.4,"3"
"3365","Cluster_3338_evm.TU.chromosome_6.1643","Cluster_3338","evm.TU.chromosome_6.1643","TP7",-0.866025403784439,-0.2,"1"
"3366","Cluster_3338_evm.TU.chromosome_6.1772","Cluster_3338","evm.TU.chromosome_6.1772","TP7",-0.866025403784439,-0.4,"1"
"3367","Cluster_3338_evm.TU.chromosome_6.2954","Cluster_3338","evm.TU.chromosome_6.2954","TP7",-0.5,-0.8,"1"
"3368","Cluster_3338_evm.TU.chromosome_6.400","Cluster_3338","evm.TU.chromosome_6.400","TP7",-0.866025403784439,0.4,"3"
"3369","Cluster_3338_evm.TU.chromosome_6.575","Cluster_3338","evm.TU.chromosome_6.575","TP7",-0.866025403784439,-0.948683298050514,"1"
"3370","Cluster_3338_evm.TU.chromosome_6.651","Cluster_3338","evm.TU.chromosome_6.651","TP7",-0.866025403784439,-0.4,"1"
"3371","Cluster_3338_evm.TU.chromosome_6.884","Cluster_3338","evm.TU.chromosome_6.884","TP7",-0.5,-0.948683298050514,"1"
"3372","Cluster_3338_evm.TU.chromosome_7.1449","Cluster_3338","evm.TU.chromosome_7.1449","TP7",-0.5,-0.774596669241483,"1"
"3373","Cluster_3338_evm.TU.chromosome_7.202","Cluster_3338","evm.TU.chromosome_7.202","TP7",-0.866025403784439,0.4,"3"
"3374","Cluster_3338_evm.TU.chromosome_7.2352","Cluster_3338","evm.TU.chromosome_7.2352","TP7",-0.866025403784439,0.2,"3"
"3375","Cluster_3338_evm.TU.chromosome_7.2389","Cluster_3338","evm.TU.chromosome_7.2389","TP7",-0.866025403784439,-0.737864787372622,"1"
"3376","Cluster_3338_evm.TU.chromosome_7.2463","Cluster_3338","evm.TU.chromosome_7.2463","TP7",-0.866025403784439,-0.774596669241483,"1"
"3377","Cluster_3338_evm.TU.chromosome_7.2793","Cluster_3338","evm.TU.chromosome_7.2793","TP7",-0.866025403784439,0.4,"3"
"3378","Cluster_3338_evm.TU.chromosome_7.94","Cluster_3338","evm.TU.chromosome_7.94","TP7",-0.866025403784439,-0.948683298050514,"1"
"3379","Cluster_3338_evm.TU.chromosome_8.1135","Cluster_3338","evm.TU.chromosome_8.1135","TP7",-0.866025403784439,-0.948683298050514,"1"
"3380","Cluster_3338_evm.TU.chromosome_8.1422","Cluster_3338","evm.TU.chromosome_8.1422","TP7",-0.866025403784439,0.632455532033676,"3"
"3381","Cluster_3338_evm.TU.chromosome_8.1427","Cluster_3338","evm.TU.chromosome_8.1427","TP7",-0.866025403784439,-0.948683298050514,"1"
"3382","Cluster_3338_evm.TU.chromosome_8.1430","Cluster_3338","evm.TU.chromosome_8.1430","TP7",-0.866025403784439,-0.4,"1"
"3383","Cluster_3338_evm.TU.chromosome_8.1433","Cluster_3338","evm.TU.chromosome_8.1433","TP7",-0.866025403784439,-0.737864787372622,"1"
"3384","Cluster_3338_evm.TU.chromosome_8.1735","Cluster_3338","evm.TU.chromosome_8.1735","TP7",-0.866025403784439,-0.737864787372622,"1"
"3385","Cluster_3338_evm.TU.chromosome_8.2581","Cluster_3338","evm.TU.chromosome_8.2581","TP7",-0.866025403784439,-0.4,"1"
"3386","Cluster_3338_evm.TU.chromosome_8.423","Cluster_3338","evm.TU.chromosome_8.423","TP7",-0.5,-0.4,"1"
"3387","Cluster_3338_evm.TU.chromosome_8.975","Cluster_3338","evm.TU.chromosome_8.975","TP7",-0.866025403784439,-0.737864787372622,"1"
"3388","Cluster_3338_evm.TU.chromosome_9.1294","Cluster_3338","evm.TU.chromosome_9.1294","TP7",-0.866025403784439,-1,"1"
"3389","Cluster_3338_evm.TU.chromosome_9.2066","Cluster_3338","evm.TU.chromosome_9.2066","TP7",-0.866025403784439,0.2,"3"
"3390","Cluster_3338_evm.TU.chromosome_9.2097","Cluster_3338","evm.TU.chromosome_9.2097","TP7",-0.866025403784439,-0.6,"1"
"3391","Cluster_3338_evm.TU.chromosome_9.2516","Cluster_3338","evm.TU.chromosome_9.2516","TP7",-0.866025403784439,-0.774596669241483,"1"
"3392","Cluster_3338_evm.TU.chromosome_9.2825","Cluster_3338","evm.TU.chromosome_9.2825","TP7",-0.866025403784439,-0.737864787372622,"1"
"3393","Cluster_3338_evm.TU.chromosome_9.555","Cluster_3338","evm.TU.chromosome_9.555","TP7",0.866025403784439,0.4,"2"
"3394","Cluster_3338_evm.TU.chromosome_9.692","Cluster_3338","evm.TU.chromosome_9.692","TP7",0.866025403784439,-0.4,"2"
"3395","Cluster_3406_evm.TU.chromosome_1.1119","Cluster_3406","evm.TU.chromosome_1.1119","TP7",0.866025403784439,-0.210818510677892,"2"
"3396","Cluster_3406_evm.TU.chromosome_1.1181","Cluster_3406","evm.TU.chromosome_1.1181","TP7",0.5,0.4,"2"
"3397","Cluster_3406_evm.TU.chromosome_1.1790","Cluster_3406","evm.TU.chromosome_1.1790","TP7",-0.5,-0.8,"1"
"3398","Cluster_3406_evm.TU.chromosome_1.184","Cluster_3406","evm.TU.chromosome_1.184","TP7",-0.5,0.632455532033676,"3"
"3399","Cluster_3406_evm.TU.chromosome_1.1892","Cluster_3406","evm.TU.chromosome_1.1892","TP7",-0.5,0.632455532033676,"3"
"3400","Cluster_3406_evm.TU.chromosome_1.334","Cluster_3406","evm.TU.chromosome_1.334","TP7",0.5,0.4,"2"
"3401","Cluster_3406_evm.TU.chromosome_1.469","Cluster_3406","evm.TU.chromosome_1.469","TP7",0.5,0.632455532033676,"2"
"3402","Cluster_3406_evm.TU.chromosome_1.564","Cluster_3406","evm.TU.chromosome_1.564","TP7",-0.5,0.210818510677892,"1"
"3403","Cluster_3406_evm.TU.chromosome_1.741","Cluster_3406","evm.TU.chromosome_1.741","TP7",-0.5,-0.8,"1"
"3404","Cluster_3406_evm.TU.chromosome_10.1113","Cluster_3406","evm.TU.chromosome_10.1113","TP7",0.5,0.8,"2"
"3405","Cluster_3406_evm.TU.chromosome_10.1177","Cluster_3406","evm.TU.chromosome_10.1177","TP7",0.5,0.632455532033676,"2"
"3406","Cluster_3406_evm.TU.chromosome_10.1185","Cluster_3406","evm.TU.chromosome_10.1185","TP7",-0.5,0.632455532033676,"3"
"3407","Cluster_3406_evm.TU.chromosome_10.161","Cluster_3406","evm.TU.chromosome_10.161","TP7",0.5,0.2,"2"
"3408","Cluster_3406_evm.TU.chromosome_10.1740","Cluster_3406","evm.TU.chromosome_10.1740","TP7",-0.5,0.210818510677892,"1"
"3409","Cluster_3406_evm.TU.chromosome_10.1967","Cluster_3406","evm.TU.chromosome_10.1967","TP7",-0.5,0.632455532033676,"3"
"3410","Cluster_3406_evm.TU.chromosome_10.2043","Cluster_3406","evm.TU.chromosome_10.2043","TP7",-0.5,0.210818510677892,"1"
"3411","Cluster_3406_evm.TU.chromosome_10.2469","Cluster_3406","evm.TU.chromosome_10.2469","TP7",-0.5,0.737864787372622,"3"
"3412","Cluster_3406_evm.TU.chromosome_10.2565","Cluster_3406","evm.TU.chromosome_10.2565","TP7",0.5,0.632455532033676,"2"
"3413","Cluster_3406_evm.TU.chromosome_10.2621","Cluster_3406","evm.TU.chromosome_10.2621","TP7",0.5,0.632455532033676,"2"
"3414","Cluster_3406_evm.TU.chromosome_10.2640","Cluster_3406","evm.TU.chromosome_10.2640","TP7",0.5,0.632455532033676,"2"
"3415","Cluster_3406_evm.TU.chromosome_10.273","Cluster_3406","evm.TU.chromosome_10.273","TP7",-0.866025403784439,0.210818510677892,"3"
"3416","Cluster_3406_evm.TU.chromosome_10.2752","Cluster_3406","evm.TU.chromosome_10.2752","TP7",-0.5,-0.8,"1"
"3417","Cluster_3406_evm.TU.chromosome_10.2812","Cluster_3406","evm.TU.chromosome_10.2812","TP7",0.5,-0.4,"2"
"3418","Cluster_3406_evm.TU.chromosome_10.2819","Cluster_3406","evm.TU.chromosome_10.2819","TP7",-0.5,0.632455532033676,"3"
"3419","Cluster_3406_evm.TU.chromosome_10.2825","Cluster_3406","evm.TU.chromosome_10.2825","TP7",0.5,-0.258198889747161,"2"
"3420","Cluster_3406_evm.TU.chromosome_10.2883","Cluster_3406","evm.TU.chromosome_10.2883","TP7",-0.5,0.632455532033676,"3"
"3421","Cluster_3406_evm.TU.chromosome_10.2927","Cluster_3406","evm.TU.chromosome_10.2927","TP7",-0.5,0.632455532033676,"3"
"3422","Cluster_3406_evm.TU.chromosome_10.298","Cluster_3406","evm.TU.chromosome_10.298","TP7",-0.866025403784439,0.210818510677892,"3"
"3423","Cluster_3406_evm.TU.chromosome_10.3062","Cluster_3406","evm.TU.chromosome_10.3062","TP7",0.5,0.210818510677892,"2"
"3424","Cluster_3406_evm.TU.chromosome_10.549","Cluster_3406","evm.TU.chromosome_10.549","TP7",-0.5,-0.4,"1"
"3425","Cluster_3406_evm.TU.chromosome_10.628","Cluster_3406","evm.TU.chromosome_10.628","TP7",0.5,0,"2"
"3426","Cluster_3406_evm.TU.chromosome_10.666","Cluster_3406","evm.TU.chromosome_10.666","TP7",-0.5,1,"3"
"3427","Cluster_3406_evm.TU.chromosome_10.674","Cluster_3406","evm.TU.chromosome_10.674","TP7",0.5,0.632455532033676,"2"
"3428","Cluster_3406_evm.TU.chromosome_11.1730","Cluster_3406","evm.TU.chromosome_11.1730","TP7",-0.5,-0.948683298050514,"1"
"3429","Cluster_3406_evm.TU.chromosome_11.2129","Cluster_3406","evm.TU.chromosome_11.2129","TP7",-0.5,-0.316227766016838,"1"
"3430","Cluster_3406_evm.TU.chromosome_11.3055","Cluster_3406","evm.TU.chromosome_11.3055","TP7",-0.5,0.210818510677892,"1"
"3431","Cluster_3406_evm.TU.chromosome_11.3071","Cluster_3406","evm.TU.chromosome_11.3071","TP7",-0.5,0.632455532033676,"3"
"3432","Cluster_3406_evm.TU.chromosome_11.325","Cluster_3406","evm.TU.chromosome_11.325","TP7",0.866025403784439,0.632455532033676,"2"
"3433","Cluster_3406_evm.TU.chromosome_12.1193","Cluster_3406","evm.TU.chromosome_12.1193","TP7",-0.5,-0.8,"1"
"3434","Cluster_3406_evm.TU.chromosome_12.1210","Cluster_3406","evm.TU.chromosome_12.1210","TP7",0.5,0.210818510677892,"2"
"3435","Cluster_3406_evm.TU.chromosome_12.1439","Cluster_3406","evm.TU.chromosome_12.1439","TP7",-0.5,-0.8,"1"
"3436","Cluster_3406_evm.TU.chromosome_12.1651","Cluster_3406","evm.TU.chromosome_12.1651","TP7",-0.5,0.632455532033676,"3"
"3437","Cluster_3406_evm.TU.chromosome_12.1725","Cluster_3406","evm.TU.chromosome_12.1725","TP7",-0.5,0.632455532033676,"3"
"3438","Cluster_3406_evm.TU.chromosome_12.2133","Cluster_3406","evm.TU.chromosome_12.2133","TP7",0.5,0.210818510677892,"2"
"3439","Cluster_3406_evm.TU.chromosome_12.2198","Cluster_3406","evm.TU.chromosome_12.2198","TP7",0.5,1,"2"
"3440","Cluster_3406_evm.TU.chromosome_12.239","Cluster_3406","evm.TU.chromosome_12.239","TP7",0.5,0.8,"2"
"3441","Cluster_3406_evm.TU.chromosome_12.241","Cluster_3406","evm.TU.chromosome_12.241","TP7",-0.5,0.210818510677892,"1"
"3442","Cluster_3406_evm.TU.chromosome_12.2684","Cluster_3406","evm.TU.chromosome_12.2684","TP7",0.5,0.632455532033676,"2"
"3443","Cluster_3406_evm.TU.chromosome_12.2979","Cluster_3406","evm.TU.chromosome_12.2979","TP7",-0.5,-0.8,"1"
"3444","Cluster_3406_evm.TU.chromosome_12.3490","Cluster_3406","evm.TU.chromosome_12.3490","TP7",-0.5,0.774596669241483,"3"
"3445","Cluster_3406_evm.TU.chromosome_12.3671","Cluster_3406","evm.TU.chromosome_12.3671","TP7",0.5,0.632455532033676,"2"
"3446","Cluster_3406_evm.TU.chromosome_12.376","Cluster_3406","evm.TU.chromosome_12.376","TP7",-0.5,0.210818510677892,"1"
"3447","Cluster_3406_evm.TU.chromosome_12.509","Cluster_3406","evm.TU.chromosome_12.509","TP7",-0.5,-0.6,"1"
"3448","Cluster_3406_evm.TU.chromosome_12.665","Cluster_3406","evm.TU.chromosome_12.665","TP7",0.866025403784439,-0.4,"2"
"3449","Cluster_3406_evm.TU.chromosome_13.1374","Cluster_3406","evm.TU.chromosome_13.1374","TP7",-0.5,0.2,"1"
"3450","Cluster_3406_evm.TU.chromosome_13.2235","Cluster_3406","evm.TU.chromosome_13.2235","TP7",0.5,0.632455532033676,"2"
"3451","Cluster_3406_evm.TU.chromosome_13.2502","Cluster_3406","evm.TU.chromosome_13.2502","TP7",-0.5,-0.258198889747161,"1"
"3452","Cluster_3406_evm.TU.chromosome_13.2661","Cluster_3406","evm.TU.chromosome_13.2661","TP7",0.5,-0.258198889747161,"2"
"3453","Cluster_3406_evm.TU.chromosome_13.282","Cluster_3406","evm.TU.chromosome_13.282","TP7",-0.5,0.632455532033676,"3"
"3454","Cluster_3406_evm.TU.chromosome_13.2953","Cluster_3406","evm.TU.chromosome_13.2953","TP7",-0.866025403784439,0.210818510677892,"3"
"3455","Cluster_3406_evm.TU.chromosome_13.3405","Cluster_3406","evm.TU.chromosome_13.3405","TP7",0.5,0.210818510677892,"2"
"3456","Cluster_3406_evm.TU.chromosome_13.3481","Cluster_3406","evm.TU.chromosome_13.3481","TP7",-0.5,0.2,"1"
"3457","Cluster_3406_evm.TU.chromosome_13.4009","Cluster_3406","evm.TU.chromosome_13.4009","TP7",0.5,0.632455532033676,"2"
"3458","Cluster_3406_evm.TU.chromosome_13.556","Cluster_3406","evm.TU.chromosome_13.556","TP7",-0.5,0.4,"3"
"3459","Cluster_3406_evm.TU.chromosome_13.732","Cluster_3406","evm.TU.chromosome_13.732","TP7",-0.5,0.210818510677892,"1"
"3460","Cluster_3406_evm.TU.chromosome_14.1836","Cluster_3406","evm.TU.chromosome_14.1836","TP7",-0.5,0.774596669241483,"3"
"3461","Cluster_3406_evm.TU.chromosome_14.190","Cluster_3406","evm.TU.chromosome_14.190","TP7",0.866025403784439,0.632455532033676,"2"
"3462","Cluster_3406_evm.TU.chromosome_14.2073","Cluster_3406","evm.TU.chromosome_14.2073","TP7",0.5,0.632455532033676,"2"
"3463","Cluster_3406_evm.TU.chromosome_14.2081","Cluster_3406","evm.TU.chromosome_14.2081","TP7",-0.5,-0.258198889747161,"1"
"3464","Cluster_3406_evm.TU.chromosome_14.2456","Cluster_3406","evm.TU.chromosome_14.2456","TP7",-0.5,-0.258198889747161,"1"
"3465","Cluster_3406_evm.TU.chromosome_14.3164","Cluster_3406","evm.TU.chromosome_14.3164","TP7",0.866025403784439,-0.8,"2"
"3466","Cluster_3406_evm.TU.chromosome_14.3221","Cluster_3406","evm.TU.chromosome_14.3221","TP7",0.5,-0.4,"2"
"3467","Cluster_3406_evm.TU.chromosome_14.395","Cluster_3406","evm.TU.chromosome_14.395","TP7",0.5,0.632455532033676,"2"
"3468","Cluster_3406_evm.TU.chromosome_14.4261","Cluster_3406","evm.TU.chromosome_14.4261","TP7",-0.5,-0.2,"1"
"3469","Cluster_3406_evm.TU.chromosome_14.4490","Cluster_3406","evm.TU.chromosome_14.4490","TP7",0.866025403784439,0.774596669241483,"2"
"3470","Cluster_3406_evm.TU.chromosome_14.4701","Cluster_3406","evm.TU.chromosome_14.4701","TP7",0.5,-0.105409255338946,"2"
"3471","Cluster_3406_evm.TU.chromosome_14.5117","Cluster_3406","evm.TU.chromosome_14.5117","TP7",-0.5,-0.258198889747161,"1"
"3472","Cluster_3406_evm.TU.chromosome_14.5364","Cluster_3406","evm.TU.chromosome_14.5364","TP7",-0.5,0.210818510677892,"1"
"3473","Cluster_3406_evm.TU.chromosome_14.5391","Cluster_3406","evm.TU.chromosome_14.5391","TP7",0.5,0.632455532033676,"2"
"3474","Cluster_3406_evm.TU.chromosome_14.5414","Cluster_3406","evm.TU.chromosome_14.5414","TP7",-0.5,-0.6,"1"
"3475","Cluster_3406_evm.TU.chromosome_14.5547","Cluster_3406","evm.TU.chromosome_14.5547","TP7",0.5,0.632455532033676,"2"
"3476","Cluster_3406_evm.TU.chromosome_14.5697","Cluster_3406","evm.TU.chromosome_14.5697","TP7",-0.5,0.210818510677892,"1"
"3477","Cluster_3406_evm.TU.chromosome_14.591","Cluster_3406","evm.TU.chromosome_14.591","TP7",-0.866025403784439,0.774596669241483,"3"
"3478","Cluster_3406_evm.TU.chromosome_14.6213","Cluster_3406","evm.TU.chromosome_14.6213","TP7",-0.5,0.632455532033676,"3"
"3479","Cluster_3406_evm.TU.chromosome_14.6215","Cluster_3406","evm.TU.chromosome_14.6215","TP7",0.5,0.210818510677892,"2"
"3480","Cluster_3406_evm.TU.chromosome_14.6458","Cluster_3406","evm.TU.chromosome_14.6458","TP7",-1,-0.8,"1"
"3481","Cluster_3406_evm.TU.chromosome_14.6777","Cluster_3406","evm.TU.chromosome_14.6777","TP7",-0.5,0.210818510677892,"1"
"3482","Cluster_3406_evm.TU.chromosome_14.6903","Cluster_3406","evm.TU.chromosome_14.6903","TP7",-0.5,-0.8,"1"
"3483","Cluster_3406_evm.TU.chromosome_14.7295","Cluster_3406","evm.TU.chromosome_14.7295","TP7",0.866025403784439,-0.258198889747161,"2"
"3484","Cluster_3406_evm.TU.chromosome_14.731","Cluster_3406","evm.TU.chromosome_14.731","TP7",-0.5,0.632455532033676,"3"
"3485","Cluster_3406_evm.TU.chromosome_14.87","Cluster_3406","evm.TU.chromosome_14.87","TP7",-0.5,0.632455532033676,"3"
"3486","Cluster_3406_evm.TU.chromosome_14.978","Cluster_3406","evm.TU.chromosome_14.978","TP7",-0.5,0.774596669241483,"3"
"3487","Cluster_3406_evm.TU.chromosome_2.1219","Cluster_3406","evm.TU.chromosome_2.1219","TP7",0.5,0.210818510677892,"2"
"3488","Cluster_3406_evm.TU.chromosome_2.16","Cluster_3406","evm.TU.chromosome_2.16","TP7",-0.5,0.632455532033676,"3"
"3489","Cluster_3406_evm.TU.chromosome_2.164","Cluster_3406","evm.TU.chromosome_2.164","TP7",0.5,0.210818510677892,"2"
"3490","Cluster_3406_evm.TU.chromosome_2.1679","Cluster_3406","evm.TU.chromosome_2.1679","TP7",-0.5,-0.737864787372622,"1"
"3491","Cluster_3406_evm.TU.chromosome_2.1733","Cluster_3406","evm.TU.chromosome_2.1733","TP7",0.5,-0.4,"2"
"3492","Cluster_3406_evm.TU.chromosome_2.1934","Cluster_3406","evm.TU.chromosome_2.1934","TP7",-0.5,0.210818510677892,"1"
"3493","Cluster_3406_evm.TU.chromosome_2.1987","Cluster_3406","evm.TU.chromosome_2.1987","TP7",0.5,0.632455532033676,"2"
"3494","Cluster_3406_evm.TU.chromosome_2.373","Cluster_3406","evm.TU.chromosome_2.373","TP7",0.5,0.2,"2"
"3495","Cluster_3406_evm.TU.chromosome_2.969","Cluster_3406","evm.TU.chromosome_2.969","TP7",-0.5,0.632455532033676,"3"
"3496","Cluster_3406_evm.TU.chromosome_3.1209","Cluster_3406","evm.TU.chromosome_3.1209","TP7",0.5,0.2,"2"
"3497","Cluster_3406_evm.TU.chromosome_3.1256","Cluster_3406","evm.TU.chromosome_3.1256","TP7",-0.5,0,"1"
"3498","Cluster_3406_evm.TU.chromosome_3.1263","Cluster_3406","evm.TU.chromosome_3.1263","TP7",0.5,0.210818510677892,"2"
"3499","Cluster_3406_evm.TU.chromosome_3.1312","Cluster_3406","evm.TU.chromosome_3.1312","TP7",0.5,-0.258198889747161,"2"
"3500","Cluster_3406_evm.TU.chromosome_3.1346","Cluster_3406","evm.TU.chromosome_3.1346","TP7",0.5,0.632455532033676,"2"
"3501","Cluster_3406_evm.TU.chromosome_3.1463","Cluster_3406","evm.TU.chromosome_3.1463","TP7",-0.5,0.632455532033676,"3"
"3502","Cluster_3406_evm.TU.chromosome_3.1540","Cluster_3406","evm.TU.chromosome_3.1540","TP7",-0.5,-0.8,"1"
"3503","Cluster_3406_evm.TU.chromosome_3.1646_evm.TU.chromosome_3.1645","Cluster_3406","evm.TU.chromosome_3.1646_evm.TU.chromosome_3.1645","TP7",-0.5,0.210818510677892,"1"
"3504","Cluster_3406_evm.TU.chromosome_3.1719","Cluster_3406","evm.TU.chromosome_3.1719","TP7",-0.866025403784439,-0.774596669241483,"1"
"3505","Cluster_3406_evm.TU.chromosome_3.2037","Cluster_3406","evm.TU.chromosome_3.2037","TP7",0.5,0.632455532033676,"2"
"3506","Cluster_3406_evm.TU.chromosome_3.249","Cluster_3406","evm.TU.chromosome_3.249","TP7",0.866025403784439,0.632455532033676,"2"
"3507","Cluster_3406_evm.TU.chromosome_3.624","Cluster_3406","evm.TU.chromosome_3.624","TP7",-0.866025403784439,0.737864787372622,"3"
"3508","Cluster_3406_evm.TU.chromosome_3.684","Cluster_3406","evm.TU.chromosome_3.684","TP7",0.866025403784439,-0.258198889747161,"2"
"3509","Cluster_3406_evm.TU.chromosome_3.899","Cluster_3406","evm.TU.chromosome_3.899","TP7",-0.5,-0.8,"1"
"3510","Cluster_3406_evm.TU.chromosome_3.924","Cluster_3406","evm.TU.chromosome_3.924","TP7",0.5,0.632455532033676,"2"
"3511","Cluster_3406_evm.TU.chromosome_4.116","Cluster_3406","evm.TU.chromosome_4.116","TP7",-0.5,0.632455532033676,"3"
"3512","Cluster_3406_evm.TU.chromosome_4.1182","Cluster_3406","evm.TU.chromosome_4.1182","TP7",0.5,0.632455532033676,"2"
"3513","Cluster_3406_evm.TU.chromosome_4.1191","Cluster_3406","evm.TU.chromosome_4.1191","TP7",-0.5,0.210818510677892,"1"
"3514","Cluster_3406_evm.TU.chromosome_4.137","Cluster_3406","evm.TU.chromosome_4.137","TP7",0.5,0.4,"2"
"3515","Cluster_3406_evm.TU.chromosome_4.1872","Cluster_3406","evm.TU.chromosome_4.1872","TP7",0.5,0.632455532033676,"2"
"3516","Cluster_3406_evm.TU.chromosome_4.1923","Cluster_3406","evm.TU.chromosome_4.1923","TP7",-0.866025403784439,-0.258198889747161,"1"
"3517","Cluster_3406_evm.TU.chromosome_4.2028","Cluster_3406","evm.TU.chromosome_4.2028","TP7",0.5,0.210818510677892,"2"
"3518","Cluster_3406_evm.TU.chromosome_4.2125","Cluster_3406","evm.TU.chromosome_4.2125","TP7",0,-0.948683298050514,"2"
"3519","Cluster_3406_evm.TU.chromosome_4.3","Cluster_3406","evm.TU.chromosome_4.3","TP7",0.5,0.948683298050514,"2"
"3520","Cluster_3406_evm.TU.chromosome_4.828","Cluster_3406","evm.TU.chromosome_4.828","TP7",-0.5,-0.4,"1"
"3521","Cluster_3406_evm.TU.chromosome_4.829","Cluster_3406","evm.TU.chromosome_4.829","TP7",0.866025403784439,0.210818510677892,"2"
"3522","Cluster_3406_evm.TU.chromosome_4.852","Cluster_3406","evm.TU.chromosome_4.852","TP7",-0.5,-0.6,"1"
"3523","Cluster_3406_evm.TU.chromosome_5.1049","Cluster_3406","evm.TU.chromosome_5.1049","TP7",0.5,0.632455532033676,"2"
"3524","Cluster_3406_evm.TU.chromosome_5.1145","Cluster_3406","evm.TU.chromosome_5.1145","TP7",0.866025403784439,0.210818510677892,"2"
"3525","Cluster_3406_evm.TU.chromosome_5.1777","Cluster_3406","evm.TU.chromosome_5.1777","TP7",0.5,0.632455532033676,"2"
"3526","Cluster_3406_evm.TU.chromosome_5.1789","Cluster_3406","evm.TU.chromosome_5.1789","TP7",-0.5,0.632455532033676,"3"
"3527","Cluster_3406_evm.TU.chromosome_5.1869","Cluster_3406","evm.TU.chromosome_5.1869","TP7",0.5,0.210818510677892,"2"
"3528","Cluster_3406_evm.TU.chromosome_5.1954","Cluster_3406","evm.TU.chromosome_5.1954","TP7",0.5,0.210818510677892,"2"
"3529","Cluster_3406_evm.TU.chromosome_5.2211","Cluster_3406","evm.TU.chromosome_5.2211","TP7",-0.5,0.210818510677892,"1"
"3530","Cluster_3406_evm.TU.chromosome_5.229","Cluster_3406","evm.TU.chromosome_5.229","TP7",-0.5,0.632455532033676,"3"
"3531","Cluster_3406_evm.TU.chromosome_5.2319","Cluster_3406","evm.TU.chromosome_5.2319","TP7",-0.5,-0.4,"1"
"3532","Cluster_3406_evm.TU.chromosome_5.2320","Cluster_3406","evm.TU.chromosome_5.2320","TP7",-0.5,0.2,"1"
"3533","Cluster_3406_evm.TU.chromosome_5.2489","Cluster_3406","evm.TU.chromosome_5.2489","TP7",0.5,0.4,"2"
"3534","Cluster_3406_evm.TU.chromosome_5.2734","Cluster_3406","evm.TU.chromosome_5.2734","TP7",-0.866025403784439,-0.4,"1"
"3535","Cluster_3406_evm.TU.chromosome_5.644","Cluster_3406","evm.TU.chromosome_5.644","TP7",1,0.8,"2"
"3536","Cluster_3406_evm.TU.chromosome_5.846","Cluster_3406","evm.TU.chromosome_5.846","TP7",0.5,0.210818510677892,"2"
"3537","Cluster_3406_evm.TU.chromosome_6.1064","Cluster_3406","evm.TU.chromosome_6.1064","TP7",0.5,0.632455532033676,"2"
"3538","Cluster_3406_evm.TU.chromosome_6.1341","Cluster_3406","evm.TU.chromosome_6.1341","TP7",0.5,0.632455532033676,"2"
"3539","Cluster_3406_evm.TU.chromosome_6.1733","Cluster_3406","evm.TU.chromosome_6.1733","TP7",-0.866025403784439,0.210818510677892,"3"
"3540","Cluster_3406_evm.TU.chromosome_6.1740","Cluster_3406","evm.TU.chromosome_6.1740","TP7",0.5,0,"2"
"3541","Cluster_3406_evm.TU.chromosome_6.2109","Cluster_3406","evm.TU.chromosome_6.2109","TP7",-0.5,0.210818510677892,"1"
"3542","Cluster_3406_evm.TU.chromosome_6.314","Cluster_3406","evm.TU.chromosome_6.314","TP7",0.5,0.632455532033676,"2"
"3543","Cluster_3406_evm.TU.chromosome_6.366","Cluster_3406","evm.TU.chromosome_6.366","TP7",-0.5,0.210818510677892,"1"
"3544","Cluster_3406_evm.TU.chromosome_7.1294","Cluster_3406","evm.TU.chromosome_7.1294","TP7",-0.5,-0.6,"1"
"3545","Cluster_3406_evm.TU.chromosome_7.1342","Cluster_3406","evm.TU.chromosome_7.1342","TP7",-0.5,0.210818510677892,"1"
"3546","Cluster_3406_evm.TU.chromosome_7.1343","Cluster_3406","evm.TU.chromosome_7.1343","TP7",-0.5,0.2,"1"
"3547","Cluster_3406_evm.TU.chromosome_7.1365","Cluster_3406","evm.TU.chromosome_7.1365","TP7",-0.5,-0.948683298050514,"1"
"3548","Cluster_3406_evm.TU.chromosome_7.14","Cluster_3406","evm.TU.chromosome_7.14","TP7",0.866025403784439,-0.258198889747161,"2"
"3549","Cluster_3406_evm.TU.chromosome_7.1474","Cluster_3406","evm.TU.chromosome_7.1474","TP7",0.5,0.210818510677892,"2"
"3550","Cluster_3406_evm.TU.chromosome_7.1619","Cluster_3406","evm.TU.chromosome_7.1619","TP7",-0.5,0.632455532033676,"3"
"3551","Cluster_3406_evm.TU.chromosome_7.1663","Cluster_3406","evm.TU.chromosome_7.1663","TP7",-0.866025403784439,0.632455532033676,"3"
"3552","Cluster_3406_evm.TU.chromosome_7.1666","Cluster_3406","evm.TU.chromosome_7.1666","TP7",-0.866025403784439,0.2,"3"
"3553","Cluster_3406_evm.TU.chromosome_7.2384","Cluster_3406","evm.TU.chromosome_7.2384","TP7",-0.5,0.632455532033676,"3"
"3554","Cluster_3406_evm.TU.chromosome_7.2578","Cluster_3406","evm.TU.chromosome_7.2578","TP7",-0.5,0.632455532033676,"3"
"3555","Cluster_3406_evm.TU.chromosome_7.469","Cluster_3406","evm.TU.chromosome_7.469","TP7",0.5,0.774596669241483,"2"
"3556","Cluster_3406_evm.TU.chromosome_8.1217","Cluster_3406","evm.TU.chromosome_8.1217","TP7",-0.5,0.210818510677892,"1"
"3557","Cluster_3406_evm.TU.chromosome_8.1468","Cluster_3406","evm.TU.chromosome_8.1468","TP7",-0.5,0.8,"3"
"3558","Cluster_3406_evm.TU.chromosome_8.147","Cluster_3406","evm.TU.chromosome_8.147","TP7",-0.5,-0.737864787372622,"1"
"3559","Cluster_3406_evm.TU.chromosome_8.1562","Cluster_3406","evm.TU.chromosome_8.1562","TP7",-0.5,0.210818510677892,"1"
"3560","Cluster_3406_evm.TU.chromosome_8.1759","Cluster_3406","evm.TU.chromosome_8.1759","TP7",-0.5,0.2,"1"
"3561","Cluster_3406_evm.TU.chromosome_8.1810","Cluster_3406","evm.TU.chromosome_8.1810","TP7",-0.5,0.210818510677892,"1"
"3562","Cluster_3406_evm.TU.chromosome_8.1946","Cluster_3406","evm.TU.chromosome_8.1946","TP7",0.5,-0.4,"2"
"3563","Cluster_3406_evm.TU.chromosome_8.2523","Cluster_3406","evm.TU.chromosome_8.2523","TP7",0.5,-0.948683298050514,"2"
"3564","Cluster_3406_evm.TU.chromosome_8.2547","Cluster_3406","evm.TU.chromosome_8.2547","TP7",0.5,0.210818510677892,"2"
"3565","Cluster_3406_evm.TU.chromosome_8.2767","Cluster_3406","evm.TU.chromosome_8.2767","TP7",-0.5,-0.8,"1"
"3566","Cluster_3406_evm.TU.chromosome_9.1172","Cluster_3406","evm.TU.chromosome_9.1172","TP7",-0.5,0.948683298050514,"3"
"3567","Cluster_3406_evm.TU.chromosome_9.1585","Cluster_3406","evm.TU.chromosome_9.1585","TP7",0.5,0.210818510677892,"2"
"3568","Cluster_3406_evm.TU.chromosome_9.1849","Cluster_3406","evm.TU.chromosome_9.1849","TP7",0.5,0.210818510677892,"2"
"3569","Cluster_3406_evm.TU.chromosome_9.2111","Cluster_3406","evm.TU.chromosome_9.2111","TP7",-0.866025403784439,-0.8,"1"
"3570","Cluster_3406_evm.TU.chromosome_9.2206","Cluster_3406","evm.TU.chromosome_9.2206","TP7",0.866025403784439,0.632455532033676,"2"
"3571","Cluster_3406_evm.TU.chromosome_9.2239","Cluster_3406","evm.TU.chromosome_9.2239","TP7",-0.5,0.210818510677892,"1"
"3572","Cluster_3406_evm.TU.chromosome_9.2291","Cluster_3406","evm.TU.chromosome_9.2291","TP7",0.5,0.632455532033676,"2"
"3573","Cluster_3406_evm.TU.chromosome_9.2395","Cluster_3406","evm.TU.chromosome_9.2395","TP7",0.866025403784439,0.210818510677892,"2"
"3574","Cluster_3406_evm.TU.chromosome_9.28","Cluster_3406","evm.TU.chromosome_9.28","TP7",0.5,0.210818510677892,"2"
"3575","Cluster_3406_evm.TU.chromosome_9.708","Cluster_3406","evm.TU.chromosome_9.708","TP7",1,0.4,"2"
"3576","Cluster_3423_evm.TU.chromosome_10.1329","Cluster_3423","evm.TU.chromosome_10.1329","TP7",-0.5,-0.737864787372622,"1"
"3577","Cluster_3423_evm.TU.chromosome_12.543","Cluster_3423","evm.TU.chromosome_12.543","TP7",-1,-0.948683298050514,"1"
"3578","Cluster_3423_evm.TU.chromosome_14.6598","Cluster_3423","evm.TU.chromosome_14.6598","TP7",-0.5,-0.2,"1"
"3579","Cluster_3423_evm.TU.chromosome_3.688","Cluster_3423","evm.TU.chromosome_3.688","TP7",0,-0.948683298050514,"2"
"3580","Cluster_3423_evm.TU.chromosome_3.718","Cluster_3423","evm.TU.chromosome_3.718","TP7",-0.5,-0.258198889747161,"1"
"3581","Cluster_3423_evm.TU.chromosome_3.821","Cluster_3423","evm.TU.chromosome_3.821","TP7",0,-0.948683298050514,"2"
"3582","Cluster_3730_evm.TU.chromosome_1.1068","Cluster_3730","evm.TU.chromosome_1.1068","TP7",0,0,"1"
"3583","Cluster_3730_evm.TU.chromosome_1.1254","Cluster_3730","evm.TU.chromosome_1.1254","TP7",0.5,0.8,"2"
"3584","Cluster_3730_evm.TU.chromosome_1.1774","Cluster_3730","evm.TU.chromosome_1.1774","TP7",1,-0.8,"2"
"3585","Cluster_3730_evm.TU.chromosome_1.221","Cluster_3730","evm.TU.chromosome_1.221","TP7",0.5,0.4,"2"
"3586","Cluster_3730_evm.TU.chromosome_1.997","Cluster_3730","evm.TU.chromosome_1.997","TP7",-0.5,-0.316227766016838,"1"
"3587","Cluster_3730_evm.TU.chromosome_10.165","Cluster_3730","evm.TU.chromosome_10.165","TP7",1,-0.4,"2"
"3588","Cluster_3730_evm.TU.chromosome_10.1667","Cluster_3730","evm.TU.chromosome_10.1667","TP7",0.5,0.2,"2"
"3589","Cluster_3730_evm.TU.chromosome_10.1800","Cluster_3730","evm.TU.chromosome_10.1800","TP7",0.5,0.316227766016838,"2"
"3590","Cluster_3730_evm.TU.chromosome_10.1823","Cluster_3730","evm.TU.chromosome_10.1823","TP7",0.5,-0.316227766016838,"2"
"3591","Cluster_3730_evm.TU.chromosome_10.1848","Cluster_3730","evm.TU.chromosome_10.1848","TP7",1,0.316227766016838,"2"
"3592","Cluster_3730_evm.TU.chromosome_10.1978","Cluster_3730","evm.TU.chromosome_10.1978","TP7",0.866025403784439,0.316227766016838,"2"
"3593","Cluster_3730_evm.TU.chromosome_10.2051","Cluster_3730","evm.TU.chromosome_10.2051","TP7",1,-0.316227766016838,"2"
"3594","Cluster_3730_evm.TU.chromosome_10.2365","Cluster_3730","evm.TU.chromosome_10.2365","TP7",0.5,-0.6,"2"
"3595","Cluster_3730_evm.TU.chromosome_10.2410","Cluster_3730","evm.TU.chromosome_10.2410","TP7",0,0.774596669241483,"1"
"3596","Cluster_3730_evm.TU.chromosome_10.2661","Cluster_3730","evm.TU.chromosome_10.2661","TP7",1,-0.4,"2"
"3597","Cluster_3730_evm.TU.chromosome_10.2716","Cluster_3730","evm.TU.chromosome_10.2716","TP7",0.5,0.6,"2"
"3598","Cluster_3730_evm.TU.chromosome_10.2727","Cluster_3730","evm.TU.chromosome_10.2727","TP7",1,-0.2,"2"
"3599","Cluster_3730_evm.TU.chromosome_10.2857","Cluster_3730","evm.TU.chromosome_10.2857","TP7",-1,0.316227766016838,"3"
"3600","Cluster_3730_evm.TU.chromosome_10.2964","Cluster_3730","evm.TU.chromosome_10.2964","TP7",0.5,-0.2,"2"
"3601","Cluster_3730_evm.TU.chromosome_10.3175","Cluster_3730","evm.TU.chromosome_10.3175","TP7",0.866025403784439,-0.316227766016838,"2"
"3602","Cluster_3730_evm.TU.chromosome_10.370","Cluster_3730","evm.TU.chromosome_10.370","TP7",1,-0.4,"2"
"3603","Cluster_3730_evm.TU.chromosome_10.443","Cluster_3730","evm.TU.chromosome_10.443","TP7",-0.5,-0.6,"1"
"3604","Cluster_3730_evm.TU.chromosome_10.930","Cluster_3730","evm.TU.chromosome_10.930","TP7",0.5,0.4,"2"
"3605","Cluster_3730_evm.TU.chromosome_11.105","Cluster_3730","evm.TU.chromosome_11.105","TP7",-0.5,0.316227766016838,"3"
"3606","Cluster_3730_evm.TU.chromosome_11.1134","Cluster_3730","evm.TU.chromosome_11.1134","TP7",0.5,0.4,"2"
"3607","Cluster_3730_evm.TU.chromosome_11.1420","Cluster_3730","evm.TU.chromosome_11.1420","TP7",-0.5,1,"3"
"3608","Cluster_3730_evm.TU.chromosome_11.1517","Cluster_3730","evm.TU.chromosome_11.1517","TP7",0.5,-0.6,"2"
"3609","Cluster_3730_evm.TU.chromosome_11.1647","Cluster_3730","evm.TU.chromosome_11.1647","TP7",0.866025403784439,-0.316227766016838,"2"
"3610","Cluster_3730_evm.TU.chromosome_11.1669","Cluster_3730","evm.TU.chromosome_11.1669","TP7",-0.5,0.316227766016838,"3"
"3611","Cluster_3730_evm.TU.chromosome_11.2267","Cluster_3730","evm.TU.chromosome_11.2267","TP7",1,-0.316227766016838,"2"
"3612","Cluster_3730_evm.TU.chromosome_11.2386","Cluster_3730","evm.TU.chromosome_11.2386","TP7",0.5,-0.2,"2"
"3613","Cluster_3730_evm.TU.chromosome_11.2415","Cluster_3730","evm.TU.chromosome_11.2415","TP7",0.866025403784439,0.210818510677892,"2"
"3614","Cluster_3730_evm.TU.chromosome_11.2837","Cluster_3730","evm.TU.chromosome_11.2837","TP7",-0.5,0,"1"
"3615","Cluster_3730_evm.TU.chromosome_11.3111","Cluster_3730","evm.TU.chromosome_11.3111","TP7",0,0.8,"1"
"3616","Cluster_3730_evm.TU.chromosome_11.38","Cluster_3730","evm.TU.chromosome_11.38","TP7",0.5,0,"2"
"3617","Cluster_3730_evm.TU.chromosome_11.452","Cluster_3730","evm.TU.chromosome_11.452","TP7",0.5,0.6,"2"
"3618","Cluster_3730_evm.TU.chromosome_11.70","Cluster_3730","evm.TU.chromosome_11.70","TP7",0.5,0,"2"
"3619","Cluster_3730_evm.TU.chromosome_12.1154","Cluster_3730","evm.TU.chromosome_12.1154","TP7",1,0,"2"
"3620","Cluster_3730_evm.TU.chromosome_12.1482","Cluster_3730","evm.TU.chromosome_12.1482","TP7",0.866025403784439,-0.316227766016838,"2"
"3621","Cluster_3730_evm.TU.chromosome_12.1631","Cluster_3730","evm.TU.chromosome_12.1631","TP7",0.5,-0.8,"2"
"3622","Cluster_3730_evm.TU.chromosome_12.1662","Cluster_3730","evm.TU.chromosome_12.1662","TP7",0.5,0.4,"2"
"3623","Cluster_3730_evm.TU.chromosome_12.1672","Cluster_3730","evm.TU.chromosome_12.1672","TP7",0.5,0,"2"
"3624","Cluster_3730_evm.TU.chromosome_12.1860","Cluster_3730","evm.TU.chromosome_12.1860","TP7",0,0.316227766016838,"1"
"3625","Cluster_3730_evm.TU.chromosome_12.2434","Cluster_3730","evm.TU.chromosome_12.2434","TP7",0.5,0.4,"2"
"3626","Cluster_3730_evm.TU.chromosome_12.2487","Cluster_3730","evm.TU.chromosome_12.2487","TP7",-1,0.2,"3"
"3627","Cluster_3730_evm.TU.chromosome_12.2661","Cluster_3730","evm.TU.chromosome_12.2661","TP7",-0.5,0.316227766016838,"3"
"3628","Cluster_3730_evm.TU.chromosome_12.2845","Cluster_3730","evm.TU.chromosome_12.2845","TP7",0.5,0.316227766016838,"2"
"3629","Cluster_3730_evm.TU.chromosome_12.2869","Cluster_3730","evm.TU.chromosome_12.2869","TP7",0.5,0.316227766016838,"2"
"3630","Cluster_3730_evm.TU.chromosome_12.2893","Cluster_3730","evm.TU.chromosome_12.2893","TP7",1,-0.2,"2"
"3631","Cluster_3730_evm.TU.chromosome_12.312","Cluster_3730","evm.TU.chromosome_12.312","TP7",0.5,0.4,"2"
"3632","Cluster_3730_evm.TU.chromosome_12.3169","Cluster_3730","evm.TU.chromosome_12.3169","TP7",0.5,0.2,"2"
"3633","Cluster_3730_evm.TU.chromosome_12.3475","Cluster_3730","evm.TU.chromosome_12.3475","TP7",0.5,0.316227766016838,"2"
"3634","Cluster_3730_evm.TU.chromosome_12.3707","Cluster_3730","evm.TU.chromosome_12.3707","TP7",0.5,0.4,"2"
"3635","Cluster_3730_evm.TU.chromosome_12.3726","Cluster_3730","evm.TU.chromosome_12.3726","TP7",-1,0,"3"
"3636","Cluster_3730_evm.TU.chromosome_12.3750","Cluster_3730","evm.TU.chromosome_12.3750","TP7",1,-0.2,"2"
"3637","Cluster_3730_evm.TU.chromosome_12.772","Cluster_3730","evm.TU.chromosome_12.772","TP7",1,0.774596669241483,"2"
"3638","Cluster_3730_evm.TU.chromosome_13.1069","Cluster_3730","evm.TU.chromosome_13.1069","TP7",0.5,0.6,"2"
"3639","Cluster_3730_evm.TU.chromosome_13.117","Cluster_3730","evm.TU.chromosome_13.117","TP7",-1,-0.316227766016838,"3"
"3640","Cluster_3730_evm.TU.chromosome_13.1239","Cluster_3730","evm.TU.chromosome_13.1239","TP7",0.866025403784439,-0.316227766016838,"2"
"3641","Cluster_3730_evm.TU.chromosome_13.1264","Cluster_3730","evm.TU.chromosome_13.1264","TP7",1,0,"2"
"3642","Cluster_3730_evm.TU.chromosome_13.1284","Cluster_3730","evm.TU.chromosome_13.1284","TP7",-0.5,0.4,"3"
"3643","Cluster_3730_evm.TU.chromosome_13.150","Cluster_3730","evm.TU.chromosome_13.150","TP7",1,-0.6,"2"
"3644","Cluster_3730_evm.TU.chromosome_13.1685","Cluster_3730","evm.TU.chromosome_13.1685","TP7",0.866025403784439,-0.774596669241483,"2"
"3645","Cluster_3730_evm.TU.chromosome_13.1822","Cluster_3730","evm.TU.chromosome_13.1822","TP7",0.5,0.4,"2"
"3646","Cluster_3730_evm.TU.chromosome_13.1869","Cluster_3730","evm.TU.chromosome_13.1869","TP7",0.5,-0.6,"2"
"3647","Cluster_3730_evm.TU.chromosome_13.2061","Cluster_3730","evm.TU.chromosome_13.2061","TP7",0.5,-0.316227766016838,"2"
"3648","Cluster_3730_evm.TU.chromosome_13.2081","Cluster_3730","evm.TU.chromosome_13.2081","TP7",0.5,-0.316227766016838,"2"
"3649","Cluster_3730_evm.TU.chromosome_13.2083","Cluster_3730","evm.TU.chromosome_13.2083","TP7",-0.866025403784439,-0.316227766016838,"1"
"3650","Cluster_3730_evm.TU.chromosome_13.2089","Cluster_3730","evm.TU.chromosome_13.2089","TP7",0.5,-0.774596669241483,"2"
"3651","Cluster_3730_evm.TU.chromosome_13.2139","Cluster_3730","evm.TU.chromosome_13.2139","TP7",-0.5,-0.316227766016838,"1"
"3652","Cluster_3730_evm.TU.chromosome_13.2232","Cluster_3730","evm.TU.chromosome_13.2232","TP7",0.5,0.316227766016838,"2"
"3653","Cluster_3730_evm.TU.chromosome_13.2265","Cluster_3730","evm.TU.chromosome_13.2265","TP7",0.866025403784439,-0.316227766016838,"2"
"3654","Cluster_3730_evm.TU.chromosome_13.2282","Cluster_3730","evm.TU.chromosome_13.2282","TP7",0.5,0.4,"2"
"3655","Cluster_3730_evm.TU.chromosome_13.2332","Cluster_3730","evm.TU.chromosome_13.2332","TP7",1,-0.6,"2"
"3656","Cluster_3730_evm.TU.chromosome_13.2379","Cluster_3730","evm.TU.chromosome_13.2379","TP7",1,-0.4,"2"
"3657","Cluster_3730_evm.TU.chromosome_13.2404","Cluster_3730","evm.TU.chromosome_13.2404","TP7",0.5,0.316227766016838,"2"
"3658","Cluster_3730_evm.TU.chromosome_13.2587","Cluster_3730","evm.TU.chromosome_13.2587","TP7",0.5,0,"2"
"3659","Cluster_3730_evm.TU.chromosome_13.27","Cluster_3730","evm.TU.chromosome_13.27","TP7",0.5,0.8,"2"
"3660","Cluster_3730_evm.TU.chromosome_13.2847","Cluster_3730","evm.TU.chromosome_13.2847","TP7",0.5,-0.2,"2"
"3661","Cluster_3730_evm.TU.chromosome_13.2996","Cluster_3730","evm.TU.chromosome_13.2996","TP7",1,-0.4,"2"
"3662","Cluster_3730_evm.TU.chromosome_13.305","Cluster_3730","evm.TU.chromosome_13.305","TP7",0.5,0.316227766016838,"2"
"3663","Cluster_3730_evm.TU.chromosome_13.3086","Cluster_3730","evm.TU.chromosome_13.3086","TP7",-1,0,"3"
"3664","Cluster_3730_evm.TU.chromosome_13.3483","Cluster_3730","evm.TU.chromosome_13.3483","TP7",1,-0.316227766016838,"2"
"3665","Cluster_3730_evm.TU.chromosome_13.3486","Cluster_3730","evm.TU.chromosome_13.3486","TP7",0.5,-0.316227766016838,"2"
"3666","Cluster_3730_evm.TU.chromosome_13.3746","Cluster_3730","evm.TU.chromosome_13.3746","TP7",0.5,-0.316227766016838,"2"
"3667","Cluster_3730_evm.TU.chromosome_13.3760","Cluster_3730","evm.TU.chromosome_13.3760","TP7",0,-0.316227766016838,"1"
"3668","Cluster_3730_evm.TU.chromosome_13.3796","Cluster_3730","evm.TU.chromosome_13.3796","TP7",-0.5,0.6,"3"
"3669","Cluster_3730_evm.TU.chromosome_13.3824","Cluster_3730","evm.TU.chromosome_13.3824","TP7",1,0.316227766016838,"2"
"3670","Cluster_3730_evm.TU.chromosome_13.3866","Cluster_3730","evm.TU.chromosome_13.3866","TP7",0.5,0,"2"
"3671","Cluster_3730_evm.TU.chromosome_13.4089","Cluster_3730","evm.TU.chromosome_13.4089","TP7",0.5,-0.2,"2"
"3672","Cluster_3730_evm.TU.chromosome_13.470","Cluster_3730","evm.TU.chromosome_13.470","TP7",1,-0.774596669241483,"2"
"3673","Cluster_3730_evm.TU.chromosome_13.638","Cluster_3730","evm.TU.chromosome_13.638","TP7",0.5,0.6,"2"
"3674","Cluster_3730_evm.TU.chromosome_13.868","Cluster_3730","evm.TU.chromosome_13.868","TP7",0.866025403784439,0,"2"
"3675","Cluster_3730_evm.TU.chromosome_13.95","Cluster_3730","evm.TU.chromosome_13.95","TP7",-0.5,0,"1"
"3676","Cluster_3730_evm.TU.chromosome_13.999","Cluster_3730","evm.TU.chromosome_13.999","TP7",-0.5,0.2,"1"
"3677","Cluster_3730_evm.TU.chromosome_14.1317","Cluster_3730","evm.TU.chromosome_14.1317","TP7",1,-0.316227766016838,"2"
"3678","Cluster_3730_evm.TU.chromosome_14.1705","Cluster_3730","evm.TU.chromosome_14.1705","TP7",1,-0.316227766016838,"2"
"3679","Cluster_3730_evm.TU.chromosome_14.1779","Cluster_3730","evm.TU.chromosome_14.1779","TP7",1,0.4,"2"
"3680","Cluster_3730_evm.TU.chromosome_14.1856","Cluster_3730","evm.TU.chromosome_14.1856","TP7",1,0.6,"2"
"3681","Cluster_3730_evm.TU.chromosome_14.2876","Cluster_3730","evm.TU.chromosome_14.2876","TP7",0.866025403784439,-0.316227766016838,"2"
"3682","Cluster_3730_evm.TU.chromosome_14.3899","Cluster_3730","evm.TU.chromosome_14.3899","TP7",1,-0.4,"2"
"3683","Cluster_3730_evm.TU.chromosome_14.5072","Cluster_3730","evm.TU.chromosome_14.5072","TP7",-1,0.6,"3"
"3684","Cluster_3730_evm.TU.chromosome_14.5312","Cluster_3730","evm.TU.chromosome_14.5312","TP7",1,-0.316227766016838,"2"
"3685","Cluster_3730_evm.TU.chromosome_14.5316","Cluster_3730","evm.TU.chromosome_14.5316","TP7",-0.5,-0.4,"1"
"3686","Cluster_3730_evm.TU.chromosome_14.5319","Cluster_3730","evm.TU.chromosome_14.5319","TP7",-1,-0.6,"1"
"3687","Cluster_3730_evm.TU.chromosome_14.5320","Cluster_3730","evm.TU.chromosome_14.5320","TP7",1,0.316227766016838,"2"
"3688","Cluster_3730_evm.TU.chromosome_14.5411","Cluster_3730","evm.TU.chromosome_14.5411","TP7",0.5,-0.4,"2"
"3689","Cluster_3730_evm.TU.chromosome_14.550","Cluster_3730","evm.TU.chromosome_14.550","TP7",0.5,0.6,"2"
"3690","Cluster_3730_evm.TU.chromosome_14.5536","Cluster_3730","evm.TU.chromosome_14.5536","TP7",-1,0,"3"
"3691","Cluster_3730_evm.TU.chromosome_14.5929","Cluster_3730","evm.TU.chromosome_14.5929","TP7",1,0.316227766016838,"2"
"3692","Cluster_3730_evm.TU.chromosome_14.6259","Cluster_3730","evm.TU.chromosome_14.6259","TP7",-0.5,0.4,"3"
"3693","Cluster_3730_evm.TU.chromosome_14.628","Cluster_3730","evm.TU.chromosome_14.628","TP7",-0.5,-0.4,"1"
"3694","Cluster_3730_evm.TU.chromosome_14.6424","Cluster_3730","evm.TU.chromosome_14.6424","TP7",0.5,0.4,"2"
"3695","Cluster_3730_evm.TU.chromosome_14.6492","Cluster_3730","evm.TU.chromosome_14.6492","TP7",0.5,0,"2"
"3696","Cluster_3730_evm.TU.chromosome_14.67","Cluster_3730","evm.TU.chromosome_14.67","TP7",1,0.4,"2"
"3697","Cluster_3730_evm.TU.chromosome_14.677","Cluster_3730","evm.TU.chromosome_14.677","TP7",0.5,0.4,"2"
"3698","Cluster_3730_evm.TU.chromosome_14.6923","Cluster_3730","evm.TU.chromosome_14.6923","TP7",0.5,0.316227766016838,"2"
"3699","Cluster_3730_evm.TU.chromosome_14.7054","Cluster_3730","evm.TU.chromosome_14.7054","TP7",0.5,0.2,"2"
"3700","Cluster_3730_evm.TU.chromosome_14.7120","Cluster_3730","evm.TU.chromosome_14.7120","TP7",-0.5,0.4,"3"
"3701","Cluster_3730_evm.TU.chromosome_14.7161","Cluster_3730","evm.TU.chromosome_14.7161","TP7",1,0.316227766016838,"2"
"3702","Cluster_3730_evm.TU.chromosome_14.7190","Cluster_3730","evm.TU.chromosome_14.7190","TP7",0.866025403784439,0.316227766016838,"2"
"3703","Cluster_3730_evm.TU.chromosome_14.831","Cluster_3730","evm.TU.chromosome_14.831","TP7",1,-1,"2"
"3704","Cluster_3730_evm.TU.chromosome_14.93","Cluster_3730","evm.TU.chromosome_14.93","TP7",-1,0.316227766016838,"3"
"3705","Cluster_3730_evm.TU.chromosome_14.965","Cluster_3730","evm.TU.chromosome_14.965","TP7",1,-0.4,"2"
"3706","Cluster_3730_evm.TU.chromosome_2.1096","Cluster_3730","evm.TU.chromosome_2.1096","TP7",0.5,0,"2"
"3707","Cluster_3730_evm.TU.chromosome_2.1567","Cluster_3730","evm.TU.chromosome_2.1567","TP7",0.866025403784439,-0.6,"2"
"3708","Cluster_3730_evm.TU.chromosome_2.1614","Cluster_3730","evm.TU.chromosome_2.1614","TP7",-0.5,-0.2,"1"
"3709","Cluster_3730_evm.TU.chromosome_2.1626","Cluster_3730","evm.TU.chromosome_2.1626","TP7",0.5,-0.8,"2"
"3710","Cluster_3730_evm.TU.chromosome_2.1648","Cluster_3730","evm.TU.chromosome_2.1648","TP7",0.5,-0.316227766016838,"2"
"3711","Cluster_3730_evm.TU.chromosome_2.1687","Cluster_3730","evm.TU.chromosome_2.1687","TP7",0.5,-0.4,"2"
"3712","Cluster_3730_evm.TU.chromosome_2.1700","Cluster_3730","evm.TU.chromosome_2.1700","TP7",1,-0.8,"2"
"3713","Cluster_3730_evm.TU.chromosome_2.1702","Cluster_3730","evm.TU.chromosome_2.1702","TP7",-1,-0.4,"1"
"3714","Cluster_3730_evm.TU.chromosome_2.1983","Cluster_3730","evm.TU.chromosome_2.1983","TP7",0.5,0.2,"2"
"3715","Cluster_3730_evm.TU.chromosome_2.343","Cluster_3730","evm.TU.chromosome_2.343","TP7",1,-0.4,"2"
"3716","Cluster_3730_evm.TU.chromosome_2.349","Cluster_3730","evm.TU.chromosome_2.349","TP7",0.5,0,"2"
"3717","Cluster_3730_evm.TU.chromosome_2.380","Cluster_3730","evm.TU.chromosome_2.380","TP7",0.5,-0.316227766016838,"2"
"3718","Cluster_3730_evm.TU.chromosome_2.409","Cluster_3730","evm.TU.chromosome_2.409","TP7",-0.5,0.6,"3"
"3719","Cluster_3730_evm.TU.chromosome_2.410","Cluster_3730","evm.TU.chromosome_2.410","TP7",0.5,-0.8,"2"
"3720","Cluster_3730_evm.TU.chromosome_2.60","Cluster_3730","evm.TU.chromosome_2.60","TP7",-1,-1,"1"
"3721","Cluster_3730_evm.TU.chromosome_2.683","Cluster_3730","evm.TU.chromosome_2.683","TP7",1,0.6,"2"
"3722","Cluster_3730_evm.TU.chromosome_2.753","Cluster_3730","evm.TU.chromosome_2.753","TP7",-0.5,-0.8,"1"
"3723","Cluster_3730_evm.TU.chromosome_2.754","Cluster_3730","evm.TU.chromosome_2.754","TP7",0.5,0.316227766016838,"2"
"3724","Cluster_3730_evm.TU.chromosome_2.758","Cluster_3730","evm.TU.chromosome_2.758","TP7",0.866025403784439,0.948683298050514,"2"
"3725","Cluster_3730_evm.TU.chromosome_2.854","Cluster_3730","evm.TU.chromosome_2.854","TP7",0.5,0.6,"2"
"3726","Cluster_3730_evm.TU.chromosome_3.1029","Cluster_3730","evm.TU.chromosome_3.1029","TP7",0.5,0.6,"2"
"3727","Cluster_3730_evm.TU.chromosome_3.1034","Cluster_3730","evm.TU.chromosome_3.1034","TP7",-1,-0.6,"1"
"3728","Cluster_3730_evm.TU.chromosome_3.1251","Cluster_3730","evm.TU.chromosome_3.1251","TP7",-0.5,-0.4,"1"
"3729","Cluster_3730_evm.TU.chromosome_3.1603","Cluster_3730","evm.TU.chromosome_3.1603","TP7",1,-0.2,"2"
"3730","Cluster_3730_evm.TU.chromosome_3.1613","Cluster_3730","evm.TU.chromosome_3.1613","TP7",0.5,0,"2"
"3731","Cluster_3730_evm.TU.chromosome_3.1692","Cluster_3730","evm.TU.chromosome_3.1692","TP7",1,-0.4,"2"
"3732","Cluster_3730_evm.TU.chromosome_3.1813","Cluster_3730","evm.TU.chromosome_3.1813","TP7",0.866025403784439,-0.316227766016838,"2"
"3733","Cluster_3730_evm.TU.chromosome_3.2006","Cluster_3730","evm.TU.chromosome_3.2006","TP7",1,0.316227766016838,"2"
"3734","Cluster_3730_evm.TU.chromosome_3.2007","Cluster_3730","evm.TU.chromosome_3.2007","TP7",1,0,"2"
"3735","Cluster_3730_evm.TU.chromosome_3.2008","Cluster_3730","evm.TU.chromosome_3.2008","TP7",0.5,0,"2"
"3736","Cluster_3730_evm.TU.chromosome_3.2017","Cluster_3730","evm.TU.chromosome_3.2017","TP7",0.5,-0.6,"2"
"3737","Cluster_3730_evm.TU.chromosome_3.241","Cluster_3730","evm.TU.chromosome_3.241","TP7",1,0.4,"2"
"3738","Cluster_3730_evm.TU.chromosome_3.300","Cluster_3730","evm.TU.chromosome_3.300","TP7",1,0,"2"
"3739","Cluster_3730_evm.TU.chromosome_3.523","Cluster_3730","evm.TU.chromosome_3.523","TP7",0.5,-0.316227766016838,"2"
"3740","Cluster_3730_evm.TU.chromosome_3.706","Cluster_3730","evm.TU.chromosome_3.706","TP7",0.5,0.4,"2"
"3741","Cluster_3730_evm.TU.chromosome_3.980","Cluster_3730","evm.TU.chromosome_3.980","TP7",0.5,-0.316227766016838,"2"
"3742","Cluster_3730_evm.TU.chromosome_4.1011","Cluster_3730","evm.TU.chromosome_4.1011","TP7",1,0.4,"2"
"3743","Cluster_3730_evm.TU.chromosome_4.1355","Cluster_3730","evm.TU.chromosome_4.1355","TP7",0.5,0.774596669241483,"2"
"3744","Cluster_3730_evm.TU.chromosome_4.1386","Cluster_3730","evm.TU.chromosome_4.1386","TP7",-0.5,-0.4,"1"
"3745","Cluster_3730_evm.TU.chromosome_4.1509","Cluster_3730","evm.TU.chromosome_4.1509","TP7",-0.5,-0.4,"1"
"3746","Cluster_3730_evm.TU.chromosome_4.1511","Cluster_3730","evm.TU.chromosome_4.1511","TP7",0.5,-0.2,"2"
"3747","Cluster_3730_evm.TU.chromosome_4.1557","Cluster_3730","evm.TU.chromosome_4.1557","TP7",1,-0.316227766016838,"2"
"3748","Cluster_3730_evm.TU.chromosome_4.1559","Cluster_3730","evm.TU.chromosome_4.1559","TP7",-0.5,0.4,"3"
"3749","Cluster_3730_evm.TU.chromosome_4.1573","Cluster_3730","evm.TU.chromosome_4.1573","TP7",-0.5,0.4,"3"
"3750","Cluster_3730_evm.TU.chromosome_4.1609","Cluster_3730","evm.TU.chromosome_4.1609","TP7",1,-0.4,"2"
"3751","Cluster_3730_evm.TU.chromosome_4.1878","Cluster_3730","evm.TU.chromosome_4.1878","TP7",0.5,-0.4,"2"
"3752","Cluster_3730_evm.TU.chromosome_4.2107","Cluster_3730","evm.TU.chromosome_4.2107","TP7",1,0.6,"2"
"3753","Cluster_3730_evm.TU.chromosome_4.2123","Cluster_3730","evm.TU.chromosome_4.2123","TP7",-0.5,-0.316227766016838,"1"
"3754","Cluster_3730_evm.TU.chromosome_4.2124","Cluster_3730","evm.TU.chromosome_4.2124","TP7",1,0.4,"2"
"3755","Cluster_3730_evm.TU.chromosome_4.2126","Cluster_3730","evm.TU.chromosome_4.2126","TP7",-1,0.4,"3"
"3756","Cluster_3730_evm.TU.chromosome_4.2193","Cluster_3730","evm.TU.chromosome_4.2193","TP7",0.5,0,"2"
"3757","Cluster_3730_evm.TU.chromosome_4.233","Cluster_3730","evm.TU.chromosome_4.233","TP7",0.866025403784439,0.737864787372622,"2"
"3758","Cluster_3730_evm.TU.chromosome_4.514","Cluster_3730","evm.TU.chromosome_4.514","TP7",1,0.4,"2"
"3759","Cluster_3730_evm.TU.chromosome_4.691","Cluster_3730","evm.TU.chromosome_4.691","TP7",1,0.2,"2"
"3760","Cluster_3730_evm.TU.chromosome_4.692","Cluster_3730","evm.TU.chromosome_4.692","TP7",0,0.316227766016838,"1"
"3761","Cluster_3730_evm.TU.chromosome_4.731","Cluster_3730","evm.TU.chromosome_4.731","TP7",0.5,0.4,"2"
"3762","Cluster_3730_evm.TU.chromosome_4.845","Cluster_3730","evm.TU.chromosome_4.845","TP7",0.5,-0.6,"2"
"3763","Cluster_3730_evm.TU.chromosome_4.896","Cluster_3730","evm.TU.chromosome_4.896","TP7",1,-0.8,"2"
"3764","Cluster_3730_evm.TU.chromosome_4.903","Cluster_3730","evm.TU.chromosome_4.903","TP7",-0.5,-0.6,"1"
"3765","Cluster_3730_evm.TU.chromosome_5.1558","Cluster_3730","evm.TU.chromosome_5.1558","TP7",1,0.316227766016838,"2"
"3766","Cluster_3730_evm.TU.chromosome_5.1639","Cluster_3730","evm.TU.chromosome_5.1639","TP7",0.5,0.316227766016838,"2"
"3767","Cluster_3730_evm.TU.chromosome_5.2124","Cluster_3730","evm.TU.chromosome_5.2124","TP7",-1,0,"3"
"3768","Cluster_3730_evm.TU.chromosome_5.2131","Cluster_3730","evm.TU.chromosome_5.2131","TP7",0.5,-0.6,"2"
"3769","Cluster_3730_evm.TU.chromosome_5.226","Cluster_3730","evm.TU.chromosome_5.226","TP7",0.866025403784439,-0.210818510677892,"2"
"3770","Cluster_3730_evm.TU.chromosome_5.2502","Cluster_3730","evm.TU.chromosome_5.2502","TP7",1,0.8,"2"
"3771","Cluster_3730_evm.TU.chromosome_5.383","Cluster_3730","evm.TU.chromosome_5.383","TP7",-1,0.2,"3"
"3772","Cluster_3730_evm.TU.chromosome_5.42","Cluster_3730","evm.TU.chromosome_5.42","TP7",1,-0.4,"2"
"3773","Cluster_3730_evm.TU.chromosome_5.435","Cluster_3730","evm.TU.chromosome_5.435","TP7",0.5,-0.316227766016838,"2"
"3774","Cluster_3730_evm.TU.chromosome_5.438","Cluster_3730","evm.TU.chromosome_5.438","TP7",1,-0.8,"2"
"3775","Cluster_3730_evm.TU.chromosome_5.68","Cluster_3730","evm.TU.chromosome_5.68","TP7",1,0.316227766016838,"2"
"3776","Cluster_3730_evm.TU.chromosome_6.1128","Cluster_3730","evm.TU.chromosome_6.1128","TP7",0.5,-0.6,"2"
"3777","Cluster_3730_evm.TU.chromosome_6.125","Cluster_3730","evm.TU.chromosome_6.125","TP7",1,0,"2"
"3778","Cluster_3730_evm.TU.chromosome_6.1365","Cluster_3730","evm.TU.chromosome_6.1365","TP7",1,-0.774596669241483,"2"
"3779","Cluster_3730_evm.TU.chromosome_6.1529","Cluster_3730","evm.TU.chromosome_6.1529","TP7",0.5,0.4,"2"
"3780","Cluster_3730_evm.TU.chromosome_6.2373","Cluster_3730","evm.TU.chromosome_6.2373","TP7",0.866025403784439,-0.6,"2"
"3781","Cluster_3730_evm.TU.chromosome_6.2379","Cluster_3730","evm.TU.chromosome_6.2379","TP7",1,0.2,"2"
"3782","Cluster_3730_evm.TU.chromosome_6.2485","Cluster_3730","evm.TU.chromosome_6.2485","TP7",0.5,0.316227766016838,"2"
"3783","Cluster_3730_evm.TU.chromosome_6.319","Cluster_3730","evm.TU.chromosome_6.319","TP7",0.866025403784439,0.316227766016838,"2"
"3784","Cluster_3730_evm.TU.chromosome_6.37","Cluster_3730","evm.TU.chromosome_6.37","TP7",0.5,0,"2"
"3785","Cluster_3730_evm.TU.chromosome_6.526","Cluster_3730","evm.TU.chromosome_6.526","TP7",-0.5,0,"1"
"3786","Cluster_3730_evm.TU.chromosome_6.828","Cluster_3730","evm.TU.chromosome_6.828","TP7",0.5,-0.316227766016838,"2"
"3787","Cluster_3730_evm.TU.chromosome_6.899","Cluster_3730","evm.TU.chromosome_6.899","TP7",0.5,-0.2,"2"
"3788","Cluster_3730_evm.TU.chromosome_6.947","Cluster_3730","evm.TU.chromosome_6.947","TP7",-0.5,-0.4,"1"
"3789","Cluster_3730_evm.TU.chromosome_6.969","Cluster_3730","evm.TU.chromosome_6.969","TP7",1,0.8,"2"
"3790","Cluster_3730_evm.TU.chromosome_7.1086","Cluster_3730","evm.TU.chromosome_7.1086","TP7",0,0.316227766016838,"1"
"3791","Cluster_3730_evm.TU.chromosome_7.1143","Cluster_3730","evm.TU.chromosome_7.1143","TP7",1,0.4,"2"
"3792","Cluster_3730_evm.TU.chromosome_7.1271","Cluster_3730","evm.TU.chromosome_7.1271","TP7",0.5,0.2,"2"
"3793","Cluster_3730_evm.TU.chromosome_7.1381","Cluster_3730","evm.TU.chromosome_7.1381","TP7",1,-0.2,"2"
"3794","Cluster_3730_evm.TU.chromosome_7.1617","Cluster_3730","evm.TU.chromosome_7.1617","TP7",0.866025403784439,-0.316227766016838,"2"
"3795","Cluster_3730_evm.TU.chromosome_7.1683","Cluster_3730","evm.TU.chromosome_7.1683","TP7",0.5,0.2,"2"
"3796","Cluster_3730_evm.TU.chromosome_7.188","Cluster_3730","evm.TU.chromosome_7.188","TP7",0.5,0.8,"2"
"3797","Cluster_3730_evm.TU.chromosome_7.197","Cluster_3730","evm.TU.chromosome_7.197","TP7",-1,0.4,"3"
"3798","Cluster_3730_evm.TU.chromosome_7.2109","Cluster_3730","evm.TU.chromosome_7.2109","TP7",-0.5,-0.4,"1"
"3799","Cluster_3730_evm.TU.chromosome_7.2334","Cluster_3730","evm.TU.chromosome_7.2334","TP7",0.5,0,"2"
"3800","Cluster_3730_evm.TU.chromosome_7.2336","Cluster_3730","evm.TU.chromosome_7.2336","TP7",0.5,0,"2"
"3801","Cluster_3730_evm.TU.chromosome_7.243","Cluster_3730","evm.TU.chromosome_7.243","TP7",0.5,0.8,"2"
"3802","Cluster_3730_evm.TU.chromosome_7.2550","Cluster_3730","evm.TU.chromosome_7.2550","TP7",-0.866025403784439,0.774596669241483,"3"
"3803","Cluster_3730_evm.TU.chromosome_7.2615","Cluster_3730","evm.TU.chromosome_7.2615","TP7",-1,-0.8,"1"
"3804","Cluster_3730_evm.TU.chromosome_7.2707","Cluster_3730","evm.TU.chromosome_7.2707","TP7",0.5,0.4,"2"
"3805","Cluster_3730_evm.TU.chromosome_7.2760","Cluster_3730","evm.TU.chromosome_7.2760","TP7",1,0,"2"
"3806","Cluster_3730_evm.TU.chromosome_7.2763","Cluster_3730","evm.TU.chromosome_7.2763","TP7",1,0.6,"2"
"3807","Cluster_3730_evm.TU.chromosome_7.301","Cluster_3730","evm.TU.chromosome_7.301","TP7",-1,-0.4,"1"
"3808","Cluster_3730_evm.TU.chromosome_7.366","Cluster_3730","evm.TU.chromosome_7.366","TP7",0.5,0.4,"2"
"3809","Cluster_3730_evm.TU.chromosome_8.1090","Cluster_3730","evm.TU.chromosome_8.1090","TP7",1,0.4,"2"
"3810","Cluster_3730_evm.TU.chromosome_8.1293","Cluster_3730","evm.TU.chromosome_8.1293","TP7",1,0,"2"
"3811","Cluster_3730_evm.TU.chromosome_8.1297","Cluster_3730","evm.TU.chromosome_8.1297","TP7",1,-0.316227766016838,"2"
"3812","Cluster_3730_evm.TU.chromosome_8.1384","Cluster_3730","evm.TU.chromosome_8.1384","TP7",0.5,0.316227766016838,"2"
"3813","Cluster_3730_evm.TU.chromosome_8.1529","Cluster_3730","evm.TU.chromosome_8.1529","TP7",0.5,-0.4,"2"
"3814","Cluster_3730_evm.TU.chromosome_8.1540","Cluster_3730","evm.TU.chromosome_8.1540","TP7",-0.5,-0.2,"1"
"3815","Cluster_3730_evm.TU.chromosome_8.1549","Cluster_3730","evm.TU.chromosome_8.1549","TP7",-0.5,0.2,"1"
"3816","Cluster_3730_evm.TU.chromosome_8.1816","Cluster_3730","evm.TU.chromosome_8.1816","TP7",1,0.316227766016838,"2"
"3817","Cluster_3730_evm.TU.chromosome_8.1908","Cluster_3730","evm.TU.chromosome_8.1908","TP7",0.5,0.6,"2"
"3818","Cluster_3730_evm.TU.chromosome_8.2138","Cluster_3730","evm.TU.chromosome_8.2138","TP7",-0.5,0.6,"3"
"3819","Cluster_3730_evm.TU.chromosome_8.2168","Cluster_3730","evm.TU.chromosome_8.2168","TP7",0.5,0.4,"2"
"3820","Cluster_3730_evm.TU.chromosome_8.2257","Cluster_3730","evm.TU.chromosome_8.2257","TP7",0.866025403784439,0.774596669241483,"2"
"3821","Cluster_3730_evm.TU.chromosome_8.2274","Cluster_3730","evm.TU.chromosome_8.2274","TP7",0.5,-0.316227766016838,"2"
"3822","Cluster_3730_evm.TU.chromosome_8.2754","Cluster_3730","evm.TU.chromosome_8.2754","TP7",0.5,-0.316227766016838,"2"
"3823","Cluster_3730_evm.TU.chromosome_8.408","Cluster_3730","evm.TU.chromosome_8.408","TP7",1,0,"2"
"3824","Cluster_3730_evm.TU.chromosome_8.499","Cluster_3730","evm.TU.chromosome_8.499","TP7",0.5,0,"2"
"3825","Cluster_3730_evm.TU.chromosome_8.858","Cluster_3730","evm.TU.chromosome_8.858","TP7",0.5,0.774596669241483,"2"
"3826","Cluster_3730_evm.TU.chromosome_8.905","Cluster_3730","evm.TU.chromosome_8.905","TP7",1,-0.316227766016838,"2"
"3827","Cluster_3730_evm.TU.chromosome_9.1040","Cluster_3730","evm.TU.chromosome_9.1040","TP7",0.5,0.316227766016838,"2"
"3828","Cluster_3730_evm.TU.chromosome_9.1162","Cluster_3730","evm.TU.chromosome_9.1162","TP7",-1,0.4,"3"
"3829","Cluster_3730_evm.TU.chromosome_9.13","Cluster_3730","evm.TU.chromosome_9.13","TP7",0.5,0.316227766016838,"2"
"3830","Cluster_3730_evm.TU.chromosome_9.1623","Cluster_3730","evm.TU.chromosome_9.1623","TP7",1,0,"2"
"3831","Cluster_3730_evm.TU.chromosome_9.178","Cluster_3730","evm.TU.chromosome_9.178","TP7",1,0.316227766016838,"2"
"3832","Cluster_3730_evm.TU.chromosome_9.2344","Cluster_3730","evm.TU.chromosome_9.2344","TP7",-1,-0.2,"3"
"3833","Cluster_3730_evm.TU.chromosome_9.2426","Cluster_3730","evm.TU.chromosome_9.2426","TP7",0.5,-0.8,"2"
"3834","Cluster_3730_evm.TU.chromosome_9.2528","Cluster_3730","evm.TU.chromosome_9.2528","TP7",1,0.4,"2"
"3835","Cluster_3730_evm.TU.chromosome_9.2817","Cluster_3730","evm.TU.chromosome_9.2817","TP7",0.5,-0.6,"2"
"3836","Cluster_3730_evm.TU.chromosome_9.288","Cluster_3730","evm.TU.chromosome_9.288","TP7",0.5,0.4,"2"
"3837","Cluster_3730_evm.TU.chromosome_9.865","Cluster_3730","evm.TU.chromosome_9.865","TP7",-0.5,0,"1"
"3838","Cluster_3889_evm.TU.chromosome_1.102","Cluster_3889","evm.TU.chromosome_1.102","TP7",-0.5,1,"3"
"3839","Cluster_3889_evm.TU.chromosome_1.107","Cluster_3889","evm.TU.chromosome_1.107","TP7",-0.866025403784439,0.2,"3"
"3840","Cluster_3889_evm.TU.chromosome_1.115","Cluster_3889","evm.TU.chromosome_1.115","TP7",-1,0.948683298050514,"3"
"3841","Cluster_3889_evm.TU.chromosome_1.151","Cluster_3889","evm.TU.chromosome_1.151","TP7",-0.5,-0.2,"1"
"3842","Cluster_3889_evm.TU.chromosome_1.1595","Cluster_3889","evm.TU.chromosome_1.1595","TP7",-0.5,0.948683298050514,"3"
"3843","Cluster_3889_evm.TU.chromosome_1.1845","Cluster_3889","evm.TU.chromosome_1.1845","TP7",-0.5,-0.4,"1"
"3844","Cluster_3889_evm.TU.chromosome_1.197","Cluster_3889","evm.TU.chromosome_1.197","TP7",-1,-0.2,"3"
"3845","Cluster_3889_evm.TU.chromosome_1.252","Cluster_3889","evm.TU.chromosome_1.252","TP7",-1,-0.4,"1"
"3846","Cluster_3889_evm.TU.chromosome_1.826","Cluster_3889","evm.TU.chromosome_1.826","TP7",-0.866025403784439,0,"3"
"3847","Cluster_3889_evm.TU.chromosome_10.136","Cluster_3889","evm.TU.chromosome_10.136","TP7",-1,0.105409255338946,"3"
"3848","Cluster_3889_evm.TU.chromosome_10.1586","Cluster_3889","evm.TU.chromosome_10.1586","TP7",-1,0.2,"3"
"3849","Cluster_3889_evm.TU.chromosome_10.1983","Cluster_3889","evm.TU.chromosome_10.1983","TP7",-1,0.4,"3"
"3850","Cluster_3889_evm.TU.chromosome_10.2200","Cluster_3889","evm.TU.chromosome_10.2200","TP7",0.5,0.948683298050514,"2"
"3851","Cluster_3889_evm.TU.chromosome_10.2497","Cluster_3889","evm.TU.chromosome_10.2497","TP7",-1,0.8,"3"
"3852","Cluster_3889_evm.TU.chromosome_10.2499","Cluster_3889","evm.TU.chromosome_10.2499","TP7",-1,0.4,"3"
"3853","Cluster_3889_evm.TU.chromosome_10.2573","Cluster_3889","evm.TU.chromosome_10.2573","TP7",1,0.737864787372622,"2"
"3854","Cluster_3889_evm.TU.chromosome_10.2749","Cluster_3889","evm.TU.chromosome_10.2749","TP7",-0.5,-0.4,"1"
"3855","Cluster_3889_evm.TU.chromosome_10.276","Cluster_3889","evm.TU.chromosome_10.276","TP7",-0.5,0.8,"3"
"3856","Cluster_3889_evm.TU.chromosome_10.2793","Cluster_3889","evm.TU.chromosome_10.2793","TP7",-1,0,"3"
"3857","Cluster_3889_evm.TU.chromosome_10.2928","Cluster_3889","evm.TU.chromosome_10.2928","TP7",-1,0,"3"
"3858","Cluster_3889_evm.TU.chromosome_10.3060","Cluster_3889","evm.TU.chromosome_10.3060","TP7",-1,0.948683298050514,"3"
"3859","Cluster_3889_evm.TU.chromosome_10.3128","Cluster_3889","evm.TU.chromosome_10.3128","TP7",-1,0.8,"3"
"3860","Cluster_3889_evm.TU.chromosome_10.650","Cluster_3889","evm.TU.chromosome_10.650","TP7",-0.5,0.4,"3"
"3861","Cluster_3889_evm.TU.chromosome_10.930","Cluster_3889","evm.TU.chromosome_10.930","TP7",-0.5,0.6,"3"
"3862","Cluster_3889_evm.TU.chromosome_11.1163","Cluster_3889","evm.TU.chromosome_11.1163","TP7",-1,0.8,"3"
"3863","Cluster_3889_evm.TU.chromosome_11.1164","Cluster_3889","evm.TU.chromosome_11.1164","TP7",-0.5,-0.4,"1"
"3864","Cluster_3889_evm.TU.chromosome_11.1226","Cluster_3889","evm.TU.chromosome_11.1226","TP7",-0.5,0.8,"3"
"3865","Cluster_3889_evm.TU.chromosome_11.1801","Cluster_3889","evm.TU.chromosome_11.1801","TP7",-1,0,"3"
"3866","Cluster_3889_evm.TU.chromosome_11.2050","Cluster_3889","evm.TU.chromosome_11.2050","TP7",-0.5,0.4,"3"
"3867","Cluster_3889_evm.TU.chromosome_11.2064","Cluster_3889","evm.TU.chromosome_11.2064","TP7",-0.5,0.4,"3"
"3868","Cluster_3889_evm.TU.chromosome_11.2370","Cluster_3889","evm.TU.chromosome_11.2370","TP7",-0.5,0.210818510677892,"1"
"3869","Cluster_3889_evm.TU.chromosome_11.2420","Cluster_3889","evm.TU.chromosome_11.2420","TP7",-1,0.8,"3"
"3870","Cluster_3889_evm.TU.chromosome_11.3087","Cluster_3889","evm.TU.chromosome_11.3087","TP7",-1,-0.2,"3"
"3871","Cluster_3889_evm.TU.chromosome_11.72","Cluster_3889","evm.TU.chromosome_11.72","TP7",-0.5,-0.2,"1"
"3872","Cluster_3889_evm.TU.chromosome_11.793_evm.TU.chromosome_11.794","Cluster_3889","evm.TU.chromosome_11.793_evm.TU.chromosome_11.794","TP7",-0.5,0.737864787372622,"3"
"3873","Cluster_3889_evm.TU.chromosome_11.795","Cluster_3889","evm.TU.chromosome_11.795","TP7",-1,0.737864787372622,"3"
"3874","Cluster_3889_evm.TU.chromosome_12.202","Cluster_3889","evm.TU.chromosome_12.202","TP7",-1,0.948683298050514,"3"
"3875","Cluster_3889_evm.TU.chromosome_12.2177","Cluster_3889","evm.TU.chromosome_12.2177","TP7",-0.5,-0.4,"1"
"3876","Cluster_3889_evm.TU.chromosome_12.2232","Cluster_3889","evm.TU.chromosome_12.2232","TP7",-0.5,0.8,"3"
"3877","Cluster_3889_evm.TU.chromosome_12.2578","Cluster_3889","evm.TU.chromosome_12.2578","TP7",-0.5,0.4,"3"
"3878","Cluster_3889_evm.TU.chromosome_12.2764","Cluster_3889","evm.TU.chromosome_12.2764","TP7",-0.5,0.8,"3"
"3879","Cluster_3889_evm.TU.chromosome_12.284","Cluster_3889","evm.TU.chromosome_12.284","TP7",-1,0.6,"3"
"3880","Cluster_3889_evm.TU.chromosome_12.3164","Cluster_3889","evm.TU.chromosome_12.3164","TP7",-0.5,0.948683298050514,"3"
"3881","Cluster_3889_evm.TU.chromosome_12.3283","Cluster_3889","evm.TU.chromosome_12.3283","TP7",0.5,0.737864787372622,"2"
"3882","Cluster_3889_evm.TU.chromosome_12.375","Cluster_3889","evm.TU.chromosome_12.375","TP7",-0.5,0.4,"3"
"3883","Cluster_3889_evm.TU.chromosome_12.715","Cluster_3889","evm.TU.chromosome_12.715","TP7",-0.5,0.8,"3"
"3884","Cluster_3889_evm.TU.chromosome_12.772","Cluster_3889","evm.TU.chromosome_12.772","TP7",-1,0.258198889747161,"3"
"3885","Cluster_3889_evm.TU.chromosome_12.875","Cluster_3889","evm.TU.chromosome_12.875","TP7",0,0.774596669241483,"1"
"3886","Cluster_3889_evm.TU.chromosome_13.114","Cluster_3889","evm.TU.chromosome_13.114","TP7",-1,0.8,"3"
"3887","Cluster_3889_evm.TU.chromosome_13.1412","Cluster_3889","evm.TU.chromosome_13.1412","TP7",1,0.4,"2"
"3888","Cluster_3889_evm.TU.chromosome_13.2019","Cluster_3889","evm.TU.chromosome_13.2019","TP7",-0.5,0.774596669241483,"3"
"3889","Cluster_3889_evm.TU.chromosome_13.202","Cluster_3889","evm.TU.chromosome_13.202","TP7",-1,0.737864787372622,"3"
"3890","Cluster_3889_evm.TU.chromosome_13.2167","Cluster_3889","evm.TU.chromosome_13.2167","TP7",-0.866025403784439,0.774596669241483,"3"
"3891","Cluster_3889_evm.TU.chromosome_13.287","Cluster_3889","evm.TU.chromosome_13.287","TP7",-1,0.4,"3"
"3892","Cluster_3889_evm.TU.chromosome_13.3356","Cluster_3889","evm.TU.chromosome_13.3356","TP7",-0.5,0.4,"3"
"3893","Cluster_3889_evm.TU.chromosome_13.3384","Cluster_3889","evm.TU.chromosome_13.3384","TP7",-0.5,0.8,"3"
"3894","Cluster_3889_evm.TU.chromosome_13.3751","Cluster_3889","evm.TU.chromosome_13.3751","TP7",-1,0.8,"3"
"3895","Cluster_3889_evm.TU.chromosome_13.4177","Cluster_3889","evm.TU.chromosome_13.4177","TP7",1,-0.8,"2"
"3896","Cluster_3889_evm.TU.chromosome_13.512","Cluster_3889","evm.TU.chromosome_13.512","TP7",-0.5,0.8,"3"
"3897","Cluster_3889_evm.TU.chromosome_14.1059","Cluster_3889","evm.TU.chromosome_14.1059","TP7",-0.866025403784439,0.258198889747161,"3"
"3898","Cluster_3889_evm.TU.chromosome_14.1180","Cluster_3889","evm.TU.chromosome_14.1180","TP7",-1,0.948683298050514,"3"
"3899","Cluster_3889_evm.TU.chromosome_14.1867","Cluster_3889","evm.TU.chromosome_14.1867","TP7",-1,-0.8,"1"
"3900","Cluster_3889_evm.TU.chromosome_14.1872","Cluster_3889","evm.TU.chromosome_14.1872","TP7",-0.5,-0.105409255338946,"1"
"3901","Cluster_3889_evm.TU.chromosome_14.3910","Cluster_3889","evm.TU.chromosome_14.3910","TP7",-0.5,0.737864787372622,"3"
"3902","Cluster_3889_evm.TU.chromosome_14.5339","Cluster_3889","evm.TU.chromosome_14.5339","TP7",-0.5,-0.4,"1"
"3903","Cluster_3889_evm.TU.chromosome_14.5362","Cluster_3889","evm.TU.chromosome_14.5362","TP7",0.5,-0.2,"2"
"3904","Cluster_3889_evm.TU.chromosome_14.6609","Cluster_3889","evm.TU.chromosome_14.6609","TP7",-0.5,0.8,"3"
"3905","Cluster_3889_evm.TU.chromosome_14.6732","Cluster_3889","evm.TU.chromosome_14.6732","TP7",-0.5,-0.4,"1"
"3906","Cluster_3889_evm.TU.chromosome_14.677","Cluster_3889","evm.TU.chromosome_14.677","TP7",-0.5,0.6,"3"
"3907","Cluster_3889_evm.TU.chromosome_14.6821","Cluster_3889","evm.TU.chromosome_14.6821","TP7",-1,0.948683298050514,"3"
"3908","Cluster_3889_evm.TU.chromosome_14.6822","Cluster_3889","evm.TU.chromosome_14.6822","TP7",-0.866025403784439,0.316227766016838,"3"
"3909","Cluster_3889_evm.TU.chromosome_14.6878","Cluster_3889","evm.TU.chromosome_14.6878","TP7",-1,0,"3"
"3910","Cluster_3889_evm.TU.chromosome_14.6966","Cluster_3889","evm.TU.chromosome_14.6966","TP7",-1,0.737864787372622,"3"
"3911","Cluster_3889_evm.TU.chromosome_14.972","Cluster_3889","evm.TU.chromosome_14.972","TP7",-0.5,0.8,"3"
"3912","Cluster_3889_evm.TU.chromosome_2.1126","Cluster_3889","evm.TU.chromosome_2.1126","TP7",0.5,0.2,"2"
"3913","Cluster_3889_evm.TU.chromosome_2.1655","Cluster_3889","evm.TU.chromosome_2.1655","TP7",0,0.737864787372622,"1"
"3914","Cluster_3889_evm.TU.chromosome_2.1788","Cluster_3889","evm.TU.chromosome_2.1788","TP7",-1,0.774596669241483,"3"
"3915","Cluster_3889_evm.TU.chromosome_2.1889","Cluster_3889","evm.TU.chromosome_2.1889","TP7",-0.5,-0.4,"1"
"3916","Cluster_3889_evm.TU.chromosome_2.1926","Cluster_3889","evm.TU.chromosome_2.1926","TP7",0.5,0.4,"2"
"3917","Cluster_3889_evm.TU.chromosome_2.2027","Cluster_3889","evm.TU.chromosome_2.2027","TP7",-0.5,-0.8,"1"
"3918","Cluster_3889_evm.TU.chromosome_2.224","Cluster_3889","evm.TU.chromosome_2.224","TP7",-1,0.6,"3"
"3919","Cluster_3889_evm.TU.chromosome_2.318","Cluster_3889","evm.TU.chromosome_2.318","TP7",1,0,"2"
"3920","Cluster_3889_evm.TU.chromosome_2.40","Cluster_3889","evm.TU.chromosome_2.40","TP7",-0.5,0.948683298050514,"3"
"3921","Cluster_3889_evm.TU.chromosome_2.89","Cluster_3889","evm.TU.chromosome_2.89","TP7",-0.5,0,"1"
"3922","Cluster_3889_evm.TU.chromosome_3.1005","Cluster_3889","evm.TU.chromosome_3.1005","TP7",1,1,"2"
"3923","Cluster_3889_evm.TU.chromosome_3.159","Cluster_3889","evm.TU.chromosome_3.159","TP7",-0.5,0.2,"1"
"3924","Cluster_3889_evm.TU.chromosome_3.1956","Cluster_3889","evm.TU.chromosome_3.1956","TP7",-1,0.737864787372622,"3"
"3925","Cluster_3889_evm.TU.chromosome_3.609","Cluster_3889","evm.TU.chromosome_3.609","TP7",0.5,-0.4,"2"
"3926","Cluster_3889_evm.TU.chromosome_4.1510","Cluster_3889","evm.TU.chromosome_4.1510","TP7",-0.5,0.8,"3"
"3927","Cluster_3889_evm.TU.chromosome_4.1511","Cluster_3889","evm.TU.chromosome_4.1511","TP7",-0.5,0.8,"3"
"3928","Cluster_3889_evm.TU.chromosome_4.1596","Cluster_3889","evm.TU.chromosome_4.1596","TP7",-1,0.2,"3"
"3929","Cluster_3889_evm.TU.chromosome_4.1628","Cluster_3889","evm.TU.chromosome_4.1628","TP7",1,-0.4,"2"
"3930","Cluster_3889_evm.TU.chromosome_4.2263","Cluster_3889","evm.TU.chromosome_4.2263","TP7",-1,0.4,"3"
"3931","Cluster_3889_evm.TU.chromosome_4.2476","Cluster_3889","evm.TU.chromosome_4.2476","TP7",-0.5,0.8,"3"
"3932","Cluster_3889_evm.TU.chromosome_4.897","Cluster_3889","evm.TU.chromosome_4.897","TP7",1,0.948683298050514,"2"
"3933","Cluster_3889_evm.TU.chromosome_4.922","Cluster_3889","evm.TU.chromosome_4.922","TP7",-1,0.737864787372622,"3"
"3934","Cluster_3889_evm.TU.chromosome_5.1314","Cluster_3889","evm.TU.chromosome_5.1314","TP7",-1,0.4,"3"
"3935","Cluster_3889_evm.TU.chromosome_5.142","Cluster_3889","evm.TU.chromosome_5.142","TP7",-0.5,-0.6,"1"
"3936","Cluster_3889_evm.TU.chromosome_5.1533","Cluster_3889","evm.TU.chromosome_5.1533","TP7",-1,-0.4,"1"
"3937","Cluster_3889_evm.TU.chromosome_5.2008","Cluster_3889","evm.TU.chromosome_5.2008","TP7",0.5,-0.4,"2"
"3938","Cluster_3889_evm.TU.chromosome_5.2335","Cluster_3889","evm.TU.chromosome_5.2335","TP7",-0.5,0.6,"3"
"3939","Cluster_3889_evm.TU.chromosome_5.2500","Cluster_3889","evm.TU.chromosome_5.2500","TP7",-0.5,0.258198889747161,"1"
"3940","Cluster_3889_evm.TU.chromosome_5.415","Cluster_3889","evm.TU.chromosome_5.415","TP7",-0.5,-0.2,"1"
"3941","Cluster_3889_evm.TU.chromosome_5.612","Cluster_3889","evm.TU.chromosome_5.612","TP7",-0.5,0.210818510677892,"1"
"3942","Cluster_3889_evm.TU.chromosome_5.695","Cluster_3889","evm.TU.chromosome_5.695","TP7",-0.866025403784439,0.737864787372622,"3"
"3943","Cluster_3889_evm.TU.chromosome_5.832","Cluster_3889","evm.TU.chromosome_5.832","TP7",-0.5,-0.4,"1"
"3944","Cluster_3889_evm.TU.chromosome_6.1270","Cluster_3889","evm.TU.chromosome_6.1270","TP7",-1,-0.4,"1"
"3945","Cluster_3889_evm.TU.chromosome_6.1524","Cluster_3889","evm.TU.chromosome_6.1524","TP7",-0.5,0.8,"3"
"3946","Cluster_3889_evm.TU.chromosome_6.1695","Cluster_3889","evm.TU.chromosome_6.1695","TP7",-1,-0.4,"1"
"3947","Cluster_3889_evm.TU.chromosome_6.2148","Cluster_3889","evm.TU.chromosome_6.2148","TP7",0.5,-0.6,"2"
"3948","Cluster_3889_evm.TU.chromosome_6.2158","Cluster_3889","evm.TU.chromosome_6.2158","TP7",-1,0.948683298050514,"3"
"3949","Cluster_3889_evm.TU.chromosome_6.2834","Cluster_3889","evm.TU.chromosome_6.2834","TP7",1,-0.6,"2"
"3950","Cluster_3889_evm.TU.chromosome_6.2861","Cluster_3889","evm.TU.chromosome_6.2861","TP7",-1,-0.2,"3"
"3951","Cluster_3889_evm.TU.chromosome_6.341","Cluster_3889","evm.TU.chromosome_6.341","TP7",-1,-0.8,"1"
"3952","Cluster_3889_evm.TU.chromosome_6.499","Cluster_3889","evm.TU.chromosome_6.499","TP7",1,-0.4,"2"
"3953","Cluster_3889_evm.TU.chromosome_7.1025","Cluster_3889","evm.TU.chromosome_7.1025","TP7",-0.5,0.105409255338946,"1"
"3954","Cluster_3889_evm.TU.chromosome_7.1905","Cluster_3889","evm.TU.chromosome_7.1905","TP7",-0.5,0.8,"3"
"3955","Cluster_3889_evm.TU.chromosome_7.2203","Cluster_3889","evm.TU.chromosome_7.2203","TP7",-0.5,0.948683298050514,"3"
"3956","Cluster_3889_evm.TU.chromosome_7.481","Cluster_3889","evm.TU.chromosome_7.481","TP7",-1,0.4,"3"
"3957","Cluster_3889_evm.TU.chromosome_7.614","Cluster_3889","evm.TU.chromosome_7.614","TP7",-1,-0.2,"3"
"3958","Cluster_3889_evm.TU.chromosome_7.910","Cluster_3889","evm.TU.chromosome_7.910","TP7",-1,0.774596669241483,"3"
"3959","Cluster_3889_evm.TU.chromosome_8.1200","Cluster_3889","evm.TU.chromosome_8.1200","TP7",-0.5,0.948683298050514,"3"
"3960","Cluster_3889_evm.TU.chromosome_8.1238","Cluster_3889","evm.TU.chromosome_8.1238","TP7",-1,0.948683298050514,"3"
"3961","Cluster_3889_evm.TU.chromosome_8.1289","Cluster_3889","evm.TU.chromosome_8.1289","TP7",-1,0.2,"3"
"3962","Cluster_3889_evm.TU.chromosome_8.1528","Cluster_3889","evm.TU.chromosome_8.1528","TP7",-1,-0.4,"1"
"3963","Cluster_3889_evm.TU.chromosome_8.1696","Cluster_3889","evm.TU.chromosome_8.1696","TP7",-0.5,0.948683298050514,"3"
"3964","Cluster_3889_evm.TU.chromosome_8.1697","Cluster_3889","evm.TU.chromosome_8.1697","TP7",-1,0.4,"3"
"3965","Cluster_3889_evm.TU.chromosome_8.1757","Cluster_3889","evm.TU.chromosome_8.1757","TP7",-0.5,0.737864787372622,"3"
"3966","Cluster_3889_evm.TU.chromosome_8.1900","Cluster_3889","evm.TU.chromosome_8.1900","TP7",-1,-0.4,"1"
"3967","Cluster_3889_evm.TU.chromosome_8.1922","Cluster_3889","evm.TU.chromosome_8.1922","TP7",-1,-0.8,"1"
"3968","Cluster_3889_evm.TU.chromosome_8.1939","Cluster_3889","evm.TU.chromosome_8.1939","TP7",0.5,0.4,"2"
"3969","Cluster_3889_evm.TU.chromosome_8.2568","Cluster_3889","evm.TU.chromosome_8.2568","TP7",-0.5,-0.4,"1"
"3970","Cluster_3889_evm.TU.chromosome_8.2581","Cluster_3889","evm.TU.chromosome_8.2581","TP7",-0.5,0.4,"3"
"3971","Cluster_3889_evm.TU.chromosome_8.434","Cluster_3889","evm.TU.chromosome_8.434","TP7",1,0.948683298050514,"2"
"3972","Cluster_3889_evm.TU.chromosome_8.814","Cluster_3889","evm.TU.chromosome_8.814","TP7",0,0.774596669241483,"1"
"3973","Cluster_3889_evm.TU.chromosome_8.858","Cluster_3889","evm.TU.chromosome_8.858","TP7",-0.5,0.258198889747161,"1"
"3974","Cluster_3889_evm.TU.chromosome_8.964","Cluster_3889","evm.TU.chromosome_8.964","TP7",-0.5,0.8,"3"
"3975","Cluster_3889_evm.TU.chromosome_8.971","Cluster_3889","evm.TU.chromosome_8.971","TP7",-1,-0.6,"1"
"3976","Cluster_3889_evm.TU.chromosome_9.1","Cluster_3889","evm.TU.chromosome_9.1","TP7",-0.5,1,"3"
"3977","Cluster_3889_evm.TU.chromosome_9.1162","Cluster_3889","evm.TU.chromosome_9.1162","TP7",1,0.6,"2"
"3978","Cluster_3889_evm.TU.chromosome_9.1487","Cluster_3889","evm.TU.chromosome_9.1487","TP7",-1,0.8,"3"
"3979","Cluster_3889_evm.TU.chromosome_9.1610","Cluster_3889","evm.TU.chromosome_9.1610","TP7",-0.5,-0.8,"1"
"3980","Cluster_3889_evm.TU.chromosome_9.1962","Cluster_3889","evm.TU.chromosome_9.1962","TP7",-1,0.948683298050514,"3"
"3981","Cluster_3889_evm.TU.chromosome_9.2032","Cluster_3889","evm.TU.chromosome_9.2032","TP7",-0.5,0.2,"1"
"3982","Cluster_3889_evm.TU.chromosome_9.2033","Cluster_3889","evm.TU.chromosome_9.2033","TP7",0,0.948683298050514,"3"
"3983","Cluster_3889_evm.TU.chromosome_9.2267","Cluster_3889","evm.TU.chromosome_9.2267","TP7",-1,-0.2,"3"
"3984","Cluster_3889_evm.TU.chromosome_9.2477","Cluster_3889","evm.TU.chromosome_9.2477","TP7",-0.5,0.8,"3"
"3985","Cluster_3889_evm.TU.chromosome_9.2666","Cluster_3889","evm.TU.chromosome_9.2666","TP7",-1,0.2,"3"
"3986","Cluster_3889_evm.TU.chromosome_9.752","Cluster_3889","evm.TU.chromosome_9.752","TP7",0.5,0.8,"2"
"3987","Cluster_3889_evm.TU.chromosome_9.753","Cluster_3889","evm.TU.chromosome_9.753","TP7",-1,0.4,"3"
"3988","Cluster_4044_evm.TU.chromosome_1.485","Cluster_4044","evm.TU.chromosome_1.485","TP7",-1,-0.4,"1"
"3989","Cluster_4044_evm.TU.chromosome_1.589","Cluster_4044","evm.TU.chromosome_1.589","TP7",1,0.948683298050514,"2"
"3990","Cluster_4044_evm.TU.chromosome_1.626","Cluster_4044","evm.TU.chromosome_1.626","TP7",1,0.948683298050514,"2"
"3991","Cluster_4044_evm.TU.chromosome_1.629","Cluster_4044","evm.TU.chromosome_1.629","TP7",-0.5,0.737864787372622,"3"
"3992","Cluster_4044_evm.TU.chromosome_1.632","Cluster_4044","evm.TU.chromosome_1.632","TP7",1,-1,"2"
"3993","Cluster_4044_evm.TU.chromosome_1.638","Cluster_4044","evm.TU.chromosome_1.638","TP7",0.5,1,"2"
"3994","Cluster_4044_evm.TU.chromosome_1.640","Cluster_4044","evm.TU.chromosome_1.640","TP7",0.5,0.4,"2"
"3995","Cluster_4044_evm.TU.chromosome_1.686","Cluster_4044","evm.TU.chromosome_1.686","TP7",0.5,0.737864787372622,"2"
"3996","Cluster_4044_evm.TU.chromosome_1.87","Cluster_4044","evm.TU.chromosome_1.87","TP7",0.5,0.948683298050514,"2"
"3997","Cluster_4044_evm.TU.chromosome_10.236","Cluster_4044","evm.TU.chromosome_10.236","TP7",1,-0.4,"2"
"3998","Cluster_4044_evm.TU.chromosome_10.2656","Cluster_4044","evm.TU.chromosome_10.2656","TP7",1,0.948683298050514,"2"
"3999","Cluster_4044_evm.TU.chromosome_10.2996","Cluster_4044","evm.TU.chromosome_10.2996","TP7",0.5,0.948683298050514,"2"
"4000","Cluster_4044_evm.TU.chromosome_11.1348","Cluster_4044","evm.TU.chromosome_11.1348","TP7",0.5,0.4,"2"
"4001","Cluster_4044_evm.TU.chromosome_11.1444","Cluster_4044","evm.TU.chromosome_11.1444","TP7",-1,0.948683298050514,"3"
"4002","Cluster_4044_evm.TU.chromosome_11.1699","Cluster_4044","evm.TU.chromosome_11.1699","TP7",0.5,0.737864787372622,"2"
"4003","Cluster_4044_evm.TU.chromosome_11.1700","Cluster_4044","evm.TU.chromosome_11.1700","TP7",0.5,0.258198889747161,"2"
"4004","Cluster_4044_evm.TU.chromosome_11.2007","Cluster_4044","evm.TU.chromosome_11.2007","TP7",1,0.948683298050514,"2"
"4005","Cluster_4044_evm.TU.chromosome_11.2589","Cluster_4044","evm.TU.chromosome_11.2589","TP7",-0.5,0.737864787372622,"3"
"4006","Cluster_4044_evm.TU.chromosome_11.2594","Cluster_4044","evm.TU.chromosome_11.2594","TP7",-1,-0.4,"1"
"4007","Cluster_4044_evm.TU.chromosome_11.308","Cluster_4044","evm.TU.chromosome_11.308","TP7",0.5,0.4,"2"
"4008","Cluster_4044_evm.TU.chromosome_11.561","Cluster_4044","evm.TU.chromosome_11.561","TP7",-0.5,0.774596669241483,"3"
"4009","Cluster_4044_evm.TU.chromosome_11.681","Cluster_4044","evm.TU.chromosome_11.681","TP7",-1,-1,"1"
"4010","Cluster_4044_evm.TU.chromosome_11.892","Cluster_4044","evm.TU.chromosome_11.892","TP7",0.5,-0.4,"2"
"4011","Cluster_4044_evm.TU.chromosome_11.896","Cluster_4044","evm.TU.chromosome_11.896","TP7",0.5,0.737864787372622,"2"
"4012","Cluster_4044_evm.TU.chromosome_12.2170","Cluster_4044","evm.TU.chromosome_12.2170","TP7",1,-0.6,"2"
"4013","Cluster_4044_evm.TU.chromosome_12.252","Cluster_4044","evm.TU.chromosome_12.252","TP7",0.5,-0.632455532033676,"2"
"4014","Cluster_4044_evm.TU.chromosome_12.2966","Cluster_4044","evm.TU.chromosome_12.2966","TP7",0.5,0.948683298050514,"2"
"4015","Cluster_4044_evm.TU.chromosome_12.2979","Cluster_4044","evm.TU.chromosome_12.2979","TP7",0.5,-0.4,"2"
"4016","Cluster_4044_evm.TU.chromosome_12.2987","Cluster_4044","evm.TU.chromosome_12.2987","TP7",0.5,-0.2,"2"
"4017","Cluster_4044_evm.TU.chromosome_12.2992","Cluster_4044","evm.TU.chromosome_12.2992","TP7",-0.5,0.4,"3"
"4018","Cluster_4044_evm.TU.chromosome_12.2994","Cluster_4044","evm.TU.chromosome_12.2994","TP7",0.5,0.948683298050514,"2"
"4019","Cluster_4044_evm.TU.chromosome_12.3074","Cluster_4044","evm.TU.chromosome_12.3074","TP7",0.5,0.737864787372622,"2"
"4020","Cluster_4044_evm.TU.chromosome_12.3490","Cluster_4044","evm.TU.chromosome_12.3490","TP7",0.5,0.774596669241483,"2"
"4021","Cluster_4044_evm.TU.chromosome_12.3847","Cluster_4044","evm.TU.chromosome_12.3847","TP7",-0.5,0.737864787372622,"3"
"4022","Cluster_4044_evm.TU.chromosome_12.3900","Cluster_4044","evm.TU.chromosome_12.3900","TP7",-1,-0.4,"1"
"4023","Cluster_4044_evm.TU.chromosome_12.509","Cluster_4044","evm.TU.chromosome_12.509","TP7",0.5,0,"2"
"4024","Cluster_4044_evm.TU.chromosome_12.605","Cluster_4044","evm.TU.chromosome_12.605","TP7",1,-0.632455532033676,"2"
"4025","Cluster_4044_evm.TU.chromosome_12.785","Cluster_4044","evm.TU.chromosome_12.785","TP7",0.866025403784439,0.210818510677892,"2"
"4026","Cluster_4044_evm.TU.chromosome_13.1560","Cluster_4044","evm.TU.chromosome_13.1560","TP7",0.5,-0.210818510677892,"2"
"4027","Cluster_4044_evm.TU.chromosome_13.2045","Cluster_4044","evm.TU.chromosome_13.2045","TP7",0.5,-0.4,"2"
"4028","Cluster_4044_evm.TU.chromosome_13.217","Cluster_4044","evm.TU.chromosome_13.217","TP7",1,0.258198889747161,"2"
"4029","Cluster_4044_evm.TU.chromosome_13.2402","Cluster_4044","evm.TU.chromosome_13.2402","TP7",0.5,0.2,"2"
"4030","Cluster_4044_evm.TU.chromosome_13.2403","Cluster_4044","evm.TU.chromosome_13.2403","TP7",0.5,0.8,"2"
"4031","Cluster_4044_evm.TU.chromosome_13.2404","Cluster_4044","evm.TU.chromosome_13.2404","TP7",0.5,0.737864787372622,"2"
"4032","Cluster_4044_evm.TU.chromosome_13.2405","Cluster_4044","evm.TU.chromosome_13.2405","TP7",1,0.948683298050514,"2"
"4033","Cluster_4044_evm.TU.chromosome_13.2406","Cluster_4044","evm.TU.chromosome_13.2406","TP7",0.5,0.316227766016838,"2"
"4034","Cluster_4044_evm.TU.chromosome_13.2407","Cluster_4044","evm.TU.chromosome_13.2407","TP7",0.5,-0.316227766016838,"2"
"4035","Cluster_4044_evm.TU.chromosome_13.2409","Cluster_4044","evm.TU.chromosome_13.2409","TP7",-1,0.8,"3"
"4036","Cluster_4044_evm.TU.chromosome_13.2419","Cluster_4044","evm.TU.chromosome_13.2419","TP7",-0.5,0,"1"
"4037","Cluster_4044_evm.TU.chromosome_13.2426","Cluster_4044","evm.TU.chromosome_13.2426","TP7",0.5,0.774596669241483,"2"
"4038","Cluster_4044_evm.TU.chromosome_13.2430","Cluster_4044","evm.TU.chromosome_13.2430","TP7",0.5,0.632455532033676,"2"
"4039","Cluster_4044_evm.TU.chromosome_13.2431","Cluster_4044","evm.TU.chromosome_13.2431","TP7",0.5,0.4,"2"
"4040","Cluster_4044_evm.TU.chromosome_13.2433","Cluster_4044","evm.TU.chromosome_13.2433","TP7",0,0.948683298050514,"3"
"4041","Cluster_4044_evm.TU.chromosome_13.2434","Cluster_4044","evm.TU.chromosome_13.2434","TP7",0.5,0.737864787372622,"2"
"4042","Cluster_4044_evm.TU.chromosome_13.2435","Cluster_4044","evm.TU.chromosome_13.2435","TP7",0.5,0.4,"2"
"4043","Cluster_4044_evm.TU.chromosome_13.2437","Cluster_4044","evm.TU.chromosome_13.2437","TP7",1,0,"2"
"4044","Cluster_4044_evm.TU.chromosome_13.2438","Cluster_4044","evm.TU.chromosome_13.2438","TP7",-1,0.948683298050514,"3"
"4045","Cluster_4044_evm.TU.chromosome_13.2468","Cluster_4044","evm.TU.chromosome_13.2468","TP7",0.5,0.948683298050514,"2"
"4046","Cluster_4044_evm.TU.chromosome_13.257","Cluster_4044","evm.TU.chromosome_13.257","TP7",0,0.737864787372622,"1"
"4047","Cluster_4044_evm.TU.chromosome_13.271","Cluster_4044","evm.TU.chromosome_13.271","TP7",0.5,0.737864787372622,"2"
"4048","Cluster_4044_evm.TU.chromosome_13.2793","Cluster_4044","evm.TU.chromosome_13.2793","TP7",0.5,0.8,"2"
"4049","Cluster_4044_evm.TU.chromosome_13.3185","Cluster_4044","evm.TU.chromosome_13.3185","TP7",1,0.4,"2"
"4050","Cluster_4044_evm.TU.chromosome_13.321","Cluster_4044","evm.TU.chromosome_13.321","TP7",0.5,-1,"2"
"4051","Cluster_4044_evm.TU.chromosome_13.3481","Cluster_4044","evm.TU.chromosome_13.3481","TP7",0.5,0.4,"2"
"4052","Cluster_4044_evm.TU.chromosome_13.463","Cluster_4044","evm.TU.chromosome_13.463","TP7",-0.5,-0.4,"1"
"4053","Cluster_4044_evm.TU.chromosome_13.781","Cluster_4044","evm.TU.chromosome_13.781","TP7",0.5,0.4,"2"
"4054","Cluster_4044_evm.TU.chromosome_13.85","Cluster_4044","evm.TU.chromosome_13.85","TP7",0.866025403784439,0.258198889747161,"2"
"4055","Cluster_4044_evm.TU.chromosome_13.938","Cluster_4044","evm.TU.chromosome_13.938","TP7",0.5,0.948683298050514,"2"
"4056","Cluster_4044_evm.TU.chromosome_14.2185","Cluster_4044","evm.TU.chromosome_14.2185","TP7",-0.5,-0.4,"1"
"4057","Cluster_4044_evm.TU.chromosome_14.4830","Cluster_4044","evm.TU.chromosome_14.4830","TP7",-0.5,-0.4,"1"
"4058","Cluster_4044_evm.TU.chromosome_14.6046","Cluster_4044","evm.TU.chromosome_14.6046","TP7",0.5,0.948683298050514,"2"
"4059","Cluster_4044_evm.TU.chromosome_14.653","Cluster_4044","evm.TU.chromosome_14.653","TP7",0,0.737864787372622,"1"
"4060","Cluster_4044_evm.TU.chromosome_14.6541","Cluster_4044","evm.TU.chromosome_14.6541","TP7",0.5,0.8,"2"
"4061","Cluster_4044_evm.TU.chromosome_14.6791","Cluster_4044","evm.TU.chromosome_14.6791","TP7",-1,0.2,"3"
"4062","Cluster_4044_evm.TU.chromosome_2.1561","Cluster_4044","evm.TU.chromosome_2.1561","TP7",0.866025403784439,0.2,"2"
"4063","Cluster_4044_evm.TU.chromosome_2.1562","Cluster_4044","evm.TU.chromosome_2.1562","TP7",0.5,-0.2,"2"
"4064","Cluster_4044_evm.TU.chromosome_2.1603","Cluster_4044","evm.TU.chromosome_2.1603","TP7",1,-0.4,"2"
"4065","Cluster_4044_evm.TU.chromosome_2.45","Cluster_4044","evm.TU.chromosome_2.45","TP7",1,-0.4,"2"
"4066","Cluster_4044_evm.TU.chromosome_2.523","Cluster_4044","evm.TU.chromosome_2.523","TP7",0.5,0.258198889747161,"2"
"4067","Cluster_4044_evm.TU.chromosome_2.591","Cluster_4044","evm.TU.chromosome_2.591","TP7",-0.5,0,"1"
"4068","Cluster_4044_evm.TU.chromosome_3.1213","Cluster_4044","evm.TU.chromosome_3.1213","TP7",0.5,-0.6,"2"
"4069","Cluster_4044_evm.TU.chromosome_3.957","Cluster_4044","evm.TU.chromosome_3.957","TP7",0.5,0,"2"
"4070","Cluster_4044_evm.TU.chromosome_4.1641","Cluster_4044","evm.TU.chromosome_4.1641","TP7",-1,0.2,"3"
"4071","Cluster_4044_evm.TU.chromosome_4.464","Cluster_4044","evm.TU.chromosome_4.464","TP7",0.5,0.948683298050514,"2"
"4072","Cluster_4044_evm.TU.chromosome_4.465","Cluster_4044","evm.TU.chromosome_4.465","TP7",1,-0.4,"2"
"4073","Cluster_4044_evm.TU.chromosome_4.792","Cluster_4044","evm.TU.chromosome_4.792","TP7",-0.5,-0.105409255338946,"1"
"4074","Cluster_4044_evm.TU.chromosome_5.1987","Cluster_4044","evm.TU.chromosome_5.1987","TP7",-1,1,"3"
"4075","Cluster_4044_evm.TU.chromosome_5.2175","Cluster_4044","evm.TU.chromosome_5.2175","TP7",0.5,0.632455532033676,"2"
"4076","Cluster_4044_evm.TU.chromosome_5.2206","Cluster_4044","evm.TU.chromosome_5.2206","TP7",0.5,-0.2,"2"
"4077","Cluster_4044_evm.TU.chromosome_5.2565","Cluster_4044","evm.TU.chromosome_5.2565","TP7",0.5,0.4,"2"
"4078","Cluster_4044_evm.TU.chromosome_5.591","Cluster_4044","evm.TU.chromosome_5.591","TP7",-0.5,0.258198889747161,"1"
"4079","Cluster_4044_evm.TU.chromosome_5.659","Cluster_4044","evm.TU.chromosome_5.659","TP7",-0.5,0.737864787372622,"3"
"4080","Cluster_4044_evm.TU.chromosome_5.699","Cluster_4044","evm.TU.chromosome_5.699","TP7",0.5,0.4,"2"
"4081","Cluster_4044_evm.TU.chromosome_6.1068","Cluster_4044","evm.TU.chromosome_6.1068","TP7",1,-0.4,"2"
"4082","Cluster_4044_evm.TU.chromosome_6.1256","Cluster_4044","evm.TU.chromosome_6.1256","TP7",-0.5,0.948683298050514,"3"
"4083","Cluster_4044_evm.TU.chromosome_6.2174","Cluster_4044","evm.TU.chromosome_6.2174","TP7",0.5,0.948683298050514,"2"
"4084","Cluster_4044_evm.TU.chromosome_6.221","Cluster_4044","evm.TU.chromosome_6.221","TP7",-1,-0.4,"1"
"4085","Cluster_4044_evm.TU.chromosome_6.2638","Cluster_4044","evm.TU.chromosome_6.2638","TP7",1,0.8,"2"
"4086","Cluster_4044_evm.TU.chromosome_6.319","Cluster_4044","evm.TU.chromosome_6.319","TP7",0.866025403784439,0.737864787372622,"2"
"4087","Cluster_4044_evm.TU.chromosome_7.1016","Cluster_4044","evm.TU.chromosome_7.1016","TP7",0,-0.316227766016838,"1"
"4088","Cluster_4044_evm.TU.chromosome_7.1049","Cluster_4044","evm.TU.chromosome_7.1049","TP7",0.5,0.8,"2"
"4089","Cluster_4044_evm.TU.chromosome_7.1317","Cluster_4044","evm.TU.chromosome_7.1317","TP7",0.5,0.737864787372622,"2"
"4090","Cluster_4044_evm.TU.chromosome_7.1398","Cluster_4044","evm.TU.chromosome_7.1398","TP7",0,0.948683298050514,"3"
"4091","Cluster_4044_evm.TU.chromosome_7.1549","Cluster_4044","evm.TU.chromosome_7.1549","TP7",0.866025403784439,0.948683298050514,"2"
"4092","Cluster_4044_evm.TU.chromosome_7.2277","Cluster_4044","evm.TU.chromosome_7.2277","TP7",0.5,0.4,"2"
"4093","Cluster_4044_evm.TU.chromosome_7.2301","Cluster_4044","evm.TU.chromosome_7.2301","TP7",1,-0.2,"2"
"4094","Cluster_4044_evm.TU.chromosome_7.2382","Cluster_4044","evm.TU.chromosome_7.2382","TP7",1,0.948683298050514,"2"
"4095","Cluster_4044_evm.TU.chromosome_7.2383","Cluster_4044","evm.TU.chromosome_7.2383","TP7",1,0.948683298050514,"2"
"4096","Cluster_4044_evm.TU.chromosome_7.2387","Cluster_4044","evm.TU.chromosome_7.2387","TP7",1,-0.4,"2"
"4097","Cluster_4044_evm.TU.chromosome_7.601","Cluster_4044","evm.TU.chromosome_7.601","TP7",1,0.948683298050514,"2"
"4098","Cluster_4044_evm.TU.chromosome_7.62","Cluster_4044","evm.TU.chromosome_7.62","TP7",1,0.4,"2"
"4099","Cluster_4044_evm.TU.chromosome_7.759","Cluster_4044","evm.TU.chromosome_7.759","TP7",0.5,0.948683298050514,"2"
"4100","Cluster_4044_evm.TU.chromosome_8.1352","Cluster_4044","evm.TU.chromosome_8.1352","TP7",0.5,0.2,"2"
"4101","Cluster_4044_evm.TU.chromosome_8.1508","Cluster_4044","evm.TU.chromosome_8.1508","TP7",-1,0.2,"3"
"4102","Cluster_4044_evm.TU.chromosome_8.2005","Cluster_4044","evm.TU.chromosome_8.2005","TP7",1,0.737864787372622,"2"
"4103","Cluster_4044_evm.TU.chromosome_8.2535","Cluster_4044","evm.TU.chromosome_8.2535","TP7",0.5,0,"2"
"4104","Cluster_4044_evm.TU.chromosome_8.378","Cluster_4044","evm.TU.chromosome_8.378","TP7",0.5,-0.8,"2"
"4105","Cluster_4044_evm.TU.chromosome_8.410","Cluster_4044","evm.TU.chromosome_8.410","TP7",1,0.737864787372622,"2"
"4106","Cluster_4044_evm.TU.chromosome_8.660","Cluster_4044","evm.TU.chromosome_8.660","TP7",0.5,0.258198889747161,"2"
"4107","Cluster_4044_evm.TU.chromosome_8.984","Cluster_4044","evm.TU.chromosome_8.984","TP7",1,-0.4,"2"
"4108","Cluster_4044_evm.TU.chromosome_9.1325","Cluster_4044","evm.TU.chromosome_9.1325","TP7",1,0.737864787372622,"2"
"4109","Cluster_4044_evm.TU.chromosome_9.2804","Cluster_4044","evm.TU.chromosome_9.2804","TP7",0.5,0.737864787372622,"2"
"4110","Cluster_4425_evm.TU.chromosome_1.1085","Cluster_4425","evm.TU.chromosome_1.1085","TP7",-0.866025403784439,-0.737864787372622,"1"
"4111","Cluster_4425_evm.TU.chromosome_1.1165","Cluster_4425","evm.TU.chromosome_1.1165","TP7",-0.5,-0.258198889747161,"1"
"4112","Cluster_4425_evm.TU.chromosome_1.122","Cluster_4425","evm.TU.chromosome_1.122","TP7",-0.5,-0.774596669241483,"1"
"4113","Cluster_4425_evm.TU.chromosome_1.1285","Cluster_4425","evm.TU.chromosome_1.1285","TP7",0.5,-0.2,"2"
"4114","Cluster_4425_evm.TU.chromosome_1.1444","Cluster_4425","evm.TU.chromosome_1.1444","TP7",-1,-0.737864787372622,"1"
"4115","Cluster_4425_evm.TU.chromosome_1.1525","Cluster_4425","evm.TU.chromosome_1.1525","TP7",-0.5,0.2,"1"
"4116","Cluster_4425_evm.TU.chromosome_1.1725","Cluster_4425","evm.TU.chromosome_1.1725","TP7",-1,-0.737864787372622,"1"
"4117","Cluster_4425_evm.TU.chromosome_1.181","Cluster_4425","evm.TU.chromosome_1.181","TP7",0,-0.2,"1"
"4118","Cluster_4425_evm.TU.chromosome_1.1856","Cluster_4425","evm.TU.chromosome_1.1856","TP7",-0.5,0.2,"1"
"4119","Cluster_4425_evm.TU.chromosome_1.206","Cluster_4425","evm.TU.chromosome_1.206","TP7",0.5,-1,"2"
"4120","Cluster_4425_evm.TU.chromosome_1.546","Cluster_4425","evm.TU.chromosome_1.546","TP7",-1,-0.4,"1"
"4121","Cluster_4425_evm.TU.chromosome_1.680","Cluster_4425","evm.TU.chromosome_1.680","TP7",0.5,-0.948683298050514,"2"
"4122","Cluster_4425_evm.TU.chromosome_1.94","Cluster_4425","evm.TU.chromosome_1.94","TP7",-0.5,-0.2,"1"
"4123","Cluster_4425_evm.TU.chromosome_10.1318","Cluster_4425","evm.TU.chromosome_10.1318","TP7",-0.5,-0.2,"1"
"4124","Cluster_4425_evm.TU.chromosome_10.1485","Cluster_4425","evm.TU.chromosome_10.1485","TP7",0,-0.2,"1"
"4125","Cluster_4425_evm.TU.chromosome_10.1553","Cluster_4425","evm.TU.chromosome_10.1553","TP7",-1,0.8,"3"
"4126","Cluster_4425_evm.TU.chromosome_10.1864","Cluster_4425","evm.TU.chromosome_10.1864","TP7",-1,0.2,"3"
"4127","Cluster_4425_evm.TU.chromosome_10.1986","Cluster_4425","evm.TU.chromosome_10.1986","TP7",-1,-0.737864787372622,"1"
"4128","Cluster_4425_evm.TU.chromosome_10.2038","Cluster_4425","evm.TU.chromosome_10.2038","TP7",-0.866025403784439,-0.258198889747161,"1"
"4129","Cluster_4425_evm.TU.chromosome_10.2525","Cluster_4425","evm.TU.chromosome_10.2525","TP7",-1,-0.737864787372622,"1"
"4130","Cluster_4425_evm.TU.chromosome_10.2674","Cluster_4425","evm.TU.chromosome_10.2674","TP7",-1,-0.8,"1"
"4131","Cluster_4425_evm.TU.chromosome_10.2749","Cluster_4425","evm.TU.chromosome_10.2749","TP7",0.5,-0.2,"2"
"4132","Cluster_4425_evm.TU.chromosome_10.2825","Cluster_4425","evm.TU.chromosome_10.2825","TP7",-0.5,-0.258198889747161,"1"
"4133","Cluster_4425_evm.TU.chromosome_10.2843","Cluster_4425","evm.TU.chromosome_10.2843","TP7",-1,-1,"1"
"4134","Cluster_4425_evm.TU.chromosome_10.3188","Cluster_4425","evm.TU.chromosome_10.3188","TP7",-0.5,0.8,"3"
"4135","Cluster_4425_evm.TU.chromosome_10.61","Cluster_4425","evm.TU.chromosome_10.61","TP7",-0.5,-0.6,"1"
"4136","Cluster_4425_evm.TU.chromosome_10.622","Cluster_4425","evm.TU.chromosome_10.622","TP7",-1,-0.948683298050514,"1"
"4137","Cluster_4425_evm.TU.chromosome_10.771","Cluster_4425","evm.TU.chromosome_10.771","TP7",1,-0.737864787372622,"2"
"4138","Cluster_4425_evm.TU.chromosome_10.962","Cluster_4425","evm.TU.chromosome_10.962","TP7",-0.5,0.8,"3"
"4139","Cluster_4425_evm.TU.chromosome_11.1088","Cluster_4425","evm.TU.chromosome_11.1088","TP7",-1,-0.4,"1"
"4140","Cluster_4425_evm.TU.chromosome_11.1181","Cluster_4425","evm.TU.chromosome_11.1181","TP7",-1,-0.4,"1"
"4141","Cluster_4425_evm.TU.chromosome_11.1369","Cluster_4425","evm.TU.chromosome_11.1369","TP7",-0.866025403784439,0.6,"3"
"4142","Cluster_4425_evm.TU.chromosome_11.1658","Cluster_4425","evm.TU.chromosome_11.1658","TP7",0,-0.737864787372622,"2"
"4143","Cluster_4425_evm.TU.chromosome_11.1806","Cluster_4425","evm.TU.chromosome_11.1806","TP7",0,0.316227766016838,"1"
"4144","Cluster_4425_evm.TU.chromosome_11.1845","Cluster_4425","evm.TU.chromosome_11.1845","TP7",-1,-0.6,"1"
"4145","Cluster_4425_evm.TU.chromosome_11.2064","Cluster_4425","evm.TU.chromosome_11.2064","TP7",-1,0,"3"
"4146","Cluster_4425_evm.TU.chromosome_11.2492","Cluster_4425","evm.TU.chromosome_11.2492","TP7",-0.5,1,"3"
"4147","Cluster_4425_evm.TU.chromosome_11.2496","Cluster_4425","evm.TU.chromosome_11.2496","TP7",0.866025403784439,-0.258198889747161,"2"
"4148","Cluster_4425_evm.TU.chromosome_11.2656","Cluster_4425","evm.TU.chromosome_11.2656","TP7",-0.866025403784439,0.8,"3"
"4149","Cluster_4425_evm.TU.chromosome_11.2744","Cluster_4425","evm.TU.chromosome_11.2744","TP7",-0.866025403784439,-0.948683298050514,"1"
"4150","Cluster_4425_evm.TU.chromosome_11.2862","Cluster_4425","evm.TU.chromosome_11.2862","TP7",0.5,-0.4,"2"
"4151","Cluster_4425_evm.TU.chromosome_11.2866","Cluster_4425","evm.TU.chromosome_11.2866","TP7",-1,-0.948683298050514,"1"
"4152","Cluster_4425_evm.TU.chromosome_11.2869","Cluster_4425","evm.TU.chromosome_11.2869","TP7",-0.5,-1,"1"
"4153","Cluster_4425_evm.TU.chromosome_11.3070","Cluster_4425","evm.TU.chromosome_11.3070","TP7",-1,-0.737864787372622,"1"
"4154","Cluster_4425_evm.TU.chromosome_11.314","Cluster_4425","evm.TU.chromosome_11.314","TP7",0.5,-1,"2"
"4155","Cluster_4425_evm.TU.chromosome_11.324","Cluster_4425","evm.TU.chromosome_11.324","TP7",-1,-0.258198889747161,"3"
"4156","Cluster_4425_evm.TU.chromosome_11.365","Cluster_4425","evm.TU.chromosome_11.365","TP7",-1,-0.4,"1"
"4157","Cluster_4425_evm.TU.chromosome_11.530","Cluster_4425","evm.TU.chromosome_11.530","TP7",-0.5,-0.948683298050514,"1"
"4158","Cluster_4425_evm.TU.chromosome_11.572","Cluster_4425","evm.TU.chromosome_11.572","TP7",0,-0.2,"1"
"4159","Cluster_4425_evm.TU.chromosome_11.722","Cluster_4425","evm.TU.chromosome_11.722","TP7",0.5,0.8,"2"
"4160","Cluster_4425_evm.TU.chromosome_11.844","Cluster_4425","evm.TU.chromosome_11.844","TP7",-0.866025403784439,-0.258198889747161,"1"
"4161","Cluster_4425_evm.TU.chromosome_12.1144","Cluster_4425","evm.TU.chromosome_12.1144","TP7",0.5,-0.4,"2"
"4162","Cluster_4425_evm.TU.chromosome_12.1210","Cluster_4425","evm.TU.chromosome_12.1210","TP7",-0.5,-0.737864787372622,"1"
"4163","Cluster_4425_evm.TU.chromosome_12.1372","Cluster_4425","evm.TU.chromosome_12.1372","TP7",-0.5,-0.4,"1"
"4164","Cluster_4425_evm.TU.chromosome_12.1410","Cluster_4425","evm.TU.chromosome_12.1410","TP7",-0.5,0.8,"3"
"4165","Cluster_4425_evm.TU.chromosome_12.1628","Cluster_4425","evm.TU.chromosome_12.1628","TP7",-1,-0.948683298050514,"1"
"4166","Cluster_4425_evm.TU.chromosome_12.1697","Cluster_4425","evm.TU.chromosome_12.1697","TP7",-1,-0.4,"1"
"4167","Cluster_4425_evm.TU.chromosome_12.170","Cluster_4425","evm.TU.chromosome_12.170","TP7",0.5,-0.2,"2"
"4168","Cluster_4425_evm.TU.chromosome_12.1890","Cluster_4425","evm.TU.chromosome_12.1890","TP7",0,-0.948683298050514,"2"
"4169","Cluster_4425_evm.TU.chromosome_12.1939","Cluster_4425","evm.TU.chromosome_12.1939","TP7",-0.5,0.4,"3"
"4170","Cluster_4425_evm.TU.chromosome_12.1992","Cluster_4425","evm.TU.chromosome_12.1992","TP7",-0.5,-1,"1"
"4171","Cluster_4425_evm.TU.chromosome_12.2176","Cluster_4425","evm.TU.chromosome_12.2176","TP7",-0.5,-0.948683298050514,"1"
"4172","Cluster_4425_evm.TU.chromosome_12.2386","Cluster_4425","evm.TU.chromosome_12.2386","TP7",-0.5,-0.4,"1"
"4173","Cluster_4425_evm.TU.chromosome_12.2466","Cluster_4425","evm.TU.chromosome_12.2466","TP7",-1,-0.948683298050514,"1"
"4174","Cluster_4425_evm.TU.chromosome_12.2576","Cluster_4425","evm.TU.chromosome_12.2576","TP7",-0.5,0.2,"1"
"4175","Cluster_4425_evm.TU.chromosome_12.2849","Cluster_4425","evm.TU.chromosome_12.2849","TP7",-0.5,0.4,"3"
"4176","Cluster_4425_evm.TU.chromosome_12.3491","Cluster_4425","evm.TU.chromosome_12.3491","TP7",-1,-0.737864787372622,"1"
"4177","Cluster_4425_evm.TU.chromosome_12.3757","Cluster_4425","evm.TU.chromosome_12.3757","TP7",-1,0.2,"3"
"4178","Cluster_4425_evm.TU.chromosome_12.389","Cluster_4425","evm.TU.chromosome_12.389","TP7",-1,-0.948683298050514,"1"
"4179","Cluster_4425_evm.TU.chromosome_12.3938","Cluster_4425","evm.TU.chromosome_12.3938","TP7",-1,-0.8,"1"
"4180","Cluster_4425_evm.TU.chromosome_12.3939","Cluster_4425","evm.TU.chromosome_12.3939","TP7",-0.5,-0.4,"1"
"4181","Cluster_4425_evm.TU.chromosome_12.4062","Cluster_4425","evm.TU.chromosome_12.4062","TP7",1,0.4,"2"
"4182","Cluster_4425_evm.TU.chromosome_12.416","Cluster_4425","evm.TU.chromosome_12.416","TP7",-0.5,-0.2,"1"
"4183","Cluster_4425_evm.TU.chromosome_12.433","Cluster_4425","evm.TU.chromosome_12.433","TP7",-0.5,0.2,"1"
"4184","Cluster_4425_evm.TU.chromosome_12.453","Cluster_4425","evm.TU.chromosome_12.453","TP7",-0.5,-0.948683298050514,"1"
"4185","Cluster_4425_evm.TU.chromosome_12.644","Cluster_4425","evm.TU.chromosome_12.644","TP7",-0.5,-0.2,"1"
"4186","Cluster_4425_evm.TU.chromosome_12.797","Cluster_4425","evm.TU.chromosome_12.797","TP7",-1,-0.8,"1"
"4187","Cluster_4425_evm.TU.chromosome_13.1298","Cluster_4425","evm.TU.chromosome_13.1298","TP7",-0.5,-0.6,"1"
"4188","Cluster_4425_evm.TU.chromosome_13.1389","Cluster_4425","evm.TU.chromosome_13.1389","TP7",-0.5,0.2,"1"
"4189","Cluster_4425_evm.TU.chromosome_13.1494","Cluster_4425","evm.TU.chromosome_13.1494","TP7",-1,-0.258198889747161,"3"
"4190","Cluster_4425_evm.TU.chromosome_13.1590","Cluster_4425","evm.TU.chromosome_13.1590","TP7",-0.866025403784439,-0.948683298050514,"1"
"4191","Cluster_4425_evm.TU.chromosome_13.2153","Cluster_4425","evm.TU.chromosome_13.2153","TP7",-0.5,-0.8,"1"
"4192","Cluster_4425_evm.TU.chromosome_13.2190","Cluster_4425","evm.TU.chromosome_13.2190","TP7",-0.5,-0.258198889747161,"1"
"4193","Cluster_4425_evm.TU.chromosome_13.2235","Cluster_4425","evm.TU.chromosome_13.2235","TP7",-0.5,-0.948683298050514,"1"
"4194","Cluster_4425_evm.TU.chromosome_13.2485","Cluster_4425","evm.TU.chromosome_13.2485","TP7",0.5,-1,"2"
"4195","Cluster_4425_evm.TU.chromosome_13.2582","Cluster_4425","evm.TU.chromosome_13.2582","TP7",-0.5,-0.2,"1"
"4196","Cluster_4425_evm.TU.chromosome_13.2793","Cluster_4425","evm.TU.chromosome_13.2793","TP7",-1,-1,"1"
"4197","Cluster_4425_evm.TU.chromosome_13.282","Cluster_4425","evm.TU.chromosome_13.282","TP7",-1,-0.948683298050514,"1"
"4198","Cluster_4425_evm.TU.chromosome_13.285","Cluster_4425","evm.TU.chromosome_13.285","TP7",-1,0.316227766016838,"3"
"4199","Cluster_4425_evm.TU.chromosome_13.2985","Cluster_4425","evm.TU.chromosome_13.2985","TP7",-0.5,-0.2,"1"
"4200","Cluster_4425_evm.TU.chromosome_13.30","Cluster_4425","evm.TU.chromosome_13.30","TP7",-0.5,-1,"1"
"4201","Cluster_4425_evm.TU.chromosome_13.315","Cluster_4425","evm.TU.chromosome_13.315","TP7",-0.5,1,"3"
"4202","Cluster_4425_evm.TU.chromosome_13.3171","Cluster_4425","evm.TU.chromosome_13.3171","TP7",-0.5,0.2,"1"
"4203","Cluster_4425_evm.TU.chromosome_13.3599","Cluster_4425","evm.TU.chromosome_13.3599","TP7",-0.5,-0.948683298050514,"1"
"4204","Cluster_4425_evm.TU.chromosome_13.3739","Cluster_4425","evm.TU.chromosome_13.3739","TP7",-1,-0.8,"1"
"4205","Cluster_4425_evm.TU.chromosome_13.3744","Cluster_4425","evm.TU.chromosome_13.3744","TP7",-0.5,-0.737864787372622,"1"
"4206","Cluster_4425_evm.TU.chromosome_13.3759","Cluster_4425","evm.TU.chromosome_13.3759","TP7",-0.5,-0.8,"1"
"4207","Cluster_4425_evm.TU.chromosome_13.3939","Cluster_4425","evm.TU.chromosome_13.3939","TP7",0.5,0.4,"2"
"4208","Cluster_4425_evm.TU.chromosome_13.3947","Cluster_4425","evm.TU.chromosome_13.3947","TP7",0,-0.258198889747161,"1"
"4209","Cluster_4425_evm.TU.chromosome_13.4027","Cluster_4425","evm.TU.chromosome_13.4027","TP7",-0.866025403784439,-0.948683298050514,"1"
"4210","Cluster_4425_evm.TU.chromosome_13.4166","Cluster_4425","evm.TU.chromosome_13.4166","TP7",-1,-0.4,"1"
"4211","Cluster_4425_evm.TU.chromosome_13.498","Cluster_4425","evm.TU.chromosome_13.498","TP7",-1,-0.948683298050514,"1"
"4212","Cluster_4425_evm.TU.chromosome_13.517","Cluster_4425","evm.TU.chromosome_13.517","TP7",-1,-0.8,"1"
"4213","Cluster_4425_evm.TU.chromosome_13.52","Cluster_4425","evm.TU.chromosome_13.52","TP7",-0.5,0.4,"3"
"4214","Cluster_4425_evm.TU.chromosome_13.759","Cluster_4425","evm.TU.chromosome_13.759","TP7",-1,-0.258198889747161,"3"
"4215","Cluster_4425_evm.TU.chromosome_14.1291","Cluster_4425","evm.TU.chromosome_14.1291","TP7",-0.5,0.8,"3"
"4216","Cluster_4425_evm.TU.chromosome_14.1634","Cluster_4425","evm.TU.chromosome_14.1634","TP7",0,0.105409255338946,"1"
"4217","Cluster_4425_evm.TU.chromosome_14.1680","Cluster_4425","evm.TU.chromosome_14.1680","TP7",-0.5,-0.4,"1"
"4218","Cluster_4425_evm.TU.chromosome_14.1743","Cluster_4425","evm.TU.chromosome_14.1743","TP7",-0.5,0.2,"1"
"4219","Cluster_4425_evm.TU.chromosome_14.1782","Cluster_4425","evm.TU.chromosome_14.1782","TP7",1,-0.6,"2"
"4220","Cluster_4425_evm.TU.chromosome_14.2137","Cluster_4425","evm.TU.chromosome_14.2137","TP7",0.5,-0.737864787372622,"2"
"4221","Cluster_4425_evm.TU.chromosome_14.2456","Cluster_4425","evm.TU.chromosome_14.2456","TP7",0.5,-0.258198889747161,"2"
"4222","Cluster_4425_evm.TU.chromosome_14.2738","Cluster_4425","evm.TU.chromosome_14.2738","TP7",-1,0,"3"
"4223","Cluster_4425_evm.TU.chromosome_14.2788","Cluster_4425","evm.TU.chromosome_14.2788","TP7",-1,0.4,"3"
"4224","Cluster_4425_evm.TU.chromosome_14.2984","Cluster_4425","evm.TU.chromosome_14.2984","TP7",0.5,0.4,"2"
"4225","Cluster_4425_evm.TU.chromosome_14.3515","Cluster_4425","evm.TU.chromosome_14.3515","TP7",0.5,0,"2"
"4226","Cluster_4425_evm.TU.chromosome_14.3983","Cluster_4425","evm.TU.chromosome_14.3983","TP7",-0.5,0.2,"1"
"4227","Cluster_4425_evm.TU.chromosome_14.407","Cluster_4425","evm.TU.chromosome_14.407","TP7",-0.5,0.4,"3"
"4228","Cluster_4425_evm.TU.chromosome_14.4214","Cluster_4425","evm.TU.chromosome_14.4214","TP7",0.5,0.4,"2"
"4229","Cluster_4425_evm.TU.chromosome_14.4234","Cluster_4425","evm.TU.chromosome_14.4234","TP7",-0.5,-0.737864787372622,"1"
"4230","Cluster_4425_evm.TU.chromosome_14.5010","Cluster_4425","evm.TU.chromosome_14.5010","TP7",-0.5,-0.948683298050514,"1"
"4231","Cluster_4425_evm.TU.chromosome_14.5058","Cluster_4425","evm.TU.chromosome_14.5058","TP7",1,0.2,"2"
"4232","Cluster_4425_evm.TU.chromosome_14.5059","Cluster_4425","evm.TU.chromosome_14.5059","TP7",-0.5,-0.948683298050514,"1"
"4233","Cluster_4425_evm.TU.chromosome_14.5639","Cluster_4425","evm.TU.chromosome_14.5639","TP7",-0.5,-0.948683298050514,"1"
"4234","Cluster_4425_evm.TU.chromosome_14.622","Cluster_4425","evm.TU.chromosome_14.622","TP7",-0.5,0.4,"3"
"4235","Cluster_4425_evm.TU.chromosome_14.6730","Cluster_4425","evm.TU.chromosome_14.6730","TP7",-0.866025403784439,-0.948683298050514,"1"
"4236","Cluster_4425_evm.TU.chromosome_14.683","Cluster_4425","evm.TU.chromosome_14.683","TP7",-0.866025403784439,0.2,"3"
"4237","Cluster_4425_evm.TU.chromosome_14.6858","Cluster_4425","evm.TU.chromosome_14.6858","TP7",-0.5,-0.737864787372622,"1"
"4238","Cluster_4425_evm.TU.chromosome_14.7046","Cluster_4425","evm.TU.chromosome_14.7046","TP7",-1,0.2,"3"
"4239","Cluster_4425_evm.TU.chromosome_14.7334","Cluster_4425","evm.TU.chromosome_14.7334","TP7",-1,-0.8,"1"
"4240","Cluster_4425_evm.TU.chromosome_14.767","Cluster_4425","evm.TU.chromosome_14.767","TP7",0.5,0.8,"2"
"4241","Cluster_4425_evm.TU.chromosome_14.821","Cluster_4425","evm.TU.chromosome_14.821","TP7",-0.5,-0.4,"1"
"4242","Cluster_4425_evm.TU.chromosome_14.844","Cluster_4425","evm.TU.chromosome_14.844","TP7",-0.5,-0.737864787372622,"1"
"4243","Cluster_4425_evm.TU.chromosome_14.91","Cluster_4425","evm.TU.chromosome_14.91","TP7",0.5,-0.4,"2"
"4244","Cluster_4425_evm.TU.chromosome_14.910","Cluster_4425","evm.TU.chromosome_14.910","TP7",-1,0.4,"3"
"4245","Cluster_4425_evm.TU.chromosome_2.1003","Cluster_4425","evm.TU.chromosome_2.1003","TP7",-1,-0.8,"1"
"4246","Cluster_4425_evm.TU.chromosome_2.1208","Cluster_4425","evm.TU.chromosome_2.1208","TP7",-0.866025403784439,-0.2,"1"
"4247","Cluster_4425_evm.TU.chromosome_2.1328","Cluster_4425","evm.TU.chromosome_2.1328","TP7",-1,-0.737864787372622,"1"
"4248","Cluster_4425_evm.TU.chromosome_2.1559","Cluster_4425","evm.TU.chromosome_2.1559","TP7",-0.5,0,"1"
"4249","Cluster_4425_evm.TU.chromosome_2.1644","Cluster_4425","evm.TU.chromosome_2.1644","TP7",-1,-0.8,"1"
"4250","Cluster_4425_evm.TU.chromosome_2.1646","Cluster_4425","evm.TU.chromosome_2.1646","TP7",-1,0.2,"3"
"4251","Cluster_4425_evm.TU.chromosome_2.1677","Cluster_4425","evm.TU.chromosome_2.1677","TP7",-1,-0.2,"3"
"4252","Cluster_4425_evm.TU.chromosome_2.1702","Cluster_4425","evm.TU.chromosome_2.1702","TP7",0.5,-0.8,"2"
"4253","Cluster_4425_evm.TU.chromosome_2.1784","Cluster_4425","evm.TU.chromosome_2.1784","TP7",-1,-1,"1"
"4254","Cluster_4425_evm.TU.chromosome_2.1997","Cluster_4425","evm.TU.chromosome_2.1997","TP7",0.5,-0.737864787372622,"2"
"4255","Cluster_4425_evm.TU.chromosome_2.2051","Cluster_4425","evm.TU.chromosome_2.2051","TP7",-0.866025403784439,-0.8,"1"
"4256","Cluster_4425_evm.TU.chromosome_2.276","Cluster_4425","evm.TU.chromosome_2.276","TP7",-0.5,-0.737864787372622,"1"
"4257","Cluster_4425_evm.TU.chromosome_2.415","Cluster_4425","evm.TU.chromosome_2.415","TP7",-1,-0.8,"1"
"4258","Cluster_4425_evm.TU.chromosome_2.460","Cluster_4425","evm.TU.chromosome_2.460","TP7",-1,-0.948683298050514,"1"
"4259","Cluster_4425_evm.TU.chromosome_2.521","Cluster_4425","evm.TU.chromosome_2.521","TP7",0.5,0.632455532033676,"2"
"4260","Cluster_4425_evm.TU.chromosome_2.660","Cluster_4425","evm.TU.chromosome_2.660","TP7",-0.5,-0.8,"1"
"4261","Cluster_4425_evm.TU.chromosome_2.696","Cluster_4425","evm.TU.chromosome_2.696","TP7",-0.866025403784439,-0.4,"1"
"4262","Cluster_4425_evm.TU.chromosome_2.863","Cluster_4425","evm.TU.chromosome_2.863","TP7",-1,0.2,"3"
"4263","Cluster_4425_evm.TU.chromosome_2.880","Cluster_4425","evm.TU.chromosome_2.880","TP7",-1,-0.737864787372622,"1"
"4264","Cluster_4425_evm.TU.chromosome_3.1013","Cluster_4425","evm.TU.chromosome_3.1013","TP7",0,-0.737864787372622,"2"
"4265","Cluster_4425_evm.TU.chromosome_3.113","Cluster_4425","evm.TU.chromosome_3.113","TP7",-1,-0.948683298050514,"1"
"4266","Cluster_4425_evm.TU.chromosome_3.1320","Cluster_4425","evm.TU.chromosome_3.1320","TP7",-0.5,-0.2,"1"
"4267","Cluster_4425_evm.TU.chromosome_3.1463","Cluster_4425","evm.TU.chromosome_3.1463","TP7",-1,-0.948683298050514,"1"
"4268","Cluster_4425_evm.TU.chromosome_3.1503","Cluster_4425","evm.TU.chromosome_3.1503","TP7",0,-0.774596669241483,"2"
"4269","Cluster_4425_evm.TU.chromosome_3.1701","Cluster_4425","evm.TU.chromosome_3.1701","TP7",-0.5,-0.948683298050514,"1"
"4270","Cluster_4425_evm.TU.chromosome_3.1717","Cluster_4425","evm.TU.chromosome_3.1717","TP7",-1,0.6,"3"
"4271","Cluster_4425_evm.TU.chromosome_3.1719","Cluster_4425","evm.TU.chromosome_3.1719","TP7",-0.866025403784439,0.258198889747161,"3"
"4272","Cluster_4425_evm.TU.chromosome_3.1789","Cluster_4425","evm.TU.chromosome_3.1789","TP7",-1,-0.2,"3"
"4273","Cluster_4425_evm.TU.chromosome_3.1876","Cluster_4425","evm.TU.chromosome_3.1876","TP7",-0.5,-0.2,"1"
"4274","Cluster_4425_evm.TU.chromosome_3.2062","Cluster_4425","evm.TU.chromosome_3.2062","TP7",0.5,-0.4,"2"
"4275","Cluster_4425_evm.TU.chromosome_3.326","Cluster_4425","evm.TU.chromosome_3.326","TP7",-0.5,-0.737864787372622,"1"
"4276","Cluster_4425_evm.TU.chromosome_3.469","Cluster_4425","evm.TU.chromosome_3.469","TP7",-0.5,-0.948683298050514,"1"
"4277","Cluster_4425_evm.TU.chromosome_3.556","Cluster_4425","evm.TU.chromosome_3.556","TP7",-1,-0.737864787372622,"1"
"4278","Cluster_4425_evm.TU.chromosome_3.931","Cluster_4425","evm.TU.chromosome_3.931","TP7",-0.5,-0.8,"1"
"4279","Cluster_4425_evm.TU.chromosome_4.1062","Cluster_4425","evm.TU.chromosome_4.1062","TP7",-0.5,-0.737864787372622,"1"
"4280","Cluster_4425_evm.TU.chromosome_4.1136","Cluster_4425","evm.TU.chromosome_4.1136","TP7",-0.5,0,"1"
"4281","Cluster_4425_evm.TU.chromosome_4.116","Cluster_4425","evm.TU.chromosome_4.116","TP7",-1,-0.948683298050514,"1"
"4282","Cluster_4425_evm.TU.chromosome_4.1272","Cluster_4425","evm.TU.chromosome_4.1272","TP7",-1,-0.2,"3"
"4283","Cluster_4425_evm.TU.chromosome_4.1336","Cluster_4425","evm.TU.chromosome_4.1336","TP7",-1,0.632455532033676,"3"
"4284","Cluster_4425_evm.TU.chromosome_4.137","Cluster_4425","evm.TU.chromosome_4.137","TP7",-0.5,-1,"1"
"4285","Cluster_4425_evm.TU.chromosome_4.1443","Cluster_4425","evm.TU.chromosome_4.1443","TP7",-1,-0.948683298050514,"1"
"4286","Cluster_4425_evm.TU.chromosome_4.1544","Cluster_4425","evm.TU.chromosome_4.1544","TP7",0.5,-0.737864787372622,"2"
"4287","Cluster_4425_evm.TU.chromosome_4.1713","Cluster_4425","evm.TU.chromosome_4.1713","TP7",-0.5,-0.4,"1"
"4288","Cluster_4425_evm.TU.chromosome_4.491","Cluster_4425","evm.TU.chromosome_4.491","TP7",-0.5,0.4,"3"
"4289","Cluster_4425_evm.TU.chromosome_4.693","Cluster_4425","evm.TU.chromosome_4.693","TP7",-1,0.8,"3"
"4290","Cluster_4425_evm.TU.chromosome_4.855_evm.TU.chromosome_4.856","Cluster_4425","evm.TU.chromosome_4.855_evm.TU.chromosome_4.856","TP7",0,0.316227766016838,"1"
"4291","Cluster_4425_evm.TU.chromosome_4.858","Cluster_4425","evm.TU.chromosome_4.858","TP7",0,0.4,"1"
"4292","Cluster_4425_evm.TU.chromosome_5.1001","Cluster_4425","evm.TU.chromosome_5.1001","TP7",0,-0.737864787372622,"2"
"4293","Cluster_4425_evm.TU.chromosome_5.1085","Cluster_4425","evm.TU.chromosome_5.1085","TP7",0,0.774596669241483,"1"
"4294","Cluster_4425_evm.TU.chromosome_5.1215","Cluster_4425","evm.TU.chromosome_5.1215","TP7",-0.866025403784439,-0.774596669241483,"1"
"4295","Cluster_4425_evm.TU.chromosome_5.1499","Cluster_4425","evm.TU.chromosome_5.1499","TP7",-0.5,-0.737864787372622,"1"
"4296","Cluster_4425_evm.TU.chromosome_5.1511","Cluster_4425","evm.TU.chromosome_5.1511","TP7",-1,0.4,"3"
"4297","Cluster_4425_evm.TU.chromosome_5.1992","Cluster_4425","evm.TU.chromosome_5.1992","TP7",-0.5,-0.8,"1"
"4298","Cluster_4425_evm.TU.chromosome_5.2065","Cluster_4425","evm.TU.chromosome_5.2065","TP7",-0.5,0.2,"1"
"4299","Cluster_4425_evm.TU.chromosome_5.2572","Cluster_4425","evm.TU.chromosome_5.2572","TP7",0,-0.774596669241483,"2"
"4300","Cluster_4425_evm.TU.chromosome_5.301","Cluster_4425","evm.TU.chromosome_5.301","TP7",-0.5,0.632455532033676,"3"
"4301","Cluster_4425_evm.TU.chromosome_5.45","Cluster_4425","evm.TU.chromosome_5.45","TP7",-0.5,0.4,"3"
"4302","Cluster_4425_evm.TU.chromosome_5.591","Cluster_4425","evm.TU.chromosome_5.591","TP7",1,-0.258198889747161,"2"
"4303","Cluster_4425_evm.TU.chromosome_5.91","Cluster_4425","evm.TU.chromosome_5.91","TP7",-0.866025403784439,-0.737864787372622,"1"
"4304","Cluster_4425_evm.TU.chromosome_5.982","Cluster_4425","evm.TU.chromosome_5.982","TP7",-0.5,-0.948683298050514,"1"
"4305","Cluster_4425_evm.TU.chromosome_6.1207","Cluster_4425","evm.TU.chromosome_6.1207","TP7",-0.5,0.8,"3"
"4306","Cluster_4425_evm.TU.chromosome_6.1219","Cluster_4425","evm.TU.chromosome_6.1219","TP7",-1,-0.8,"1"
"4307","Cluster_4425_evm.TU.chromosome_6.1309","Cluster_4425","evm.TU.chromosome_6.1309","TP7",1,-0.948683298050514,"2"
"4308","Cluster_4425_evm.TU.chromosome_6.1317","Cluster_4425","evm.TU.chromosome_6.1317","TP7",-1,-0.737864787372622,"1"
"4309","Cluster_4425_evm.TU.chromosome_6.1719","Cluster_4425","evm.TU.chromosome_6.1719","TP7",0,-0.737864787372622,"2"
"4310","Cluster_4425_evm.TU.chromosome_6.1805","Cluster_4425","evm.TU.chromosome_6.1805","TP7",-0.866025403784439,-0.737864787372622,"1"
"4311","Cluster_4425_evm.TU.chromosome_6.1943","Cluster_4425","evm.TU.chromosome_6.1943","TP7",-1,0.2,"3"
"4312","Cluster_4425_evm.TU.chromosome_6.2000","Cluster_4425","evm.TU.chromosome_6.2000","TP7",0.5,0.4,"2"
"4313","Cluster_4425_evm.TU.chromosome_6.2207","Cluster_4425","evm.TU.chromosome_6.2207","TP7",-1,-0.737864787372622,"1"
"4314","Cluster_4425_evm.TU.chromosome_6.2331","Cluster_4425","evm.TU.chromosome_6.2331","TP7",1,0.4,"2"
"4315","Cluster_4425_evm.TU.chromosome_6.453","Cluster_4425","evm.TU.chromosome_6.453","TP7",-0.866025403784439,-0.737864787372622,"1"
"4316","Cluster_4425_evm.TU.chromosome_6.559","Cluster_4425","evm.TU.chromosome_6.559","TP7",-0.5,-0.948683298050514,"1"
"4317","Cluster_4425_evm.TU.chromosome_6.710","Cluster_4425","evm.TU.chromosome_6.710","TP7",-1,-0.4,"1"
"4318","Cluster_4425_evm.TU.chromosome_6.746","Cluster_4425","evm.TU.chromosome_6.746","TP7",-0.5,-0.4,"1"
"4319","Cluster_4425_evm.TU.chromosome_6.757","Cluster_4425","evm.TU.chromosome_6.757","TP7",-0.866025403784439,-0.948683298050514,"1"
"4320","Cluster_4425_evm.TU.chromosome_6.843","Cluster_4425","evm.TU.chromosome_6.843","TP7",1,1,"2"
"4321","Cluster_4425_evm.TU.chromosome_6.920","Cluster_4425","evm.TU.chromosome_6.920","TP7",-1,-0.8,"1"
"4322","Cluster_4425_evm.TU.chromosome_7.1035","Cluster_4425","evm.TU.chromosome_7.1035","TP7",-1,-0.4,"1"
"4323","Cluster_4425_evm.TU.chromosome_7.1118","Cluster_4425","evm.TU.chromosome_7.1118","TP7",-1,0.316227766016838,"3"
"4324","Cluster_4425_evm.TU.chromosome_7.1224","Cluster_4425","evm.TU.chromosome_7.1224","TP7",-1,-0.774596669241483,"1"
"4325","Cluster_4425_evm.TU.chromosome_7.1392","Cluster_4425","evm.TU.chromosome_7.1392","TP7",-0.5,-0.4,"1"
"4326","Cluster_4425_evm.TU.chromosome_7.1661","Cluster_4425","evm.TU.chromosome_7.1661","TP7",0,-0.258198889747161,"1"
"4327","Cluster_4425_evm.TU.chromosome_7.1909","Cluster_4425","evm.TU.chromosome_7.1909","TP7",-1,-0.258198889747161,"3"
"4328","Cluster_4425_evm.TU.chromosome_7.1963","Cluster_4425","evm.TU.chromosome_7.1963","TP7",-1,-0.2,"3"
"4329","Cluster_4425_evm.TU.chromosome_7.2140","Cluster_4425","evm.TU.chromosome_7.2140","TP7",0,0.632455532033676,"1"
"4330","Cluster_4425_evm.TU.chromosome_7.2141","Cluster_4425","evm.TU.chromosome_7.2141","TP7",0,0.4,"1"
"4331","Cluster_4425_evm.TU.chromosome_7.2144","Cluster_4425","evm.TU.chromosome_7.2144","TP7",-0.5,0.4,"3"
"4332","Cluster_4425_evm.TU.chromosome_7.2368","Cluster_4425","evm.TU.chromosome_7.2368","TP7",1,-0.737864787372622,"2"
"4333","Cluster_4425_evm.TU.chromosome_7.2397","Cluster_4425","evm.TU.chromosome_7.2397","TP7",0.5,-0.4,"2"
"4334","Cluster_4425_evm.TU.chromosome_7.2530","Cluster_4425","evm.TU.chromosome_7.2530","TP7",-1,-0.948683298050514,"1"
"4335","Cluster_4425_evm.TU.chromosome_7.2785","Cluster_4425","evm.TU.chromosome_7.2785","TP7",0.5,-0.2,"2"
"4336","Cluster_4425_evm.TU.chromosome_7.496","Cluster_4425","evm.TU.chromosome_7.496","TP7",1,0.4,"2"
"4337","Cluster_4425_evm.TU.chromosome_7.571","Cluster_4425","evm.TU.chromosome_7.571","TP7",0,-0.258198889747161,"1"
"4338","Cluster_4425_evm.TU.chromosome_7.657","Cluster_4425","evm.TU.chromosome_7.657","TP7",-1,-0.4,"1"
"4339","Cluster_4425_evm.TU.chromosome_7.81","Cluster_4425","evm.TU.chromosome_7.81","TP7",-1,-0.737864787372622,"1"
"4340","Cluster_4425_evm.TU.chromosome_8.1011","Cluster_4425","evm.TU.chromosome_8.1011","TP7",-1,-0.737864787372622,"1"
"4341","Cluster_4425_evm.TU.chromosome_8.1380","Cluster_4425","evm.TU.chromosome_8.1380","TP7",-0.5,-0.948683298050514,"1"
"4342","Cluster_4425_evm.TU.chromosome_8.1491","Cluster_4425","evm.TU.chromosome_8.1491","TP7",-0.5,-0.774596669241483,"1"
"4343","Cluster_4425_evm.TU.chromosome_8.1852","Cluster_4425","evm.TU.chromosome_8.1852","TP7",1,-0.948683298050514,"2"
"4344","Cluster_4425_evm.TU.chromosome_8.1929","Cluster_4425","evm.TU.chromosome_8.1929","TP7",-0.5,-0.6,"1"
"4345","Cluster_4425_evm.TU.chromosome_8.2246","Cluster_4425","evm.TU.chromosome_8.2246","TP7",-1,0.2,"3"
"4346","Cluster_4425_evm.TU.chromosome_8.2432","Cluster_4425","evm.TU.chromosome_8.2432","TP7",-1,-0.8,"1"
"4347","Cluster_4425_evm.TU.chromosome_8.2502","Cluster_4425","evm.TU.chromosome_8.2502","TP7",0.5,-0.948683298050514,"2"
"4348","Cluster_4425_evm.TU.chromosome_8.2655","Cluster_4425","evm.TU.chromosome_8.2655","TP7",-0.5,-0.8,"1"
"4349","Cluster_4425_evm.TU.chromosome_8.334","Cluster_4425","evm.TU.chromosome_8.334","TP7",0,0.774596669241483,"1"
"4350","Cluster_4425_evm.TU.chromosome_8.35","Cluster_4425","evm.TU.chromosome_8.35","TP7",0,-0.774596669241483,"2"
"4351","Cluster_4425_evm.TU.chromosome_8.382","Cluster_4425","evm.TU.chromosome_8.382","TP7",-0.5,-1,"1"
"4352","Cluster_4425_evm.TU.chromosome_8.40","Cluster_4425","evm.TU.chromosome_8.40","TP7",0.5,0.2,"2"
"4353","Cluster_4425_evm.TU.chromosome_8.408","Cluster_4425","evm.TU.chromosome_8.408","TP7",-0.5,0.4,"3"
"4354","Cluster_4425_evm.TU.chromosome_8.410","Cluster_4425","evm.TU.chromosome_8.410","TP7",-0.5,-0.737864787372622,"1"
"4355","Cluster_4425_evm.TU.chromosome_8.599","Cluster_4425","evm.TU.chromosome_8.599","TP7",-0.866025403784439,-0.4,"1"
"4356","Cluster_4425_evm.TU.chromosome_8.613","Cluster_4425","evm.TU.chromosome_8.613","TP7",-0.866025403784439,0.6,"3"
"4357","Cluster_4425_evm.TU.chromosome_8.660","Cluster_4425","evm.TU.chromosome_8.660","TP7",-1,-0.258198889747161,"3"
"4358","Cluster_4425_evm.TU.chromosome_8.814","Cluster_4425","evm.TU.chromosome_8.814","TP7",-0.866025403784439,-0.774596669241483,"1"
"4359","Cluster_4425_evm.TU.chromosome_8.971","Cluster_4425","evm.TU.chromosome_8.971","TP7",-0.5,0.8,"3"
"4360","Cluster_4425_evm.TU.chromosome_9.1153","Cluster_4425","evm.TU.chromosome_9.1153","TP7",0.5,-0.4,"2"
"4361","Cluster_4425_evm.TU.chromosome_9.1173","Cluster_4425","evm.TU.chromosome_9.1173","TP7",-0.5,-0.948683298050514,"1"
"4362","Cluster_4425_evm.TU.chromosome_9.1402","Cluster_4425","evm.TU.chromosome_9.1402","TP7",0.5,-0.8,"2"
"4363","Cluster_4425_evm.TU.chromosome_9.1440","Cluster_4425","evm.TU.chromosome_9.1440","TP7",-0.5,-1,"1"
"4364","Cluster_4425_evm.TU.chromosome_9.1524","Cluster_4425","evm.TU.chromosome_9.1524","TP7",1,-0.948683298050514,"2"
"4365","Cluster_4425_evm.TU.chromosome_9.1673","Cluster_4425","evm.TU.chromosome_9.1673","TP7",-1,-0.4,"1"
"4366","Cluster_4425_evm.TU.chromosome_9.1801","Cluster_4425","evm.TU.chromosome_9.1801","TP7",-0.5,-0.4,"1"
"4367","Cluster_4425_evm.TU.chromosome_9.1872","Cluster_4425","evm.TU.chromosome_9.1872","TP7",-1,-0.737864787372622,"1"
"4368","Cluster_4425_evm.TU.chromosome_9.2287","Cluster_4425","evm.TU.chromosome_9.2287","TP7",-1,0.8,"3"
"4369","Cluster_4425_evm.TU.chromosome_9.2395","Cluster_4425","evm.TU.chromosome_9.2395","TP7",0,-0.737864787372622,"2"
"4370","Cluster_4425_evm.TU.chromosome_9.2402","Cluster_4425","evm.TU.chromosome_9.2402","TP7",-0.866025403784439,-0.258198889747161,"1"
"4371","Cluster_4425_evm.TU.chromosome_9.2586","Cluster_4425","evm.TU.chromosome_9.2586","TP7",-0.5,-0.2,"1"
"4372","Cluster_4425_evm.TU.chromosome_9.2666","Cluster_4425","evm.TU.chromosome_9.2666","TP7",-0.5,0.4,"3"
"4373","Cluster_4425_evm.TU.chromosome_9.272","Cluster_4425","evm.TU.chromosome_9.272","TP7",-0.5,-0.210818510677892,"1"
"4374","Cluster_4425_evm.TU.chromosome_9.2827","Cluster_4425","evm.TU.chromosome_9.2827","TP7",-1,0.4,"3"
"4375","Cluster_4425_evm.TU.chromosome_9.2867","Cluster_4425","evm.TU.chromosome_9.2867","TP7",-1,-0.8,"1"
"4376","Cluster_4425_evm.TU.chromosome_9.305","Cluster_4425","evm.TU.chromosome_9.305","TP7",-0.5,-0.4,"1"
"4377","Cluster_4425_evm.TU.chromosome_9.307","Cluster_4425","evm.TU.chromosome_9.307","TP7",-0.5,-0.737864787372622,"1"
"4378","Cluster_4425_evm.TU.chromosome_9.560","Cluster_4425","evm.TU.chromosome_9.560","TP7",-1,0.6,"3"
"4379","Cluster_4425_evm.TU.chromosome_9.787","Cluster_4425","evm.TU.chromosome_9.787","TP7",-0.866025403784439,-0.737864787372622,"1"
"4380","Cluster_4425_evm.TU.chromosome_9.877","Cluster_4425","evm.TU.chromosome_9.877","TP7",-1,-0.2,"3"
"4381","Cluster_4425_evm.TU.chromosome_9.956","Cluster_4425","evm.TU.chromosome_9.956","TP7",-0.5,-0.737864787372622,"1"
"4382","Cluster_449_evm.TU.chromosome_1.423","Cluster_449","evm.TU.chromosome_1.423","TP7",-0.5,-0.316227766016838,"1"
"4383","Cluster_449_evm.TU.chromosome_1.624","Cluster_449","evm.TU.chromosome_1.624","TP7",0,-0.2,"1"
"4384","Cluster_449_evm.TU.chromosome_11.1708","Cluster_449","evm.TU.chromosome_11.1708","TP7",0.866025403784439,0.774596669241483,"2"
"4385","Cluster_449_evm.TU.chromosome_11.1711","Cluster_449","evm.TU.chromosome_11.1711","TP7",0.5,-0.316227766016838,"2"
"4386","Cluster_449_evm.TU.chromosome_11.2007","Cluster_449","evm.TU.chromosome_11.2007","TP7",0.5,-0.316227766016838,"2"
"4387","Cluster_449_evm.TU.chromosome_11.256","Cluster_449","evm.TU.chromosome_11.256","TP7",0.5,0,"2"
"4388","Cluster_449_evm.TU.chromosome_12.2474","Cluster_449","evm.TU.chromosome_12.2474","TP7",0.5,-0.316227766016838,"2"
"4389","Cluster_449_evm.TU.chromosome_12.3298","Cluster_449","evm.TU.chromosome_12.3298","TP7",-0.866025403784439,-0.8,"1"
"4390","Cluster_449_evm.TU.chromosome_12.920","Cluster_449","evm.TU.chromosome_12.920","TP7",0.866025403784439,0.774596669241483,"2"
"4391","Cluster_449_evm.TU.chromosome_13.2157","Cluster_449","evm.TU.chromosome_13.2157","TP7",-0.5,0.316227766016838,"3"
"4392","Cluster_449_evm.TU.chromosome_13.2216","Cluster_449","evm.TU.chromosome_13.2216","TP7",0.5,0.4,"2"
"4393","Cluster_449_evm.TU.chromosome_13.303","Cluster_449","evm.TU.chromosome_13.303","TP7",-0.5,-0.316227766016838,"1"
"4394","Cluster_449_evm.TU.chromosome_14.6796","Cluster_449","evm.TU.chromosome_14.6796","TP7",-0.5,0.316227766016838,"3"
"4395","Cluster_449_evm.TU.chromosome_2.1908","Cluster_449","evm.TU.chromosome_2.1908","TP7",0.5,0.4,"2"
"4396","Cluster_449_evm.TU.chromosome_6.1381","Cluster_449","evm.TU.chromosome_6.1381","TP7",-0.5,0.316227766016838,"3"
"4397","Cluster_449_evm.TU.chromosome_6.1911","Cluster_449","evm.TU.chromosome_6.1911","TP7",0.5,0,"2"
"4398","Cluster_4640_evm.TU.chromosome_1.1339","Cluster_4640","evm.TU.chromosome_1.1339","TP7",-0.5,-0.4,"1"
"4399","Cluster_4640_evm.TU.chromosome_1.1716","Cluster_4640","evm.TU.chromosome_1.1716","TP7",-1,1,"3"
"4400","Cluster_4640_evm.TU.chromosome_1.1833","Cluster_4640","evm.TU.chromosome_1.1833","TP7",0.5,-0.2,"2"
"4401","Cluster_4640_evm.TU.chromosome_1.1841","Cluster_4640","evm.TU.chromosome_1.1841","TP7",-1,-0.6,"1"
"4402","Cluster_4640_evm.TU.chromosome_1.322","Cluster_4640","evm.TU.chromosome_1.322","TP7",-1,1,"3"
"4403","Cluster_4640_evm.TU.chromosome_1.889","Cluster_4640","evm.TU.chromosome_1.889","TP7",1,0,"2"
"4404","Cluster_4640_evm.TU.chromosome_10.1223","Cluster_4640","evm.TU.chromosome_10.1223","TP7",0.5,-0.8,"2"
"4405","Cluster_4640_evm.TU.chromosome_10.1295","Cluster_4640","evm.TU.chromosome_10.1295","TP7",-1,-0.4,"1"
"4406","Cluster_4640_evm.TU.chromosome_10.1573","Cluster_4640","evm.TU.chromosome_10.1573","TP7",0.5,-0.737864787372622,"2"
"4407","Cluster_4640_evm.TU.chromosome_10.1893","Cluster_4640","evm.TU.chromosome_10.1893","TP7",0,-0.948683298050514,"2"
"4408","Cluster_4640_evm.TU.chromosome_10.2012","Cluster_4640","evm.TU.chromosome_10.2012","TP7",-1,-0.948683298050514,"1"
"4409","Cluster_4640_evm.TU.chromosome_10.2037","Cluster_4640","evm.TU.chromosome_10.2037","TP7",-1,-0.8,"1"
"4410","Cluster_4640_evm.TU.chromosome_10.2038","Cluster_4640","evm.TU.chromosome_10.2038","TP7",-0.866025403784439,-0.774596669241483,"1"
"4411","Cluster_4640_evm.TU.chromosome_10.2184","Cluster_4640","evm.TU.chromosome_10.2184","TP7",-0.866025403784439,-0.2,"1"
"4412","Cluster_4640_evm.TU.chromosome_10.2371","Cluster_4640","evm.TU.chromosome_10.2371","TP7",-1,-0.737864787372622,"1"
"4413","Cluster_4640_evm.TU.chromosome_10.2449","Cluster_4640","evm.TU.chromosome_10.2449","TP7",-0.5,-0.6,"1"
"4414","Cluster_4640_evm.TU.chromosome_10.2896","Cluster_4640","evm.TU.chromosome_10.2896","TP7",-0.5,-0.948683298050514,"1"
"4415","Cluster_4640_evm.TU.chromosome_10.2997","Cluster_4640","evm.TU.chromosome_10.2997","TP7",-1,-0.737864787372622,"1"
"4416","Cluster_4640_evm.TU.chromosome_10.3208","Cluster_4640","evm.TU.chromosome_10.3208","TP7",-0.5,0.8,"3"
"4417","Cluster_4640_evm.TU.chromosome_10.3226","Cluster_4640","evm.TU.chromosome_10.3226","TP7",-0.5,-1,"1"
"4418","Cluster_4640_evm.TU.chromosome_10.459","Cluster_4640","evm.TU.chromosome_10.459","TP7",-0.866025403784439,-0.4,"1"
"4419","Cluster_4640_evm.TU.chromosome_10.779","Cluster_4640","evm.TU.chromosome_10.779","TP7",-0.5,0.2,"1"
"4420","Cluster_4640_evm.TU.chromosome_10.780","Cluster_4640","evm.TU.chromosome_10.780","TP7",-0.5,-0.737864787372622,"1"
"4421","Cluster_4640_evm.TU.chromosome_11.1232","Cluster_4640","evm.TU.chromosome_11.1232","TP7",-1,0.2,"3"
"4422","Cluster_4640_evm.TU.chromosome_11.1470","Cluster_4640","evm.TU.chromosome_11.1470","TP7",-1,-0.774596669241483,"1"
"4423","Cluster_4640_evm.TU.chromosome_11.2861","Cluster_4640","evm.TU.chromosome_11.2861","TP7",-0.5,-1,"1"
"4424","Cluster_4640_evm.TU.chromosome_11.39","Cluster_4640","evm.TU.chromosome_11.39","TP7",-0.5,0.4,"3"
"4425","Cluster_4640_evm.TU.chromosome_11.415","Cluster_4640","evm.TU.chromosome_11.415","TP7",1,0.4,"2"
"4426","Cluster_4640_evm.TU.chromosome_11.430","Cluster_4640","evm.TU.chromosome_11.430","TP7",1,0.2,"2"
"4427","Cluster_4640_evm.TU.chromosome_11.605","Cluster_4640","evm.TU.chromosome_11.605","TP7",0,-0.258198889747161,"1"
"4428","Cluster_4640_evm.TU.chromosome_11.640","Cluster_4640","evm.TU.chromosome_11.640","TP7",-1,-0.948683298050514,"1"
"4429","Cluster_4640_evm.TU.chromosome_11.9","Cluster_4640","evm.TU.chromosome_11.9","TP7",-1,-0.948683298050514,"1"
"4430","Cluster_4640_evm.TU.chromosome_12.1582","Cluster_4640","evm.TU.chromosome_12.1582","TP7",-1,-0.4,"1"
"4431","Cluster_4640_evm.TU.chromosome_12.2094","Cluster_4640","evm.TU.chromosome_12.2094","TP7",0.866025403784439,-0.737864787372622,"2"
"4432","Cluster_4640_evm.TU.chromosome_12.2124","Cluster_4640","evm.TU.chromosome_12.2124","TP7",0.5,-0.258198889747161,"2"
"4433","Cluster_4640_evm.TU.chromosome_12.2148","Cluster_4640","evm.TU.chromosome_12.2148","TP7",-0.5,-0.737864787372622,"1"
"4434","Cluster_4640_evm.TU.chromosome_12.2156","Cluster_4640","evm.TU.chromosome_12.2156","TP7",-0.5,-0.737864787372622,"1"
"4435","Cluster_4640_evm.TU.chromosome_12.2157","Cluster_4640","evm.TU.chromosome_12.2157","TP7",-0.5,-0.948683298050514,"1"
"4436","Cluster_4640_evm.TU.chromosome_12.2389","Cluster_4640","evm.TU.chromosome_12.2389","TP7",-1,-0.737864787372622,"1"
"4437","Cluster_4640_evm.TU.chromosome_12.241","Cluster_4640","evm.TU.chromosome_12.241","TP7",-1,-0.948683298050514,"1"
"4438","Cluster_4640_evm.TU.chromosome_12.2795","Cluster_4640","evm.TU.chromosome_12.2795","TP7",-0.5,-0.6,"1"
"4439","Cluster_4640_evm.TU.chromosome_12.3633","Cluster_4640","evm.TU.chromosome_12.3633","TP7",-1,0.4,"3"
"4440","Cluster_4640_evm.TU.chromosome_12.3924","Cluster_4640","evm.TU.chromosome_12.3924","TP7",0,-0.258198889747161,"1"
"4441","Cluster_4640_evm.TU.chromosome_12.474","Cluster_4640","evm.TU.chromosome_12.474","TP7",-1,-0.4,"1"
"4442","Cluster_4640_evm.TU.chromosome_12.979","Cluster_4640","evm.TU.chromosome_12.979","TP7",-0.5,-1,"1"
"4443","Cluster_4640_evm.TU.chromosome_13.1690","Cluster_4640","evm.TU.chromosome_13.1690","TP7",0.5,-0.774596669241483,"2"
"4444","Cluster_4640_evm.TU.chromosome_13.1834","Cluster_4640","evm.TU.chromosome_13.1834","TP7",-1,0.4,"3"
"4445","Cluster_4640_evm.TU.chromosome_13.1956","Cluster_4640","evm.TU.chromosome_13.1956","TP7",-1,-0.4,"1"
"4446","Cluster_4640_evm.TU.chromosome_13.2022","Cluster_4640","evm.TU.chromosome_13.2022","TP7",-0.5,0,"1"
"4447","Cluster_4640_evm.TU.chromosome_13.203","Cluster_4640","evm.TU.chromosome_13.203","TP7",-1,-0.4,"1"
"4448","Cluster_4640_evm.TU.chromosome_13.2079","Cluster_4640","evm.TU.chromosome_13.2079","TP7",-0.5,-0.948683298050514,"1"
"4449","Cluster_4640_evm.TU.chromosome_13.2119","Cluster_4640","evm.TU.chromosome_13.2119","TP7",0.5,-0.8,"2"
"4450","Cluster_4640_evm.TU.chromosome_13.2147","Cluster_4640","evm.TU.chromosome_13.2147","TP7",0,-0.4,"2"
"4451","Cluster_4640_evm.TU.chromosome_13.2225","Cluster_4640","evm.TU.chromosome_13.2225","TP7",-1,-0.737864787372622,"1"
"4452","Cluster_4640_evm.TU.chromosome_13.2237","Cluster_4640","evm.TU.chromosome_13.2237","TP7",-1,0.4,"3"
"4453","Cluster_4640_evm.TU.chromosome_13.2719","Cluster_4640","evm.TU.chromosome_13.2719","TP7",-0.5,1,"3"
"4454","Cluster_4640_evm.TU.chromosome_13.3","Cluster_4640","evm.TU.chromosome_13.3","TP7",-1,-0.948683298050514,"1"
"4455","Cluster_4640_evm.TU.chromosome_13.3453","Cluster_4640","evm.TU.chromosome_13.3453","TP7",-0.5,0.4,"3"
"4456","Cluster_4640_evm.TU.chromosome_13.3551","Cluster_4640","evm.TU.chromosome_13.3551","TP7",0,-0.774596669241483,"2"
"4457","Cluster_4640_evm.TU.chromosome_13.524","Cluster_4640","evm.TU.chromosome_13.524","TP7",-1,0.4,"3"
"4458","Cluster_4640_evm.TU.chromosome_13.615","Cluster_4640","evm.TU.chromosome_13.615","TP7",-0.5,1,"3"
"4459","Cluster_4640_evm.TU.chromosome_13.87","Cluster_4640","evm.TU.chromosome_13.87","TP7",-0.5,-0.8,"1"
"4460","Cluster_4640_evm.TU.chromosome_13.94","Cluster_4640","evm.TU.chromosome_13.94","TP7",-0.5,-0.2,"1"
"4461","Cluster_4640_evm.TU.chromosome_14.1291","Cluster_4640","evm.TU.chromosome_14.1291","TP7",-0.5,1,"3"
"4462","Cluster_4640_evm.TU.chromosome_14.1304","Cluster_4640","evm.TU.chromosome_14.1304","TP7",-1,-0.4,"1"
"4463","Cluster_4640_evm.TU.chromosome_14.1586","Cluster_4640","evm.TU.chromosome_14.1586","TP7",-0.5,-0.737864787372622,"1"
"4464","Cluster_4640_evm.TU.chromosome_14.1733","Cluster_4640","evm.TU.chromosome_14.1733","TP7",1,-0.8,"2"
"4465","Cluster_4640_evm.TU.chromosome_14.2948","Cluster_4640","evm.TU.chromosome_14.2948","TP7",-0.5,0.2,"1"
"4466","Cluster_4640_evm.TU.chromosome_14.4761","Cluster_4640","evm.TU.chromosome_14.4761","TP7",-1,-1,"1"
"4467","Cluster_4640_evm.TU.chromosome_14.4765","Cluster_4640","evm.TU.chromosome_14.4765","TP7",-0.5,-0.737864787372622,"1"
"4468","Cluster_4640_evm.TU.chromosome_14.5119","Cluster_4640","evm.TU.chromosome_14.5119","TP7",-0.5,-0.737864787372622,"1"
"4469","Cluster_4640_evm.TU.chromosome_14.5211","Cluster_4640","evm.TU.chromosome_14.5211","TP7",-0.5,-0.948683298050514,"1"
"4470","Cluster_4640_evm.TU.chromosome_14.5362","Cluster_4640","evm.TU.chromosome_14.5362","TP7",1,-0.2,"2"
"4471","Cluster_4640_evm.TU.chromosome_14.5363","Cluster_4640","evm.TU.chromosome_14.5363","TP7",-0.866025403784439,-0.258198889747161,"1"
"4472","Cluster_4640_evm.TU.chromosome_14.5364","Cluster_4640","evm.TU.chromosome_14.5364","TP7",-1,-0.948683298050514,"1"
"4473","Cluster_4640_evm.TU.chromosome_14.5395","Cluster_4640","evm.TU.chromosome_14.5395","TP7",0,-0.737864787372622,"2"
"4474","Cluster_4640_evm.TU.chromosome_14.5403","Cluster_4640","evm.TU.chromosome_14.5403","TP7",-1,-0.4,"1"
"4475","Cluster_4640_evm.TU.chromosome_14.5993","Cluster_4640","evm.TU.chromosome_14.5993","TP7",-1,0.316227766016838,"3"
"4476","Cluster_4640_evm.TU.chromosome_14.6176","Cluster_4640","evm.TU.chromosome_14.6176","TP7",-0.5,-0.2,"1"
"4477","Cluster_4640_evm.TU.chromosome_14.6177","Cluster_4640","evm.TU.chromosome_14.6177","TP7",-1,-0.2,"3"
"4478","Cluster_4640_evm.TU.chromosome_14.6215","Cluster_4640","evm.TU.chromosome_14.6215","TP7",-0.5,-0.948683298050514,"1"
"4479","Cluster_4640_evm.TU.chromosome_14.6281","Cluster_4640","evm.TU.chromosome_14.6281","TP7",-0.866025403784439,0.8,"3"
"4480","Cluster_4640_evm.TU.chromosome_14.6359","Cluster_4640","evm.TU.chromosome_14.6359","TP7",-1,-0.2,"3"
"4481","Cluster_4640_evm.TU.chromosome_14.6584","Cluster_4640","evm.TU.chromosome_14.6584","TP7",-1,0.4,"3"
"4482","Cluster_4640_evm.TU.chromosome_14.6763","Cluster_4640","evm.TU.chromosome_14.6763","TP7",-1,-0.4,"1"
"4483","Cluster_4640_evm.TU.chromosome_14.7191","Cluster_4640","evm.TU.chromosome_14.7191","TP7",0,-0.4,"2"
"4484","Cluster_4640_evm.TU.chromosome_14.813","Cluster_4640","evm.TU.chromosome_14.813","TP7",0.5,0.8,"2"
"4485","Cluster_4640_evm.TU.chromosome_14.92","Cluster_4640","evm.TU.chromosome_14.92","TP7",-1,-0.632455532033676,"1"
"4486","Cluster_4640_evm.TU.chromosome_2.1041","Cluster_4640","evm.TU.chromosome_2.1041","TP7",-0.5,-0.258198889747161,"1"
"4487","Cluster_4640_evm.TU.chromosome_2.1224","Cluster_4640","evm.TU.chromosome_2.1224","TP7",0.5,-0.774596669241483,"2"
"4488","Cluster_4640_evm.TU.chromosome_2.1301","Cluster_4640","evm.TU.chromosome_2.1301","TP7",1,-0.2,"2"
"4489","Cluster_4640_evm.TU.chromosome_2.197","Cluster_4640","evm.TU.chromosome_2.197","TP7",-0.5,-0.2,"1"
"4490","Cluster_4640_evm.TU.chromosome_2.2028","Cluster_4640","evm.TU.chromosome_2.2028","TP7",-0.5,-0.8,"1"
"4491","Cluster_4640_evm.TU.chromosome_2.210","Cluster_4640","evm.TU.chromosome_2.210","TP7",-0.5,0,"1"
"4492","Cluster_4640_evm.TU.chromosome_2.457","Cluster_4640","evm.TU.chromosome_2.457","TP7",0,-0.737864787372622,"2"
"4493","Cluster_4640_evm.TU.chromosome_2.709","Cluster_4640","evm.TU.chromosome_2.709","TP7",-0.5,-0.6,"1"
"4494","Cluster_4640_evm.TU.chromosome_3.1060","Cluster_4640","evm.TU.chromosome_3.1060","TP7",-1,-0.8,"1"
"4495","Cluster_4640_evm.TU.chromosome_3.1392","Cluster_4640","evm.TU.chromosome_3.1392","TP7",0.5,-1,"2"
"4496","Cluster_4640_evm.TU.chromosome_3.1763","Cluster_4640","evm.TU.chromosome_3.1763","TP7",-1,-0.8,"1"
"4497","Cluster_4640_evm.TU.chromosome_3.1893","Cluster_4640","evm.TU.chromosome_3.1893","TP7",-1,-0.4,"1"
"4498","Cluster_4640_evm.TU.chromosome_3.2023","Cluster_4640","evm.TU.chromosome_3.2023","TP7",-1,0.2,"3"
"4499","Cluster_4640_evm.TU.chromosome_3.23","Cluster_4640","evm.TU.chromosome_3.23","TP7",-0.5,0,"1"
"4500","Cluster_4640_evm.TU.chromosome_3.37","Cluster_4640","evm.TU.chromosome_3.37","TP7",-0.866025403784439,-0.258198889747161,"1"
"4501","Cluster_4640_evm.TU.chromosome_3.39","Cluster_4640","evm.TU.chromosome_3.39","TP7",-0.866025403784439,-0.737864787372622,"1"
"4502","Cluster_4640_evm.TU.chromosome_3.710","Cluster_4640","evm.TU.chromosome_3.710","TP7",-1,-0.948683298050514,"1"
"4503","Cluster_4640_evm.TU.chromosome_3.755","Cluster_4640","evm.TU.chromosome_3.755","TP7",-0.5,-0.737864787372622,"1"
"4504","Cluster_4640_evm.TU.chromosome_3.829","Cluster_4640","evm.TU.chromosome_3.829","TP7",0.5,-0.210818510677892,"2"
"4505","Cluster_4640_evm.TU.chromosome_4.1539","Cluster_4640","evm.TU.chromosome_4.1539","TP7",-0.5,-0.8,"1"
"4506","Cluster_4640_evm.TU.chromosome_4.180","Cluster_4640","evm.TU.chromosome_4.180","TP7",-0.5,-0.948683298050514,"1"
"4507","Cluster_4640_evm.TU.chromosome_4.2217","Cluster_4640","evm.TU.chromosome_4.2217","TP7",1,-0.4,"2"
"4508","Cluster_4640_evm.TU.chromosome_4.383","Cluster_4640","evm.TU.chromosome_4.383","TP7",0.5,-0.774596669241483,"2"
"4509","Cluster_4640_evm.TU.chromosome_4.442","Cluster_4640","evm.TU.chromosome_4.442","TP7",-0.5,0.8,"3"
"4510","Cluster_4640_evm.TU.chromosome_4.756","Cluster_4640","evm.TU.chromosome_4.756","TP7",-1,-0.4,"1"
"4511","Cluster_4640_evm.TU.chromosome_4.770","Cluster_4640","evm.TU.chromosome_4.770","TP7",-0.5,-0.737864787372622,"1"
"4512","Cluster_4640_evm.TU.chromosome_4.905","Cluster_4640","evm.TU.chromosome_4.905","TP7",-1,-0.258198889747161,"3"
"4513","Cluster_4640_evm.TU.chromosome_5.1413","Cluster_4640","evm.TU.chromosome_5.1413","TP7",0.5,1,"2"
"4514","Cluster_4640_evm.TU.chromosome_5.1490","Cluster_4640","evm.TU.chromosome_5.1490","TP7",-0.5,0.4,"3"
"4515","Cluster_4640_evm.TU.chromosome_5.1621","Cluster_4640","evm.TU.chromosome_5.1621","TP7",-1,-0.737864787372622,"1"
"4516","Cluster_4640_evm.TU.chromosome_5.1843","Cluster_4640","evm.TU.chromosome_5.1843","TP7",-1,0.8,"3"
"4517","Cluster_4640_evm.TU.chromosome_5.2211","Cluster_4640","evm.TU.chromosome_5.2211","TP7",-1,-0.948683298050514,"1"
"4518","Cluster_4640_evm.TU.chromosome_5.2583","Cluster_4640","evm.TU.chromosome_5.2583","TP7",1,0,"2"
"4519","Cluster_4640_evm.TU.chromosome_5.2607","Cluster_4640","evm.TU.chromosome_5.2607","TP7",-0.5,0,"1"
"4520","Cluster_4640_evm.TU.chromosome_5.825","Cluster_4640","evm.TU.chromosome_5.825","TP7",-1,-0.4,"1"
"4521","Cluster_4640_evm.TU.chromosome_6.2252","Cluster_4640","evm.TU.chromosome_6.2252","TP7",-0.5,-0.4,"1"
"4522","Cluster_4640_evm.TU.chromosome_6.2673","Cluster_4640","evm.TU.chromosome_6.2673","TP7",-0.5,-0.4,"1"
"4523","Cluster_4640_evm.TU.chromosome_6.2813","Cluster_4640","evm.TU.chromosome_6.2813","TP7",0,-0.737864787372622,"2"
"4524","Cluster_4640_evm.TU.chromosome_6.316","Cluster_4640","evm.TU.chromosome_6.316","TP7",0.5,-0.4,"2"
"4525","Cluster_4640_evm.TU.chromosome_6.328","Cluster_4640","evm.TU.chromosome_6.328","TP7",1,-0.8,"2"
"4526","Cluster_4640_evm.TU.chromosome_6.385","Cluster_4640","evm.TU.chromosome_6.385","TP7",-0.5,-0.258198889747161,"1"
"4527","Cluster_4640_evm.TU.chromosome_6.402","Cluster_4640","evm.TU.chromosome_6.402","TP7",-0.5,-0.2,"1"
"4528","Cluster_4640_evm.TU.chromosome_6.845","Cluster_4640","evm.TU.chromosome_6.845","TP7",1,-0.737864787372622,"2"
"4529","Cluster_4640_evm.TU.chromosome_7.105","Cluster_4640","evm.TU.chromosome_7.105","TP7",-1,-0.948683298050514,"1"
"4530","Cluster_4640_evm.TU.chromosome_7.1231","Cluster_4640","evm.TU.chromosome_7.1231","TP7",0.5,1,"2"
"4531","Cluster_4640_evm.TU.chromosome_7.2266","Cluster_4640","evm.TU.chromosome_7.2266","TP7",0,-0.948683298050514,"2"
"4532","Cluster_4640_evm.TU.chromosome_7.2395","Cluster_4640","evm.TU.chromosome_7.2395","TP7",-0.5,-0.4,"1"
"4533","Cluster_4640_evm.TU.chromosome_7.247","Cluster_4640","evm.TU.chromosome_7.247","TP7",-0.5,-0.948683298050514,"1"
"4534","Cluster_4640_evm.TU.chromosome_7.264","Cluster_4640","evm.TU.chromosome_7.264","TP7",-0.5,-0.737864787372622,"1"
"4535","Cluster_4640_evm.TU.chromosome_7.6","Cluster_4640","evm.TU.chromosome_7.6","TP7",-1,0.8,"3"
"4536","Cluster_4640_evm.TU.chromosome_7.641","Cluster_4640","evm.TU.chromosome_7.641","TP7",-1,0.2,"3"
"4537","Cluster_4640_evm.TU.chromosome_7.8","Cluster_4640","evm.TU.chromosome_7.8","TP7",-0.5,0.4,"3"
"4538","Cluster_4640_evm.TU.chromosome_7.88","Cluster_4640","evm.TU.chromosome_7.88","TP7",0,0.6,"1"
"4539","Cluster_4640_evm.TU.chromosome_7.887","Cluster_4640","evm.TU.chromosome_7.887","TP7",-0.866025403784439,-0.258198889747161,"1"
"4540","Cluster_4640_evm.TU.chromosome_8.1113","Cluster_4640","evm.TU.chromosome_8.1113","TP7",-1,-0.8,"1"
"4541","Cluster_4640_evm.TU.chromosome_8.1563","Cluster_4640","evm.TU.chromosome_8.1563","TP7",-0.5,-0.737864787372622,"1"
"4542","Cluster_4640_evm.TU.chromosome_8.1818","Cluster_4640","evm.TU.chromosome_8.1818","TP7",1,-0.948683298050514,"2"
"4543","Cluster_4640_evm.TU.chromosome_8.2434","Cluster_4640","evm.TU.chromosome_8.2434","TP7",-0.5,-0.2,"1"
"4544","Cluster_4640_evm.TU.chromosome_8.35","Cluster_4640","evm.TU.chromosome_8.35","TP7",0,-0.258198889747161,"1"
"4545","Cluster_4640_evm.TU.chromosome_8.546","Cluster_4640","evm.TU.chromosome_8.546","TP7",1,-0.948683298050514,"2"
"4546","Cluster_4640_evm.TU.chromosome_8.809","Cluster_4640","evm.TU.chromosome_8.809","TP7",-0.866025403784439,-0.258198889747161,"1"
"4547","Cluster_4640_evm.TU.chromosome_8.975","Cluster_4640","evm.TU.chromosome_8.975","TP7",-1,-0.948683298050514,"1"
"4548","Cluster_4640_evm.TU.chromosome_9.1262","Cluster_4640","evm.TU.chromosome_9.1262","TP7",-0.5,-0.2,"1"
"4549","Cluster_4640_evm.TU.chromosome_9.1263","Cluster_4640","evm.TU.chromosome_9.1263","TP7",-0.5,-0.2,"1"
"4550","Cluster_4640_evm.TU.chromosome_9.1441","Cluster_4640","evm.TU.chromosome_9.1441","TP7",-1,-0.8,"1"
"4551","Cluster_4640_evm.TU.chromosome_9.1590","Cluster_4640","evm.TU.chromosome_9.1590","TP7",-0.5,0.2,"1"
"4552","Cluster_4640_evm.TU.chromosome_9.1621","Cluster_4640","evm.TU.chromosome_9.1621","TP7",1,0.8,"2"
"4553","Cluster_4640_evm.TU.chromosome_9.1722","Cluster_4640","evm.TU.chromosome_9.1722","TP7",-1,1,"3"
"4554","Cluster_4640_evm.TU.chromosome_9.2268","Cluster_4640","evm.TU.chromosome_9.2268","TP7",1,0.8,"2"
"4555","Cluster_4640_evm.TU.chromosome_9.2410","Cluster_4640","evm.TU.chromosome_9.2410","TP7",-0.5,-0.737864787372622,"1"
"4556","Cluster_4640_evm.TU.chromosome_9.397","Cluster_4640","evm.TU.chromosome_9.397","TP7",-0.5,-0.948683298050514,"1"
"4557","Cluster_4640_evm.TU.chromosome_9.555","Cluster_4640","evm.TU.chromosome_9.555","TP7",0.5,0.4,"2"
"4558","Cluster_4646_evm.TU.chromosome_1.1072","Cluster_4646","evm.TU.chromosome_1.1072","TP7",-1,1,"3"
"4559","Cluster_4646_evm.TU.chromosome_1.1114","Cluster_4646","evm.TU.chromosome_1.1114","TP7",-1,0.8,"3"
"4560","Cluster_4646_evm.TU.chromosome_1.1189","Cluster_4646","evm.TU.chromosome_1.1189","TP7",-0.5,0.258198889747161,"1"
"4561","Cluster_4646_evm.TU.chromosome_1.130","Cluster_4646","evm.TU.chromosome_1.130","TP7",-1,0.948683298050514,"3"
"4562","Cluster_4646_evm.TU.chromosome_1.1464","Cluster_4646","evm.TU.chromosome_1.1464","TP7",0.5,0,"2"
"4563","Cluster_4646_evm.TU.chromosome_1.1735","Cluster_4646","evm.TU.chromosome_1.1735","TP7",-1,0,"3"
"4564","Cluster_4646_evm.TU.chromosome_1.1736","Cluster_4646","evm.TU.chromosome_1.1736","TP7",-0.5,-0.6,"1"
"4565","Cluster_4646_evm.TU.chromosome_1.221","Cluster_4646","evm.TU.chromosome_1.221","TP7",-1,0.8,"3"
"4566","Cluster_4646_evm.TU.chromosome_1.295","Cluster_4646","evm.TU.chromosome_1.295","TP7",-1,-0.2,"3"
"4567","Cluster_4646_evm.TU.chromosome_1.413","Cluster_4646","evm.TU.chromosome_1.413","TP7",-0.5,-0.4,"1"
"4568","Cluster_4646_evm.TU.chromosome_1.463","Cluster_4646","evm.TU.chromosome_1.463","TP7",-0.5,0.2,"1"
"4569","Cluster_4646_evm.TU.chromosome_1.465","Cluster_4646","evm.TU.chromosome_1.465","TP7",-0.5,0.258198889747161,"1"
"4570","Cluster_4646_evm.TU.chromosome_1.480","Cluster_4646","evm.TU.chromosome_1.480","TP7",-0.5,0,"1"
"4571","Cluster_4646_evm.TU.chromosome_1.564","Cluster_4646","evm.TU.chromosome_1.564","TP7",-1,0.948683298050514,"3"
"4572","Cluster_4646_evm.TU.chromosome_1.974","Cluster_4646","evm.TU.chromosome_1.974","TP7",0,0.2,"1"
"4573","Cluster_4646_evm.TU.chromosome_10.105","Cluster_4646","evm.TU.chromosome_10.105","TP7",-0.5,0.948683298050514,"3"
"4574","Cluster_4646_evm.TU.chromosome_10.1201","Cluster_4646","evm.TU.chromosome_10.1201","TP7",-1,0.948683298050514,"3"
"4575","Cluster_4646_evm.TU.chromosome_10.1234","Cluster_4646","evm.TU.chromosome_10.1234","TP7",-1,0.6,"3"
"4576","Cluster_4646_evm.TU.chromosome_10.1321","Cluster_4646","evm.TU.chromosome_10.1321","TP7",-1,-0.4,"1"
"4577","Cluster_4646_evm.TU.chromosome_10.1413","Cluster_4646","evm.TU.chromosome_10.1413","TP7",-1,-0.4,"1"
"4578","Cluster_4646_evm.TU.chromosome_10.2134","Cluster_4646","evm.TU.chromosome_10.2134","TP7",0.5,-0.6,"2"
"4579","Cluster_4646_evm.TU.chromosome_10.2312","Cluster_4646","evm.TU.chromosome_10.2312","TP7",-0.5,0.948683298050514,"3"
"4580","Cluster_4646_evm.TU.chromosome_10.2425","Cluster_4646","evm.TU.chromosome_10.2425","TP7",-1,0,"3"
"4581","Cluster_4646_evm.TU.chromosome_10.2434","Cluster_4646","evm.TU.chromosome_10.2434","TP7",-1,0.8,"3"
"4582","Cluster_4646_evm.TU.chromosome_10.2744","Cluster_4646","evm.TU.chromosome_10.2744","TP7",-1,0.8,"3"
"4583","Cluster_4646_evm.TU.chromosome_10.2781","Cluster_4646","evm.TU.chromosome_10.2781","TP7",-1,-1,"1"
"4584","Cluster_4646_evm.TU.chromosome_10.2851","Cluster_4646","evm.TU.chromosome_10.2851","TP7",0.5,-0.4,"2"
"4585","Cluster_4646_evm.TU.chromosome_10.2867","Cluster_4646","evm.TU.chromosome_10.2867","TP7",0.5,0.948683298050514,"2"
"4586","Cluster_4646_evm.TU.chromosome_10.651","Cluster_4646","evm.TU.chromosome_10.651","TP7",-1,0.2,"3"
"4587","Cluster_4646_evm.TU.chromosome_10.664","Cluster_4646","evm.TU.chromosome_10.664","TP7",-0.5,-0.316227766016838,"1"
"4588","Cluster_4646_evm.TU.chromosome_10.90","Cluster_4646","evm.TU.chromosome_10.90","TP7",-0.866025403784439,0.774596669241483,"3"
"4589","Cluster_4646_evm.TU.chromosome_10.990","Cluster_4646","evm.TU.chromosome_10.990","TP7",-0.5,1,"3"
"4590","Cluster_4646_evm.TU.chromosome_11.1103","Cluster_4646","evm.TU.chromosome_11.1103","TP7",-0.5,0.4,"3"
"4591","Cluster_4646_evm.TU.chromosome_11.1614","Cluster_4646","evm.TU.chromosome_11.1614","TP7",-0.5,0.4,"3"
"4592","Cluster_4646_evm.TU.chromosome_11.1854","Cluster_4646","evm.TU.chromosome_11.1854","TP7",1,-0.8,"2"
"4593","Cluster_4646_evm.TU.chromosome_11.1869","Cluster_4646","evm.TU.chromosome_11.1869","TP7",1,0.4,"2"
"4594","Cluster_4646_evm.TU.chromosome_11.2121","Cluster_4646","evm.TU.chromosome_11.2121","TP7",-0.5,0.8,"3"
"4595","Cluster_4646_evm.TU.chromosome_11.2330","Cluster_4646","evm.TU.chromosome_11.2330","TP7",-1,0.8,"3"
"4596","Cluster_4646_evm.TU.chromosome_11.2502","Cluster_4646","evm.TU.chromosome_11.2502","TP7",-0.5,0.2,"1"
"4597","Cluster_4646_evm.TU.chromosome_11.2637","Cluster_4646","evm.TU.chromosome_11.2637","TP7",1,-0.4,"2"
"4598","Cluster_4646_evm.TU.chromosome_11.2726","Cluster_4646","evm.TU.chromosome_11.2726","TP7",-1,-0.4,"1"
"4599","Cluster_4646_evm.TU.chromosome_11.2770","Cluster_4646","evm.TU.chromosome_11.2770","TP7",0,1,"3"
"4600","Cluster_4646_evm.TU.chromosome_11.2900","Cluster_4646","evm.TU.chromosome_11.2900","TP7",-0.5,0.6,"3"
"4601","Cluster_4646_evm.TU.chromosome_11.3157","Cluster_4646","evm.TU.chromosome_11.3157","TP7",-1,0.2,"3"
"4602","Cluster_4646_evm.TU.chromosome_11.346","Cluster_4646","evm.TU.chromosome_11.346","TP7",1,0.6,"2"
"4603","Cluster_4646_evm.TU.chromosome_11.415","Cluster_4646","evm.TU.chromosome_11.415","TP7",1,0.2,"2"
"4604","Cluster_4646_evm.TU.chromosome_11.458","Cluster_4646","evm.TU.chromosome_11.458","TP7",-0.5,0.737864787372622,"3"
"4605","Cluster_4646_evm.TU.chromosome_11.530","Cluster_4646","evm.TU.chromosome_11.530","TP7",-0.5,0.737864787372622,"3"
"4606","Cluster_4646_evm.TU.chromosome_11.631","Cluster_4646","evm.TU.chromosome_11.631","TP7",0.5,0.6,"2"
"4607","Cluster_4646_evm.TU.chromosome_11.826","Cluster_4646","evm.TU.chromosome_11.826","TP7",-0.5,0.737864787372622,"3"
"4608","Cluster_4646_evm.TU.chromosome_12.1240","Cluster_4646","evm.TU.chromosome_12.1240","TP7",-0.5,-0.6,"1"
"4609","Cluster_4646_evm.TU.chromosome_12.1570","Cluster_4646","evm.TU.chromosome_12.1570","TP7",-0.5,0.4,"3"
"4610","Cluster_4646_evm.TU.chromosome_12.17","Cluster_4646","evm.TU.chromosome_12.17","TP7",-0.5,0.4,"3"
"4611","Cluster_4646_evm.TU.chromosome_12.1827","Cluster_4646","evm.TU.chromosome_12.1827","TP7",-0.5,0.4,"3"
"4612","Cluster_4646_evm.TU.chromosome_12.1935","Cluster_4646","evm.TU.chromosome_12.1935","TP7",0.5,0,"2"
"4613","Cluster_4646_evm.TU.chromosome_12.2143","Cluster_4646","evm.TU.chromosome_12.2143","TP7",1,0.948683298050514,"2"
"4614","Cluster_4646_evm.TU.chromosome_12.2385","Cluster_4646","evm.TU.chromosome_12.2385","TP7",0.5,0.4,"2"
"4615","Cluster_4646_evm.TU.chromosome_12.2571","Cluster_4646","evm.TU.chromosome_12.2571","TP7",-0.5,0.8,"3"
"4616","Cluster_4646_evm.TU.chromosome_12.2585","Cluster_4646","evm.TU.chromosome_12.2585","TP7",-0.5,0.737864787372622,"3"
"4617","Cluster_4646_evm.TU.chromosome_12.2923","Cluster_4646","evm.TU.chromosome_12.2923","TP7",-0.5,0.737864787372622,"3"
"4618","Cluster_4646_evm.TU.chromosome_12.3903","Cluster_4646","evm.TU.chromosome_12.3903","TP7",-0.5,0.2,"1"
"4619","Cluster_4646_evm.TU.chromosome_12.3968","Cluster_4646","evm.TU.chromosome_12.3968","TP7",-1,0.8,"3"
"4620","Cluster_4646_evm.TU.chromosome_12.687","Cluster_4646","evm.TU.chromosome_12.687","TP7",-1,0,"3"
"4621","Cluster_4646_evm.TU.chromosome_12.690","Cluster_4646","evm.TU.chromosome_12.690","TP7",-1,0.2,"3"
"4622","Cluster_4646_evm.TU.chromosome_12.750","Cluster_4646","evm.TU.chromosome_12.750","TP7",0,0.774596669241483,"1"
"4623","Cluster_4646_evm.TU.chromosome_12.811","Cluster_4646","evm.TU.chromosome_12.811","TP7",0.5,-0.6,"2"
"4624","Cluster_4646_evm.TU.chromosome_12.935","Cluster_4646","evm.TU.chromosome_12.935","TP7",-0.5,0.6,"3"
"4625","Cluster_4646_evm.TU.chromosome_13.134","Cluster_4646","evm.TU.chromosome_13.134","TP7",-1,-0.4,"1"
"4626","Cluster_4646_evm.TU.chromosome_13.1370","Cluster_4646","evm.TU.chromosome_13.1370","TP7",0.5,-0.6,"2"
"4627","Cluster_4646_evm.TU.chromosome_13.1504","Cluster_4646","evm.TU.chromosome_13.1504","TP7",-0.5,0.6,"3"
"4628","Cluster_4646_evm.TU.chromosome_13.2127","Cluster_4646","evm.TU.chromosome_13.2127","TP7",-1,0.6,"3"
"4629","Cluster_4646_evm.TU.chromosome_13.2311","Cluster_4646","evm.TU.chromosome_13.2311","TP7",1,-1,"2"
"4630","Cluster_4646_evm.TU.chromosome_13.2364","Cluster_4646","evm.TU.chromosome_13.2364","TP7",-1,-0.8,"1"
"4631","Cluster_4646_evm.TU.chromosome_13.2365","Cluster_4646","evm.TU.chromosome_13.2365","TP7",1,0.737864787372622,"2"
"4632","Cluster_4646_evm.TU.chromosome_13.2679","Cluster_4646","evm.TU.chromosome_13.2679","TP7",0,0.948683298050514,"3"
"4633","Cluster_4646_evm.TU.chromosome_13.2805","Cluster_4646","evm.TU.chromosome_13.2805","TP7",-0.5,0.737864787372622,"3"
"4634","Cluster_4646_evm.TU.chromosome_13.3040","Cluster_4646","evm.TU.chromosome_13.3040","TP7",-0.866025403784439,0.4,"3"
"4635","Cluster_4646_evm.TU.chromosome_13.3277","Cluster_4646","evm.TU.chromosome_13.3277","TP7",-0.5,0,"1"
"4636","Cluster_4646_evm.TU.chromosome_13.3317","Cluster_4646","evm.TU.chromosome_13.3317","TP7",0.5,0.4,"2"
"4637","Cluster_4646_evm.TU.chromosome_13.3417","Cluster_4646","evm.TU.chromosome_13.3417","TP7",-1,-0.2,"3"
"4638","Cluster_4646_evm.TU.chromosome_13.3579","Cluster_4646","evm.TU.chromosome_13.3579","TP7",-0.866025403784439,0.6,"3"
"4639","Cluster_4646_evm.TU.chromosome_13.3703","Cluster_4646","evm.TU.chromosome_13.3703","TP7",-1,0.737864787372622,"3"
"4640","Cluster_4646_evm.TU.chromosome_13.3793","Cluster_4646","evm.TU.chromosome_13.3793","TP7",-1,-0.4,"1"
"4641","Cluster_4646_evm.TU.chromosome_13.3823","Cluster_4646","evm.TU.chromosome_13.3823","TP7",-1,0.948683298050514,"3"
"4642","Cluster_4646_evm.TU.chromosome_13.396","Cluster_4646","evm.TU.chromosome_13.396","TP7",-0.5,-0.4,"1"
"4643","Cluster_4646_evm.TU.chromosome_13.460","Cluster_4646","evm.TU.chromosome_13.460","TP7",-0.5,0.737864787372622,"3"
"4644","Cluster_4646_evm.TU.chromosome_13.463","Cluster_4646","evm.TU.chromosome_13.463","TP7",1,-0.2,"2"
"4645","Cluster_4646_evm.TU.chromosome_13.465","Cluster_4646","evm.TU.chromosome_13.465","TP7",-0.5,-0.8,"1"
"4646","Cluster_4646_evm.TU.chromosome_13.549","Cluster_4646","evm.TU.chromosome_13.549","TP7",-1,-0.4,"1"
"4647","Cluster_4646_evm.TU.chromosome_14.1308","Cluster_4646","evm.TU.chromosome_14.1308","TP7",0.5,0.4,"2"
"4648","Cluster_4646_evm.TU.chromosome_14.1358","Cluster_4646","evm.TU.chromosome_14.1358","TP7",-1,0,"3"
"4649","Cluster_4646_evm.TU.chromosome_14.1755","Cluster_4646","evm.TU.chromosome_14.1755","TP7",-0.5,0.948683298050514,"3"
"4650","Cluster_4646_evm.TU.chromosome_14.2255","Cluster_4646","evm.TU.chromosome_14.2255","TP7",-0.5,-0.4,"1"
"4651","Cluster_4646_evm.TU.chromosome_14.4140","Cluster_4646","evm.TU.chromosome_14.4140","TP7",-1,0.6,"3"
"4652","Cluster_4646_evm.TU.chromosome_14.4759","Cluster_4646","evm.TU.chromosome_14.4759","TP7",1,0.4,"2"
"4653","Cluster_4646_evm.TU.chromosome_14.4818","Cluster_4646","evm.TU.chromosome_14.4818","TP7",-1,0.210818510677892,"3"
"4654","Cluster_4646_evm.TU.chromosome_14.5159","Cluster_4646","evm.TU.chromosome_14.5159","TP7",1,0.2,"2"
"4655","Cluster_4646_evm.TU.chromosome_14.5205","Cluster_4646","evm.TU.chromosome_14.5205","TP7",-1,0.737864787372622,"3"
"4656","Cluster_4646_evm.TU.chromosome_14.5216","Cluster_4646","evm.TU.chromosome_14.5216","TP7",-0.5,0.4,"3"
"4657","Cluster_4646_evm.TU.chromosome_14.5286","Cluster_4646","evm.TU.chromosome_14.5286","TP7",-0.5,0.737864787372622,"3"
"4658","Cluster_4646_evm.TU.chromosome_14.534","Cluster_4646","evm.TU.chromosome_14.534","TP7",-0.5,-0.4,"1"
"4659","Cluster_4646_evm.TU.chromosome_14.544","Cluster_4646","evm.TU.chromosome_14.544","TP7",1,1,"2"
"4660","Cluster_4646_evm.TU.chromosome_14.545","Cluster_4646","evm.TU.chromosome_14.545","TP7",-1,0.6,"3"
"4661","Cluster_4646_evm.TU.chromosome_14.5473","Cluster_4646","evm.TU.chromosome_14.5473","TP7",0.5,0.948683298050514,"2"
"4662","Cluster_4646_evm.TU.chromosome_14.5653","Cluster_4646","evm.TU.chromosome_14.5653","TP7",-1,-0.2,"3"
"4663","Cluster_4646_evm.TU.chromosome_14.579","Cluster_4646","evm.TU.chromosome_14.579","TP7",0.5,-0.4,"2"
"4664","Cluster_4646_evm.TU.chromosome_14.5810","Cluster_4646","evm.TU.chromosome_14.5810","TP7",0.5,0.948683298050514,"2"
"4665","Cluster_4646_evm.TU.chromosome_14.5928","Cluster_4646","evm.TU.chromosome_14.5928","TP7",0.5,0,"2"
"4666","Cluster_4646_evm.TU.chromosome_14.6095","Cluster_4646","evm.TU.chromosome_14.6095","TP7",0,0.737864787372622,"1"
"4667","Cluster_4646_evm.TU.chromosome_14.6161","Cluster_4646","evm.TU.chromosome_14.6161","TP7",-1,-0.6,"1"
"4668","Cluster_4646_evm.TU.chromosome_14.6162","Cluster_4646","evm.TU.chromosome_14.6162","TP7",-1,0.6,"3"
"4669","Cluster_4646_evm.TU.chromosome_14.6373","Cluster_4646","evm.TU.chromosome_14.6373","TP7",-0.5,-0.2,"1"
"4670","Cluster_4646_evm.TU.chromosome_14.6529","Cluster_4646","evm.TU.chromosome_14.6529","TP7",-0.5,-0.2,"1"
"4671","Cluster_4646_evm.TU.chromosome_14.6577","Cluster_4646","evm.TU.chromosome_14.6577","TP7",0.5,-0.4,"2"
"4672","Cluster_4646_evm.TU.chromosome_14.6635","Cluster_4646","evm.TU.chromosome_14.6635","TP7",-1,-0.8,"1"
"4673","Cluster_4646_evm.TU.chromosome_14.6738","Cluster_4646","evm.TU.chromosome_14.6738","TP7",0.5,0.8,"2"
"4674","Cluster_4646_evm.TU.chromosome_14.6793","Cluster_4646","evm.TU.chromosome_14.6793","TP7",-1,0.948683298050514,"3"
"4675","Cluster_4646_evm.TU.chromosome_14.7014","Cluster_4646","evm.TU.chromosome_14.7014","TP7",-1,0,"3"
"4676","Cluster_4646_evm.TU.chromosome_14.7058","Cluster_4646","evm.TU.chromosome_14.7058","TP7",0.5,1,"2"
"4677","Cluster_4646_evm.TU.chromosome_14.7168","Cluster_4646","evm.TU.chromosome_14.7168","TP7",-0.5,0.8,"3"
"4678","Cluster_4646_evm.TU.chromosome_14.725","Cluster_4646","evm.TU.chromosome_14.725","TP7",0.5,0,"2"
"4679","Cluster_4646_evm.TU.chromosome_14.7261","Cluster_4646","evm.TU.chromosome_14.7261","TP7",-0.5,0.4,"3"
"4680","Cluster_4646_evm.TU.chromosome_14.742","Cluster_4646","evm.TU.chromosome_14.742","TP7",-1,0.2,"3"
"4681","Cluster_4646_evm.TU.chromosome_2.1021","Cluster_4646","evm.TU.chromosome_2.1021","TP7",0.5,0.8,"2"
"4682","Cluster_4646_evm.TU.chromosome_2.1023","Cluster_4646","evm.TU.chromosome_2.1023","TP7",-1,0,"3"
"4683","Cluster_4646_evm.TU.chromosome_2.1054","Cluster_4646","evm.TU.chromosome_2.1054","TP7",1,0.8,"2"
"4684","Cluster_4646_evm.TU.chromosome_2.1301","Cluster_4646","evm.TU.chromosome_2.1301","TP7",1,-0.4,"2"
"4685","Cluster_4646_evm.TU.chromosome_2.1405","Cluster_4646","evm.TU.chromosome_2.1405","TP7",0.5,-0.2,"2"
"4686","Cluster_4646_evm.TU.chromosome_2.1748","Cluster_4646","evm.TU.chromosome_2.1748","TP7",-1,0.4,"3"
"4687","Cluster_4646_evm.TU.chromosome_2.1782","Cluster_4646","evm.TU.chromosome_2.1782","TP7",-1,-0.4,"1"
"4688","Cluster_4646_evm.TU.chromosome_2.1928","Cluster_4646","evm.TU.chromosome_2.1928","TP7",1,-0.4,"2"
"4689","Cluster_4646_evm.TU.chromosome_2.1945","Cluster_4646","evm.TU.chromosome_2.1945","TP7",-0.5,0.6,"3"
"4690","Cluster_4646_evm.TU.chromosome_2.299","Cluster_4646","evm.TU.chromosome_2.299","TP7",0,0.258198889747161,"1"
"4691","Cluster_4646_evm.TU.chromosome_2.304","Cluster_4646","evm.TU.chromosome_2.304","TP7",-0.866025403784439,-0.2,"1"
"4692","Cluster_4646_evm.TU.chromosome_2.326","Cluster_4646","evm.TU.chromosome_2.326","TP7",0.5,1,"2"
"4693","Cluster_4646_evm.TU.chromosome_2.330","Cluster_4646","evm.TU.chromosome_2.330","TP7",-1,0.8,"3"
"4694","Cluster_4646_evm.TU.chromosome_2.431","Cluster_4646","evm.TU.chromosome_2.431","TP7",-0.866025403784439,0.948683298050514,"3"
"4695","Cluster_4646_evm.TU.chromosome_2.517","Cluster_4646","evm.TU.chromosome_2.517","TP7",0.5,0,"2"
"4696","Cluster_4646_evm.TU.chromosome_2.589","Cluster_4646","evm.TU.chromosome_2.589","TP7",-1,0.948683298050514,"3"
"4697","Cluster_4646_evm.TU.chromosome_2.62","Cluster_4646","evm.TU.chromosome_2.62","TP7",1,0.4,"2"
"4698","Cluster_4646_evm.TU.chromosome_2.744","Cluster_4646","evm.TU.chromosome_2.744","TP7",-1,0.948683298050514,"3"
"4699","Cluster_4646_evm.TU.chromosome_2.834","Cluster_4646","evm.TU.chromosome_2.834","TP7",0.5,0.4,"2"
"4700","Cluster_4646_evm.TU.chromosome_3.1022","Cluster_4646","evm.TU.chromosome_3.1022","TP7",-1,0,"3"
"4701","Cluster_4646_evm.TU.chromosome_3.1209","Cluster_4646","evm.TU.chromosome_3.1209","TP7",-0.5,0.8,"3"
"4702","Cluster_4646_evm.TU.chromosome_3.130","Cluster_4646","evm.TU.chromosome_3.130","TP7",1,-1,"2"
"4703","Cluster_4646_evm.TU.chromosome_3.1475","Cluster_4646","evm.TU.chromosome_3.1475","TP7",-1,0.258198889747161,"3"
"4704","Cluster_4646_evm.TU.chromosome_3.1595","Cluster_4646","evm.TU.chromosome_3.1595","TP7",-1,0.4,"3"
"4705","Cluster_4646_evm.TU.chromosome_3.1687","Cluster_4646","evm.TU.chromosome_3.1687","TP7",-1,0,"3"
"4706","Cluster_4646_evm.TU.chromosome_3.1689","Cluster_4646","evm.TU.chromosome_3.1689","TP7",-1,-0.4,"1"
"4707","Cluster_4646_evm.TU.chromosome_3.1707","Cluster_4646","evm.TU.chromosome_3.1707","TP7",1,0.4,"2"
"4708","Cluster_4646_evm.TU.chromosome_3.1713","Cluster_4646","evm.TU.chromosome_3.1713","TP7",-1,0.737864787372622,"3"
"4709","Cluster_4646_evm.TU.chromosome_3.1903","Cluster_4646","evm.TU.chromosome_3.1903","TP7",1,-0.8,"2"
"4710","Cluster_4646_evm.TU.chromosome_3.1914","Cluster_4646","evm.TU.chromosome_3.1914","TP7",-0.5,-1,"1"
"4711","Cluster_4646_evm.TU.chromosome_3.2012","Cluster_4646","evm.TU.chromosome_3.2012","TP7",-1,-0.4,"1"
"4712","Cluster_4646_evm.TU.chromosome_3.2031","Cluster_4646","evm.TU.chromosome_3.2031","TP7",-1,0.6,"3"
"4713","Cluster_4646_evm.TU.chromosome_3.389","Cluster_4646","evm.TU.chromosome_3.389","TP7",-0.5,-0.4,"1"
"4714","Cluster_4646_evm.TU.chromosome_3.413","Cluster_4646","evm.TU.chromosome_3.413","TP7",0.5,0.4,"2"
"4715","Cluster_4646_evm.TU.chromosome_3.55","Cluster_4646","evm.TU.chromosome_3.55","TP7",-0.5,0.737864787372622,"3"
"4716","Cluster_4646_evm.TU.chromosome_3.753","Cluster_4646","evm.TU.chromosome_3.753","TP7",-1,0.737864787372622,"3"
"4717","Cluster_4646_evm.TU.chromosome_3.957","Cluster_4646","evm.TU.chromosome_3.957","TP7",-1,0.4,"3"
"4718","Cluster_4646_evm.TU.chromosome_4.1437","Cluster_4646","evm.TU.chromosome_4.1437","TP7",-0.5,-0.6,"1"
"4719","Cluster_4646_evm.TU.chromosome_4.1441","Cluster_4646","evm.TU.chromosome_4.1441","TP7",-1,0.737864787372622,"3"
"4720","Cluster_4646_evm.TU.chromosome_4.1578","Cluster_4646","evm.TU.chromosome_4.1578","TP7",-0.5,0.948683298050514,"3"
"4721","Cluster_4646_evm.TU.chromosome_4.1712","Cluster_4646","evm.TU.chromosome_4.1712","TP7",0.5,-0.6,"2"
"4722","Cluster_4646_evm.TU.chromosome_4.18","Cluster_4646","evm.TU.chromosome_4.18","TP7",1,0.948683298050514,"2"
"4723","Cluster_4646_evm.TU.chromosome_4.1846","Cluster_4646","evm.TU.chromosome_4.1846","TP7",1,0.8,"2"
"4724","Cluster_4646_evm.TU.chromosome_4.2111","Cluster_4646","evm.TU.chromosome_4.2111","TP7",-1,0.4,"3"
"4725","Cluster_4646_evm.TU.chromosome_4.2435","Cluster_4646","evm.TU.chromosome_4.2435","TP7",-0.5,-0.4,"1"
"4726","Cluster_4646_evm.TU.chromosome_4.251","Cluster_4646","evm.TU.chromosome_4.251","TP7",-1,0,"3"
"4727","Cluster_4646_evm.TU.chromosome_4.2512","Cluster_4646","evm.TU.chromosome_4.2512","TP7",-0.5,0.6,"3"
"4728","Cluster_4646_evm.TU.chromosome_4.403","Cluster_4646","evm.TU.chromosome_4.403","TP7",-0.866025403784439,-0.8,"1"
"4729","Cluster_4646_evm.TU.chromosome_4.602","Cluster_4646","evm.TU.chromosome_4.602","TP7",-1,-0.2,"3"
"4730","Cluster_4646_evm.TU.chromosome_4.766","Cluster_4646","evm.TU.chromosome_4.766","TP7",-0.5,0.8,"3"
"4731","Cluster_4646_evm.TU.chromosome_4.846","Cluster_4646","evm.TU.chromosome_4.846","TP7",0,0.258198889747161,"1"
"4732","Cluster_4646_evm.TU.chromosome_4.905","Cluster_4646","evm.TU.chromosome_4.905","TP7",-1,0.258198889747161,"3"
"4733","Cluster_4646_evm.TU.chromosome_5.1108","Cluster_4646","evm.TU.chromosome_5.1108","TP7",-1,1,"3"
"4734","Cluster_4646_evm.TU.chromosome_5.1109","Cluster_4646","evm.TU.chromosome_5.1109","TP7",-1,-0.2,"3"
"4735","Cluster_4646_evm.TU.chromosome_5.1554","Cluster_4646","evm.TU.chromosome_5.1554","TP7",-0.5,0.2,"1"
"4736","Cluster_4646_evm.TU.chromosome_5.1678","Cluster_4646","evm.TU.chromosome_5.1678","TP7",0,0.258198889747161,"1"
"4737","Cluster_4646_evm.TU.chromosome_5.2430","Cluster_4646","evm.TU.chromosome_5.2430","TP7",-0.5,0.8,"3"
"4738","Cluster_4646_evm.TU.chromosome_5.2574","Cluster_4646","evm.TU.chromosome_5.2574","TP7",-1,-0.4,"1"
"4739","Cluster_4646_evm.TU.chromosome_5.466","Cluster_4646","evm.TU.chromosome_5.466","TP7",0.5,0.2,"2"
"4740","Cluster_4646_evm.TU.chromosome_5.499","Cluster_4646","evm.TU.chromosome_5.499","TP7",-1,0.8,"3"
"4741","Cluster_4646_evm.TU.chromosome_5.535","Cluster_4646","evm.TU.chromosome_5.535","TP7",-0.5,-0.2,"1"
"4742","Cluster_4646_evm.TU.chromosome_5.612","Cluster_4646","evm.TU.chromosome_5.612","TP7",-1,-0.105409255338946,"3"
"4743","Cluster_4646_evm.TU.chromosome_5.655","Cluster_4646","evm.TU.chromosome_5.655","TP7",-1,0.737864787372622,"3"
"4744","Cluster_4646_evm.TU.chromosome_5.812","Cluster_4646","evm.TU.chromosome_5.812","TP7",-0.5,0.6,"3"
"4745","Cluster_4646_evm.TU.chromosome_6.1017","Cluster_4646","evm.TU.chromosome_6.1017","TP7",-0.5,0.6,"3"
"4746","Cluster_4646_evm.TU.chromosome_6.117","Cluster_4646","evm.TU.chromosome_6.117","TP7",-1,-0.4,"1"
"4747","Cluster_4646_evm.TU.chromosome_6.1317","Cluster_4646","evm.TU.chromosome_6.1317","TP7",-1,0.948683298050514,"3"
"4748","Cluster_4646_evm.TU.chromosome_6.1479","Cluster_4646","evm.TU.chromosome_6.1479","TP7",1,-1,"2"
"4749","Cluster_4646_evm.TU.chromosome_6.1735","Cluster_4646","evm.TU.chromosome_6.1735","TP7",0,0.948683298050514,"3"
"4750","Cluster_4646_evm.TU.chromosome_6.1946","Cluster_4646","evm.TU.chromosome_6.1946","TP7",-0.5,-0.4,"1"
"4751","Cluster_4646_evm.TU.chromosome_6.1982","Cluster_4646","evm.TU.chromosome_6.1982","TP7",0,0.4,"1"
"4752","Cluster_4646_evm.TU.chromosome_6.2729","Cluster_4646","evm.TU.chromosome_6.2729","TP7",-0.5,0.8,"3"
"4753","Cluster_4646_evm.TU.chromosome_6.2730","Cluster_4646","evm.TU.chromosome_6.2730","TP7",-0.5,0.2,"1"
"4754","Cluster_4646_evm.TU.chromosome_6.277","Cluster_4646","evm.TU.chromosome_6.277","TP7",-1,0.4,"3"
"4755","Cluster_4646_evm.TU.chromosome_6.2951","Cluster_4646","evm.TU.chromosome_6.2951","TP7",-1,-0.4,"1"
"4756","Cluster_4646_evm.TU.chromosome_6.840","Cluster_4646","evm.TU.chromosome_6.840","TP7",1,-0.2,"2"
"4757","Cluster_4646_evm.TU.chromosome_6.863","Cluster_4646","evm.TU.chromosome_6.863","TP7",-1,0.4,"3"
"4758","Cluster_4646_evm.TU.chromosome_6.947","Cluster_4646","evm.TU.chromosome_6.947","TP7",-0.5,0,"1"
"4759","Cluster_4646_evm.TU.chromosome_7.103","Cluster_4646","evm.TU.chromosome_7.103","TP7",-1,0.6,"3"
"4760","Cluster_4646_evm.TU.chromosome_7.1288","Cluster_4646","evm.TU.chromosome_7.1288","TP7",1,0.4,"2"
"4761","Cluster_4646_evm.TU.chromosome_7.1336","Cluster_4646","evm.TU.chromosome_7.1336","TP7",-1,0.737864787372622,"3"
"4762","Cluster_4646_evm.TU.chromosome_7.1340","Cluster_4646","evm.TU.chromosome_7.1340","TP7",-0.5,0.258198889747161,"1"
"4763","Cluster_4646_evm.TU.chromosome_7.1474","Cluster_4646","evm.TU.chromosome_7.1474","TP7",-0.5,0.948683298050514,"3"
"4764","Cluster_4646_evm.TU.chromosome_7.1936","Cluster_4646","evm.TU.chromosome_7.1936","TP7",-0.5,0.948683298050514,"3"
"4765","Cluster_4646_evm.TU.chromosome_7.1937","Cluster_4646","evm.TU.chromosome_7.1937","TP7",-0.866025403784439,0.737864787372622,"3"
"4766","Cluster_4646_evm.TU.chromosome_7.1955","Cluster_4646","evm.TU.chromosome_7.1955","TP7",-1,-0.4,"1"
"4767","Cluster_4646_evm.TU.chromosome_7.2114","Cluster_4646","evm.TU.chromosome_7.2114","TP7",-0.5,0.737864787372622,"3"
"4768","Cluster_4646_evm.TU.chromosome_7.2479","Cluster_4646","evm.TU.chromosome_7.2479","TP7",-1,0.948683298050514,"3"
"4769","Cluster_4646_evm.TU.chromosome_7.2807","Cluster_4646","evm.TU.chromosome_7.2807","TP7",-0.5,0.2,"1"
"4770","Cluster_4646_evm.TU.chromosome_7.398","Cluster_4646","evm.TU.chromosome_7.398","TP7",1,0.737864787372622,"2"
"4771","Cluster_4646_evm.TU.chromosome_7.45","Cluster_4646","evm.TU.chromosome_7.45","TP7",-0.5,0.8,"3"
"4772","Cluster_4646_evm.TU.chromosome_7.579","Cluster_4646","evm.TU.chromosome_7.579","TP7",-0.5,0.4,"3"
"4773","Cluster_4646_evm.TU.chromosome_7.594","Cluster_4646","evm.TU.chromosome_7.594","TP7",-1,-0.8,"1"
"4774","Cluster_4646_evm.TU.chromosome_7.897","Cluster_4646","evm.TU.chromosome_7.897","TP7",-0.5,0.2,"1"
"4775","Cluster_4646_evm.TU.chromosome_7.969","Cluster_4646","evm.TU.chromosome_7.969","TP7",0.5,-0.2,"2"
"4776","Cluster_4646_evm.TU.chromosome_7.974","Cluster_4646","evm.TU.chromosome_7.974","TP7",0.5,1,"2"
"4777","Cluster_4646_evm.TU.chromosome_8.1032","Cluster_4646","evm.TU.chromosome_8.1032","TP7",-0.866025403784439,0.948683298050514,"3"
"4778","Cluster_4646_evm.TU.chromosome_8.1196","Cluster_4646","evm.TU.chromosome_8.1196","TP7",-0.5,-0.4,"1"
"4779","Cluster_4646_evm.TU.chromosome_8.133","Cluster_4646","evm.TU.chromosome_8.133","TP7",1,0.2,"2"
"4780","Cluster_4646_evm.TU.chromosome_8.1384","Cluster_4646","evm.TU.chromosome_8.1384","TP7",-1,0.948683298050514,"3"
"4781","Cluster_4646_evm.TU.chromosome_8.1473","Cluster_4646","evm.TU.chromosome_8.1473","TP7",-0.5,0.258198889747161,"1"
"4782","Cluster_4646_evm.TU.chromosome_8.1530","Cluster_4646","evm.TU.chromosome_8.1530","TP7",-0.866025403784439,-0.316227766016838,"1"
"4783","Cluster_4646_evm.TU.chromosome_8.1539","Cluster_4646","evm.TU.chromosome_8.1539","TP7",-0.5,0.8,"3"
"4784","Cluster_4646_evm.TU.chromosome_8.1551","Cluster_4646","evm.TU.chromosome_8.1551","TP7",0.5,1,"2"
"4785","Cluster_4646_evm.TU.chromosome_8.170","Cluster_4646","evm.TU.chromosome_8.170","TP7",-0.5,-0.4,"1"
"4786","Cluster_4646_evm.TU.chromosome_8.1758","Cluster_4646","evm.TU.chromosome_8.1758","TP7",-1,0.737864787372622,"3"
"4787","Cluster_4646_evm.TU.chromosome_8.1808","Cluster_4646","evm.TU.chromosome_8.1808","TP7",-1,0.6,"3"
"4788","Cluster_4646_evm.TU.chromosome_8.1925","Cluster_4646","evm.TU.chromosome_8.1925","TP7",-0.5,0.737864787372622,"3"
"4789","Cluster_4646_evm.TU.chromosome_8.1997","Cluster_4646","evm.TU.chromosome_8.1997","TP7",-0.5,0.2,"1"
"4790","Cluster_4646_evm.TU.chromosome_8.2007","Cluster_4646","evm.TU.chromosome_8.2007","TP7",1,0.948683298050514,"2"
"4791","Cluster_4646_evm.TU.chromosome_8.2174","Cluster_4646","evm.TU.chromosome_8.2174","TP7",-0.5,0.948683298050514,"3"
"4792","Cluster_4646_evm.TU.chromosome_8.2389","Cluster_4646","evm.TU.chromosome_8.2389","TP7",-1,0.774596669241483,"3"
"4793","Cluster_4646_evm.TU.chromosome_8.2627","Cluster_4646","evm.TU.chromosome_8.2627","TP7",-0.5,0.2,"1"
"4794","Cluster_4646_evm.TU.chromosome_8.2679","Cluster_4646","evm.TU.chromosome_8.2679","TP7",-0.5,0.948683298050514,"3"
"4795","Cluster_4646_evm.TU.chromosome_8.275","Cluster_4646","evm.TU.chromosome_8.275","TP7",-0.5,0.737864787372622,"3"
"4796","Cluster_4646_evm.TU.chromosome_8.2751","Cluster_4646","evm.TU.chromosome_8.2751","TP7",-1,0.8,"3"
"4797","Cluster_4646_evm.TU.chromosome_8.298","Cluster_4646","evm.TU.chromosome_8.298","TP7",0.5,0.2,"2"
"4798","Cluster_4646_evm.TU.chromosome_8.75","Cluster_4646","evm.TU.chromosome_8.75","TP7",-0.5,-0.2,"1"
"4799","Cluster_4646_evm.TU.chromosome_9.1040","Cluster_4646","evm.TU.chromosome_9.1040","TP7",0.5,0.948683298050514,"2"
"4800","Cluster_4646_evm.TU.chromosome_9.1065","Cluster_4646","evm.TU.chromosome_9.1065","TP7",-0.5,0.8,"3"
"4801","Cluster_4646_evm.TU.chromosome_9.118","Cluster_4646","evm.TU.chromosome_9.118","TP7",-1,0.6,"3"
"4802","Cluster_4646_evm.TU.chromosome_9.1194","Cluster_4646","evm.TU.chromosome_9.1194","TP7",0.5,-0.8,"2"
"4803","Cluster_4646_evm.TU.chromosome_9.1266","Cluster_4646","evm.TU.chromosome_9.1266","TP7",0.5,0.737864787372622,"2"
"4804","Cluster_4646_evm.TU.chromosome_9.1359","Cluster_4646","evm.TU.chromosome_9.1359","TP7",-0.5,0.8,"3"
"4805","Cluster_4646_evm.TU.chromosome_9.1474","Cluster_4646","evm.TU.chromosome_9.1474","TP7",-1,-0.4,"1"
"4806","Cluster_4646_evm.TU.chromosome_9.1723","Cluster_4646","evm.TU.chromosome_9.1723","TP7",-1,-0.4,"1"
"4807","Cluster_4646_evm.TU.chromosome_9.2102","Cluster_4646","evm.TU.chromosome_9.2102","TP7",-0.5,-0.6,"1"
"4808","Cluster_4646_evm.TU.chromosome_9.2112","Cluster_4646","evm.TU.chromosome_9.2112","TP7",-1,0.258198889747161,"3"
"4809","Cluster_4646_evm.TU.chromosome_9.2169","Cluster_4646","evm.TU.chromosome_9.2169","TP7",-0.5,0.4,"3"
"4810","Cluster_4646_evm.TU.chromosome_9.2385","Cluster_4646","evm.TU.chromosome_9.2385","TP7",-1,0.737864787372622,"3"
"4811","Cluster_4646_evm.TU.chromosome_9.2628","Cluster_4646","evm.TU.chromosome_9.2628","TP7",-0.5,-0.8,"1"
"4812","Cluster_4646_evm.TU.chromosome_9.2637","Cluster_4646","evm.TU.chromosome_9.2637","TP7",0.5,0.8,"2"
"4813","Cluster_4646_evm.TU.chromosome_9.352","Cluster_4646","evm.TU.chromosome_9.352","TP7",0.5,0.6,"2"
"4814","Cluster_4646_evm.TU.chromosome_9.415","Cluster_4646","evm.TU.chromosome_9.415","TP7",-0.866025403784439,-0.105409255338946,"3"
"4815","Cluster_4646_evm.TU.chromosome_9.457","Cluster_4646","evm.TU.chromosome_9.457","TP7",1,-0.6,"2"
"4816","Cluster_4646_evm.TU.chromosome_9.574","Cluster_4646","evm.TU.chromosome_9.574","TP7",1,0.4,"2"
"4817","Cluster_4646_evm.TU.chromosome_9.618","Cluster_4646","evm.TU.chromosome_9.618","TP7",0,-0.258198889747161,"1"
"4818","Cluster_4696_evm.TU.chromosome_1.1099","Cluster_4696","evm.TU.chromosome_1.1099","TP7",0.5,-0.8,"2"
"4819","Cluster_4696_evm.TU.chromosome_1.160","Cluster_4696","evm.TU.chromosome_1.160","TP7",-0.866025403784439,-0.948683298050514,"1"
"4820","Cluster_4696_evm.TU.chromosome_1.330","Cluster_4696","evm.TU.chromosome_1.330","TP7",0.866025403784439,0.316227766016838,"2"
"4821","Cluster_4696_evm.TU.chromosome_1.400","Cluster_4696","evm.TU.chromosome_1.400","TP7",-0.866025403784439,-0.948683298050514,"1"
"4822","Cluster_4696_evm.TU.chromosome_1.626","Cluster_4696","evm.TU.chromosome_1.626","TP7",0.5,-0.948683298050514,"2"
"4823","Cluster_4696_evm.TU.chromosome_10.1883","Cluster_4696","evm.TU.chromosome_10.1883","TP7",0.5,-0.737864787372622,"2"
"4824","Cluster_4696_evm.TU.chromosome_10.25","Cluster_4696","evm.TU.chromosome_10.25","TP7",0.5,-0.948683298050514,"2"
"4825","Cluster_4696_evm.TU.chromosome_10.2748","Cluster_4696","evm.TU.chromosome_10.2748","TP7",0.5,-0.737864787372622,"2"
"4826","Cluster_4696_evm.TU.chromosome_10.2923","Cluster_4696","evm.TU.chromosome_10.2923","TP7",-0.5,0.2,"1"
"4827","Cluster_4696_evm.TU.chromosome_10.377","Cluster_4696","evm.TU.chromosome_10.377","TP7",0.5,-0.737864787372622,"2"
"4828","Cluster_4696_evm.TU.chromosome_10.410","Cluster_4696","evm.TU.chromosome_10.410","TP7",-0.5,-0.948683298050514,"1"
"4829","Cluster_4696_evm.TU.chromosome_10.569","Cluster_4696","evm.TU.chromosome_10.569","TP7",-0.5,-0.948683298050514,"1"
"4830","Cluster_4696_evm.TU.chromosome_11.1103","Cluster_4696","evm.TU.chromosome_11.1103","TP7",0.5,-0.2,"2"
"4831","Cluster_4696_evm.TU.chromosome_11.1348","Cluster_4696","evm.TU.chromosome_11.1348","TP7",-0.5,-0.4,"1"
"4832","Cluster_4696_evm.TU.chromosome_11.2116","Cluster_4696","evm.TU.chromosome_11.2116","TP7",0.5,-0.737864787372622,"2"
"4833","Cluster_4696_evm.TU.chromosome_11.3163","Cluster_4696","evm.TU.chromosome_11.3163","TP7",-0.5,-0.737864787372622,"1"
"4834","Cluster_4696_evm.TU.chromosome_11.318","Cluster_4696","evm.TU.chromosome_11.318","TP7",-0.5,-0.4,"1"
"4835","Cluster_4696_evm.TU.chromosome_11.43","Cluster_4696","evm.TU.chromosome_11.43","TP7",-0.5,-0.737864787372622,"1"
"4836","Cluster_4696_evm.TU.chromosome_11.523","Cluster_4696","evm.TU.chromosome_11.523","TP7",0.5,-0.737864787372622,"2"
"4837","Cluster_4696_evm.TU.chromosome_11.654","Cluster_4696","evm.TU.chromosome_11.654","TP7",-0.866025403784439,-0.258198889747161,"1"
"4838","Cluster_4696_evm.TU.chromosome_11.841","Cluster_4696","evm.TU.chromosome_11.841","TP7",-0.5,-0.8,"1"
"4839","Cluster_4696_evm.TU.chromosome_12.1153","Cluster_4696","evm.TU.chromosome_12.1153","TP7",-0.5,-0.737864787372622,"1"
"4840","Cluster_4696_evm.TU.chromosome_12.1309","Cluster_4696","evm.TU.chromosome_12.1309","TP7",0.866025403784439,-0.2,"2"
"4841","Cluster_4696_evm.TU.chromosome_12.1310","Cluster_4696","evm.TU.chromosome_12.1310","TP7",0.866025403784439,-0.2,"2"
"4842","Cluster_4696_evm.TU.chromosome_12.1946","Cluster_4696","evm.TU.chromosome_12.1946","TP7",0.5,-0.737864787372622,"2"
"4843","Cluster_4696_evm.TU.chromosome_12.2400","Cluster_4696","evm.TU.chromosome_12.2400","TP7",0.5,0.4,"2"
"4844","Cluster_4696_evm.TU.chromosome_12.2532","Cluster_4696","evm.TU.chromosome_12.2532","TP7",-0.5,-0.948683298050514,"1"
"4845","Cluster_4696_evm.TU.chromosome_12.2979","Cluster_4696","evm.TU.chromosome_12.2979","TP7",-0.5,0.4,"3"
"4846","Cluster_4696_evm.TU.chromosome_12.3079","Cluster_4696","evm.TU.chromosome_12.3079","TP7",-0.5,-0.2,"1"
"4847","Cluster_4696_evm.TU.chromosome_12.3292","Cluster_4696","evm.TU.chromosome_12.3292","TP7",-0.5,-0.4,"1"
"4848","Cluster_4696_evm.TU.chromosome_12.3704","Cluster_4696","evm.TU.chromosome_12.3704","TP7",0.5,-0.258198889747161,"2"
"4849","Cluster_4696_evm.TU.chromosome_12.397","Cluster_4696","evm.TU.chromosome_12.397","TP7",-0.5,-0.2,"1"
"4850","Cluster_4696_evm.TU.chromosome_12.617","Cluster_4696","evm.TU.chromosome_12.617","TP7",-0.866025403784439,-0.210818510677892,"1"
"4851","Cluster_4696_evm.TU.chromosome_13.1115","Cluster_4696","evm.TU.chromosome_13.1115","TP7",-0.5,-0.948683298050514,"1"
"4852","Cluster_4696_evm.TU.chromosome_13.1346","Cluster_4696","evm.TU.chromosome_13.1346","TP7",-0.866025403784439,-0.737864787372622,"1"
"4853","Cluster_4696_evm.TU.chromosome_13.2228","Cluster_4696","evm.TU.chromosome_13.2228","TP7",-1,0.632455532033676,"3"
"4854","Cluster_4696_evm.TU.chromosome_13.2416","Cluster_4696","evm.TU.chromosome_13.2416","TP7",0.866025403784439,-0.948683298050514,"2"
"4855","Cluster_4696_evm.TU.chromosome_13.2474","Cluster_4696","evm.TU.chromosome_13.2474","TP7",-0.5,-0.737864787372622,"1"
"4856","Cluster_4696_evm.TU.chromosome_13.2475","Cluster_4696","evm.TU.chromosome_13.2475","TP7",0.5,-0.948683298050514,"2"
"4857","Cluster_4696_evm.TU.chromosome_13.2525","Cluster_4696","evm.TU.chromosome_13.2525","TP7",-0.866025403784439,-0.948683298050514,"1"
"4858","Cluster_4696_evm.TU.chromosome_13.2822","Cluster_4696","evm.TU.chromosome_13.2822","TP7",-0.866025403784439,-0.774596669241483,"1"
"4859","Cluster_4696_evm.TU.chromosome_13.3515","Cluster_4696","evm.TU.chromosome_13.3515","TP7",-0.5,-0.737864787372622,"1"
"4860","Cluster_4696_evm.TU.chromosome_13.3674","Cluster_4696","evm.TU.chromosome_13.3674","TP7",0.5,-0.4,"2"
"4861","Cluster_4696_evm.TU.chromosome_13.3844","Cluster_4696","evm.TU.chromosome_13.3844","TP7",0.5,-0.4,"2"
"4862","Cluster_4696_evm.TU.chromosome_13.435","Cluster_4696","evm.TU.chromosome_13.435","TP7",-0.5,0.105409255338946,"1"
"4863","Cluster_4696_evm.TU.chromosome_13.610","Cluster_4696","evm.TU.chromosome_13.610","TP7",-0.5,-0.737864787372622,"1"
"4864","Cluster_4696_evm.TU.chromosome_13.617","Cluster_4696","evm.TU.chromosome_13.617","TP7",0.5,-0.4,"2"
"4865","Cluster_4696_evm.TU.chromosome_14.1202","Cluster_4696","evm.TU.chromosome_14.1202","TP7",0.5,-0.948683298050514,"2"
"4866","Cluster_4696_evm.TU.chromosome_14.1318","Cluster_4696","evm.TU.chromosome_14.1318","TP7",0.866025403784439,-0.8,"2"
"4867","Cluster_4696_evm.TU.chromosome_14.2337","Cluster_4696","evm.TU.chromosome_14.2337","TP7",-0.5,0,"1"
"4868","Cluster_4696_evm.TU.chromosome_14.294","Cluster_4696","evm.TU.chromosome_14.294","TP7",-0.5,-0.4,"1"
"4869","Cluster_4696_evm.TU.chromosome_14.3117","Cluster_4696","evm.TU.chromosome_14.3117","TP7",0.866025403784439,0.4,"2"
"4870","Cluster_4696_evm.TU.chromosome_14.3169","Cluster_4696","evm.TU.chromosome_14.3169","TP7",0.866025403784439,-0.2,"2"
"4871","Cluster_4696_evm.TU.chromosome_14.4107","Cluster_4696","evm.TU.chromosome_14.4107","TP7",-0.5,-0.737864787372622,"1"
"4872","Cluster_4696_evm.TU.chromosome_14.4701","Cluster_4696","evm.TU.chromosome_14.4701","TP7",0.5,-0.105409255338946,"2"
"4873","Cluster_4696_evm.TU.chromosome_14.4966","Cluster_4696","evm.TU.chromosome_14.4966","TP7",0.5,0.258198889747161,"2"
"4874","Cluster_4696_evm.TU.chromosome_14.4976","Cluster_4696","evm.TU.chromosome_14.4976","TP7",-0.5,-0.737864787372622,"1"
"4875","Cluster_4696_evm.TU.chromosome_14.5420","Cluster_4696","evm.TU.chromosome_14.5420","TP7",-0.5,-0.948683298050514,"1"
"4876","Cluster_4696_evm.TU.chromosome_14.5978","Cluster_4696","evm.TU.chromosome_14.5978","TP7",-0.5,0.105409255338946,"1"
"4877","Cluster_4696_evm.TU.chromosome_14.6734","Cluster_4696","evm.TU.chromosome_14.6734","TP7",0.5,0.2,"2"
"4878","Cluster_4696_evm.TU.chromosome_14.7235","Cluster_4696","evm.TU.chromosome_14.7235","TP7",0.5,-0.737864787372622,"2"
"4879","Cluster_4696_evm.TU.chromosome_14.7310","Cluster_4696","evm.TU.chromosome_14.7310","TP7",-0.5,-0.948683298050514,"1"
"4880","Cluster_4696_evm.TU.chromosome_14.7358","Cluster_4696","evm.TU.chromosome_14.7358","TP7",-0.5,-0.948683298050514,"1"
"4881","Cluster_4696_evm.TU.chromosome_14.968","Cluster_4696","evm.TU.chromosome_14.968","TP7",-0.866025403784439,-0.774596669241483,"1"
"4882","Cluster_4696_evm.TU.chromosome_2.86","Cluster_4696","evm.TU.chromosome_2.86","TP7",0.5,-0.948683298050514,"2"
"4883","Cluster_4696_evm.TU.chromosome_3.1082","Cluster_4696","evm.TU.chromosome_3.1082","TP7",0.5,-0.948683298050514,"2"
"4884","Cluster_4696_evm.TU.chromosome_3.1752","Cluster_4696","evm.TU.chromosome_3.1752","TP7",0.5,-0.737864787372622,"2"
"4885","Cluster_4696_evm.TU.chromosome_3.596","Cluster_4696","evm.TU.chromosome_3.596","TP7",0.5,-1,"2"
"4886","Cluster_4696_evm.TU.chromosome_3.683","Cluster_4696","evm.TU.chromosome_3.683","TP7",0.5,-0.737864787372622,"2"
"4887","Cluster_4696_evm.TU.chromosome_3.939","Cluster_4696","evm.TU.chromosome_3.939","TP7",0.5,-0.6,"2"
"4888","Cluster_4696_evm.TU.chromosome_4.1389","Cluster_4696","evm.TU.chromosome_4.1389","TP7",0.5,-0.737864787372622,"2"
"4889","Cluster_4696_evm.TU.chromosome_4.212","Cluster_4696","evm.TU.chromosome_4.212","TP7",1,-0.737864787372622,"2"
"4890","Cluster_4696_evm.TU.chromosome_4.2401","Cluster_4696","evm.TU.chromosome_4.2401","TP7",-0.5,-0.948683298050514,"1"
"4891","Cluster_4696_evm.TU.chromosome_4.43","Cluster_4696","evm.TU.chromosome_4.43","TP7",-0.5,-0.737864787372622,"1"
"4892","Cluster_4696_evm.TU.chromosome_4.527","Cluster_4696","evm.TU.chromosome_4.527","TP7",-0.866025403784439,-0.948683298050514,"1"
"4893","Cluster_4696_evm.TU.chromosome_4.718","Cluster_4696","evm.TU.chromosome_4.718","TP7",-0.5,-0.737864787372622,"1"
"4894","Cluster_4696_evm.TU.chromosome_5.1232","Cluster_4696","evm.TU.chromosome_5.1232","TP7",-0.5,-0.737864787372622,"1"
"4895","Cluster_4696_evm.TU.chromosome_5.1295","Cluster_4696","evm.TU.chromosome_5.1295","TP7",0.5,-0.948683298050514,"2"
"4896","Cluster_4696_evm.TU.chromosome_5.17","Cluster_4696","evm.TU.chromosome_5.17","TP7",0.5,-0.948683298050514,"2"
"4897","Cluster_4696_evm.TU.chromosome_5.2006","Cluster_4696","evm.TU.chromosome_5.2006","TP7",0.5,-0.4,"2"
"4898","Cluster_4696_evm.TU.chromosome_6.1735","Cluster_4696","evm.TU.chromosome_6.1735","TP7",0.866025403784439,-0.737864787372622,"2"
"4899","Cluster_4696_evm.TU.chromosome_6.1739","Cluster_4696","evm.TU.chromosome_6.1739","TP7",-0.5,-0.948683298050514,"1"
"4900","Cluster_4696_evm.TU.chromosome_6.272","Cluster_4696","evm.TU.chromosome_6.272","TP7",-0.5,-0.210818510677892,"1"
"4901","Cluster_4696_evm.TU.chromosome_6.2846","Cluster_4696","evm.TU.chromosome_6.2846","TP7",-0.5,-0.948683298050514,"1"
"4902","Cluster_4696_evm.TU.chromosome_6.501","Cluster_4696","evm.TU.chromosome_6.501","TP7",0.5,-0.8,"2"
"4903","Cluster_4696_evm.TU.chromosome_6.787","Cluster_4696","evm.TU.chromosome_6.787","TP7",0.5,-0.258198889747161,"2"
"4904","Cluster_4696_evm.TU.chromosome_7.1041","Cluster_4696","evm.TU.chromosome_7.1041","TP7",-0.5,-0.737864787372622,"1"
"4905","Cluster_4696_evm.TU.chromosome_7.1297","Cluster_4696","evm.TU.chromosome_7.1297","TP7",-0.866025403784439,-0.948683298050514,"1"
"4906","Cluster_4696_evm.TU.chromosome_7.1343","Cluster_4696","evm.TU.chromosome_7.1343","TP7",-0.5,-0.4,"1"
"4907","Cluster_4696_evm.TU.chromosome_7.1370","Cluster_4696","evm.TU.chromosome_7.1370","TP7",-0.5,0.2,"1"
"4908","Cluster_4696_evm.TU.chromosome_7.2258","Cluster_4696","evm.TU.chromosome_7.2258","TP7",0.866025403784439,-0.258198889747161,"2"
"4909","Cluster_4696_evm.TU.chromosome_7.2532","Cluster_4696","evm.TU.chromosome_7.2532","TP7",-0.5,-0.2,"1"
"4910","Cluster_4696_evm.TU.chromosome_7.2815","Cluster_4696","evm.TU.chromosome_7.2815","TP7",0.5,-0.737864787372622,"2"
"4911","Cluster_4696_evm.TU.chromosome_7.625","Cluster_4696","evm.TU.chromosome_7.625","TP7",0.5,-0.737864787372622,"2"
"4912","Cluster_4696_evm.TU.chromosome_8.1491","Cluster_4696","evm.TU.chromosome_8.1491","TP7",-1,-0.774596669241483,"1"
"4913","Cluster_4696_evm.TU.chromosome_8.1766","Cluster_4696","evm.TU.chromosome_8.1766","TP7",0.866025403784439,-0.948683298050514,"2"
"4914","Cluster_4696_evm.TU.chromosome_8.2025","Cluster_4696","evm.TU.chromosome_8.2025","TP7",0.5,-0.258198889747161,"2"
"4915","Cluster_4696_evm.TU.chromosome_8.2656","Cluster_4696","evm.TU.chromosome_8.2656","TP7",-0.5,-0.737864787372622,"1"
"4916","Cluster_4696_evm.TU.chromosome_8.720","Cluster_4696","evm.TU.chromosome_8.720","TP7",-0.5,-0.948683298050514,"1"
"4917","Cluster_4696_evm.TU.chromosome_9.1090","Cluster_4696","evm.TU.chromosome_9.1090","TP7",0.5,-0.2,"2"
"4918","Cluster_4696_evm.TU.chromosome_9.1126","Cluster_4696","evm.TU.chromosome_9.1126","TP7",0.5,-0.948683298050514,"2"
"4919","Cluster_4696_evm.TU.chromosome_9.128","Cluster_4696","evm.TU.chromosome_9.128","TP7",0.5,-0.737864787372622,"2"
"4920","Cluster_4696_evm.TU.chromosome_9.2129","Cluster_4696","evm.TU.chromosome_9.2129","TP7",0.5,-0.948683298050514,"2"
"4921","Cluster_4696_evm.TU.chromosome_9.2447","Cluster_4696","evm.TU.chromosome_9.2447","TP7",0.866025403784439,-0.210818510677892,"2"
"4922","Cluster_4754_evm.TU.chromosome_1.564","Cluster_4754","evm.TU.chromosome_1.564","TP7",0.5,-0.210818510677892,"2"
"4923","Cluster_4754_evm.TU.chromosome_1.678","Cluster_4754","evm.TU.chromosome_1.678","TP7",0.5,-0.4,"2"
"4924","Cluster_4754_evm.TU.chromosome_10.2043","Cluster_4754","evm.TU.chromosome_10.2043","TP7",0.5,-0.210818510677892,"2"
"4925","Cluster_4754_evm.TU.chromosome_10.2226","Cluster_4754","evm.TU.chromosome_10.2226","TP7",0.5,-0.210818510677892,"2"
"4926","Cluster_4754_evm.TU.chromosome_10.2414","Cluster_4754","evm.TU.chromosome_10.2414","TP7",-0.866025403784439,-0.632455532033676,"1"
"4927","Cluster_4754_evm.TU.chromosome_10.449","Cluster_4754","evm.TU.chromosome_10.449","TP7",-0.5,0.6,"3"
"4928","Cluster_4754_evm.TU.chromosome_11.1524","Cluster_4754","evm.TU.chromosome_11.1524","TP7",0.5,-0.210818510677892,"2"
"4929","Cluster_4754_evm.TU.chromosome_11.2105","Cluster_4754","evm.TU.chromosome_11.2105","TP7",0.5,-0.8,"2"
"4930","Cluster_4754_evm.TU.chromosome_11.2121","Cluster_4754","evm.TU.chromosome_11.2121","TP7",-0.5,-0.4,"1"
"4931","Cluster_4754_evm.TU.chromosome_11.2177","Cluster_4754","evm.TU.chromosome_11.2177","TP7",-0.866025403784439,-0.774596669241483,"1"
"4932","Cluster_4754_evm.TU.chromosome_11.2922","Cluster_4754","evm.TU.chromosome_11.2922","TP7",-0.5,-0.210818510677892,"1"
"4933","Cluster_4754_evm.TU.chromosome_11.484","Cluster_4754","evm.TU.chromosome_11.484","TP7",0.5,0.6,"2"
"4934","Cluster_4754_evm.TU.chromosome_12.1041","Cluster_4754","evm.TU.chromosome_12.1041","TP7",0.5,-0.4,"2"
"4935","Cluster_4754_evm.TU.chromosome_12.2538","Cluster_4754","evm.TU.chromosome_12.2538","TP7",-0.5,-0.632455532033676,"1"
"4936","Cluster_4754_evm.TU.chromosome_12.2674","Cluster_4754","evm.TU.chromosome_12.2674","TP7",0.5,-0.632455532033676,"2"
"4937","Cluster_4754_evm.TU.chromosome_12.3721","Cluster_4754","evm.TU.chromosome_12.3721","TP7",0.5,-0.210818510677892,"2"
"4938","Cluster_4754_evm.TU.chromosome_12.4054","Cluster_4754","evm.TU.chromosome_12.4054","TP7",-0.5,0.4,"3"
"4939","Cluster_4754_evm.TU.chromosome_13.1410","Cluster_4754","evm.TU.chromosome_13.1410","TP7",0.5,-0.4,"2"
"4940","Cluster_4754_evm.TU.chromosome_13.1689","Cluster_4754","evm.TU.chromosome_13.1689","TP7",-0.5,0.8,"3"
"4941","Cluster_4754_evm.TU.chromosome_13.2682","Cluster_4754","evm.TU.chromosome_13.2682","TP7",0.5,1,"2"
"4942","Cluster_4754_evm.TU.chromosome_13.3254","Cluster_4754","evm.TU.chromosome_13.3254","TP7",-0.5,-0.8,"1"
"4943","Cluster_4754_evm.TU.chromosome_13.3265","Cluster_4754","evm.TU.chromosome_13.3265","TP7",1,-0.4,"2"
"4944","Cluster_4754_evm.TU.chromosome_13.3457","Cluster_4754","evm.TU.chromosome_13.3457","TP7",-0.5,0.4,"3"
"4945","Cluster_4754_evm.TU.chromosome_13.3992","Cluster_4754","evm.TU.chromosome_13.3992","TP7",0.5,-0.4,"2"
"4946","Cluster_4754_evm.TU.chromosome_14.2904","Cluster_4754","evm.TU.chromosome_14.2904","TP7",-0.5,-0.210818510677892,"1"
"4947","Cluster_4754_evm.TU.chromosome_14.393","Cluster_4754","evm.TU.chromosome_14.393","TP7",-0.5,-0.632455532033676,"1"
"4948","Cluster_4754_evm.TU.chromosome_14.398","Cluster_4754","evm.TU.chromosome_14.398","TP7",-0.5,0.8,"3"
"4949","Cluster_4754_evm.TU.chromosome_14.4765","Cluster_4754","evm.TU.chromosome_14.4765","TP7",-0.5,-0.632455532033676,"1"
"4950","Cluster_4754_evm.TU.chromosome_14.4953","Cluster_4754","evm.TU.chromosome_14.4953","TP7",-0.5,0.258198889747161,"1"
"4951","Cluster_4754_evm.TU.chromosome_14.502","Cluster_4754","evm.TU.chromosome_14.502","TP7",-0.5,-0.632455532033676,"1"
"4952","Cluster_4754_evm.TU.chromosome_14.563","Cluster_4754","evm.TU.chromosome_14.563","TP7",-0.5,-0.210818510677892,"1"
"4953","Cluster_4754_evm.TU.chromosome_14.6432","Cluster_4754","evm.TU.chromosome_14.6432","TP7",0.5,-0.210818510677892,"2"
"4954","Cluster_4754_evm.TU.chromosome_14.65","Cluster_4754","evm.TU.chromosome_14.65","TP7",0.5,0.8,"2"
"4955","Cluster_4754_evm.TU.chromosome_14.7289","Cluster_4754","evm.TU.chromosome_14.7289","TP7",0.5,-1,"2"
"4956","Cluster_4754_evm.TU.chromosome_14.7290","Cluster_4754","evm.TU.chromosome_14.7290","TP7",0.866025403784439,-0.737864787372622,"2"
"4957","Cluster_4754_evm.TU.chromosome_3.121","Cluster_4754","evm.TU.chromosome_3.121","TP7",-0.5,-0.8,"1"
"4958","Cluster_4754_evm.TU.chromosome_3.148","Cluster_4754","evm.TU.chromosome_3.148","TP7",0.5,0.737864787372622,"2"
"4959","Cluster_4754_evm.TU.chromosome_3.170","Cluster_4754","evm.TU.chromosome_3.170","TP7",0.866025403784439,-0.632455532033676,"2"
"4960","Cluster_4754_evm.TU.chromosome_3.1911","Cluster_4754","evm.TU.chromosome_3.1911","TP7",-0.5,-0.210818510677892,"1"
"4961","Cluster_4754_evm.TU.chromosome_3.360","Cluster_4754","evm.TU.chromosome_3.360","TP7",0.5,-0.8,"2"
"4962","Cluster_4754_evm.TU.chromosome_4.1053","Cluster_4754","evm.TU.chromosome_4.1053","TP7",-0.866025403784439,-0.737864787372622,"1"
"4963","Cluster_4754_evm.TU.chromosome_4.1484","Cluster_4754","evm.TU.chromosome_4.1484","TP7",0.5,-0.210818510677892,"2"
"4964","Cluster_4754_evm.TU.chromosome_4.2284","Cluster_4754","evm.TU.chromosome_4.2284","TP7",0.5,0.8,"2"
"4965","Cluster_4754_evm.TU.chromosome_4.793","Cluster_4754","evm.TU.chromosome_4.793","TP7",-0.5,-0.774596669241483,"1"
"4966","Cluster_4754_evm.TU.chromosome_5.1367","Cluster_4754","evm.TU.chromosome_5.1367","TP7",-0.5,-0.2,"1"
"4967","Cluster_4754_evm.TU.chromosome_5.1647","Cluster_4754","evm.TU.chromosome_5.1647","TP7",0.5,-0.632455532033676,"2"
"4968","Cluster_4754_evm.TU.chromosome_5.2290","Cluster_4754","evm.TU.chromosome_5.2290","TP7",-0.5,-0.210818510677892,"1"
"4969","Cluster_4754_evm.TU.chromosome_5.2535","Cluster_4754","evm.TU.chromosome_5.2535","TP7",0.5,-0.632455532033676,"2"
"4970","Cluster_4754_evm.TU.chromosome_5.2600","Cluster_4754","evm.TU.chromosome_5.2600","TP7",-0.5,-0.632455532033676,"1"
"4971","Cluster_4754_evm.TU.chromosome_5.41","Cluster_4754","evm.TU.chromosome_5.41","TP7",0.866025403784439,-0.258198889747161,"2"
"4972","Cluster_4754_evm.TU.chromosome_5.775","Cluster_4754","evm.TU.chromosome_5.775","TP7",0.5,0,"2"
"4973","Cluster_4754_evm.TU.chromosome_6.1226","Cluster_4754","evm.TU.chromosome_6.1226","TP7",0.866025403784439,-0.632455532033676,"2"
"4974","Cluster_4754_evm.TU.chromosome_6.1268","Cluster_4754","evm.TU.chromosome_6.1268","TP7",0.5,-0.774596669241483,"2"
"4975","Cluster_4754_evm.TU.chromosome_6.2663","Cluster_4754","evm.TU.chromosome_6.2663","TP7",-0.5,-0.8,"1"
"4976","Cluster_4754_evm.TU.chromosome_6.2666","Cluster_4754","evm.TU.chromosome_6.2666","TP7",0.5,-0.8,"2"
"4977","Cluster_4754_evm.TU.chromosome_6.2667","Cluster_4754","evm.TU.chromosome_6.2667","TP7",-0.5,-0.632455532033676,"1"
"4978","Cluster_4754_evm.TU.chromosome_6.2698","Cluster_4754","evm.TU.chromosome_6.2698","TP7",-0.5,0.8,"3"
"4979","Cluster_4754_evm.TU.chromosome_6.2726","Cluster_4754","evm.TU.chromosome_6.2726","TP7",0.5,0.8,"2"
"4980","Cluster_4754_evm.TU.chromosome_6.2727","Cluster_4754","evm.TU.chromosome_6.2727","TP7",0.5,-0.4,"2"
"4981","Cluster_4754_evm.TU.chromosome_6.676","Cluster_4754","evm.TU.chromosome_6.676","TP7",-0.5,0.8,"3"
"4982","Cluster_4754_evm.TU.chromosome_7.1374","Cluster_4754","evm.TU.chromosome_7.1374","TP7",-0.5,-0.4,"1"
"4983","Cluster_4754_evm.TU.chromosome_7.2054","Cluster_4754","evm.TU.chromosome_7.2054","TP7",-0.5,-0.2,"1"
"4984","Cluster_4754_evm.TU.chromosome_7.2669","Cluster_4754","evm.TU.chromosome_7.2669","TP7",0.5,-0.8,"2"
"4985","Cluster_4754_evm.TU.chromosome_7.466","Cluster_4754","evm.TU.chromosome_7.466","TP7",0.5,0.8,"2"
"4986","Cluster_4754_evm.TU.chromosome_7.582","Cluster_4754","evm.TU.chromosome_7.582","TP7",-0.5,0.6,"3"
"4987","Cluster_4754_evm.TU.chromosome_8.2202","Cluster_4754","evm.TU.chromosome_8.2202","TP7",-0.5,-0.4,"1"
"4988","Cluster_4754_evm.TU.chromosome_8.258","Cluster_4754","evm.TU.chromosome_8.258","TP7",-0.5,-0.737864787372622,"1"
"4989","Cluster_4754_evm.TU.chromosome_8.342","Cluster_4754","evm.TU.chromosome_8.342","TP7",0.5,-0.210818510677892,"2"
"4990","Cluster_4754_evm.TU.chromosome_8.358","Cluster_4754","evm.TU.chromosome_8.358","TP7",-0.5,-0.210818510677892,"1"
"4991","Cluster_4754_evm.TU.chromosome_8.365","Cluster_4754","evm.TU.chromosome_8.365","TP7",0.866025403784439,-0.4,"2"
"4992","Cluster_4754_evm.TU.chromosome_8.393","Cluster_4754","evm.TU.chromosome_8.393","TP7",-0.5,0.4,"3"
"4993","Cluster_4754_evm.TU.chromosome_8.466","Cluster_4754","evm.TU.chromosome_8.466","TP7",-0.866025403784439,0.258198889747161,"3"
"4994","Cluster_4754_evm.TU.chromosome_9.1282","Cluster_4754","evm.TU.chromosome_9.1282","TP7",0.5,-0.210818510677892,"2"
"4995","Cluster_4754_evm.TU.chromosome_9.1776","Cluster_4754","evm.TU.chromosome_9.1776","TP7",0.5,-0.4,"2"
"4996","Cluster_4754_evm.TU.chromosome_9.1959","Cluster_4754","evm.TU.chromosome_9.1959","TP7",0.5,-0.774596669241483,"2"
"4997","Cluster_4754_evm.TU.chromosome_9.2373","Cluster_4754","evm.TU.chromosome_9.2373","TP7",0.5,-0.632455532033676,"2"
"4998","Cluster_4754_evm.TU.chromosome_9.2820","Cluster_4754","evm.TU.chromosome_9.2820","TP7",-0.5,-0.210818510677892,"1"
"4999","Cluster_4754_evm.TU.chromosome_9.307","Cluster_4754","evm.TU.chromosome_9.307","TP7",-0.5,-0.210818510677892,"1"
"5000","Cluster_4754_evm.TU.chromosome_9.703","Cluster_4754","evm.TU.chromosome_9.703","TP7",0.5,0.8,"2"
"5001","Cluster_4754_evm.TU.chromosome_9.782","Cluster_4754","evm.TU.chromosome_9.782","TP7",-0.5,-0.8,"1"
"5002","Cluster_4806_evm.TU.chromosome_1.902","Cluster_4806","evm.TU.chromosome_1.902","TP7",-1,0.737864787372622,"3"
"5003","Cluster_4806_evm.TU.chromosome_10.1947","Cluster_4806","evm.TU.chromosome_10.1947","TP7",0,0.948683298050514,"3"
"5004","Cluster_4806_evm.TU.chromosome_10.1959","Cluster_4806","evm.TU.chromosome_10.1959","TP7",-0.866025403784439,0.948683298050514,"3"
"5005","Cluster_4806_evm.TU.chromosome_10.2971","Cluster_4806","evm.TU.chromosome_10.2971","TP7",0,0.948683298050514,"3"
"5006","Cluster_4806_evm.TU.chromosome_12.798","Cluster_4806","evm.TU.chromosome_12.798","TP7",-0.866025403784439,0.948683298050514,"3"
"5007","Cluster_4806_evm.TU.chromosome_13.2534","Cluster_4806","evm.TU.chromosome_13.2534","TP7",-1,0.258198889747161,"3"
"5008","Cluster_4806_evm.TU.chromosome_13.2619","Cluster_4806","evm.TU.chromosome_13.2619","TP7",-1,0.737864787372622,"3"
"5009","Cluster_4806_evm.TU.chromosome_14.2081","Cluster_4806","evm.TU.chromosome_14.2081","TP7",-1,0.774596669241483,"3"
"5010","Cluster_4806_evm.TU.chromosome_2.496","Cluster_4806","evm.TU.chromosome_2.496","TP7",-0.866025403784439,0.737864787372622,"3"
"5011","Cluster_4806_evm.TU.chromosome_3.548","Cluster_4806","evm.TU.chromosome_3.548","TP7",-0.866025403784439,-0.316227766016838,"1"
"5012","Cluster_4806_evm.TU.chromosome_8.1570","Cluster_4806","evm.TU.chromosome_8.1570","TP7",0,0.258198889747161,"1"
"5013","Cluster_4806_evm.TU.chromosome_8.1572","Cluster_4806","evm.TU.chromosome_8.1572","TP7",0,-0.258198889747161,"1"
"5014","Cluster_4831_evm.TU.chromosome_1.1017","Cluster_4831","evm.TU.chromosome_1.1017","TP7",0.5,-0.632455532033676,"2"
"5015","Cluster_4831_evm.TU.chromosome_1.1046","Cluster_4831","evm.TU.chromosome_1.1046","TP7",1,0.4,"2"
"5016","Cluster_4831_evm.TU.chromosome_1.1372","Cluster_4831","evm.TU.chromosome_1.1372","TP7",0.866025403784439,-0.4,"2"
"5017","Cluster_4831_evm.TU.chromosome_1.14","Cluster_4831","evm.TU.chromosome_1.14","TP7",0.5,0.6,"2"
"5018","Cluster_4831_evm.TU.chromosome_1.1596","Cluster_4831","evm.TU.chromosome_1.1596","TP7",0.866025403784439,0.2,"2"
"5019","Cluster_4831_evm.TU.chromosome_1.296","Cluster_4831","evm.TU.chromosome_1.296","TP7",1,-0.8,"2"
"5020","Cluster_4831_evm.TU.chromosome_1.314","Cluster_4831","evm.TU.chromosome_1.314","TP7",1,0.8,"2"
"5021","Cluster_4831_evm.TU.chromosome_1.336","Cluster_4831","evm.TU.chromosome_1.336","TP7",-0.5,0.258198889747161,"1"
"5022","Cluster_4831_evm.TU.chromosome_1.53","Cluster_4831","evm.TU.chromosome_1.53","TP7",1,0.737864787372622,"2"
"5023","Cluster_4831_evm.TU.chromosome_1.607","Cluster_4831","evm.TU.chromosome_1.607","TP7",-1,-0.2,"3"
"5024","Cluster_4831_evm.TU.chromosome_1.689","Cluster_4831","evm.TU.chromosome_1.689","TP7",1,-1,"2"
"5025","Cluster_4831_evm.TU.chromosome_1.848","Cluster_4831","evm.TU.chromosome_1.848","TP7",-0.5,0.737864787372622,"3"
"5026","Cluster_4831_evm.TU.chromosome_1.959","Cluster_4831","evm.TU.chromosome_1.959","TP7",0.5,0.737864787372622,"2"
"5027","Cluster_4831_evm.TU.chromosome_10.1263","Cluster_4831","evm.TU.chromosome_10.1263","TP7",0.5,0.6,"2"
"5028","Cluster_4831_evm.TU.chromosome_10.1441","Cluster_4831","evm.TU.chromosome_10.1441","TP7",1,0.737864787372622,"2"
"5029","Cluster_4831_evm.TU.chromosome_10.1525","Cluster_4831","evm.TU.chromosome_10.1525","TP7",1,0.2,"2"
"5030","Cluster_4831_evm.TU.chromosome_10.1596","Cluster_4831","evm.TU.chromosome_10.1596","TP7",0.5,0.4,"2"
"5031","Cluster_4831_evm.TU.chromosome_10.1599","Cluster_4831","evm.TU.chromosome_10.1599","TP7",-0.5,0.8,"3"
"5032","Cluster_4831_evm.TU.chromosome_10.1638","Cluster_4831","evm.TU.chromosome_10.1638","TP7",-1,0.8,"3"
"5033","Cluster_4831_evm.TU.chromosome_10.1706","Cluster_4831","evm.TU.chromosome_10.1706","TP7",1,-0.105409255338946,"2"
"5034","Cluster_4831_evm.TU.chromosome_10.1730","Cluster_4831","evm.TU.chromosome_10.1730","TP7",-1,0.737864787372622,"3"
"5035","Cluster_4831_evm.TU.chromosome_10.1962","Cluster_4831","evm.TU.chromosome_10.1962","TP7",0,0.774596669241483,"1"
"5036","Cluster_4831_evm.TU.chromosome_10.2039","Cluster_4831","evm.TU.chromosome_10.2039","TP7",1,0.258198889747161,"2"
"5037","Cluster_4831_evm.TU.chromosome_10.2127","Cluster_4831","evm.TU.chromosome_10.2127","TP7",-1,-0.8,"1"
"5038","Cluster_4831_evm.TU.chromosome_10.2175","Cluster_4831","evm.TU.chromosome_10.2175","TP7",1,0.737864787372622,"2"
"5039","Cluster_4831_evm.TU.chromosome_10.2230","Cluster_4831","evm.TU.chromosome_10.2230","TP7",0.5,0,"2"
"5040","Cluster_4831_evm.TU.chromosome_10.2362","Cluster_4831","evm.TU.chromosome_10.2362","TP7",0.5,-0.6,"2"
"5041","Cluster_4831_evm.TU.chromosome_10.2429","Cluster_4831","evm.TU.chromosome_10.2429","TP7",-1,-0.6,"1"
"5042","Cluster_4831_evm.TU.chromosome_10.2504","Cluster_4831","evm.TU.chromosome_10.2504","TP7",1,0.4,"2"
"5043","Cluster_4831_evm.TU.chromosome_10.255","Cluster_4831","evm.TU.chromosome_10.255","TP7",1,0.6,"2"
"5044","Cluster_4831_evm.TU.chromosome_10.2553","Cluster_4831","evm.TU.chromosome_10.2553","TP7",1,-0.6,"2"
"5045","Cluster_4831_evm.TU.chromosome_10.2566","Cluster_4831","evm.TU.chromosome_10.2566","TP7",1,0.8,"2"
"5046","Cluster_4831_evm.TU.chromosome_10.2604","Cluster_4831","evm.TU.chromosome_10.2604","TP7",1,0.8,"2"
"5047","Cluster_4831_evm.TU.chromosome_10.2638","Cluster_4831","evm.TU.chromosome_10.2638","TP7",1,0.948683298050514,"2"
"5048","Cluster_4831_evm.TU.chromosome_10.2801","Cluster_4831","evm.TU.chromosome_10.2801","TP7",0.5,-0.2,"2"
"5049","Cluster_4831_evm.TU.chromosome_10.2807","Cluster_4831","evm.TU.chromosome_10.2807","TP7",-0.5,0.948683298050514,"3"
"5050","Cluster_4831_evm.TU.chromosome_10.2829","Cluster_4831","evm.TU.chromosome_10.2829","TP7",1,0.4,"2"
"5051","Cluster_4831_evm.TU.chromosome_10.3096","Cluster_4831","evm.TU.chromosome_10.3096","TP7",0.5,0.948683298050514,"2"
"5052","Cluster_4831_evm.TU.chromosome_10.3147","Cluster_4831","evm.TU.chromosome_10.3147","TP7",0.5,-0.2,"2"
"5053","Cluster_4831_evm.TU.chromosome_10.3195","Cluster_4831","evm.TU.chromosome_10.3195","TP7",0.5,0,"2"
"5054","Cluster_4831_evm.TU.chromosome_10.3224","Cluster_4831","evm.TU.chromosome_10.3224","TP7",-0.5,0.8,"3"
"5055","Cluster_4831_evm.TU.chromosome_10.452","Cluster_4831","evm.TU.chromosome_10.452","TP7",-0.5,-0.2,"1"
"5056","Cluster_4831_evm.TU.chromosome_10.454","Cluster_4831","evm.TU.chromosome_10.454","TP7",-0.5,-0.8,"1"
"5057","Cluster_4831_evm.TU.chromosome_10.455","Cluster_4831","evm.TU.chromosome_10.455","TP7",-1,0.4,"3"
"5058","Cluster_4831_evm.TU.chromosome_10.577","Cluster_4831","evm.TU.chromosome_10.577","TP7",0.5,-0.4,"2"
"5059","Cluster_4831_evm.TU.chromosome_10.879","Cluster_4831","evm.TU.chromosome_10.879","TP7",0.866025403784439,-0.316227766016838,"2"
"5060","Cluster_4831_evm.TU.chromosome_10.920","Cluster_4831","evm.TU.chromosome_10.920","TP7",-1,-0.4,"1"
"5061","Cluster_4831_evm.TU.chromosome_10.945","Cluster_4831","evm.TU.chromosome_10.945","TP7",1,0.8,"2"
"5062","Cluster_4831_evm.TU.chromosome_11.1031","Cluster_4831","evm.TU.chromosome_11.1031","TP7",1,0.948683298050514,"2"
"5063","Cluster_4831_evm.TU.chromosome_11.1243","Cluster_4831","evm.TU.chromosome_11.1243","TP7",0.5,0.2,"2"
"5064","Cluster_4831_evm.TU.chromosome_11.1266","Cluster_4831","evm.TU.chromosome_11.1266","TP7",1,0.8,"2"
"5065","Cluster_4831_evm.TU.chromosome_11.1326","Cluster_4831","evm.TU.chromosome_11.1326","TP7",1,0.258198889747161,"2"
"5066","Cluster_4831_evm.TU.chromosome_11.1407","Cluster_4831","evm.TU.chromosome_11.1407","TP7",0.5,0,"2"
"5067","Cluster_4831_evm.TU.chromosome_11.1443","Cluster_4831","evm.TU.chromosome_11.1443","TP7",0.5,0,"2"
"5068","Cluster_4831_evm.TU.chromosome_11.1584","Cluster_4831","evm.TU.chromosome_11.1584","TP7",0.5,-1,"2"
"5069","Cluster_4831_evm.TU.chromosome_11.1761","Cluster_4831","evm.TU.chromosome_11.1761","TP7",0.5,-0.2,"2"
"5070","Cluster_4831_evm.TU.chromosome_11.1968","Cluster_4831","evm.TU.chromosome_11.1968","TP7",0.866025403784439,0.258198889747161,"2"
"5071","Cluster_4831_evm.TU.chromosome_11.1984","Cluster_4831","evm.TU.chromosome_11.1984","TP7",0.5,0.2,"2"
"5072","Cluster_4831_evm.TU.chromosome_11.1985","Cluster_4831","evm.TU.chromosome_11.1985","TP7",0.866025403784439,0.737864787372622,"2"
"5073","Cluster_4831_evm.TU.chromosome_11.2005","Cluster_4831","evm.TU.chromosome_11.2005","TP7",0.866025403784439,0.258198889747161,"2"
"5074","Cluster_4831_evm.TU.chromosome_11.2094","Cluster_4831","evm.TU.chromosome_11.2094","TP7",-1,0.4,"3"
"5075","Cluster_4831_evm.TU.chromosome_11.2128","Cluster_4831","evm.TU.chromosome_11.2128","TP7",0.5,0.948683298050514,"2"
"5076","Cluster_4831_evm.TU.chromosome_11.2194","Cluster_4831","evm.TU.chromosome_11.2194","TP7",0.5,-0.4,"2"
"5077","Cluster_4831_evm.TU.chromosome_11.2229","Cluster_4831","evm.TU.chromosome_11.2229","TP7",1,0.4,"2"
"5078","Cluster_4831_evm.TU.chromosome_11.2278","Cluster_4831","evm.TU.chromosome_11.2278","TP7",-0.5,-0.6,"1"
"5079","Cluster_4831_evm.TU.chromosome_11.2363","Cluster_4831","evm.TU.chromosome_11.2363","TP7",-0.5,-0.6,"1"
"5080","Cluster_4831_evm.TU.chromosome_11.2423","Cluster_4831","evm.TU.chromosome_11.2423","TP7",1,-0.6,"2"
"5081","Cluster_4831_evm.TU.chromosome_11.2425","Cluster_4831","evm.TU.chromosome_11.2425","TP7",-0.5,0.737864787372622,"3"
"5082","Cluster_4831_evm.TU.chromosome_11.2497","Cluster_4831","evm.TU.chromosome_11.2497","TP7",0.5,-0.4,"2"
"5083","Cluster_4831_evm.TU.chromosome_11.2583","Cluster_4831","evm.TU.chromosome_11.2583","TP7",0.866025403784439,0.948683298050514,"2"
"5084","Cluster_4831_evm.TU.chromosome_11.2588","Cluster_4831","evm.TU.chromosome_11.2588","TP7",1,0.4,"2"
"5085","Cluster_4831_evm.TU.chromosome_11.2618","Cluster_4831","evm.TU.chromosome_11.2618","TP7",1,0.737864787372622,"2"
"5086","Cluster_4831_evm.TU.chromosome_11.266","Cluster_4831","evm.TU.chromosome_11.266","TP7",-0.5,-0.2,"1"
"5087","Cluster_4831_evm.TU.chromosome_11.2716","Cluster_4831","evm.TU.chromosome_11.2716","TP7",1,-0.8,"2"
"5088","Cluster_4831_evm.TU.chromosome_11.2796","Cluster_4831","evm.TU.chromosome_11.2796","TP7",0.5,0.4,"2"
"5089","Cluster_4831_evm.TU.chromosome_11.2933","Cluster_4831","evm.TU.chromosome_11.2933","TP7",1,0.4,"2"
"5090","Cluster_4831_evm.TU.chromosome_11.3001","Cluster_4831","evm.TU.chromosome_11.3001","TP7",0.5,0.6,"2"
"5091","Cluster_4831_evm.TU.chromosome_11.3017","Cluster_4831","evm.TU.chromosome_11.3017","TP7",0.5,0.4,"2"
"5092","Cluster_4831_evm.TU.chromosome_11.3019","Cluster_4831","evm.TU.chromosome_11.3019","TP7",-1,-0.2,"3"
"5093","Cluster_4831_evm.TU.chromosome_11.3083","Cluster_4831","evm.TU.chromosome_11.3083","TP7",0.5,-0.2,"2"
"5094","Cluster_4831_evm.TU.chromosome_11.3105","Cluster_4831","evm.TU.chromosome_11.3105","TP7",-1,0,"3"
"5095","Cluster_4831_evm.TU.chromosome_11.3147","Cluster_4831","evm.TU.chromosome_11.3147","TP7",0.5,0.6,"2"
"5096","Cluster_4831_evm.TU.chromosome_11.605","Cluster_4831","evm.TU.chromosome_11.605","TP7",0.866025403784439,0.258198889747161,"2"
"5097","Cluster_4831_evm.TU.chromosome_11.613","Cluster_4831","evm.TU.chromosome_11.613","TP7",1,0.258198889747161,"2"
"5098","Cluster_4831_evm.TU.chromosome_11.932","Cluster_4831","evm.TU.chromosome_11.932","TP7",0.866025403784439,0.774596669241483,"2"
"5099","Cluster_4831_evm.TU.chromosome_11.967","Cluster_4831","evm.TU.chromosome_11.967","TP7",1,-0.2,"2"
"5100","Cluster_4831_evm.TU.chromosome_12.1036","Cluster_4831","evm.TU.chromosome_12.1036","TP7",1,-0.8,"2"
"5101","Cluster_4831_evm.TU.chromosome_12.1569","Cluster_4831","evm.TU.chromosome_12.1569","TP7",1,0,"2"
"5102","Cluster_4831_evm.TU.chromosome_12.1596","Cluster_4831","evm.TU.chromosome_12.1596","TP7",0,0.4,"1"
"5103","Cluster_4831_evm.TU.chromosome_12.1618","Cluster_4831","evm.TU.chromosome_12.1618","TP7",-0.5,0.4,"3"
"5104","Cluster_4831_evm.TU.chromosome_12.1662","Cluster_4831","evm.TU.chromosome_12.1662","TP7",0.5,0.8,"2"
"5105","Cluster_4831_evm.TU.chromosome_12.1676","Cluster_4831","evm.TU.chromosome_12.1676","TP7",-1,1,"3"
"5106","Cluster_4831_evm.TU.chromosome_12.184","Cluster_4831","evm.TU.chromosome_12.184","TP7",1,0.774596669241483,"2"
"5107","Cluster_4831_evm.TU.chromosome_12.1878","Cluster_4831","evm.TU.chromosome_12.1878","TP7",-0.5,0.2,"1"
"5108","Cluster_4831_evm.TU.chromosome_12.1910","Cluster_4831","evm.TU.chromosome_12.1910","TP7",-0.5,0.2,"1"
"5109","Cluster_4831_evm.TU.chromosome_12.1918","Cluster_4831","evm.TU.chromosome_12.1918","TP7",1,0.8,"2"
"5110","Cluster_4831_evm.TU.chromosome_12.1936","Cluster_4831","evm.TU.chromosome_12.1936","TP7",0.5,0.4,"2"
"5111","Cluster_4831_evm.TU.chromosome_12.1967","Cluster_4831","evm.TU.chromosome_12.1967","TP7",0.5,0.8,"2"
"5112","Cluster_4831_evm.TU.chromosome_12.1985","Cluster_4831","evm.TU.chromosome_12.1985","TP7",0.5,0.6,"2"
"5113","Cluster_4831_evm.TU.chromosome_12.2020","Cluster_4831","evm.TU.chromosome_12.2020","TP7",0,0.737864787372622,"1"
"5114","Cluster_4831_evm.TU.chromosome_12.2127","Cluster_4831","evm.TU.chromosome_12.2127","TP7",-0.5,0.6,"3"
"5115","Cluster_4831_evm.TU.chromosome_12.2196","Cluster_4831","evm.TU.chromosome_12.2196","TP7",-0.5,0.2,"1"
"5116","Cluster_4831_evm.TU.chromosome_12.2318","Cluster_4831","evm.TU.chromosome_12.2318","TP7",1,0.2,"2"
"5117","Cluster_4831_evm.TU.chromosome_12.2459","Cluster_4831","evm.TU.chromosome_12.2459","TP7",-0.5,-0.4,"1"
"5118","Cluster_4831_evm.TU.chromosome_12.2485","Cluster_4831","evm.TU.chromosome_12.2485","TP7",-0.5,1,"3"
"5119","Cluster_4831_evm.TU.chromosome_12.2580","Cluster_4831","evm.TU.chromosome_12.2580","TP7",-0.5,-0.8,"1"
"5120","Cluster_4831_evm.TU.chromosome_12.2678","Cluster_4831","evm.TU.chromosome_12.2678","TP7",0.5,-0.2,"2"
"5121","Cluster_4831_evm.TU.chromosome_12.2811","Cluster_4831","evm.TU.chromosome_12.2811","TP7",1,0.737864787372622,"2"
"5122","Cluster_4831_evm.TU.chromosome_12.2924","Cluster_4831","evm.TU.chromosome_12.2924","TP7",1,0.737864787372622,"2"
"5123","Cluster_4831_evm.TU.chromosome_12.2957","Cluster_4831","evm.TU.chromosome_12.2957","TP7",1,0.4,"2"
"5124","Cluster_4831_evm.TU.chromosome_12.2958","Cluster_4831","evm.TU.chromosome_12.2958","TP7",-1,-0.4,"1"
"5125","Cluster_4831_evm.TU.chromosome_12.3204","Cluster_4831","evm.TU.chromosome_12.3204","TP7",0.5,0,"2"
"5126","Cluster_4831_evm.TU.chromosome_12.3353","Cluster_4831","evm.TU.chromosome_12.3353","TP7",0.5,0.6,"2"
"5127","Cluster_4831_evm.TU.chromosome_12.3379","Cluster_4831","evm.TU.chromosome_12.3379","TP7",0.5,0.210818510677892,"2"
"5128","Cluster_4831_evm.TU.chromosome_12.3603","Cluster_4831","evm.TU.chromosome_12.3603","TP7",1,0.4,"2"
"5129","Cluster_4831_evm.TU.chromosome_12.3885","Cluster_4831","evm.TU.chromosome_12.3885","TP7",0.5,0,"2"
"5130","Cluster_4831_evm.TU.chromosome_12.3903","Cluster_4831","evm.TU.chromosome_12.3903","TP7",1,0.2,"2"
"5131","Cluster_4831_evm.TU.chromosome_12.4018","Cluster_4831","evm.TU.chromosome_12.4018","TP7",0.5,0.4,"2"
"5132","Cluster_4831_evm.TU.chromosome_12.4069","Cluster_4831","evm.TU.chromosome_12.4069","TP7",0.866025403784439,0.8,"2"
"5133","Cluster_4831_evm.TU.chromosome_12.479","Cluster_4831","evm.TU.chromosome_12.479","TP7",0.5,-1,"2"
"5134","Cluster_4831_evm.TU.chromosome_12.781","Cluster_4831","evm.TU.chromosome_12.781","TP7",-0.5,0,"1"
"5135","Cluster_4831_evm.TU.chromosome_12.807","Cluster_4831","evm.TU.chromosome_12.807","TP7",0.5,0.737864787372622,"2"
"5136","Cluster_4831_evm.TU.chromosome_12.86","Cluster_4831","evm.TU.chromosome_12.86","TP7",1,-0.4,"2"
"5137","Cluster_4831_evm.TU.chromosome_12.96","Cluster_4831","evm.TU.chromosome_12.96","TP7",1,1,"2"
"5138","Cluster_4831_evm.TU.chromosome_12.97","Cluster_4831","evm.TU.chromosome_12.97","TP7",0.5,0.2,"2"
"5139","Cluster_4831_evm.TU.chromosome_13.107","Cluster_4831","evm.TU.chromosome_13.107","TP7",0.5,0.4,"2"
"5140","Cluster_4831_evm.TU.chromosome_13.1133","Cluster_4831","evm.TU.chromosome_13.1133","TP7",0.866025403784439,-0.105409255338946,"2"
"5141","Cluster_4831_evm.TU.chromosome_13.1284","Cluster_4831","evm.TU.chromosome_13.1284","TP7",-0.5,-0.8,"1"
"5142","Cluster_4831_evm.TU.chromosome_13.1318","Cluster_4831","evm.TU.chromosome_13.1318","TP7",0.866025403784439,0.2,"2"
"5143","Cluster_4831_evm.TU.chromosome_13.1415","Cluster_4831","evm.TU.chromosome_13.1415","TP7",1,0.6,"2"
"5144","Cluster_4831_evm.TU.chromosome_13.1482","Cluster_4831","evm.TU.chromosome_13.1482","TP7",-1,0.8,"3"
"5145","Cluster_4831_evm.TU.chromosome_13.1627","Cluster_4831","evm.TU.chromosome_13.1627","TP7",1,0.258198889747161,"2"
"5146","Cluster_4831_evm.TU.chromosome_13.1631","Cluster_4831","evm.TU.chromosome_13.1631","TP7",0.5,-0.8,"2"
"5147","Cluster_4831_evm.TU.chromosome_13.1710","Cluster_4831","evm.TU.chromosome_13.1710","TP7",0.5,0.2,"2"
"5148","Cluster_4831_evm.TU.chromosome_13.1832","Cluster_4831","evm.TU.chromosome_13.1832","TP7",0.5,-0.4,"2"
"5149","Cluster_4831_evm.TU.chromosome_13.1837","Cluster_4831","evm.TU.chromosome_13.1837","TP7",0.5,0,"2"
"5150","Cluster_4831_evm.TU.chromosome_13.1858","Cluster_4831","evm.TU.chromosome_13.1858","TP7",-0.5,0.6,"3"
"5151","Cluster_4831_evm.TU.chromosome_13.1949","Cluster_4831","evm.TU.chromosome_13.1949","TP7",0,0.4,"1"
"5152","Cluster_4831_evm.TU.chromosome_13.2011","Cluster_4831","evm.TU.chromosome_13.2011","TP7",-1,0.8,"3"
"5153","Cluster_4831_evm.TU.chromosome_13.2022","Cluster_4831","evm.TU.chromosome_13.2022","TP7",1,0.4,"2"
"5154","Cluster_4831_evm.TU.chromosome_13.2083","Cluster_4831","evm.TU.chromosome_13.2083","TP7",-0.866025403784439,0.737864787372622,"3"
"5155","Cluster_4831_evm.TU.chromosome_13.2121","Cluster_4831","evm.TU.chromosome_13.2121","TP7",0,0.258198889747161,"1"
"5156","Cluster_4831_evm.TU.chromosome_13.217","Cluster_4831","evm.TU.chromosome_13.217","TP7",1,0.774596669241483,"2"
"5157","Cluster_4831_evm.TU.chromosome_13.225","Cluster_4831","evm.TU.chromosome_13.225","TP7",-0.5,-0.4,"1"
"5158","Cluster_4831_evm.TU.chromosome_13.226","Cluster_4831","evm.TU.chromosome_13.226","TP7",-1,-0.4,"1"
"5159","Cluster_4831_evm.TU.chromosome_13.227","Cluster_4831","evm.TU.chromosome_13.227","TP7",0.5,-0.4,"2"
"5160","Cluster_4831_evm.TU.chromosome_13.2663","Cluster_4831","evm.TU.chromosome_13.2663","TP7",0.5,0.6,"2"
"5161","Cluster_4831_evm.TU.chromosome_13.2755","Cluster_4831","evm.TU.chromosome_13.2755","TP7",0.5,-0.4,"2"
"5162","Cluster_4831_evm.TU.chromosome_13.2821","Cluster_4831","evm.TU.chromosome_13.2821","TP7",0.866025403784439,0.258198889747161,"2"
"5163","Cluster_4831_evm.TU.chromosome_13.2848","Cluster_4831","evm.TU.chromosome_13.2848","TP7",0.5,0.6,"2"
"5164","Cluster_4831_evm.TU.chromosome_13.2890","Cluster_4831","evm.TU.chromosome_13.2890","TP7",1,0,"2"
"5165","Cluster_4831_evm.TU.chromosome_13.2896","Cluster_4831","evm.TU.chromosome_13.2896","TP7",0.5,0,"2"
"5166","Cluster_4831_evm.TU.chromosome_13.2907","Cluster_4831","evm.TU.chromosome_13.2907","TP7",0.866025403784439,0.948683298050514,"2"
"5167","Cluster_4831_evm.TU.chromosome_13.2916","Cluster_4831","evm.TU.chromosome_13.2916","TP7",-0.5,0,"1"
"5168","Cluster_4831_evm.TU.chromosome_13.2965","Cluster_4831","evm.TU.chromosome_13.2965","TP7",0.5,-0.4,"2"
"5169","Cluster_4831_evm.TU.chromosome_13.2972","Cluster_4831","evm.TU.chromosome_13.2972","TP7",1,0.6,"2"
"5170","Cluster_4831_evm.TU.chromosome_13.2974","Cluster_4831","evm.TU.chromosome_13.2974","TP7",1,0.8,"2"
"5171","Cluster_4831_evm.TU.chromosome_13.2995","Cluster_4831","evm.TU.chromosome_13.2995","TP7",0.5,0.6,"2"
"5172","Cluster_4831_evm.TU.chromosome_13.3024","Cluster_4831","evm.TU.chromosome_13.3024","TP7",0.5,0.4,"2"
"5173","Cluster_4831_evm.TU.chromosome_13.3057","Cluster_4831","evm.TU.chromosome_13.3057","TP7",0.866025403784439,0.948683298050514,"2"
"5174","Cluster_4831_evm.TU.chromosome_13.3238","Cluster_4831","evm.TU.chromosome_13.3238","TP7",0.5,0,"2"
"5175","Cluster_4831_evm.TU.chromosome_13.3252","Cluster_4831","evm.TU.chromosome_13.3252","TP7",0.5,0.8,"2"
"5176","Cluster_4831_evm.TU.chromosome_13.340","Cluster_4831","evm.TU.chromosome_13.340","TP7",0.5,0.948683298050514,"2"
"5177","Cluster_4831_evm.TU.chromosome_13.3444","Cluster_4831","evm.TU.chromosome_13.3444","TP7",0.5,-1,"2"
"5178","Cluster_4831_evm.TU.chromosome_13.3488","Cluster_4831","evm.TU.chromosome_13.3488","TP7",0.5,1,"2"
"5179","Cluster_4831_evm.TU.chromosome_13.3651","Cluster_4831","evm.TU.chromosome_13.3651","TP7",1,0,"2"
"5180","Cluster_4831_evm.TU.chromosome_13.3666","Cluster_4831","evm.TU.chromosome_13.3666","TP7",0.866025403784439,0.2,"2"
"5181","Cluster_4831_evm.TU.chromosome_13.3674","Cluster_4831","evm.TU.chromosome_13.3674","TP7",-0.5,0.2,"1"
"5182","Cluster_4831_evm.TU.chromosome_13.3720","Cluster_4831","evm.TU.chromosome_13.3720","TP7",-0.5,-0.4,"1"
"5183","Cluster_4831_evm.TU.chromosome_13.3725","Cluster_4831","evm.TU.chromosome_13.3725","TP7",-1,0.2,"3"
"5184","Cluster_4831_evm.TU.chromosome_13.374","Cluster_4831","evm.TU.chromosome_13.374","TP7",0.866025403784439,0.210818510677892,"2"
"5185","Cluster_4831_evm.TU.chromosome_13.3747","Cluster_4831","evm.TU.chromosome_13.3747","TP7",0.866025403784439,0.774596669241483,"2"
"5186","Cluster_4831_evm.TU.chromosome_13.3790","Cluster_4831","evm.TU.chromosome_13.3790","TP7",1,-0.4,"2"
"5187","Cluster_4831_evm.TU.chromosome_13.3900","Cluster_4831","evm.TU.chromosome_13.3900","TP7",-1,0.4,"3"
"5188","Cluster_4831_evm.TU.chromosome_13.4093","Cluster_4831","evm.TU.chromosome_13.4093","TP7",-0.5,-0.4,"1"
"5189","Cluster_4831_evm.TU.chromosome_13.4108","Cluster_4831","evm.TU.chromosome_13.4108","TP7",0.5,0.948683298050514,"2"
"5190","Cluster_4831_evm.TU.chromosome_13.4170","Cluster_4831","evm.TU.chromosome_13.4170","TP7",1,0.737864787372622,"2"
"5191","Cluster_4831_evm.TU.chromosome_13.4190","Cluster_4831","evm.TU.chromosome_13.4190","TP7",1,0.6,"2"
"5192","Cluster_4831_evm.TU.chromosome_13.435","Cluster_4831","evm.TU.chromosome_13.435","TP7",0.5,0.210818510677892,"2"
"5193","Cluster_4831_evm.TU.chromosome_13.490","Cluster_4831","evm.TU.chromosome_13.490","TP7",1,-0.2,"2"
"5194","Cluster_4831_evm.TU.chromosome_13.495","Cluster_4831","evm.TU.chromosome_13.495","TP7",1,-0.6,"2"
"5195","Cluster_4831_evm.TU.chromosome_13.659","Cluster_4831","evm.TU.chromosome_13.659","TP7",1,-0.4,"2"
"5196","Cluster_4831_evm.TU.chromosome_13.763","Cluster_4831","evm.TU.chromosome_13.763","TP7",0.866025403784439,0.2,"2"
"5197","Cluster_4831_evm.TU.chromosome_13.817","Cluster_4831","evm.TU.chromosome_13.817","TP7",0,-0.105409255338946,"1"
"5198","Cluster_4831_evm.TU.chromosome_13.877","Cluster_4831","evm.TU.chromosome_13.877","TP7",0.5,0.4,"2"
"5199","Cluster_4831_evm.TU.chromosome_13.986","Cluster_4831","evm.TU.chromosome_13.986","TP7",0.866025403784439,0.4,"2"
"5200","Cluster_4831_evm.TU.chromosome_14.1081","Cluster_4831","evm.TU.chromosome_14.1081","TP7",1,-0.8,"2"
"5201","Cluster_4831_evm.TU.chromosome_14.1084","Cluster_4831","evm.TU.chromosome_14.1084","TP7",0.866025403784439,-0.632455532033676,"2"
"5202","Cluster_4831_evm.TU.chromosome_14.1116","Cluster_4831","evm.TU.chromosome_14.1116","TP7",0,-0.6,"2"
"5203","Cluster_4831_evm.TU.chromosome_14.1180","Cluster_4831","evm.TU.chromosome_14.1180","TP7",1,0.737864787372622,"2"
"5204","Cluster_4831_evm.TU.chromosome_14.1267","Cluster_4831","evm.TU.chromosome_14.1267","TP7",0.5,0.948683298050514,"2"
"5205","Cluster_4831_evm.TU.chromosome_14.1268","Cluster_4831","evm.TU.chromosome_14.1268","TP7",1,-0.2,"2"
"5206","Cluster_4831_evm.TU.chromosome_14.1281","Cluster_4831","evm.TU.chromosome_14.1281","TP7",-1,0.4,"3"
"5207","Cluster_4831_evm.TU.chromosome_14.1310","Cluster_4831","evm.TU.chromosome_14.1310","TP7",0.5,0.737864787372622,"2"
"5208","Cluster_4831_evm.TU.chromosome_14.1344","Cluster_4831","evm.TU.chromosome_14.1344","TP7",-0.5,0.6,"3"
"5209","Cluster_4831_evm.TU.chromosome_14.1487","Cluster_4831","evm.TU.chromosome_14.1487","TP7",0.5,-0.4,"2"
"5210","Cluster_4831_evm.TU.chromosome_14.1556","Cluster_4831","evm.TU.chromosome_14.1556","TP7",-1,0.8,"3"
"5211","Cluster_4831_evm.TU.chromosome_14.1561","Cluster_4831","evm.TU.chromosome_14.1561","TP7",1,0.737864787372622,"2"
"5212","Cluster_4831_evm.TU.chromosome_14.1613","Cluster_4831","evm.TU.chromosome_14.1613","TP7",-0.5,-0.4,"1"
"5213","Cluster_4831_evm.TU.chromosome_14.1875","Cluster_4831","evm.TU.chromosome_14.1875","TP7",1,0.4,"2"
"5214","Cluster_4831_evm.TU.chromosome_14.19","Cluster_4831","evm.TU.chromosome_14.19","TP7",-0.5,0,"1"
"5215","Cluster_4831_evm.TU.chromosome_14.2351","Cluster_4831","evm.TU.chromosome_14.2351","TP7",0.866025403784439,0.737864787372622,"2"
"5216","Cluster_4831_evm.TU.chromosome_14.2456","Cluster_4831","evm.TU.chromosome_14.2456","TP7",-1,0.774596669241483,"3"
"5217","Cluster_4831_evm.TU.chromosome_14.268","Cluster_4831","evm.TU.chromosome_14.268","TP7",0.5,0.8,"2"
"5218","Cluster_4831_evm.TU.chromosome_14.3114","Cluster_4831","evm.TU.chromosome_14.3114","TP7",0.866025403784439,-0.105409255338946,"2"
"5219","Cluster_4831_evm.TU.chromosome_14.3435","Cluster_4831","evm.TU.chromosome_14.3435","TP7",0.866025403784439,0.737864787372622,"2"
"5220","Cluster_4831_evm.TU.chromosome_14.4720","Cluster_4831","evm.TU.chromosome_14.4720","TP7",-1,-0.4,"1"
"5221","Cluster_4831_evm.TU.chromosome_14.5007","Cluster_4831","evm.TU.chromosome_14.5007","TP7",-0.5,-0.316227766016838,"1"
"5222","Cluster_4831_evm.TU.chromosome_14.5061","Cluster_4831","evm.TU.chromosome_14.5061","TP7",0.5,-0.316227766016838,"2"
"5223","Cluster_4831_evm.TU.chromosome_14.5068_evm.TU.chromosome_14.5070","Cluster_4831","evm.TU.chromosome_14.5068_evm.TU.chromosome_14.5070","TP7",-1,0.8,"3"
"5224","Cluster_4831_evm.TU.chromosome_14.527","Cluster_4831","evm.TU.chromosome_14.527","TP7",-0.5,-0.6,"1"
"5225","Cluster_4831_evm.TU.chromosome_14.534","Cluster_4831","evm.TU.chromosome_14.534","TP7",1,-0.4,"2"
"5226","Cluster_4831_evm.TU.chromosome_14.5349","Cluster_4831","evm.TU.chromosome_14.5349","TP7",0,0.8,"1"
"5227","Cluster_4831_evm.TU.chromosome_14.5404","Cluster_4831","evm.TU.chromosome_14.5404","TP7",-0.5,-0.2,"1"
"5228","Cluster_4831_evm.TU.chromosome_14.5522","Cluster_4831","evm.TU.chromosome_14.5522","TP7",0,0.948683298050514,"3"
"5229","Cluster_4831_evm.TU.chromosome_14.5702","Cluster_4831","evm.TU.chromosome_14.5702","TP7",0,-0.632455532033676,"2"
"5230","Cluster_4831_evm.TU.chromosome_14.5722","Cluster_4831","evm.TU.chromosome_14.5722","TP7",-1,0.4,"3"
"5231","Cluster_4831_evm.TU.chromosome_14.5787","Cluster_4831","evm.TU.chromosome_14.5787","TP7",0.5,0.774596669241483,"2"
"5232","Cluster_4831_evm.TU.chromosome_14.5863","Cluster_4831","evm.TU.chromosome_14.5863","TP7",0.5,0.8,"2"
"5233","Cluster_4831_evm.TU.chromosome_14.5865","Cluster_4831","evm.TU.chromosome_14.5865","TP7",1,0.948683298050514,"2"
"5234","Cluster_4831_evm.TU.chromosome_14.5929","Cluster_4831","evm.TU.chromosome_14.5929","TP7",1,0.948683298050514,"2"
"5235","Cluster_4831_evm.TU.chromosome_14.5961","Cluster_4831","evm.TU.chromosome_14.5961","TP7",1,0.4,"2"
"5236","Cluster_4831_evm.TU.chromosome_14.5982","Cluster_4831","evm.TU.chromosome_14.5982","TP7",0.5,-0.4,"2"
"5237","Cluster_4831_evm.TU.chromosome_14.6173","Cluster_4831","evm.TU.chromosome_14.6173","TP7",0.5,-0.2,"2"
"5238","Cluster_4831_evm.TU.chromosome_14.6174","Cluster_4831","evm.TU.chromosome_14.6174","TP7",0.5,0.4,"2"
"5239","Cluster_4831_evm.TU.chromosome_14.6209","Cluster_4831","evm.TU.chromosome_14.6209","TP7",1,0.948683298050514,"2"
"5240","Cluster_4831_evm.TU.chromosome_14.629","Cluster_4831","evm.TU.chromosome_14.629","TP7",0.5,-0.4,"2"
"5241","Cluster_4831_evm.TU.chromosome_14.631","Cluster_4831","evm.TU.chromosome_14.631","TP7",-1,-1,"1"
"5242","Cluster_4831_evm.TU.chromosome_14.638","Cluster_4831","evm.TU.chromosome_14.638","TP7",-1,0,"3"
"5243","Cluster_4831_evm.TU.chromosome_14.6387","Cluster_4831","evm.TU.chromosome_14.6387","TP7",1,-0.4,"2"
"5244","Cluster_4831_evm.TU.chromosome_14.6531","Cluster_4831","evm.TU.chromosome_14.6531","TP7",1,0.8,"2"
"5245","Cluster_4831_evm.TU.chromosome_14.6607","Cluster_4831","evm.TU.chromosome_14.6607","TP7",0.5,-0.2,"2"
"5246","Cluster_4831_evm.TU.chromosome_14.6609","Cluster_4831","evm.TU.chromosome_14.6609","TP7",0.5,0.4,"2"
"5247","Cluster_4831_evm.TU.chromosome_14.6741","Cluster_4831","evm.TU.chromosome_14.6741","TP7",-0.5,0.4,"3"
"5248","Cluster_4831_evm.TU.chromosome_14.6757","Cluster_4831","evm.TU.chromosome_14.6757","TP7",1,0.8,"2"
"5249","Cluster_4831_evm.TU.chromosome_14.6771","Cluster_4831","evm.TU.chromosome_14.6771","TP7",0.5,0.948683298050514,"2"
"5250","Cluster_4831_evm.TU.chromosome_14.6790","Cluster_4831","evm.TU.chromosome_14.6790","TP7",0.5,-0.8,"2"
"5251","Cluster_4831_evm.TU.chromosome_14.6844","Cluster_4831","evm.TU.chromosome_14.6844","TP7",-1,0.4,"3"
"5252","Cluster_4831_evm.TU.chromosome_14.7041","Cluster_4831","evm.TU.chromosome_14.7041","TP7",0.5,0.6,"2"
"5253","Cluster_4831_evm.TU.chromosome_14.7122","Cluster_4831","evm.TU.chromosome_14.7122","TP7",-1,-0.4,"1"
"5254","Cluster_4831_evm.TU.chromosome_14.7246","Cluster_4831","evm.TU.chromosome_14.7246","TP7",-0.5,-0.105409255338946,"1"
"5255","Cluster_4831_evm.TU.chromosome_14.7279","Cluster_4831","evm.TU.chromosome_14.7279","TP7",0.5,-0.2,"2"
"5256","Cluster_4831_evm.TU.chromosome_14.803","Cluster_4831","evm.TU.chromosome_14.803","TP7",1,-0.2,"2"
"5257","Cluster_4831_evm.TU.chromosome_14.972","Cluster_4831","evm.TU.chromosome_14.972","TP7",0.5,1,"2"
"5258","Cluster_4831_evm.TU.chromosome_2.1109","Cluster_4831","evm.TU.chromosome_2.1109","TP7",0,0.774596669241483,"1"
"5259","Cluster_4831_evm.TU.chromosome_2.1372","Cluster_4831","evm.TU.chromosome_2.1372","TP7",1,0.948683298050514,"2"
"5260","Cluster_4831_evm.TU.chromosome_2.1448","Cluster_4831","evm.TU.chromosome_2.1448","TP7",1,0.948683298050514,"2"
"5261","Cluster_4831_evm.TU.chromosome_2.1669","Cluster_4831","evm.TU.chromosome_2.1669","TP7",0.866025403784439,0.774596669241483,"2"
"5262","Cluster_4831_evm.TU.chromosome_2.1674","Cluster_4831","evm.TU.chromosome_2.1674","TP7",0.5,0.4,"2"
"5263","Cluster_4831_evm.TU.chromosome_2.1834","Cluster_4831","evm.TU.chromosome_2.1834","TP7",0.5,0.737864787372622,"2"
"5264","Cluster_4831_evm.TU.chromosome_2.1849","Cluster_4831","evm.TU.chromosome_2.1849","TP7",1,0.948683298050514,"2"
"5265","Cluster_4831_evm.TU.chromosome_2.1964","Cluster_4831","evm.TU.chromosome_2.1964","TP7",1,0.948683298050514,"2"
"5266","Cluster_4831_evm.TU.chromosome_2.2078","Cluster_4831","evm.TU.chromosome_2.2078","TP7",0.5,1,"2"
"5267","Cluster_4831_evm.TU.chromosome_2.232","Cluster_4831","evm.TU.chromosome_2.232","TP7",0.5,0,"2"
"5268","Cluster_4831_evm.TU.chromosome_2.30","Cluster_4831","evm.TU.chromosome_2.30","TP7",1,0.737864787372622,"2"
"5269","Cluster_4831_evm.TU.chromosome_2.319","Cluster_4831","evm.TU.chromosome_2.319","TP7",0.5,0.8,"2"
"5270","Cluster_4831_evm.TU.chromosome_2.381","Cluster_4831","evm.TU.chromosome_2.381","TP7",1,0.4,"2"
"5271","Cluster_4831_evm.TU.chromosome_2.659","Cluster_4831","evm.TU.chromosome_2.659","TP7",0.5,0.6,"2"
"5272","Cluster_4831_evm.TU.chromosome_2.689","Cluster_4831","evm.TU.chromosome_2.689","TP7",0.5,-0.4,"2"
"5273","Cluster_4831_evm.TU.chromosome_2.722","Cluster_4831","evm.TU.chromosome_2.722","TP7",0.866025403784439,0.210818510677892,"2"
"5274","Cluster_4831_evm.TU.chromosome_2.918","Cluster_4831","evm.TU.chromosome_2.918","TP7",0.5,0.2,"2"
"5275","Cluster_4831_evm.TU.chromosome_3.1276","Cluster_4831","evm.TU.chromosome_3.1276","TP7",1,1,"2"
"5276","Cluster_4831_evm.TU.chromosome_3.1361","Cluster_4831","evm.TU.chromosome_3.1361","TP7",0.5,0,"2"
"5277","Cluster_4831_evm.TU.chromosome_3.1502","Cluster_4831","evm.TU.chromosome_3.1502","TP7",0.5,0.948683298050514,"2"
"5278","Cluster_4831_evm.TU.chromosome_3.1503","Cluster_4831","evm.TU.chromosome_3.1503","TP7",0.866025403784439,0.258198889747161,"2"
"5279","Cluster_4831_evm.TU.chromosome_3.1562","Cluster_4831","evm.TU.chromosome_3.1562","TP7",1,-0.2,"2"
"5280","Cluster_4831_evm.TU.chromosome_3.1575","Cluster_4831","evm.TU.chromosome_3.1575","TP7",0.5,0.948683298050514,"2"
"5281","Cluster_4831_evm.TU.chromosome_3.1632","Cluster_4831","evm.TU.chromosome_3.1632","TP7",1,0.948683298050514,"2"
"5282","Cluster_4831_evm.TU.chromosome_3.1635","Cluster_4831","evm.TU.chromosome_3.1635","TP7",-0.5,0.2,"1"
"5283","Cluster_4831_evm.TU.chromosome_3.170","Cluster_4831","evm.TU.chromosome_3.170","TP7",0,0.737864787372622,"1"
"5284","Cluster_4831_evm.TU.chromosome_3.1738","Cluster_4831","evm.TU.chromosome_3.1738","TP7",0.5,0.4,"2"
"5285","Cluster_4831_evm.TU.chromosome_3.1798","Cluster_4831","evm.TU.chromosome_3.1798","TP7",0.5,0.8,"2"
"5286","Cluster_4831_evm.TU.chromosome_3.184","Cluster_4831","evm.TU.chromosome_3.184","TP7",0.5,-0.2,"2"
"5287","Cluster_4831_evm.TU.chromosome_3.1851","Cluster_4831","evm.TU.chromosome_3.1851","TP7",0.5,0.6,"2"
"5288","Cluster_4831_evm.TU.chromosome_3.1902","Cluster_4831","evm.TU.chromosome_3.1902","TP7",0.5,0.2,"2"
"5289","Cluster_4831_evm.TU.chromosome_3.304","Cluster_4831","evm.TU.chromosome_3.304","TP7",-0.5,0,"1"
"5290","Cluster_4831_evm.TU.chromosome_3.305","Cluster_4831","evm.TU.chromosome_3.305","TP7",1,-1,"2"
"5291","Cluster_4831_evm.TU.chromosome_3.380","Cluster_4831","evm.TU.chromosome_3.380","TP7",1,-0.2,"2"
"5292","Cluster_4831_evm.TU.chromosome_3.412","Cluster_4831","evm.TU.chromosome_3.412","TP7",1,0.2,"2"
"5293","Cluster_4831_evm.TU.chromosome_3.446","Cluster_4831","evm.TU.chromosome_3.446","TP7",0.5,-0.4,"2"
"5294","Cluster_4831_evm.TU.chromosome_3.46","Cluster_4831","evm.TU.chromosome_3.46","TP7",0.5,0.737864787372622,"2"
"5295","Cluster_4831_evm.TU.chromosome_3.575","Cluster_4831","evm.TU.chromosome_3.575","TP7",-0.5,-0.4,"1"
"5296","Cluster_4831_evm.TU.chromosome_3.851","Cluster_4831","evm.TU.chromosome_3.851","TP7",-0.5,0.737864787372622,"3"
"5297","Cluster_4831_evm.TU.chromosome_4.1030","Cluster_4831","evm.TU.chromosome_4.1030","TP7",0.5,0.737864787372622,"2"
"5298","Cluster_4831_evm.TU.chromosome_4.1046","Cluster_4831","evm.TU.chromosome_4.1046","TP7",0.5,1,"2"
"5299","Cluster_4831_evm.TU.chromosome_4.1103","Cluster_4831","evm.TU.chromosome_4.1103","TP7",1,-1,"2"
"5300","Cluster_4831_evm.TU.chromosome_4.1232","Cluster_4831","evm.TU.chromosome_4.1232","TP7",0.5,0.737864787372622,"2"
"5301","Cluster_4831_evm.TU.chromosome_4.13","Cluster_4831","evm.TU.chromosome_4.13","TP7",1,0.737864787372622,"2"
"5302","Cluster_4831_evm.TU.chromosome_4.1335","Cluster_4831","evm.TU.chromosome_4.1335","TP7",-1,-0.4,"1"
"5303","Cluster_4831_evm.TU.chromosome_4.1484","Cluster_4831","evm.TU.chromosome_4.1484","TP7",-1,0.948683298050514,"3"
"5304","Cluster_4831_evm.TU.chromosome_4.1601","Cluster_4831","evm.TU.chromosome_4.1601","TP7",-1,0.4,"3"
"5305","Cluster_4831_evm.TU.chromosome_4.1618","Cluster_4831","evm.TU.chromosome_4.1618","TP7",0.5,-0.2,"2"
"5306","Cluster_4831_evm.TU.chromosome_4.1622","Cluster_4831","evm.TU.chromosome_4.1622","TP7",-0.5,0.2,"1"
"5307","Cluster_4831_evm.TU.chromosome_4.1854","Cluster_4831","evm.TU.chromosome_4.1854","TP7",0.5,-0.4,"2"
"5308","Cluster_4831_evm.TU.chromosome_4.2236","Cluster_4831","evm.TU.chromosome_4.2236","TP7",1,0.4,"2"
"5309","Cluster_4831_evm.TU.chromosome_4.2268","Cluster_4831","evm.TU.chromosome_4.2268","TP7",1,0.4,"2"
"5310","Cluster_4831_evm.TU.chromosome_4.2368","Cluster_4831","evm.TU.chromosome_4.2368","TP7",0.5,0.948683298050514,"2"
"5311","Cluster_4831_evm.TU.chromosome_4.323","Cluster_4831","evm.TU.chromosome_4.323","TP7",-0.5,-0.6,"1"
"5312","Cluster_4831_evm.TU.chromosome_4.398","Cluster_4831","evm.TU.chromosome_4.398","TP7",0.5,-0.4,"2"
"5313","Cluster_4831_evm.TU.chromosome_4.442","Cluster_4831","evm.TU.chromosome_4.442","TP7",1,-0.6,"2"
"5314","Cluster_4831_evm.TU.chromosome_4.463","Cluster_4831","evm.TU.chromosome_4.463","TP7",-0.5,0,"1"
"5315","Cluster_4831_evm.TU.chromosome_4.563","Cluster_4831","evm.TU.chromosome_4.563","TP7",0.5,0.948683298050514,"2"
"5316","Cluster_4831_evm.TU.chromosome_4.583","Cluster_4831","evm.TU.chromosome_4.583","TP7",1,0.737864787372622,"2"
"5317","Cluster_4831_evm.TU.chromosome_4.642","Cluster_4831","evm.TU.chromosome_4.642","TP7",0.5,-0.6,"2"
"5318","Cluster_4831_evm.TU.chromosome_4.826","Cluster_4831","evm.TU.chromosome_4.826","TP7",0.5,-0.4,"2"
"5319","Cluster_4831_evm.TU.chromosome_4.841","Cluster_4831","evm.TU.chromosome_4.841","TP7",1,0.4,"2"
"5320","Cluster_4831_evm.TU.chromosome_4.877","Cluster_4831","evm.TU.chromosome_4.877","TP7",0.5,0.6,"2"
"5321","Cluster_4831_evm.TU.chromosome_4.90","Cluster_4831","evm.TU.chromosome_4.90","TP7",0.5,0.4,"2"
"5322","Cluster_4831_evm.TU.chromosome_4.922","Cluster_4831","evm.TU.chromosome_4.922","TP7",1,0.948683298050514,"2"
"5323","Cluster_4831_evm.TU.chromosome_4.948","Cluster_4831","evm.TU.chromosome_4.948","TP7",0.5,0.737864787372622,"2"
"5324","Cluster_4831_evm.TU.chromosome_5.1038","Cluster_4831","evm.TU.chromosome_5.1038","TP7",1,0.948683298050514,"2"
"5325","Cluster_4831_evm.TU.chromosome_5.1043","Cluster_4831","evm.TU.chromosome_5.1043","TP7",0.5,-0.2,"2"
"5326","Cluster_4831_evm.TU.chromosome_5.1151","Cluster_4831","evm.TU.chromosome_5.1151","TP7",0,0.258198889747161,"1"
"5327","Cluster_4831_evm.TU.chromosome_5.1264","Cluster_4831","evm.TU.chromosome_5.1264","TP7",0.5,-0.2,"2"
"5328","Cluster_4831_evm.TU.chromosome_5.1441","Cluster_4831","evm.TU.chromosome_5.1441","TP7",0.5,0.8,"2"
"5329","Cluster_4831_evm.TU.chromosome_5.1555","Cluster_4831","evm.TU.chromosome_5.1555","TP7",0.5,0.737864787372622,"2"
"5330","Cluster_4831_evm.TU.chromosome_5.160","Cluster_4831","evm.TU.chromosome_5.160","TP7",0.5,0.737864787372622,"2"
"5331","Cluster_4831_evm.TU.chromosome_5.1819","Cluster_4831","evm.TU.chromosome_5.1819","TP7",-0.5,0,"1"
"5332","Cluster_4831_evm.TU.chromosome_5.1853","Cluster_4831","evm.TU.chromosome_5.1853","TP7",0.5,-0.2,"2"
"5333","Cluster_4831_evm.TU.chromosome_5.196","Cluster_4831","evm.TU.chromosome_5.196","TP7",-0.866025403784439,0.737864787372622,"3"
"5334","Cluster_4831_evm.TU.chromosome_5.2034","Cluster_4831","evm.TU.chromosome_5.2034","TP7",0,0.774596669241483,"1"
"5335","Cluster_4831_evm.TU.chromosome_5.2070","Cluster_4831","evm.TU.chromosome_5.2070","TP7",-0.5,-0.4,"1"
"5336","Cluster_4831_evm.TU.chromosome_5.2224","Cluster_4831","evm.TU.chromosome_5.2224","TP7",0.5,0.6,"2"
"5337","Cluster_4831_evm.TU.chromosome_5.2233","Cluster_4831","evm.TU.chromosome_5.2233","TP7",0.5,0.737864787372622,"2"
"5338","Cluster_4831_evm.TU.chromosome_5.2284","Cluster_4831","evm.TU.chromosome_5.2284","TP7",0.5,0.4,"2"
"5339","Cluster_4831_evm.TU.chromosome_5.2404","Cluster_4831","evm.TU.chromosome_5.2404","TP7",0.866025403784439,0.948683298050514,"2"
"5340","Cluster_4831_evm.TU.chromosome_5.2405","Cluster_4831","evm.TU.chromosome_5.2405","TP7",-0.5,-0.8,"1"
"5341","Cluster_4831_evm.TU.chromosome_5.243","Cluster_4831","evm.TU.chromosome_5.243","TP7",0.5,0.4,"2"
"5342","Cluster_4831_evm.TU.chromosome_5.267","Cluster_4831","evm.TU.chromosome_5.267","TP7",-1,-0.6,"1"
"5343","Cluster_4831_evm.TU.chromosome_5.360","Cluster_4831","evm.TU.chromosome_5.360","TP7",-0.5,0.8,"3"
"5344","Cluster_4831_evm.TU.chromosome_5.373","Cluster_4831","evm.TU.chromosome_5.373","TP7",1,0.948683298050514,"2"
"5345","Cluster_4831_evm.TU.chromosome_5.549","Cluster_4831","evm.TU.chromosome_5.549","TP7",1,0,"2"
"5346","Cluster_4831_evm.TU.chromosome_5.554","Cluster_4831","evm.TU.chromosome_5.554","TP7",0.5,0,"2"
"5347","Cluster_4831_evm.TU.chromosome_5.643","Cluster_4831","evm.TU.chromosome_5.643","TP7",0.5,0.6,"2"
"5348","Cluster_4831_evm.TU.chromosome_5.76","Cluster_4831","evm.TU.chromosome_5.76","TP7",0.5,0.948683298050514,"2"
"5349","Cluster_4831_evm.TU.chromosome_5.93","Cluster_4831","evm.TU.chromosome_5.93","TP7",0.5,0.258198889747161,"2"
"5350","Cluster_4831_evm.TU.chromosome_5.953","Cluster_4831","evm.TU.chromosome_5.953","TP7",0.5,0.6,"2"
"5351","Cluster_4831_evm.TU.chromosome_6.1059","Cluster_4831","evm.TU.chromosome_6.1059","TP7",0.866025403784439,0.948683298050514,"2"
"5352","Cluster_4831_evm.TU.chromosome_6.1131","Cluster_4831","evm.TU.chromosome_6.1131","TP7",0.5,-0.2,"2"
"5353","Cluster_4831_evm.TU.chromosome_6.1145","Cluster_4831","evm.TU.chromosome_6.1145","TP7",-1,-0.4,"1"
"5354","Cluster_4831_evm.TU.chromosome_6.1191","Cluster_4831","evm.TU.chromosome_6.1191","TP7",0.5,0.2,"2"
"5355","Cluster_4831_evm.TU.chromosome_6.15","Cluster_4831","evm.TU.chromosome_6.15","TP7",0.5,-0.8,"2"
"5356","Cluster_4831_evm.TU.chromosome_6.1615","Cluster_4831","evm.TU.chromosome_6.1615","TP7",0.5,0.6,"2"
"5357","Cluster_4831_evm.TU.chromosome_6.1692","Cluster_4831","evm.TU.chromosome_6.1692","TP7",-1,0.8,"3"
"5358","Cluster_4831_evm.TU.chromosome_6.1842","Cluster_4831","evm.TU.chromosome_6.1842","TP7",-0.5,-0.2,"1"
"5359","Cluster_4831_evm.TU.chromosome_6.2248","Cluster_4831","evm.TU.chromosome_6.2248","TP7",-1,-0.4,"1"
"5360","Cluster_4831_evm.TU.chromosome_6.2388","Cluster_4831","evm.TU.chromosome_6.2388","TP7",1,-0.6,"2"
"5361","Cluster_4831_evm.TU.chromosome_6.2492","Cluster_4831","evm.TU.chromosome_6.2492","TP7",-0.5,0,"1"
"5362","Cluster_4831_evm.TU.chromosome_6.2522","Cluster_4831","evm.TU.chromosome_6.2522","TP7",1,0.8,"2"
"5363","Cluster_4831_evm.TU.chromosome_6.2625","Cluster_4831","evm.TU.chromosome_6.2625","TP7",1,0.2,"2"
"5364","Cluster_4831_evm.TU.chromosome_6.2626","Cluster_4831","evm.TU.chromosome_6.2626","TP7",0.866025403784439,0.210818510677892,"2"
"5365","Cluster_4831_evm.TU.chromosome_6.2644","Cluster_4831","evm.TU.chromosome_6.2644","TP7",0.5,-1,"2"
"5366","Cluster_4831_evm.TU.chromosome_6.289","Cluster_4831","evm.TU.chromosome_6.289","TP7",0.5,-0.4,"2"
"5367","Cluster_4831_evm.TU.chromosome_6.447","Cluster_4831","evm.TU.chromosome_6.447","TP7",-0.5,0.258198889747161,"1"
"5368","Cluster_4831_evm.TU.chromosome_6.493","Cluster_4831","evm.TU.chromosome_6.493","TP7",0.5,0.8,"2"
"5369","Cluster_4831_evm.TU.chromosome_6.516","Cluster_4831","evm.TU.chromosome_6.516","TP7",1,0.2,"2"
"5370","Cluster_4831_evm.TU.chromosome_6.536","Cluster_4831","evm.TU.chromosome_6.536","TP7",0.5,0.2,"2"
"5371","Cluster_4831_evm.TU.chromosome_6.55","Cluster_4831","evm.TU.chromosome_6.55","TP7",-1,-0.6,"1"
"5372","Cluster_4831_evm.TU.chromosome_6.577","Cluster_4831","evm.TU.chromosome_6.577","TP7",0,0.774596669241483,"1"
"5373","Cluster_4831_evm.TU.chromosome_6.591","Cluster_4831","evm.TU.chromosome_6.591","TP7",0.866025403784439,0.737864787372622,"2"
"5374","Cluster_4831_evm.TU.chromosome_6.651","Cluster_4831","evm.TU.chromosome_6.651","TP7",0.5,0.2,"2"
"5375","Cluster_4831_evm.TU.chromosome_6.652","Cluster_4831","evm.TU.chromosome_6.652","TP7",-1,0.4,"3"
"5376","Cluster_4831_evm.TU.chromosome_6.801","Cluster_4831","evm.TU.chromosome_6.801","TP7",0.5,-0.4,"2"
"5377","Cluster_4831_evm.TU.chromosome_6.910","Cluster_4831","evm.TU.chromosome_6.910","TP7",0.866025403784439,-0.316227766016838,"2"
"5378","Cluster_4831_evm.TU.chromosome_6.920","Cluster_4831","evm.TU.chromosome_6.920","TP7",0.5,0,"2"
"5379","Cluster_4831_evm.TU.chromosome_7.1248","Cluster_4831","evm.TU.chromosome_7.1248","TP7",1,0.948683298050514,"2"
"5380","Cluster_4831_evm.TU.chromosome_7.1254","Cluster_4831","evm.TU.chromosome_7.1254","TP7",1,0.948683298050514,"2"
"5381","Cluster_4831_evm.TU.chromosome_7.1316","Cluster_4831","evm.TU.chromosome_7.1316","TP7",-1,-0.2,"3"
"5382","Cluster_4831_evm.TU.chromosome_7.1353","Cluster_4831","evm.TU.chromosome_7.1353","TP7",-0.5,-0.4,"1"
"5383","Cluster_4831_evm.TU.chromosome_7.1357","Cluster_4831","evm.TU.chromosome_7.1357","TP7",-0.5,-0.4,"1"
"5384","Cluster_4831_evm.TU.chromosome_7.1392","Cluster_4831","evm.TU.chromosome_7.1392","TP7",1,-0.4,"2"
"5385","Cluster_4831_evm.TU.chromosome_7.1510","Cluster_4831","evm.TU.chromosome_7.1510","TP7",-1,0.8,"3"
"5386","Cluster_4831_evm.TU.chromosome_7.158","Cluster_4831","evm.TU.chromosome_7.158","TP7",0.5,-0.6,"2"
"5387","Cluster_4831_evm.TU.chromosome_7.1675","Cluster_4831","evm.TU.chromosome_7.1675","TP7",-0.5,0.4,"3"
"5388","Cluster_4831_evm.TU.chromosome_7.1920","Cluster_4831","evm.TU.chromosome_7.1920","TP7",0.5,0.4,"2"
"5389","Cluster_4831_evm.TU.chromosome_7.2087","Cluster_4831","evm.TU.chromosome_7.2087","TP7",0.5,0.737864787372622,"2"
"5390","Cluster_4831_evm.TU.chromosome_7.2117","Cluster_4831","evm.TU.chromosome_7.2117","TP7",0.5,-0.4,"2"
"5391","Cluster_4831_evm.TU.chromosome_7.2234","Cluster_4831","evm.TU.chromosome_7.2234","TP7",1,-0.4,"2"
"5392","Cluster_4831_evm.TU.chromosome_7.2363","Cluster_4831","evm.TU.chromosome_7.2363","TP7",-1,0.4,"3"
"5393","Cluster_4831_evm.TU.chromosome_7.2390","Cluster_4831","evm.TU.chromosome_7.2390","TP7",-1,0.948683298050514,"3"
"5394","Cluster_4831_evm.TU.chromosome_7.2402","Cluster_4831","evm.TU.chromosome_7.2402","TP7",1,0.737864787372622,"2"
"5395","Cluster_4831_evm.TU.chromosome_7.2520","Cluster_4831","evm.TU.chromosome_7.2520","TP7",-0.5,0.2,"1"
"5396","Cluster_4831_evm.TU.chromosome_7.253","Cluster_4831","evm.TU.chromosome_7.253","TP7",1,-0.6,"2"
"5397","Cluster_4831_evm.TU.chromosome_7.2556","Cluster_4831","evm.TU.chromosome_7.2556","TP7",1,-0.4,"2"
"5398","Cluster_4831_evm.TU.chromosome_7.268","Cluster_4831","evm.TU.chromosome_7.268","TP7",1,-0.8,"2"
"5399","Cluster_4831_evm.TU.chromosome_7.2790","Cluster_4831","evm.TU.chromosome_7.2790","TP7",0.5,0.4,"2"
"5400","Cluster_4831_evm.TU.chromosome_7.281","Cluster_4831","evm.TU.chromosome_7.281","TP7",0.5,0.6,"2"
"5401","Cluster_4831_evm.TU.chromosome_7.2818","Cluster_4831","evm.TU.chromosome_7.2818","TP7",-0.5,0.6,"3"
"5402","Cluster_4831_evm.TU.chromosome_7.33","Cluster_4831","evm.TU.chromosome_7.33","TP7",1,0.4,"2"
"5403","Cluster_4831_evm.TU.chromosome_7.498","Cluster_4831","evm.TU.chromosome_7.498","TP7",-0.5,-0.8,"1"
"5404","Cluster_4831_evm.TU.chromosome_7.540","Cluster_4831","evm.TU.chromosome_7.540","TP7",0.5,0.737864787372622,"2"
"5405","Cluster_4831_evm.TU.chromosome_7.566","Cluster_4831","evm.TU.chromosome_7.566","TP7",1,0.948683298050514,"2"
"5406","Cluster_4831_evm.TU.chromosome_7.571","Cluster_4831","evm.TU.chromosome_7.571","TP7",0.866025403784439,0.774596669241483,"2"
"5407","Cluster_4831_evm.TU.chromosome_7.678","Cluster_4831","evm.TU.chromosome_7.678","TP7",0.5,-0.4,"2"
"5408","Cluster_4831_evm.TU.chromosome_7.730","Cluster_4831","evm.TU.chromosome_7.730","TP7",0.5,0.4,"2"
"5409","Cluster_4831_evm.TU.chromosome_7.861","Cluster_4831","evm.TU.chromosome_7.861","TP7",-1,0.4,"3"
"5410","Cluster_4831_evm.TU.chromosome_7.880","Cluster_4831","evm.TU.chromosome_7.880","TP7",1,0.737864787372622,"2"
"5411","Cluster_4831_evm.TU.chromosome_8.1089","Cluster_4831","evm.TU.chromosome_8.1089","TP7",0.866025403784439,0.210818510677892,"2"
"5412","Cluster_4831_evm.TU.chromosome_8.1101","Cluster_4831","evm.TU.chromosome_8.1101","TP7",1,0.2,"2"
"5413","Cluster_4831_evm.TU.chromosome_8.1177","Cluster_4831","evm.TU.chromosome_8.1177","TP7",-1,0.4,"3"
"5414","Cluster_4831_evm.TU.chromosome_8.1201","Cluster_4831","evm.TU.chromosome_8.1201","TP7",0.5,0.6,"2"
"5415","Cluster_4831_evm.TU.chromosome_8.125","Cluster_4831","evm.TU.chromosome_8.125","TP7",1,0.948683298050514,"2"
"5416","Cluster_4831_evm.TU.chromosome_8.1297","Cluster_4831","evm.TU.chromosome_8.1297","TP7",1,0.737864787372622,"2"
"5417","Cluster_4831_evm.TU.chromosome_8.1416","Cluster_4831","evm.TU.chromosome_8.1416","TP7",1,0.737864787372622,"2"
"5418","Cluster_4831_evm.TU.chromosome_8.1555","Cluster_4831","evm.TU.chromosome_8.1555","TP7",0.5,0.737864787372622,"2"
"5419","Cluster_4831_evm.TU.chromosome_8.1556","Cluster_4831","evm.TU.chromosome_8.1556","TP7",-1,0.2,"3"
"5420","Cluster_4831_evm.TU.chromosome_8.1613","Cluster_4831","evm.TU.chromosome_8.1613","TP7",0.5,0.737864787372622,"2"
"5421","Cluster_4831_evm.TU.chromosome_8.1810","Cluster_4831","evm.TU.chromosome_8.1810","TP7",0.5,0.948683298050514,"2"
"5422","Cluster_4831_evm.TU.chromosome_8.2157","Cluster_4831","evm.TU.chromosome_8.2157","TP7",0.5,0.8,"2"
"5423","Cluster_4831_evm.TU.chromosome_8.2267","Cluster_4831","evm.TU.chromosome_8.2267","TP7",1,0.737864787372622,"2"
"5424","Cluster_4831_evm.TU.chromosome_8.2391","Cluster_4831","evm.TU.chromosome_8.2391","TP7",0.5,0.8,"2"
"5425","Cluster_4831_evm.TU.chromosome_8.2573","Cluster_4831","evm.TU.chromosome_8.2573","TP7",1,0.948683298050514,"2"
"5426","Cluster_4831_evm.TU.chromosome_8.2638","Cluster_4831","evm.TU.chromosome_8.2638","TP7",1,0.4,"2"
"5427","Cluster_4831_evm.TU.chromosome_8.27","Cluster_4831","evm.TU.chromosome_8.27","TP7",-1,-1,"1"
"5428","Cluster_4831_evm.TU.chromosome_8.491","Cluster_4831","evm.TU.chromosome_8.491","TP7",0,0.737864787372622,"1"
"5429","Cluster_4831_evm.TU.chromosome_8.700","Cluster_4831","evm.TU.chromosome_8.700","TP7",0.866025403784439,-0.4,"2"
"5430","Cluster_4831_evm.TU.chromosome_8.751","Cluster_4831","evm.TU.chromosome_8.751","TP7",0,0.774596669241483,"1"
"5431","Cluster_4831_evm.TU.chromosome_8.84","Cluster_4831","evm.TU.chromosome_8.84","TP7",-0.5,-0.6,"1"
"5432","Cluster_4831_evm.TU.chromosome_9.100","Cluster_4831","evm.TU.chromosome_9.100","TP7",0.5,0.2,"2"
"5433","Cluster_4831_evm.TU.chromosome_9.105","Cluster_4831","evm.TU.chromosome_9.105","TP7",0.5,0.6,"2"
"5434","Cluster_4831_evm.TU.chromosome_9.1061","Cluster_4831","evm.TU.chromosome_9.1061","TP7",0.5,0.2,"2"
"5435","Cluster_4831_evm.TU.chromosome_9.1111","Cluster_4831","evm.TU.chromosome_9.1111","TP7",-0.5,-0.6,"1"
"5436","Cluster_4831_evm.TU.chromosome_9.1180","Cluster_4831","evm.TU.chromosome_9.1180","TP7",0.5,0.737864787372622,"2"
"5437","Cluster_4831_evm.TU.chromosome_9.1216","Cluster_4831","evm.TU.chromosome_9.1216","TP7",-1,-0.6,"1"
"5438","Cluster_4831_evm.TU.chromosome_9.1519","Cluster_4831","evm.TU.chromosome_9.1519","TP7",0.5,-0.4,"2"
"5439","Cluster_4831_evm.TU.chromosome_9.1541","Cluster_4831","evm.TU.chromosome_9.1541","TP7",-0.5,-0.8,"1"
"5440","Cluster_4831_evm.TU.chromosome_9.1605","Cluster_4831","evm.TU.chromosome_9.1605","TP7",-0.5,0.6,"3"
"5441","Cluster_4831_evm.TU.chromosome_9.1778","Cluster_4831","evm.TU.chromosome_9.1778","TP7",0.5,0,"2"
"5442","Cluster_4831_evm.TU.chromosome_9.1838","Cluster_4831","evm.TU.chromosome_9.1838","TP7",0.866025403784439,-0.105409255338946,"2"
"5443","Cluster_4831_evm.TU.chromosome_9.2026","Cluster_4831","evm.TU.chromosome_9.2026","TP7",1,0.737864787372622,"2"
"5444","Cluster_4831_evm.TU.chromosome_9.2165","Cluster_4831","evm.TU.chromosome_9.2165","TP7",-0.5,0.2,"1"
"5445","Cluster_4831_evm.TU.chromosome_9.2262","Cluster_4831","evm.TU.chromosome_9.2262","TP7",1,-0.8,"2"
"5446","Cluster_4831_evm.TU.chromosome_9.2266","Cluster_4831","evm.TU.chromosome_9.2266","TP7",0.866025403784439,0.737864787372622,"2"
"5447","Cluster_4831_evm.TU.chromosome_9.2410","Cluster_4831","evm.TU.chromosome_9.2410","TP7",1,0.737864787372622,"2"
"5448","Cluster_4831_evm.TU.chromosome_9.250","Cluster_4831","evm.TU.chromosome_9.250","TP7",0.5,0.4,"2"
"5449","Cluster_4831_evm.TU.chromosome_9.2639","Cluster_4831","evm.TU.chromosome_9.2639","TP7",0.5,0.737864787372622,"2"
"5450","Cluster_4831_evm.TU.chromosome_9.2667","Cluster_4831","evm.TU.chromosome_9.2667","TP7",0.5,0,"2"
"5451","Cluster_4831_evm.TU.chromosome_9.2669","Cluster_4831","evm.TU.chromosome_9.2669","TP7",0.5,-0.6,"2"
"5452","Cluster_4831_evm.TU.chromosome_9.2810","Cluster_4831","evm.TU.chromosome_9.2810","TP7",0.5,0,"2"
"5453","Cluster_4831_evm.TU.chromosome_9.2818","Cluster_4831","evm.TU.chromosome_9.2818","TP7",0.5,0.948683298050514,"2"
"5454","Cluster_4831_evm.TU.chromosome_9.2909","Cluster_4831","evm.TU.chromosome_9.2909","TP7",0.5,0.6,"2"
"5455","Cluster_4831_evm.TU.chromosome_9.2910","Cluster_4831","evm.TU.chromosome_9.2910","TP7",1,0,"2"
"5456","Cluster_4831_evm.TU.chromosome_9.2928","Cluster_4831","evm.TU.chromosome_9.2928","TP7",1,-0.4,"2"
"5457","Cluster_4831_evm.TU.chromosome_9.377","Cluster_4831","evm.TU.chromosome_9.377","TP7",0.5,0.4,"2"
"5458","Cluster_4831_evm.TU.chromosome_9.49","Cluster_4831","evm.TU.chromosome_9.49","TP7",0.5,0.6,"2"
"5459","Cluster_4831_evm.TU.chromosome_9.524","Cluster_4831","evm.TU.chromosome_9.524","TP7",1,-1,"2"
"5460","Cluster_4831_evm.TU.chromosome_9.784","Cluster_4831","evm.TU.chromosome_9.784","TP7",-1,-0.2,"3"
"5461","Cluster_4831_evm.TU.chromosome_9.823","Cluster_4831","evm.TU.chromosome_9.823","TP7",-1,0.4,"3"
"5462","Cluster_4831_evm.TU.chromosome_9.866","Cluster_4831","evm.TU.chromosome_9.866","TP7",0,0.4,"1"
"5463","Cluster_4831_evm.TU.chromosome_9.946","Cluster_4831","evm.TU.chromosome_9.946","TP7",-1,0.8,"3"
"5464","Cluster_4831_evm.TU.chromosome_9.948","Cluster_4831","evm.TU.chromosome_9.948","TP7",0.5,-0.2,"2"
"5465","Cluster_4831_evm.TU.chromosome_9.951","Cluster_4831","evm.TU.chromosome_9.951","TP7",0.5,0.4,"2"
"5466","Cluster_492_evm.TU.chromosome_1.1024","Cluster_492","evm.TU.chromosome_1.1024","TP7",1,0.8,"2"
"5467","Cluster_492_evm.TU.chromosome_1.1107","Cluster_492","evm.TU.chromosome_1.1107","TP7",1,0.632455532033676,"2"
"5468","Cluster_492_evm.TU.chromosome_1.1159","Cluster_492","evm.TU.chromosome_1.1159","TP7",1,0.4,"2"
"5469","Cluster_492_evm.TU.chromosome_1.1226","Cluster_492","evm.TU.chromosome_1.1226","TP7",0.5,0.948683298050514,"2"
"5470","Cluster_492_evm.TU.chromosome_1.1346","Cluster_492","evm.TU.chromosome_1.1346","TP7",1,0.2,"2"
"5471","Cluster_492_evm.TU.chromosome_1.1347","Cluster_492","evm.TU.chromosome_1.1347","TP7",1,0.210818510677892,"2"
"5472","Cluster_492_evm.TU.chromosome_1.1355","Cluster_492","evm.TU.chromosome_1.1355","TP7",1,0.6,"2"
"5473","Cluster_492_evm.TU.chromosome_1.1455","Cluster_492","evm.TU.chromosome_1.1455","TP7",-0.5,0.8,"3"
"5474","Cluster_492_evm.TU.chromosome_1.1527","Cluster_492","evm.TU.chromosome_1.1527","TP7",-1,0.4,"3"
"5475","Cluster_492_evm.TU.chromosome_1.1666","Cluster_492","evm.TU.chromosome_1.1666","TP7",0.5,1,"2"
"5476","Cluster_492_evm.TU.chromosome_1.1670","Cluster_492","evm.TU.chromosome_1.1670","TP7",1,-0.8,"2"
"5477","Cluster_492_evm.TU.chromosome_1.1671","Cluster_492","evm.TU.chromosome_1.1671","TP7",0.5,-0.8,"2"
"5478","Cluster_492_evm.TU.chromosome_1.212","Cluster_492","evm.TU.chromosome_1.212","TP7",0.5,0.210818510677892,"2"
"5479","Cluster_492_evm.TU.chromosome_1.422","Cluster_492","evm.TU.chromosome_1.422","TP7",1,0.4,"2"
"5480","Cluster_492_evm.TU.chromosome_1.428","Cluster_492","evm.TU.chromosome_1.428","TP7",0.5,0.210818510677892,"2"
"5481","Cluster_492_evm.TU.chromosome_1.680","Cluster_492","evm.TU.chromosome_1.680","TP7",-0.5,0.210818510677892,"1"
"5482","Cluster_492_evm.TU.chromosome_1.702","Cluster_492","evm.TU.chromosome_1.702","TP7",0.866025403784439,-0.948683298050514,"2"
"5483","Cluster_492_evm.TU.chromosome_1.728","Cluster_492","evm.TU.chromosome_1.728","TP7",0.5,0.4,"2"
"5484","Cluster_492_evm.TU.chromosome_1.786","Cluster_492","evm.TU.chromosome_1.786","TP7",0.866025403784439,0.632455532033676,"2"
"5485","Cluster_492_evm.TU.chromosome_1.971","Cluster_492","evm.TU.chromosome_1.971","TP7",-0.5,-0.6,"1"
"5486","Cluster_492_evm.TU.chromosome_10.1101","Cluster_492","evm.TU.chromosome_10.1101","TP7",1,-0.6,"2"
"5487","Cluster_492_evm.TU.chromosome_10.1129","Cluster_492","evm.TU.chromosome_10.1129","TP7",-1,-0.4,"1"
"5488","Cluster_492_evm.TU.chromosome_10.1149","Cluster_492","evm.TU.chromosome_10.1149","TP7",0.866025403784439,0.210818510677892,"2"
"5489","Cluster_492_evm.TU.chromosome_10.117","Cluster_492","evm.TU.chromosome_10.117","TP7",-1,0.4,"3"
"5490","Cluster_492_evm.TU.chromosome_10.1289","Cluster_492","evm.TU.chromosome_10.1289","TP7",1,0.8,"2"
"5491","Cluster_492_evm.TU.chromosome_10.1306","Cluster_492","evm.TU.chromosome_10.1306","TP7",1,0.2,"2"
"5492","Cluster_492_evm.TU.chromosome_10.1313","Cluster_492","evm.TU.chromosome_10.1313","TP7",1,0.4,"2"
"5493","Cluster_492_evm.TU.chromosome_10.137","Cluster_492","evm.TU.chromosome_10.137","TP7",-1,0.8,"3"
"5494","Cluster_492_evm.TU.chromosome_10.14","Cluster_492","evm.TU.chromosome_10.14","TP7",1,1,"2"
"5495","Cluster_492_evm.TU.chromosome_10.1454","Cluster_492","evm.TU.chromosome_10.1454","TP7",1,-0.8,"2"
"5496","Cluster_492_evm.TU.chromosome_10.1653","Cluster_492","evm.TU.chromosome_10.1653","TP7",0.5,0.2,"2"
"5497","Cluster_492_evm.TU.chromosome_10.1854","Cluster_492","evm.TU.chromosome_10.1854","TP7",1,-0.8,"2"
"5498","Cluster_492_evm.TU.chromosome_10.2145","Cluster_492","evm.TU.chromosome_10.2145","TP7",0.5,0.8,"2"
"5499","Cluster_492_evm.TU.chromosome_10.2175","Cluster_492","evm.TU.chromosome_10.2175","TP7",0.5,0.210818510677892,"2"
"5500","Cluster_492_evm.TU.chromosome_10.2221","Cluster_492","evm.TU.chromosome_10.2221","TP7",-0.5,0.8,"3"
"5501","Cluster_492_evm.TU.chromosome_10.2287","Cluster_492","evm.TU.chromosome_10.2287","TP7",-1,-0.2,"3"
"5502","Cluster_492_evm.TU.chromosome_10.2391","Cluster_492","evm.TU.chromosome_10.2391","TP7",0.5,0.4,"2"
"5503","Cluster_492_evm.TU.chromosome_10.2450","Cluster_492","evm.TU.chromosome_10.2450","TP7",-0.5,0,"1"
"5504","Cluster_492_evm.TU.chromosome_10.2586","Cluster_492","evm.TU.chromosome_10.2586","TP7",-0.5,-0.8,"1"
"5505","Cluster_492_evm.TU.chromosome_10.267","Cluster_492","evm.TU.chromosome_10.267","TP7",1,0.632455532033676,"2"
"5506","Cluster_492_evm.TU.chromosome_10.2705","Cluster_492","evm.TU.chromosome_10.2705","TP7",1,0.210818510677892,"2"
"5507","Cluster_492_evm.TU.chromosome_10.2748","Cluster_492","evm.TU.chromosome_10.2748","TP7",0.5,0.632455532033676,"2"
"5508","Cluster_492_evm.TU.chromosome_10.2783","Cluster_492","evm.TU.chromosome_10.2783","TP7",1,0.8,"2"
"5509","Cluster_492_evm.TU.chromosome_10.2797","Cluster_492","evm.TU.chromosome_10.2797","TP7",0.5,-0.8,"2"
"5510","Cluster_492_evm.TU.chromosome_10.2907","Cluster_492","evm.TU.chromosome_10.2907","TP7",-0.5,-0.4,"1"
"5511","Cluster_492_evm.TU.chromosome_10.2924","Cluster_492","evm.TU.chromosome_10.2924","TP7",1,0.2,"2"
"5512","Cluster_492_evm.TU.chromosome_10.3051","Cluster_492","evm.TU.chromosome_10.3051","TP7",-0.5,-0.8,"1"
"5513","Cluster_492_evm.TU.chromosome_10.3112","Cluster_492","evm.TU.chromosome_10.3112","TP7",0.5,-0.4,"2"
"5514","Cluster_492_evm.TU.chromosome_10.3172","Cluster_492","evm.TU.chromosome_10.3172","TP7",1,-0.4,"2"
"5515","Cluster_492_evm.TU.chromosome_10.3222","Cluster_492","evm.TU.chromosome_10.3222","TP7",0,0.632455532033676,"1"
"5516","Cluster_492_evm.TU.chromosome_10.3269","Cluster_492","evm.TU.chromosome_10.3269","TP7",-0.5,-0.2,"1"
"5517","Cluster_492_evm.TU.chromosome_10.402","Cluster_492","evm.TU.chromosome_10.402","TP7",0.5,-0.4,"2"
"5518","Cluster_492_evm.TU.chromosome_10.691","Cluster_492","evm.TU.chromosome_10.691","TP7",1,0,"2"
"5519","Cluster_492_evm.TU.chromosome_10.797","Cluster_492","evm.TU.chromosome_10.797","TP7",1,0.210818510677892,"2"
"5520","Cluster_492_evm.TU.chromosome_10.808","Cluster_492","evm.TU.chromosome_10.808","TP7",0.5,-0.8,"2"
"5521","Cluster_492_evm.TU.chromosome_11.1068","Cluster_492","evm.TU.chromosome_11.1068","TP7",-0.5,1,"3"
"5522","Cluster_492_evm.TU.chromosome_11.1146","Cluster_492","evm.TU.chromosome_11.1146","TP7",1,-0.4,"2"
"5523","Cluster_492_evm.TU.chromosome_11.1169","Cluster_492","evm.TU.chromosome_11.1169","TP7",0.5,0.2,"2"
"5524","Cluster_492_evm.TU.chromosome_11.1274","Cluster_492","evm.TU.chromosome_11.1274","TP7",0.5,0.2,"2"
"5525","Cluster_492_evm.TU.chromosome_11.1326","Cluster_492","evm.TU.chromosome_11.1326","TP7",0.5,-0.258198889747161,"2"
"5526","Cluster_492_evm.TU.chromosome_11.1371","Cluster_492","evm.TU.chromosome_11.1371","TP7",0.5,-0.316227766016838,"2"
"5527","Cluster_492_evm.TU.chromosome_11.1401","Cluster_492","evm.TU.chromosome_11.1401","TP7",0.5,0.4,"2"
"5528","Cluster_492_evm.TU.chromosome_11.1412","Cluster_492","evm.TU.chromosome_11.1412","TP7",1,0.2,"2"
"5529","Cluster_492_evm.TU.chromosome_11.1443","Cluster_492","evm.TU.chromosome_11.1443","TP7",1,0.2,"2"
"5530","Cluster_492_evm.TU.chromosome_11.1495","Cluster_492","evm.TU.chromosome_11.1495","TP7",0.5,-0.8,"2"
"5531","Cluster_492_evm.TU.chromosome_11.1548","Cluster_492","evm.TU.chromosome_11.1548","TP7",1,0.4,"2"
"5532","Cluster_492_evm.TU.chromosome_11.1595","Cluster_492","evm.TU.chromosome_11.1595","TP7",0.5,0,"2"
"5533","Cluster_492_evm.TU.chromosome_11.1624","Cluster_492","evm.TU.chromosome_11.1624","TP7",-1,-0.4,"1"
"5534","Cluster_492_evm.TU.chromosome_11.1636","Cluster_492","evm.TU.chromosome_11.1636","TP7",0,0.632455532033676,"1"
"5535","Cluster_492_evm.TU.chromosome_11.1779","Cluster_492","evm.TU.chromosome_11.1779","TP7",0.5,-0.316227766016838,"2"
"5536","Cluster_492_evm.TU.chromosome_11.1909","Cluster_492","evm.TU.chromosome_11.1909","TP7",-1,0.737864787372622,"3"
"5537","Cluster_492_evm.TU.chromosome_11.2044","Cluster_492","evm.TU.chromosome_11.2044","TP7",0,0.210818510677892,"1"
"5538","Cluster_492_evm.TU.chromosome_11.2146","Cluster_492","evm.TU.chromosome_11.2146","TP7",0.5,0.6,"2"
"5539","Cluster_492_evm.TU.chromosome_11.2285","Cluster_492","evm.TU.chromosome_11.2285","TP7",1,0.4,"2"
"5540","Cluster_492_evm.TU.chromosome_11.2472","Cluster_492","evm.TU.chromosome_11.2472","TP7",-1,-0.8,"1"
"5541","Cluster_492_evm.TU.chromosome_11.2491","Cluster_492","evm.TU.chromosome_11.2491","TP7",1,0.774596669241483,"2"
"5542","Cluster_492_evm.TU.chromosome_11.2704","Cluster_492","evm.TU.chromosome_11.2704","TP7",-0.5,0.8,"3"
"5543","Cluster_492_evm.TU.chromosome_11.2733","Cluster_492","evm.TU.chromosome_11.2733","TP7",0.5,1,"2"
"5544","Cluster_492_evm.TU.chromosome_11.2853","Cluster_492","evm.TU.chromosome_11.2853","TP7",0.5,0.4,"2"
"5545","Cluster_492_evm.TU.chromosome_11.2907","Cluster_492","evm.TU.chromosome_11.2907","TP7",1,-0.8,"2"
"5546","Cluster_492_evm.TU.chromosome_11.2930","Cluster_492","evm.TU.chromosome_11.2930","TP7",-1,-0.4,"1"
"5547","Cluster_492_evm.TU.chromosome_11.3036","Cluster_492","evm.TU.chromosome_11.3036","TP7",0.5,-0.8,"2"
"5548","Cluster_492_evm.TU.chromosome_11.3065","Cluster_492","evm.TU.chromosome_11.3065","TP7",-1,-0.8,"1"
"5549","Cluster_492_evm.TU.chromosome_11.3113","Cluster_492","evm.TU.chromosome_11.3113","TP7",0.5,0.210818510677892,"2"
"5550","Cluster_492_evm.TU.chromosome_11.316","Cluster_492","evm.TU.chromosome_11.316","TP7",1,0.8,"2"
"5551","Cluster_492_evm.TU.chromosome_11.408","Cluster_492","evm.TU.chromosome_11.408","TP7",-0.5,-0.4,"1"
"5552","Cluster_492_evm.TU.chromosome_11.49","Cluster_492","evm.TU.chromosome_11.49","TP7",0.5,0.632455532033676,"2"
"5553","Cluster_492_evm.TU.chromosome_11.491","Cluster_492","evm.TU.chromosome_11.491","TP7",-1,0.2,"3"
"5554","Cluster_492_evm.TU.chromosome_11.549","Cluster_492","evm.TU.chromosome_11.549","TP7",1,0.4,"2"
"5555","Cluster_492_evm.TU.chromosome_11.558","Cluster_492","evm.TU.chromosome_11.558","TP7",0.5,0.210818510677892,"2"
"5556","Cluster_492_evm.TU.chromosome_11.572","Cluster_492","evm.TU.chromosome_11.572","TP7",0,0.8,"1"
"5557","Cluster_492_evm.TU.chromosome_11.590","Cluster_492","evm.TU.chromosome_11.590","TP7",1,0.4,"2"
"5558","Cluster_492_evm.TU.chromosome_11.71","Cluster_492","evm.TU.chromosome_11.71","TP7",1,0,"2"
"5559","Cluster_492_evm.TU.chromosome_11.789","Cluster_492","evm.TU.chromosome_11.789","TP7",0.5,-0.4,"2"
"5560","Cluster_492_evm.TU.chromosome_12.1038","Cluster_492","evm.TU.chromosome_12.1038","TP7",-1,-0.2,"3"
"5561","Cluster_492_evm.TU.chromosome_12.1068","Cluster_492","evm.TU.chromosome_12.1068","TP7",-1,0.774596669241483,"3"
"5562","Cluster_492_evm.TU.chromosome_12.1338","Cluster_492","evm.TU.chromosome_12.1338","TP7",1,-0.4,"2"
"5563","Cluster_492_evm.TU.chromosome_12.1412","Cluster_492","evm.TU.chromosome_12.1412","TP7",-1,0.4,"3"
"5564","Cluster_492_evm.TU.chromosome_12.1419","Cluster_492","evm.TU.chromosome_12.1419","TP7",0.5,-0.4,"2"
"5565","Cluster_492_evm.TU.chromosome_12.1714","Cluster_492","evm.TU.chromosome_12.1714","TP7",0.866025403784439,0.632455532033676,"2"
"5566","Cluster_492_evm.TU.chromosome_12.1730","Cluster_492","evm.TU.chromosome_12.1730","TP7",0.5,0.210818510677892,"2"
"5567","Cluster_492_evm.TU.chromosome_12.1741","Cluster_492","evm.TU.chromosome_12.1741","TP7",0.5,-0.774596669241483,"2"
"5568","Cluster_492_evm.TU.chromosome_12.1788","Cluster_492","evm.TU.chromosome_12.1788","TP7",1,0.8,"2"
"5569","Cluster_492_evm.TU.chromosome_12.182","Cluster_492","evm.TU.chromosome_12.182","TP7",1,-0.8,"2"
"5570","Cluster_492_evm.TU.chromosome_12.1826","Cluster_492","evm.TU.chromosome_12.1826","TP7",1,0.4,"2"
"5571","Cluster_492_evm.TU.chromosome_12.1854","Cluster_492","evm.TU.chromosome_12.1854","TP7",-0.5,-0.2,"1"
"5572","Cluster_492_evm.TU.chromosome_12.1991","Cluster_492","evm.TU.chromosome_12.1991","TP7",1,0.4,"2"
"5573","Cluster_492_evm.TU.chromosome_12.2038","Cluster_492","evm.TU.chromosome_12.2038","TP7",1,-0.258198889747161,"2"
"5574","Cluster_492_evm.TU.chromosome_12.2051","Cluster_492","evm.TU.chromosome_12.2051","TP7",1,0.4,"2"
"5575","Cluster_492_evm.TU.chromosome_12.2135","Cluster_492","evm.TU.chromosome_12.2135","TP7",-1,-0.8,"1"
"5576","Cluster_492_evm.TU.chromosome_12.2141","Cluster_492","evm.TU.chromosome_12.2141","TP7",1,0,"2"
"5577","Cluster_492_evm.TU.chromosome_12.2236","Cluster_492","evm.TU.chromosome_12.2236","TP7",1,0.210818510677892,"2"
"5578","Cluster_492_evm.TU.chromosome_12.2255","Cluster_492","evm.TU.chromosome_12.2255","TP7",0.5,0.210818510677892,"2"
"5579","Cluster_492_evm.TU.chromosome_12.2380","Cluster_492","evm.TU.chromosome_12.2380","TP7",1,0.8,"2"
"5580","Cluster_492_evm.TU.chromosome_12.2419","Cluster_492","evm.TU.chromosome_12.2419","TP7",0.5,0.4,"2"
"5581","Cluster_492_evm.TU.chromosome_12.2482","Cluster_492","evm.TU.chromosome_12.2482","TP7",-1,-0.8,"1"
"5582","Cluster_492_evm.TU.chromosome_12.2491","Cluster_492","evm.TU.chromosome_12.2491","TP7",-0.5,0.4,"3"
"5583","Cluster_492_evm.TU.chromosome_12.2517","Cluster_492","evm.TU.chromosome_12.2517","TP7",1,-0.4,"2"
"5584","Cluster_492_evm.TU.chromosome_12.2539","Cluster_492","evm.TU.chromosome_12.2539","TP7",1,0.210818510677892,"2"
"5585","Cluster_492_evm.TU.chromosome_12.2563","Cluster_492","evm.TU.chromosome_12.2563","TP7",0,0.210818510677892,"1"
"5586","Cluster_492_evm.TU.chromosome_12.2680","Cluster_492","evm.TU.chromosome_12.2680","TP7",1,-0.4,"2"
"5587","Cluster_492_evm.TU.chromosome_12.3030","Cluster_492","evm.TU.chromosome_12.3030","TP7",0.5,0.8,"2"
"5588","Cluster_492_evm.TU.chromosome_12.3112","Cluster_492","evm.TU.chromosome_12.3112","TP7",1,0.4,"2"
"5589","Cluster_492_evm.TU.chromosome_12.3113","Cluster_492","evm.TU.chromosome_12.3113","TP7",1,0.8,"2"
"5590","Cluster_492_evm.TU.chromosome_12.3225","Cluster_492","evm.TU.chromosome_12.3225","TP7",-0.5,-0.4,"1"
"5591","Cluster_492_evm.TU.chromosome_12.3261","Cluster_492","evm.TU.chromosome_12.3261","TP7",0.5,0.8,"2"
"5592","Cluster_492_evm.TU.chromosome_12.3337","Cluster_492","evm.TU.chromosome_12.3337","TP7",1,0.8,"2"
"5593","Cluster_492_evm.TU.chromosome_12.339","Cluster_492","evm.TU.chromosome_12.339","TP7",1,0.632455532033676,"2"
"5594","Cluster_492_evm.TU.chromosome_12.3397","Cluster_492","evm.TU.chromosome_12.3397","TP7",1,0.210818510677892,"2"
"5595","Cluster_492_evm.TU.chromosome_12.3560","Cluster_492","evm.TU.chromosome_12.3560","TP7",1,0.4,"2"
"5596","Cluster_492_evm.TU.chromosome_12.3584","Cluster_492","evm.TU.chromosome_12.3584","TP7",0.5,-0.4,"2"
"5597","Cluster_492_evm.TU.chromosome_12.3709","Cluster_492","evm.TU.chromosome_12.3709","TP7",1,0.632455532033676,"2"
"5598","Cluster_492_evm.TU.chromosome_12.3757","Cluster_492","evm.TU.chromosome_12.3757","TP7",1,-0.8,"2"
"5599","Cluster_492_evm.TU.chromosome_12.3783","Cluster_492","evm.TU.chromosome_12.3783","TP7",0.5,-0.4,"2"
"5600","Cluster_492_evm.TU.chromosome_12.3794","Cluster_492","evm.TU.chromosome_12.3794","TP7",0.5,0.4,"2"
"5601","Cluster_492_evm.TU.chromosome_12.3814","Cluster_492","evm.TU.chromosome_12.3814","TP7",1,-0.8,"2"
"5602","Cluster_492_evm.TU.chromosome_12.3815","Cluster_492","evm.TU.chromosome_12.3815","TP7",1,-0.258198889747161,"2"
"5603","Cluster_492_evm.TU.chromosome_12.3915","Cluster_492","evm.TU.chromosome_12.3915","TP7",-0.5,-0.4,"1"
"5604","Cluster_492_evm.TU.chromosome_12.3928","Cluster_492","evm.TU.chromosome_12.3928","TP7",0.5,-1,"2"
"5605","Cluster_492_evm.TU.chromosome_12.3929","Cluster_492","evm.TU.chromosome_12.3929","TP7",-0.5,-0.8,"1"
"5606","Cluster_492_evm.TU.chromosome_12.3964","Cluster_492","evm.TU.chromosome_12.3964","TP7",0.5,0.210818510677892,"2"
"5607","Cluster_492_evm.TU.chromosome_12.4050","Cluster_492","evm.TU.chromosome_12.4050","TP7",-1,-1,"1"
"5608","Cluster_492_evm.TU.chromosome_12.4091","Cluster_492","evm.TU.chromosome_12.4091","TP7",0.5,0.210818510677892,"2"
"5609","Cluster_492_evm.TU.chromosome_12.446","Cluster_492","evm.TU.chromosome_12.446","TP7",0.5,0.4,"2"
"5610","Cluster_492_evm.TU.chromosome_12.447","Cluster_492","evm.TU.chromosome_12.447","TP7",-0.5,0.4,"3"
"5611","Cluster_492_evm.TU.chromosome_12.487","Cluster_492","evm.TU.chromosome_12.487","TP7",0,0.2,"1"
"5612","Cluster_492_evm.TU.chromosome_12.592","Cluster_492","evm.TU.chromosome_12.592","TP7",0,0.210818510677892,"1"
"5613","Cluster_492_evm.TU.chromosome_12.594","Cluster_492","evm.TU.chromosome_12.594","TP7",1,-0.8,"2"
"5614","Cluster_492_evm.TU.chromosome_12.677","Cluster_492","evm.TU.chromosome_12.677","TP7",1,0.4,"2"
"5615","Cluster_492_evm.TU.chromosome_12.680","Cluster_492","evm.TU.chromosome_12.680","TP7",0.5,0.8,"2"
"5616","Cluster_492_evm.TU.chromosome_12.691","Cluster_492","evm.TU.chromosome_12.691","TP7",0.5,-0.2,"2"
"5617","Cluster_492_evm.TU.chromosome_12.77","Cluster_492","evm.TU.chromosome_12.77","TP7",0.5,-0.8,"2"
"5618","Cluster_492_evm.TU.chromosome_12.799","Cluster_492","evm.TU.chromosome_12.799","TP7",-1,0.4,"3"
"5619","Cluster_492_evm.TU.chromosome_12.923","Cluster_492","evm.TU.chromosome_12.923","TP7",1,-0.8,"2"
"5620","Cluster_492_evm.TU.chromosome_12.928","Cluster_492","evm.TU.chromosome_12.928","TP7",1,0.2,"2"
"5621","Cluster_492_evm.TU.chromosome_13.1026","Cluster_492","evm.TU.chromosome_13.1026","TP7",1,-0.8,"2"
"5622","Cluster_492_evm.TU.chromosome_13.1105","Cluster_492","evm.TU.chromosome_13.1105","TP7",1,0.210818510677892,"2"
"5623","Cluster_492_evm.TU.chromosome_13.1108","Cluster_492","evm.TU.chromosome_13.1108","TP7",0.5,0.210818510677892,"2"
"5624","Cluster_492_evm.TU.chromosome_13.1268","Cluster_492","evm.TU.chromosome_13.1268","TP7",0.5,0,"2"
"5625","Cluster_492_evm.TU.chromosome_13.1488","Cluster_492","evm.TU.chromosome_13.1488","TP7",0.5,0.632455532033676,"2"
"5626","Cluster_492_evm.TU.chromosome_13.1682","Cluster_492","evm.TU.chromosome_13.1682","TP7",-0.5,0.210818510677892,"1"
"5627","Cluster_492_evm.TU.chromosome_13.1687","Cluster_492","evm.TU.chromosome_13.1687","TP7",0.5,0.4,"2"
"5628","Cluster_492_evm.TU.chromosome_13.1710","Cluster_492","evm.TU.chromosome_13.1710","TP7",1,-0.8,"2"
"5629","Cluster_492_evm.TU.chromosome_13.1755","Cluster_492","evm.TU.chromosome_13.1755","TP7",0.866025403784439,0.8,"2"
"5630","Cluster_492_evm.TU.chromosome_13.1917","Cluster_492","evm.TU.chromosome_13.1917","TP7",0.5,0.210818510677892,"2"
"5631","Cluster_492_evm.TU.chromosome_13.2030","Cluster_492","evm.TU.chromosome_13.2030","TP7",0.5,0.210818510677892,"2"
"5632","Cluster_492_evm.TU.chromosome_13.2121","Cluster_492","evm.TU.chromosome_13.2121","TP7",0.866025403784439,-0.258198889747161,"2"
"5633","Cluster_492_evm.TU.chromosome_13.2131","Cluster_492","evm.TU.chromosome_13.2131","TP7",1,-0.948683298050514,"2"
"5634","Cluster_492_evm.TU.chromosome_13.2191","Cluster_492","evm.TU.chromosome_13.2191","TP7",0.5,-0.948683298050514,"2"
"5635","Cluster_492_evm.TU.chromosome_13.2232","Cluster_492","evm.TU.chromosome_13.2232","TP7",1,0.632455532033676,"2"
"5636","Cluster_492_evm.TU.chromosome_13.2357","Cluster_492","evm.TU.chromosome_13.2357","TP7",1,0.8,"2"
"5637","Cluster_492_evm.TU.chromosome_13.2358","Cluster_492","evm.TU.chromosome_13.2358","TP7",-1,0.632455532033676,"3"
"5638","Cluster_492_evm.TU.chromosome_13.2442","Cluster_492","evm.TU.chromosome_13.2442","TP7",0,0.632455532033676,"1"
"5639","Cluster_492_evm.TU.chromosome_13.2650","Cluster_492","evm.TU.chromosome_13.2650","TP7",1,0.632455532033676,"2"
"5640","Cluster_492_evm.TU.chromosome_13.2743","Cluster_492","evm.TU.chromosome_13.2743","TP7",1,1,"2"
"5641","Cluster_492_evm.TU.chromosome_13.2747","Cluster_492","evm.TU.chromosome_13.2747","TP7",0.5,0.8,"2"
"5642","Cluster_492_evm.TU.chromosome_13.2753","Cluster_492","evm.TU.chromosome_13.2753","TP7",-0.5,-0.8,"1"
"5643","Cluster_492_evm.TU.chromosome_13.276","Cluster_492","evm.TU.chromosome_13.276","TP7",-1,-0.8,"1"
"5644","Cluster_492_evm.TU.chromosome_13.2919","Cluster_492","evm.TU.chromosome_13.2919","TP7",0.5,0.2,"2"
"5645","Cluster_492_evm.TU.chromosome_13.3008","Cluster_492","evm.TU.chromosome_13.3008","TP7",-1,-0.2,"3"
"5646","Cluster_492_evm.TU.chromosome_13.3030","Cluster_492","evm.TU.chromosome_13.3030","TP7",-1,0.8,"3"
"5647","Cluster_492_evm.TU.chromosome_13.3048","Cluster_492","evm.TU.chromosome_13.3048","TP7",0,-0.632455532033676,"2"
"5648","Cluster_492_evm.TU.chromosome_13.3068","Cluster_492","evm.TU.chromosome_13.3068","TP7",1,0.2,"2"
"5649","Cluster_492_evm.TU.chromosome_13.3299","Cluster_492","evm.TU.chromosome_13.3299","TP7",-0.5,0.6,"3"
"5650","Cluster_492_evm.TU.chromosome_13.3454","Cluster_492","evm.TU.chromosome_13.3454","TP7",1,0.4,"2"
"5651","Cluster_492_evm.TU.chromosome_13.3478","Cluster_492","evm.TU.chromosome_13.3478","TP7",1,0.737864787372622,"2"
"5652","Cluster_492_evm.TU.chromosome_13.3571","Cluster_492","evm.TU.chromosome_13.3571","TP7",1,0.2,"2"
"5653","Cluster_492_evm.TU.chromosome_13.362","Cluster_492","evm.TU.chromosome_13.362","TP7",-0.5,-0.8,"1"
"5654","Cluster_492_evm.TU.chromosome_13.3663","Cluster_492","evm.TU.chromosome_13.3663","TP7",1,-0.4,"2"
"5655","Cluster_492_evm.TU.chromosome_13.3759","Cluster_492","evm.TU.chromosome_13.3759","TP7",0.5,0.2,"2"
"5656","Cluster_492_evm.TU.chromosome_13.3791","Cluster_492","evm.TU.chromosome_13.3791","TP7",0.5,0.8,"2"
"5657","Cluster_492_evm.TU.chromosome_13.3853","Cluster_492","evm.TU.chromosome_13.3853","TP7",1,-0.2,"2"
"5658","Cluster_492_evm.TU.chromosome_13.3854","Cluster_492","evm.TU.chromosome_13.3854","TP7",1,0.632455532033676,"2"
"5659","Cluster_492_evm.TU.chromosome_13.3872","Cluster_492","evm.TU.chromosome_13.3872","TP7",0.5,-1,"2"
"5660","Cluster_492_evm.TU.chromosome_13.388","Cluster_492","evm.TU.chromosome_13.388","TP7",0.866025403784439,0.774596669241483,"2"
"5661","Cluster_492_evm.TU.chromosome_13.394","Cluster_492","evm.TU.chromosome_13.394","TP7",0.5,-0.4,"2"
"5662","Cluster_492_evm.TU.chromosome_13.4084","Cluster_492","evm.TU.chromosome_13.4084","TP7",-0.5,-0.4,"1"
"5663","Cluster_492_evm.TU.chromosome_13.4134","Cluster_492","evm.TU.chromosome_13.4134","TP7",1,0.632455532033676,"2"
"5664","Cluster_492_evm.TU.chromosome_13.429","Cluster_492","evm.TU.chromosome_13.429","TP7",-1,-0.4,"1"
"5665","Cluster_492_evm.TU.chromosome_13.43","Cluster_492","evm.TU.chromosome_13.43","TP7",0.5,-0.4,"2"
"5666","Cluster_492_evm.TU.chromosome_13.55","Cluster_492","evm.TU.chromosome_13.55","TP7",1,0.8,"2"
"5667","Cluster_492_evm.TU.chromosome_13.7","Cluster_492","evm.TU.chromosome_13.7","TP7",0.866025403784439,0.210818510677892,"2"
"5668","Cluster_492_evm.TU.chromosome_13.733","Cluster_492","evm.TU.chromosome_13.733","TP7",-0.5,-0.8,"1"
"5669","Cluster_492_evm.TU.chromosome_13.83","Cluster_492","evm.TU.chromosome_13.83","TP7",0,-0.258198889747161,"1"
"5670","Cluster_492_evm.TU.chromosome_13.847","Cluster_492","evm.TU.chromosome_13.847","TP7",-0.5,0.8,"3"
"5671","Cluster_492_evm.TU.chromosome_13.89","Cluster_492","evm.TU.chromosome_13.89","TP7",0.5,0.774596669241483,"2"
"5672","Cluster_492_evm.TU.chromosome_14.1094","Cluster_492","evm.TU.chromosome_14.1094","TP7",-1,0.8,"3"
"5673","Cluster_492_evm.TU.chromosome_14.1356","Cluster_492","evm.TU.chromosome_14.1356","TP7",0.5,0.4,"2"
"5674","Cluster_492_evm.TU.chromosome_14.1395","Cluster_492","evm.TU.chromosome_14.1395","TP7",-1,-0.2,"3"
"5675","Cluster_492_evm.TU.chromosome_14.141","Cluster_492","evm.TU.chromosome_14.141","TP7",0.5,0.4,"2"
"5676","Cluster_492_evm.TU.chromosome_14.1413","Cluster_492","evm.TU.chromosome_14.1413","TP7",0.5,0.2,"2"
"5677","Cluster_492_evm.TU.chromosome_14.1556","Cluster_492","evm.TU.chromosome_14.1556","TP7",-0.5,0.2,"1"
"5678","Cluster_492_evm.TU.chromosome_14.1562","Cluster_492","evm.TU.chromosome_14.1562","TP7",0.5,-0.4,"2"
"5679","Cluster_492_evm.TU.chromosome_14.168","Cluster_492","evm.TU.chromosome_14.168","TP7",0.5,-0.8,"2"
"5680","Cluster_492_evm.TU.chromosome_14.182","Cluster_492","evm.TU.chromosome_14.182","TP7",1,0.4,"2"
"5681","Cluster_492_evm.TU.chromosome_14.2176","Cluster_492","evm.TU.chromosome_14.2176","TP7",1,-0.4,"2"
"5682","Cluster_492_evm.TU.chromosome_14.242","Cluster_492","evm.TU.chromosome_14.242","TP7",1,-0.4,"2"
"5683","Cluster_492_evm.TU.chromosome_14.287","Cluster_492","evm.TU.chromosome_14.287","TP7",1,0.4,"2"
"5684","Cluster_492_evm.TU.chromosome_14.338","Cluster_492","evm.TU.chromosome_14.338","TP7",0,0.774596669241483,"1"
"5685","Cluster_492_evm.TU.chromosome_14.3614","Cluster_492","evm.TU.chromosome_14.3614","TP7",-0.5,-0.4,"1"
"5686","Cluster_492_evm.TU.chromosome_14.472","Cluster_492","evm.TU.chromosome_14.472","TP7",0.5,1,"2"
"5687","Cluster_492_evm.TU.chromosome_14.4736","Cluster_492","evm.TU.chromosome_14.4736","TP7",1,1,"2"
"5688","Cluster_492_evm.TU.chromosome_14.4739","Cluster_492","evm.TU.chromosome_14.4739","TP7",1,0.8,"2"
"5689","Cluster_492_evm.TU.chromosome_14.4740","Cluster_492","evm.TU.chromosome_14.4740","TP7",1,-0.4,"2"
"5690","Cluster_492_evm.TU.chromosome_14.4748","Cluster_492","evm.TU.chromosome_14.4748","TP7",0.5,0.737864787372622,"2"
"5691","Cluster_492_evm.TU.chromosome_14.4858","Cluster_492","evm.TU.chromosome_14.4858","TP7",1,0.632455532033676,"2"
"5692","Cluster_492_evm.TU.chromosome_14.4903","Cluster_492","evm.TU.chromosome_14.4903","TP7",1,0.774596669241483,"2"
"5693","Cluster_492_evm.TU.chromosome_14.4975","Cluster_492","evm.TU.chromosome_14.4975","TP7",1,0.4,"2"
"5694","Cluster_492_evm.TU.chromosome_14.517","Cluster_492","evm.TU.chromosome_14.517","TP7",-1,-0.8,"1"
"5695","Cluster_492_evm.TU.chromosome_14.5358","Cluster_492","evm.TU.chromosome_14.5358","TP7",1,0.4,"2"
"5696","Cluster_492_evm.TU.chromosome_14.5361","Cluster_492","evm.TU.chromosome_14.5361","TP7",-1,0.4,"3"
"5697","Cluster_492_evm.TU.chromosome_14.5517","Cluster_492","evm.TU.chromosome_14.5517","TP7",-0.5,0.4,"3"
"5698","Cluster_492_evm.TU.chromosome_14.5534","Cluster_492","evm.TU.chromosome_14.5534","TP7",0.5,-0.4,"2"
"5699","Cluster_492_evm.TU.chromosome_14.5658","Cluster_492","evm.TU.chromosome_14.5658","TP7",1,0.4,"2"
"5700","Cluster_492_evm.TU.chromosome_14.5676","Cluster_492","evm.TU.chromosome_14.5676","TP7",1,-0.4,"2"
"5701","Cluster_492_evm.TU.chromosome_14.5700","Cluster_492","evm.TU.chromosome_14.5700","TP7",1,0,"2"
"5702","Cluster_492_evm.TU.chromosome_14.5756","Cluster_492","evm.TU.chromosome_14.5756","TP7",0.5,-0.4,"2"
"5703","Cluster_492_evm.TU.chromosome_14.5870","Cluster_492","evm.TU.chromosome_14.5870","TP7",0.5,0.8,"2"
"5704","Cluster_492_evm.TU.chromosome_14.6059","Cluster_492","evm.TU.chromosome_14.6059","TP7",1,-0.4,"2"
"5705","Cluster_492_evm.TU.chromosome_14.6166","Cluster_492","evm.TU.chromosome_14.6166","TP7",1,0.8,"2"
"5706","Cluster_492_evm.TU.chromosome_14.6274","Cluster_492","evm.TU.chromosome_14.6274","TP7",1,-0.2,"2"
"5707","Cluster_492_evm.TU.chromosome_14.6303","Cluster_492","evm.TU.chromosome_14.6303","TP7",0.5,0.4,"2"
"5708","Cluster_492_evm.TU.chromosome_14.6358","Cluster_492","evm.TU.chromosome_14.6358","TP7",1,-0.8,"2"
"5709","Cluster_492_evm.TU.chromosome_14.6367","Cluster_492","evm.TU.chromosome_14.6367","TP7",1,-0.6,"2"
"5710","Cluster_492_evm.TU.chromosome_14.6419","Cluster_492","evm.TU.chromosome_14.6419","TP7",0.5,0.8,"2"
"5711","Cluster_492_evm.TU.chromosome_14.6529","Cluster_492","evm.TU.chromosome_14.6529","TP7",0.5,0.8,"2"
"5712","Cluster_492_evm.TU.chromosome_14.6560","Cluster_492","evm.TU.chromosome_14.6560","TP7",-1,-0.2,"3"
"5713","Cluster_492_evm.TU.chromosome_14.6741","Cluster_492","evm.TU.chromosome_14.6741","TP7",-1,-0.4,"1"
"5714","Cluster_492_evm.TU.chromosome_14.684","Cluster_492","evm.TU.chromosome_14.684","TP7",-0.5,-0.774596669241483,"1"
"5715","Cluster_492_evm.TU.chromosome_14.6852","Cluster_492","evm.TU.chromosome_14.6852","TP7",1,1,"2"
"5716","Cluster_492_evm.TU.chromosome_14.6984","Cluster_492","evm.TU.chromosome_14.6984","TP7",-0.5,0.210818510677892,"1"
"5717","Cluster_492_evm.TU.chromosome_14.7028","Cluster_492","evm.TU.chromosome_14.7028","TP7",0,0.8,"1"
"5718","Cluster_492_evm.TU.chromosome_14.7038","Cluster_492","evm.TU.chromosome_14.7038","TP7",1,0.8,"2"
"5719","Cluster_492_evm.TU.chromosome_14.7052","Cluster_492","evm.TU.chromosome_14.7052","TP7",1,-0.8,"2"
"5720","Cluster_492_evm.TU.chromosome_14.7077","Cluster_492","evm.TU.chromosome_14.7077","TP7",1,0.8,"2"
"5721","Cluster_492_evm.TU.chromosome_14.7112","Cluster_492","evm.TU.chromosome_14.7112","TP7",0.5,-0.6,"2"
"5722","Cluster_492_evm.TU.chromosome_14.7170","Cluster_492","evm.TU.chromosome_14.7170","TP7",-0.5,0.4,"3"
"5723","Cluster_492_evm.TU.chromosome_14.7180","Cluster_492","evm.TU.chromosome_14.7180","TP7",1,0.258198889747161,"2"
"5724","Cluster_492_evm.TU.chromosome_14.7320","Cluster_492","evm.TU.chromosome_14.7320","TP7",1,-0.8,"2"
"5725","Cluster_492_evm.TU.chromosome_14.7326","Cluster_492","evm.TU.chromosome_14.7326","TP7",-0.5,-0.8,"1"
"5726","Cluster_492_evm.TU.chromosome_14.751","Cluster_492","evm.TU.chromosome_14.751","TP7",0.5,0.2,"2"
"5727","Cluster_492_evm.TU.chromosome_14.977","Cluster_492","evm.TU.chromosome_14.977","TP7",1,-0.258198889747161,"2"
"5728","Cluster_492_evm.TU.chromosome_2.1052","Cluster_492","evm.TU.chromosome_2.1052","TP7",1,0.632455532033676,"2"
"5729","Cluster_492_evm.TU.chromosome_2.1309","Cluster_492","evm.TU.chromosome_2.1309","TP7",1,-0.4,"2"
"5730","Cluster_492_evm.TU.chromosome_2.1758","Cluster_492","evm.TU.chromosome_2.1758","TP7",0.5,-0.4,"2"
"5731","Cluster_492_evm.TU.chromosome_2.1766","Cluster_492","evm.TU.chromosome_2.1766","TP7",1,0.210818510677892,"2"
"5732","Cluster_492_evm.TU.chromosome_2.1777","Cluster_492","evm.TU.chromosome_2.1777","TP7",0.5,0.4,"2"
"5733","Cluster_492_evm.TU.chromosome_2.18","Cluster_492","evm.TU.chromosome_2.18","TP7",1,0.4,"2"
"5734","Cluster_492_evm.TU.chromosome_2.1889","Cluster_492","evm.TU.chromosome_2.1889","TP7",1,-0.2,"2"
"5735","Cluster_492_evm.TU.chromosome_2.1925","Cluster_492","evm.TU.chromosome_2.1925","TP7",1,0.4,"2"
"5736","Cluster_492_evm.TU.chromosome_2.2028","Cluster_492","evm.TU.chromosome_2.2028","TP7",0.5,0.4,"2"
"5737","Cluster_492_evm.TU.chromosome_2.2088","Cluster_492","evm.TU.chromosome_2.2088","TP7",0.5,0.4,"2"
"5738","Cluster_492_evm.TU.chromosome_2.2096","Cluster_492","evm.TU.chromosome_2.2096","TP7",0.5,0.4,"2"
"5739","Cluster_492_evm.TU.chromosome_2.235","Cluster_492","evm.TU.chromosome_2.235","TP7",-0.5,-0.8,"1"
"5740","Cluster_492_evm.TU.chromosome_2.29","Cluster_492","evm.TU.chromosome_2.29","TP7",-0.5,-0.8,"1"
"5741","Cluster_492_evm.TU.chromosome_2.378","Cluster_492","evm.TU.chromosome_2.378","TP7",-0.5,0.4,"3"
"5742","Cluster_492_evm.TU.chromosome_2.421","Cluster_492","evm.TU.chromosome_2.421","TP7",1,0.4,"2"
"5743","Cluster_492_evm.TU.chromosome_2.579","Cluster_492","evm.TU.chromosome_2.579","TP7",0.5,0.632455532033676,"2"
"5744","Cluster_492_evm.TU.chromosome_2.663","Cluster_492","evm.TU.chromosome_2.663","TP7",0.5,1,"2"
"5745","Cluster_492_evm.TU.chromosome_2.677","Cluster_492","evm.TU.chromosome_2.677","TP7",1,0.632455532033676,"2"
"5746","Cluster_492_evm.TU.chromosome_2.766","Cluster_492","evm.TU.chromosome_2.766","TP7",-0.5,-0.8,"1"
"5747","Cluster_492_evm.TU.chromosome_2.782","Cluster_492","evm.TU.chromosome_2.782","TP7",-0.5,0.4,"3"
"5748","Cluster_492_evm.TU.chromosome_2.793","Cluster_492","evm.TU.chromosome_2.793","TP7",0.5,1,"2"
"5749","Cluster_492_evm.TU.chromosome_3.1019","Cluster_492","evm.TU.chromosome_3.1019","TP7",1,0.210818510677892,"2"
"5750","Cluster_492_evm.TU.chromosome_3.1021","Cluster_492","evm.TU.chromosome_3.1021","TP7",1,-0.2,"2"
"5751","Cluster_492_evm.TU.chromosome_3.1057","Cluster_492","evm.TU.chromosome_3.1057","TP7",1,1,"2"
"5752","Cluster_492_evm.TU.chromosome_3.1093","Cluster_492","evm.TU.chromosome_3.1093","TP7",-0.5,0.632455532033676,"3"
"5753","Cluster_492_evm.TU.chromosome_3.1145","Cluster_492","evm.TU.chromosome_3.1145","TP7",0.866025403784439,0.632455532033676,"2"
"5754","Cluster_492_evm.TU.chromosome_3.1389","Cluster_492","evm.TU.chromosome_3.1389","TP7",0.5,0.210818510677892,"2"
"5755","Cluster_492_evm.TU.chromosome_3.139","Cluster_492","evm.TU.chromosome_3.139","TP7",1,0.8,"2"
"5756","Cluster_492_evm.TU.chromosome_3.1434","Cluster_492","evm.TU.chromosome_3.1434","TP7",-1,-0.4,"1"
"5757","Cluster_492_evm.TU.chromosome_3.1624","Cluster_492","evm.TU.chromosome_3.1624","TP7",1,0.210818510677892,"2"
"5758","Cluster_492_evm.TU.chromosome_3.178","Cluster_492","evm.TU.chromosome_3.178","TP7",0.5,0.105409255338946,"2"
"5759","Cluster_492_evm.TU.chromosome_3.1798","Cluster_492","evm.TU.chromosome_3.1798","TP7",1,0.8,"2"
"5760","Cluster_492_evm.TU.chromosome_3.1799","Cluster_492","evm.TU.chromosome_3.1799","TP7",1,-0.4,"2"
"5761","Cluster_492_evm.TU.chromosome_3.1956","Cluster_492","evm.TU.chromosome_3.1956","TP7",0.5,0.632455532033676,"2"
"5762","Cluster_492_evm.TU.chromosome_3.205","Cluster_492","evm.TU.chromosome_3.205","TP7",-0.5,-0.2,"1"
"5763","Cluster_492_evm.TU.chromosome_3.478","Cluster_492","evm.TU.chromosome_3.478","TP7",-1,-0.4,"1"
"5764","Cluster_492_evm.TU.chromosome_3.502","Cluster_492","evm.TU.chromosome_3.502","TP7",0,0.210818510677892,"1"
"5765","Cluster_492_evm.TU.chromosome_3.538","Cluster_492","evm.TU.chromosome_3.538","TP7",1,0.774596669241483,"2"
"5766","Cluster_492_evm.TU.chromosome_3.568","Cluster_492","evm.TU.chromosome_3.568","TP7",1,0.8,"2"
"5767","Cluster_492_evm.TU.chromosome_3.61","Cluster_492","evm.TU.chromosome_3.61","TP7",1,0.8,"2"
"5768","Cluster_492_evm.TU.chromosome_3.684","Cluster_492","evm.TU.chromosome_3.684","TP7",0,0.774596669241483,"1"
"5769","Cluster_492_evm.TU.chromosome_3.845","Cluster_492","evm.TU.chromosome_3.845","TP7",-0.5,0.6,"3"
"5770","Cluster_492_evm.TU.chromosome_3.847","Cluster_492","evm.TU.chromosome_3.847","TP7",1,1,"2"
"5771","Cluster_492_evm.TU.chromosome_3.863","Cluster_492","evm.TU.chromosome_3.863","TP7",1,0.210818510677892,"2"
"5772","Cluster_492_evm.TU.chromosome_3.950","Cluster_492","evm.TU.chromosome_3.950","TP7",-1,-0.4,"1"
"5773","Cluster_492_evm.TU.chromosome_3.985","Cluster_492","evm.TU.chromosome_3.985","TP7",1,-1,"2"
"5774","Cluster_492_evm.TU.chromosome_3.986","Cluster_492","evm.TU.chromosome_3.986","TP7",0.5,0.210818510677892,"2"
"5775","Cluster_492_evm.TU.chromosome_4.1063","Cluster_492","evm.TU.chromosome_4.1063","TP7",-0.5,0,"1"
"5776","Cluster_492_evm.TU.chromosome_4.1067","Cluster_492","evm.TU.chromosome_4.1067","TP7",-0.5,0.4,"3"
"5777","Cluster_492_evm.TU.chromosome_4.1092","Cluster_492","evm.TU.chromosome_4.1092","TP7",1,0,"2"
"5778","Cluster_492_evm.TU.chromosome_4.1219","Cluster_492","evm.TU.chromosome_4.1219","TP7",1,0.2,"2"
"5779","Cluster_492_evm.TU.chromosome_4.1251","Cluster_492","evm.TU.chromosome_4.1251","TP7",1,0,"2"
"5780","Cluster_492_evm.TU.chromosome_4.1309","Cluster_492","evm.TU.chromosome_4.1309","TP7",1,0.8,"2"
"5781","Cluster_492_evm.TU.chromosome_4.1339","Cluster_492","evm.TU.chromosome_4.1339","TP7",-0.5,0.4,"3"
"5782","Cluster_492_evm.TU.chromosome_4.1476","Cluster_492","evm.TU.chromosome_4.1476","TP7",0,-0.316227766016838,"1"
"5783","Cluster_492_evm.TU.chromosome_4.1504","Cluster_492","evm.TU.chromosome_4.1504","TP7",0.5,-0.8,"2"
"5784","Cluster_492_evm.TU.chromosome_4.1508","Cluster_492","evm.TU.chromosome_4.1508","TP7",0.5,0.2,"2"
"5785","Cluster_492_evm.TU.chromosome_4.1527","Cluster_492","evm.TU.chromosome_4.1527","TP7",0.5,0.2,"2"
"5786","Cluster_492_evm.TU.chromosome_4.1533","Cluster_492","evm.TU.chromosome_4.1533","TP7",0.5,-0.4,"2"
"5787","Cluster_492_evm.TU.chromosome_4.1557","Cluster_492","evm.TU.chromosome_4.1557","TP7",0.5,0.210818510677892,"2"
"5788","Cluster_492_evm.TU.chromosome_4.1592","Cluster_492","evm.TU.chromosome_4.1592","TP7",1,0.4,"2"
"5789","Cluster_492_evm.TU.chromosome_4.1596","Cluster_492","evm.TU.chromosome_4.1596","TP7",0.5,-0.4,"2"
"5790","Cluster_492_evm.TU.chromosome_4.163","Cluster_492","evm.TU.chromosome_4.163","TP7",0.5,0,"2"
"5791","Cluster_492_evm.TU.chromosome_4.1869","Cluster_492","evm.TU.chromosome_4.1869","TP7",0.5,0.8,"2"
"5792","Cluster_492_evm.TU.chromosome_4.1884","Cluster_492","evm.TU.chromosome_4.1884","TP7",-1,1,"3"
"5793","Cluster_492_evm.TU.chromosome_4.201","Cluster_492","evm.TU.chromosome_4.201","TP7",1,0.4,"2"
"5794","Cluster_492_evm.TU.chromosome_4.2101","Cluster_492","evm.TU.chromosome_4.2101","TP7",0.5,-0.2,"2"
"5795","Cluster_492_evm.TU.chromosome_4.2141","Cluster_492","evm.TU.chromosome_4.2141","TP7",0.5,0,"2"
"5796","Cluster_492_evm.TU.chromosome_4.2190","Cluster_492","evm.TU.chromosome_4.2190","TP7",0.5,-0.8,"2"
"5797","Cluster_492_evm.TU.chromosome_4.2264","Cluster_492","evm.TU.chromosome_4.2264","TP7",0.5,0.632455532033676,"2"
"5798","Cluster_492_evm.TU.chromosome_4.229","Cluster_492","evm.TU.chromosome_4.229","TP7",0.5,-0.4,"2"
"5799","Cluster_492_evm.TU.chromosome_4.237","Cluster_492","evm.TU.chromosome_4.237","TP7",1,0.4,"2"
"5800","Cluster_492_evm.TU.chromosome_4.2390","Cluster_492","evm.TU.chromosome_4.2390","TP7",1,0.8,"2"
"5801","Cluster_492_evm.TU.chromosome_4.2442","Cluster_492","evm.TU.chromosome_4.2442","TP7",0.5,0.8,"2"
"5802","Cluster_492_evm.TU.chromosome_4.2503","Cluster_492","evm.TU.chromosome_4.2503","TP7",1,0.6,"2"
"5803","Cluster_492_evm.TU.chromosome_4.374","Cluster_492","evm.TU.chromosome_4.374","TP7",1,0.8,"2"
"5804","Cluster_492_evm.TU.chromosome_4.55","Cluster_492","evm.TU.chromosome_4.55","TP7",0.5,0.632455532033676,"2"
"5805","Cluster_492_evm.TU.chromosome_4.595","Cluster_492","evm.TU.chromosome_4.595","TP7",1,-0.4,"2"
"5806","Cluster_492_evm.TU.chromosome_4.73","Cluster_492","evm.TU.chromosome_4.73","TP7",0.5,-0.8,"2"
"5807","Cluster_492_evm.TU.chromosome_4.749","Cluster_492","evm.TU.chromosome_4.749","TP7",-1,-0.8,"1"
"5808","Cluster_492_evm.TU.chromosome_4.831","Cluster_492","evm.TU.chromosome_4.831","TP7",0,-0.8,"2"
"5809","Cluster_492_evm.TU.chromosome_4.965","Cluster_492","evm.TU.chromosome_4.965","TP7",-0.5,0.4,"3"
"5810","Cluster_492_evm.TU.chromosome_4.998","Cluster_492","evm.TU.chromosome_4.998","TP7",-1,-0.4,"1"
"5811","Cluster_492_evm.TU.chromosome_5.1003","Cluster_492","evm.TU.chromosome_5.1003","TP7",1,0.2,"2"
"5812","Cluster_492_evm.TU.chromosome_5.1162","Cluster_492","evm.TU.chromosome_5.1162","TP7",1,0.2,"2"
"5813","Cluster_492_evm.TU.chromosome_5.1201","Cluster_492","evm.TU.chromosome_5.1201","TP7",1,-0.8,"2"
"5814","Cluster_492_evm.TU.chromosome_5.1342","Cluster_492","evm.TU.chromosome_5.1342","TP7",0.5,-0.4,"2"
"5815","Cluster_492_evm.TU.chromosome_5.1449","Cluster_492","evm.TU.chromosome_5.1449","TP7",0.5,0.2,"2"
"5816","Cluster_492_evm.TU.chromosome_5.1513","Cluster_492","evm.TU.chromosome_5.1513","TP7",0.5,0.4,"2"
"5817","Cluster_492_evm.TU.chromosome_5.1524","Cluster_492","evm.TU.chromosome_5.1524","TP7",0.5,0.4,"2"
"5818","Cluster_492_evm.TU.chromosome_5.172","Cluster_492","evm.TU.chromosome_5.172","TP7",0.5,0.4,"2"
"5819","Cluster_492_evm.TU.chromosome_5.1855","Cluster_492","evm.TU.chromosome_5.1855","TP7",-1,0.258198889747161,"3"
"5820","Cluster_492_evm.TU.chromosome_5.1885","Cluster_492","evm.TU.chromosome_5.1885","TP7",1,0.8,"2"
"5821","Cluster_492_evm.TU.chromosome_5.1900","Cluster_492","evm.TU.chromosome_5.1900","TP7",1,0.632455532033676,"2"
"5822","Cluster_492_evm.TU.chromosome_5.1965","Cluster_492","evm.TU.chromosome_5.1965","TP7",0.5,-0.2,"2"
"5823","Cluster_492_evm.TU.chromosome_5.1972","Cluster_492","evm.TU.chromosome_5.1972","TP7",1,-0.2,"2"
"5824","Cluster_492_evm.TU.chromosome_5.2256","Cluster_492","evm.TU.chromosome_5.2256","TP7",1,1,"2"
"5825","Cluster_492_evm.TU.chromosome_5.2277","Cluster_492","evm.TU.chromosome_5.2277","TP7",0.5,0.4,"2"
"5826","Cluster_492_evm.TU.chromosome_5.2279","Cluster_492","evm.TU.chromosome_5.2279","TP7",0.5,0,"2"
"5827","Cluster_492_evm.TU.chromosome_5.2331","Cluster_492","evm.TU.chromosome_5.2331","TP7",-0.5,-0.4,"1"
"5828","Cluster_492_evm.TU.chromosome_5.2510","Cluster_492","evm.TU.chromosome_5.2510","TP7",1,0.4,"2"
"5829","Cluster_492_evm.TU.chromosome_5.2621","Cluster_492","evm.TU.chromosome_5.2621","TP7",0.5,0.2,"2"
"5830","Cluster_492_evm.TU.chromosome_5.2644","Cluster_492","evm.TU.chromosome_5.2644","TP7",1,0,"2"
"5831","Cluster_492_evm.TU.chromosome_5.2668","Cluster_492","evm.TU.chromosome_5.2668","TP7",0.5,0.737864787372622,"2"
"5832","Cluster_492_evm.TU.chromosome_5.2735","Cluster_492","evm.TU.chromosome_5.2735","TP7",1,1,"2"
"5833","Cluster_492_evm.TU.chromosome_5.279","Cluster_492","evm.TU.chromosome_5.279","TP7",0.5,0.210818510677892,"2"
"5834","Cluster_492_evm.TU.chromosome_5.37","Cluster_492","evm.TU.chromosome_5.37","TP7",0.5,0.4,"2"
"5835","Cluster_492_evm.TU.chromosome_5.372","Cluster_492","evm.TU.chromosome_5.372","TP7",0.5,-0.4,"2"
"5836","Cluster_492_evm.TU.chromosome_5.456","Cluster_492","evm.TU.chromosome_5.456","TP7",-0.5,0.8,"3"
"5837","Cluster_492_evm.TU.chromosome_5.466","Cluster_492","evm.TU.chromosome_5.466","TP7",-0.5,-0.8,"1"
"5838","Cluster_492_evm.TU.chromosome_5.513","Cluster_492","evm.TU.chromosome_5.513","TP7",-0.5,0.8,"3"
"5839","Cluster_492_evm.TU.chromosome_5.851","Cluster_492","evm.TU.chromosome_5.851","TP7",1,0.4,"2"
"5840","Cluster_492_evm.TU.chromosome_6.1010","Cluster_492","evm.TU.chromosome_6.1010","TP7",-1,-0.8,"1"
"5841","Cluster_492_evm.TU.chromosome_6.1317","Cluster_492","evm.TU.chromosome_6.1317","TP7",1,0.632455532033676,"2"
"5842","Cluster_492_evm.TU.chromosome_6.1324","Cluster_492","evm.TU.chromosome_6.1324","TP7",1,0.8,"2"
"5843","Cluster_492_evm.TU.chromosome_6.1813","Cluster_492","evm.TU.chromosome_6.1813","TP7",-0.5,0.4,"3"
"5844","Cluster_492_evm.TU.chromosome_6.1883","Cluster_492","evm.TU.chromosome_6.1883","TP7",1,0.210818510677892,"2"
"5845","Cluster_492_evm.TU.chromosome_6.2031","Cluster_492","evm.TU.chromosome_6.2031","TP7",0,0.4,"1"
"5846","Cluster_492_evm.TU.chromosome_6.2105","Cluster_492","evm.TU.chromosome_6.2105","TP7",1,0.4,"2"
"5847","Cluster_492_evm.TU.chromosome_6.2166","Cluster_492","evm.TU.chromosome_6.2166","TP7",1,0.4,"2"
"5848","Cluster_492_evm.TU.chromosome_6.2205","Cluster_492","evm.TU.chromosome_6.2205","TP7",0.5,-0.8,"2"
"5849","Cluster_492_evm.TU.chromosome_6.2250","Cluster_492","evm.TU.chromosome_6.2250","TP7",0.5,-0.4,"2"
"5850","Cluster_492_evm.TU.chromosome_6.2518","Cluster_492","evm.TU.chromosome_6.2518","TP7",1,0.8,"2"
"5851","Cluster_492_evm.TU.chromosome_6.2523","Cluster_492","evm.TU.chromosome_6.2523","TP7",-0.5,0.4,"3"
"5852","Cluster_492_evm.TU.chromosome_6.2530","Cluster_492","evm.TU.chromosome_6.2530","TP7",-1,0,"3"
"5853","Cluster_492_evm.TU.chromosome_6.2541","Cluster_492","evm.TU.chromosome_6.2541","TP7",1,0.4,"2"
"5854","Cluster_492_evm.TU.chromosome_6.2594","Cluster_492","evm.TU.chromosome_6.2594","TP7",1,0.632455532033676,"2"
"5855","Cluster_492_evm.TU.chromosome_6.2629","Cluster_492","evm.TU.chromosome_6.2629","TP7",1,0.8,"2"
"5856","Cluster_492_evm.TU.chromosome_6.2668","Cluster_492","evm.TU.chromosome_6.2668","TP7",1,0.8,"2"
"5857","Cluster_492_evm.TU.chromosome_6.2728","Cluster_492","evm.TU.chromosome_6.2728","TP7",1,0.2,"2"
"5858","Cluster_492_evm.TU.chromosome_6.2803","Cluster_492","evm.TU.chromosome_6.2803","TP7",1,1,"2"
"5859","Cluster_492_evm.TU.chromosome_6.2923","Cluster_492","evm.TU.chromosome_6.2923","TP7",1,-0.4,"2"
"5860","Cluster_492_evm.TU.chromosome_6.389","Cluster_492","evm.TU.chromosome_6.389","TP7",1,0.632455532033676,"2"
"5861","Cluster_492_evm.TU.chromosome_6.499","Cluster_492","evm.TU.chromosome_6.499","TP7",-0.5,-0.2,"1"
"5862","Cluster_492_evm.TU.chromosome_6.527","Cluster_492","evm.TU.chromosome_6.527","TP7",1,0.8,"2"
"5863","Cluster_492_evm.TU.chromosome_6.574","Cluster_492","evm.TU.chromosome_6.574","TP7",1,0.210818510677892,"2"
"5864","Cluster_492_evm.TU.chromosome_6.621","Cluster_492","evm.TU.chromosome_6.621","TP7",1,-0.4,"2"
"5865","Cluster_492_evm.TU.chromosome_6.635","Cluster_492","evm.TU.chromosome_6.635","TP7",1,0.8,"2"
"5866","Cluster_492_evm.TU.chromosome_6.709","Cluster_492","evm.TU.chromosome_6.709","TP7",1,0.8,"2"
"5867","Cluster_492_evm.TU.chromosome_6.776","Cluster_492","evm.TU.chromosome_6.776","TP7",0.5,0.4,"2"
"5868","Cluster_492_evm.TU.chromosome_6.792","Cluster_492","evm.TU.chromosome_6.792","TP7",0.5,-0.2,"2"
"5869","Cluster_492_evm.TU.chromosome_6.931","Cluster_492","evm.TU.chromosome_6.931","TP7",-1,-0.4,"1"
"5870","Cluster_492_evm.TU.chromosome_6.94","Cluster_492","evm.TU.chromosome_6.94","TP7",0.5,0.8,"2"
"5871","Cluster_492_evm.TU.chromosome_6.944","Cluster_492","evm.TU.chromosome_6.944","TP7",0.5,-0.258198889747161,"2"
"5872","Cluster_492_evm.TU.chromosome_7.1023","Cluster_492","evm.TU.chromosome_7.1023","TP7",0.5,0.632455532033676,"2"
"5873","Cluster_492_evm.TU.chromosome_7.1164","Cluster_492","evm.TU.chromosome_7.1164","TP7",0.5,0.632455532033676,"2"
"5874","Cluster_492_evm.TU.chromosome_7.1273","Cluster_492","evm.TU.chromosome_7.1273","TP7",1,-0.4,"2"
"5875","Cluster_492_evm.TU.chromosome_7.1446","Cluster_492","evm.TU.chromosome_7.1446","TP7",0,0.632455532033676,"1"
"5876","Cluster_492_evm.TU.chromosome_7.1688","Cluster_492","evm.TU.chromosome_7.1688","TP7",1,0.2,"2"
"5877","Cluster_492_evm.TU.chromosome_7.173","Cluster_492","evm.TU.chromosome_7.173","TP7",0.5,0.2,"2"
"5878","Cluster_492_evm.TU.chromosome_7.1774","Cluster_492","evm.TU.chromosome_7.1774","TP7",0,-0.258198889747161,"1"
"5879","Cluster_492_evm.TU.chromosome_7.1844","Cluster_492","evm.TU.chromosome_7.1844","TP7",1,-0.8,"2"
"5880","Cluster_492_evm.TU.chromosome_7.1955","Cluster_492","evm.TU.chromosome_7.1955","TP7",1,0.4,"2"
"5881","Cluster_492_evm.TU.chromosome_7.2061","Cluster_492","evm.TU.chromosome_7.2061","TP7",0.866025403784439,-0.258198889747161,"2"
"5882","Cluster_492_evm.TU.chromosome_7.2106","Cluster_492","evm.TU.chromosome_7.2106","TP7",0.5,0.210818510677892,"2"
"5883","Cluster_492_evm.TU.chromosome_7.2137","Cluster_492","evm.TU.chromosome_7.2137","TP7",1,0.210818510677892,"2"
"5884","Cluster_492_evm.TU.chromosome_7.2341","Cluster_492","evm.TU.chromosome_7.2341","TP7",-1,-0.4,"1"
"5885","Cluster_492_evm.TU.chromosome_7.236","Cluster_492","evm.TU.chromosome_7.236","TP7",-1,-0.2,"3"
"5886","Cluster_492_evm.TU.chromosome_7.2364","Cluster_492","evm.TU.chromosome_7.2364","TP7",0.5,0.632455532033676,"2"
"5887","Cluster_492_evm.TU.chromosome_7.2575","Cluster_492","evm.TU.chromosome_7.2575","TP7",0.5,-0.8,"2"
"5888","Cluster_492_evm.TU.chromosome_7.2582","Cluster_492","evm.TU.chromosome_7.2582","TP7",1,1,"2"
"5889","Cluster_492_evm.TU.chromosome_7.2689","Cluster_492","evm.TU.chromosome_7.2689","TP7",-1,0.632455532033676,"3"
"5890","Cluster_492_evm.TU.chromosome_7.415","Cluster_492","evm.TU.chromosome_7.415","TP7",1,0.4,"2"
"5891","Cluster_492_evm.TU.chromosome_7.419","Cluster_492","evm.TU.chromosome_7.419","TP7",0.5,-1,"2"
"5892","Cluster_492_evm.TU.chromosome_7.447","Cluster_492","evm.TU.chromosome_7.447","TP7",1,0.8,"2"
"5893","Cluster_492_evm.TU.chromosome_7.450","Cluster_492","evm.TU.chromosome_7.450","TP7",-1,0.2,"3"
"5894","Cluster_492_evm.TU.chromosome_7.484","Cluster_492","evm.TU.chromosome_7.484","TP7",0.5,1,"2"
"5895","Cluster_492_evm.TU.chromosome_7.500","Cluster_492","evm.TU.chromosome_7.500","TP7",-0.5,-0.4,"1"
"5896","Cluster_492_evm.TU.chromosome_7.564","Cluster_492","evm.TU.chromosome_7.564","TP7",0.5,-0.4,"2"
"5897","Cluster_492_evm.TU.chromosome_7.568","Cluster_492","evm.TU.chromosome_7.568","TP7",0.5,0.2,"2"
"5898","Cluster_492_evm.TU.chromosome_7.619","Cluster_492","evm.TU.chromosome_7.619","TP7",-0.5,0.4,"3"
"5899","Cluster_492_evm.TU.chromosome_7.649","Cluster_492","evm.TU.chromosome_7.649","TP7",-1,-0.4,"1"
"5900","Cluster_492_evm.TU.chromosome_7.736","Cluster_492","evm.TU.chromosome_7.736","TP7",1,0.210818510677892,"2"
"5901","Cluster_492_evm.TU.chromosome_7.788","Cluster_492","evm.TU.chromosome_7.788","TP7",1,1,"2"
"5902","Cluster_492_evm.TU.chromosome_8.1016","Cluster_492","evm.TU.chromosome_8.1016","TP7",-0.5,-0.2,"1"
"5903","Cluster_492_evm.TU.chromosome_8.1073","Cluster_492","evm.TU.chromosome_8.1073","TP7",0.5,0.8,"2"
"5904","Cluster_492_evm.TU.chromosome_8.122","Cluster_492","evm.TU.chromosome_8.122","TP7",0.5,0.8,"2"
"5905","Cluster_492_evm.TU.chromosome_8.1243","Cluster_492","evm.TU.chromosome_8.1243","TP7",1,-0.6,"2"
"5906","Cluster_492_evm.TU.chromosome_8.1532","Cluster_492","evm.TU.chromosome_8.1532","TP7",1,0.4,"2"
"5907","Cluster_492_evm.TU.chromosome_8.1539","Cluster_492","evm.TU.chromosome_8.1539","TP7",0.5,0.2,"2"
"5908","Cluster_492_evm.TU.chromosome_8.1638","Cluster_492","evm.TU.chromosome_8.1638","TP7",0.5,0.4,"2"
"5909","Cluster_492_evm.TU.chromosome_8.1979","Cluster_492","evm.TU.chromosome_8.1979","TP7",0.5,-0.8,"2"
"5910","Cluster_492_evm.TU.chromosome_8.2108","Cluster_492","evm.TU.chromosome_8.2108","TP7",1,-0.4,"2"
"5911","Cluster_492_evm.TU.chromosome_8.2128","Cluster_492","evm.TU.chromosome_8.2128","TP7",0.5,-0.737864787372622,"2"
"5912","Cluster_492_evm.TU.chromosome_8.2157","Cluster_492","evm.TU.chromosome_8.2157","TP7",1,0.8,"2"
"5913","Cluster_492_evm.TU.chromosome_8.2193","Cluster_492","evm.TU.chromosome_8.2193","TP7",0.5,0.4,"2"
"5914","Cluster_492_evm.TU.chromosome_8.2616","Cluster_492","evm.TU.chromosome_8.2616","TP7",-0.5,-0.4,"1"
"5915","Cluster_492_evm.TU.chromosome_8.2651","Cluster_492","evm.TU.chromosome_8.2651","TP7",0.5,0.4,"2"
"5916","Cluster_492_evm.TU.chromosome_8.2677","Cluster_492","evm.TU.chromosome_8.2677","TP7",1,0.210818510677892,"2"
"5917","Cluster_492_evm.TU.chromosome_8.305","Cluster_492","evm.TU.chromosome_8.305","TP7",1,0.210818510677892,"2"
"5918","Cluster_492_evm.TU.chromosome_8.384","Cluster_492","evm.TU.chromosome_8.384","TP7",-0.5,-0.6,"1"
"5919","Cluster_492_evm.TU.chromosome_8.502","Cluster_492","evm.TU.chromosome_8.502","TP7",1,0.4,"2"
"5920","Cluster_492_evm.TU.chromosome_9.1045","Cluster_492","evm.TU.chromosome_9.1045","TP7",-0.5,1,"3"
"5921","Cluster_492_evm.TU.chromosome_9.1222","Cluster_492","evm.TU.chromosome_9.1222","TP7",0.5,-0.6,"2"
"5922","Cluster_492_evm.TU.chromosome_9.1269","Cluster_492","evm.TU.chromosome_9.1269","TP7",1,-0.2,"2"
"5923","Cluster_492_evm.TU.chromosome_9.1309","Cluster_492","evm.TU.chromosome_9.1309","TP7",-1,-0.2,"3"
"5924","Cluster_492_evm.TU.chromosome_9.154","Cluster_492","evm.TU.chromosome_9.154","TP7",0.5,0.105409255338946,"2"
"5925","Cluster_492_evm.TU.chromosome_9.1563","Cluster_492","evm.TU.chromosome_9.1563","TP7",0.5,-0.2,"2"
"5926","Cluster_492_evm.TU.chromosome_9.1653","Cluster_492","evm.TU.chromosome_9.1653","TP7",0.5,-0.6,"2"
"5927","Cluster_492_evm.TU.chromosome_9.1771","Cluster_492","evm.TU.chromosome_9.1771","TP7",1,0.8,"2"
"5928","Cluster_492_evm.TU.chromosome_9.2232","Cluster_492","evm.TU.chromosome_9.2232","TP7",-1,-0.8,"1"
"5929","Cluster_492_evm.TU.chromosome_9.2233","Cluster_492","evm.TU.chromosome_9.2233","TP7",0.5,0.210818510677892,"2"
"5930","Cluster_492_evm.TU.chromosome_9.2337","Cluster_492","evm.TU.chromosome_9.2337","TP7",-0.5,-0.8,"1"
"5931","Cluster_492_evm.TU.chromosome_9.2623","Cluster_492","evm.TU.chromosome_9.2623","TP7",1,0.8,"2"
"5932","Cluster_492_evm.TU.chromosome_9.2637","Cluster_492","evm.TU.chromosome_9.2637","TP7",-0.5,0,"1"
"5933","Cluster_492_evm.TU.chromosome_9.2686","Cluster_492","evm.TU.chromosome_9.2686","TP7",-0.5,-0.8,"1"
"5934","Cluster_492_evm.TU.chromosome_9.2711","Cluster_492","evm.TU.chromosome_9.2711","TP7",-0.5,0.4,"3"
"5935","Cluster_492_evm.TU.chromosome_9.279","Cluster_492","evm.TU.chromosome_9.279","TP7",1,-0.4,"2"
"5936","Cluster_492_evm.TU.chromosome_9.2917","Cluster_492","evm.TU.chromosome_9.2917","TP7",1,0.2,"2"
"5937","Cluster_492_evm.TU.chromosome_9.459","Cluster_492","evm.TU.chromosome_9.459","TP7",1,0.632455532033676,"2"
"5938","Cluster_492_evm.TU.chromosome_9.461","Cluster_492","evm.TU.chromosome_9.461","TP7",0.5,0.4,"2"
"5939","Cluster_492_evm.TU.chromosome_9.51","Cluster_492","evm.TU.chromosome_9.51","TP7",0.5,-0.4,"2"
"5940","Cluster_492_evm.TU.chromosome_9.708","Cluster_492","evm.TU.chromosome_9.708","TP7",-0.5,0.4,"3"
"5941","Cluster_492_evm.TU.chromosome_9.782","Cluster_492","evm.TU.chromosome_9.782","TP7",0.5,0.4,"2"
"5942","Cluster_492_evm.TU.chromosome_9.943","Cluster_492","evm.TU.chromosome_9.943","TP7",1,0.2,"2"
"5943","Cluster_5061_evm.TU.chromosome_1.1635","Cluster_5061","evm.TU.chromosome_1.1635","TP7",1,0,"2"
"5944","Cluster_5061_evm.TU.chromosome_1.1845","Cluster_5061","evm.TU.chromosome_1.1845","TP7",1,0.4,"2"
"5945","Cluster_5061_evm.TU.chromosome_1.330","Cluster_5061","evm.TU.chromosome_1.330","TP7",0,0.316227766016838,"1"
"5946","Cluster_5061_evm.TU.chromosome_1.956","Cluster_5061","evm.TU.chromosome_1.956","TP7",1,0.4,"2"
"5947","Cluster_5061_evm.TU.chromosome_10.1001","Cluster_5061","evm.TU.chromosome_10.1001","TP7",1,-0.948683298050514,"2"
"5948","Cluster_5061_evm.TU.chromosome_10.1253","Cluster_5061","evm.TU.chromosome_10.1253","TP7",1,-0.4,"2"
"5949","Cluster_5061_evm.TU.chromosome_10.2203","Cluster_5061","evm.TU.chromosome_10.2203","TP7",0.866025403784439,-0.774596669241483,"2"
"5950","Cluster_5061_evm.TU.chromosome_10.2296","Cluster_5061","evm.TU.chromosome_10.2296","TP7",0.866025403784439,-0.258198889747161,"2"
"5951","Cluster_5061_evm.TU.chromosome_10.2414","Cluster_5061","evm.TU.chromosome_10.2414","TP7",0,-0.948683298050514,"2"
"5952","Cluster_5061_evm.TU.chromosome_11.1313","Cluster_5061","evm.TU.chromosome_11.1313","TP7",0.5,-0.8,"2"
"5953","Cluster_5061_evm.TU.chromosome_11.1899","Cluster_5061","evm.TU.chromosome_11.1899","TP7",0,-0.737864787372622,"2"
"5954","Cluster_5061_evm.TU.chromosome_11.2032","Cluster_5061","evm.TU.chromosome_11.2032","TP7",1,-0.774596669241483,"2"
"5955","Cluster_5061_evm.TU.chromosome_11.3004","Cluster_5061","evm.TU.chromosome_11.3004","TP7",-0.5,-0.774596669241483,"1"
"5956","Cluster_5061_evm.TU.chromosome_11.591","Cluster_5061","evm.TU.chromosome_11.591","TP7",0,-0.774596669241483,"2"
"5957","Cluster_5061_evm.TU.chromosome_12.1925","Cluster_5061","evm.TU.chromosome_12.1925","TP7",0.5,-0.4,"2"
"5958","Cluster_5061_evm.TU.chromosome_12.2966","Cluster_5061","evm.TU.chromosome_12.2966","TP7",1,-0.948683298050514,"2"
"5959","Cluster_5061_evm.TU.chromosome_12.2974","Cluster_5061","evm.TU.chromosome_12.2974","TP7",0.5,-0.737864787372622,"2"
"5960","Cluster_5061_evm.TU.chromosome_12.2984","Cluster_5061","evm.TU.chromosome_12.2984","TP7",1,-0.948683298050514,"2"
"5961","Cluster_5061_evm.TU.chromosome_12.3262","Cluster_5061","evm.TU.chromosome_12.3262","TP7",0,0.4,"1"
"5962","Cluster_5061_evm.TU.chromosome_12.3672","Cluster_5061","evm.TU.chromosome_12.3672","TP7",0.866025403784439,-0.258198889747161,"2"
"5963","Cluster_5061_evm.TU.chromosome_12.3968","Cluster_5061","evm.TU.chromosome_12.3968","TP7",1,-0.4,"2"
"5964","Cluster_5061_evm.TU.chromosome_13.1645","Cluster_5061","evm.TU.chromosome_13.1645","TP7",0,-0.948683298050514,"2"
"5965","Cluster_5061_evm.TU.chromosome_13.1943","Cluster_5061","evm.TU.chromosome_13.1943","TP7",1,1,"2"
"5966","Cluster_5061_evm.TU.chromosome_13.2373","Cluster_5061","evm.TU.chromosome_13.2373","TP7",0.5,-0.2,"2"
"5967","Cluster_5061_evm.TU.chromosome_13.2383","Cluster_5061","evm.TU.chromosome_13.2383","TP7",0.5,0.8,"2"
"5968","Cluster_5061_evm.TU.chromosome_13.2428","Cluster_5061","evm.TU.chromosome_13.2428","TP7",-0.5,1,"3"
"5969","Cluster_5061_evm.TU.chromosome_13.2441","Cluster_5061","evm.TU.chromosome_13.2441","TP7",0.866025403784439,-0.6,"2"
"5970","Cluster_5061_evm.TU.chromosome_13.2582","Cluster_5061","evm.TU.chromosome_13.2582","TP7",0.5,0.4,"2"
"5971","Cluster_5061_evm.TU.chromosome_13.2718","Cluster_5061","evm.TU.chromosome_13.2718","TP7",0.866025403784439,-0.258198889747161,"2"
"5972","Cluster_5061_evm.TU.chromosome_13.3556","Cluster_5061","evm.TU.chromosome_13.3556","TP7",0.5,-0.774596669241483,"2"
"5973","Cluster_5061_evm.TU.chromosome_13.3625","Cluster_5061","evm.TU.chromosome_13.3625","TP7",0.866025403784439,-0.948683298050514,"2"
"5974","Cluster_5061_evm.TU.chromosome_13.728","Cluster_5061","evm.TU.chromosome_13.728","TP7",0.5,0,"2"
"5975","Cluster_5061_evm.TU.chromosome_13.90","Cluster_5061","evm.TU.chromosome_13.90","TP7",0.5,1,"2"
"5976","Cluster_5061_evm.TU.chromosome_13.96","Cluster_5061","evm.TU.chromosome_13.96","TP7",0,-0.737864787372622,"2"
"5977","Cluster_5061_evm.TU.chromosome_14.2122","Cluster_5061","evm.TU.chromosome_14.2122","TP7",0.5,0.774596669241483,"2"
"5978","Cluster_5061_evm.TU.chromosome_14.3565","Cluster_5061","evm.TU.chromosome_14.3565","TP7",1,-0.948683298050514,"2"
"5979","Cluster_5061_evm.TU.chromosome_14.5239","Cluster_5061","evm.TU.chromosome_14.5239","TP7",0.866025403784439,-0.737864787372622,"2"
"5980","Cluster_5061_evm.TU.chromosome_14.553","Cluster_5061","evm.TU.chromosome_14.553","TP7",1,0.774596669241483,"2"
"5981","Cluster_5061_evm.TU.chromosome_14.6094","Cluster_5061","evm.TU.chromosome_14.6094","TP7",0,-0.258198889747161,"1"
"5982","Cluster_5061_evm.TU.chromosome_14.6416","Cluster_5061","evm.TU.chromosome_14.6416","TP7",0.866025403784439,-0.258198889747161,"2"
"5983","Cluster_5061_evm.TU.chromosome_14.6775","Cluster_5061","evm.TU.chromosome_14.6775","TP7",1,-0.258198889747161,"2"
"5984","Cluster_5061_evm.TU.chromosome_14.731","Cluster_5061","evm.TU.chromosome_14.731","TP7",1,-0.948683298050514,"2"
"5985","Cluster_5061_evm.TU.chromosome_14.7332","Cluster_5061","evm.TU.chromosome_14.7332","TP7",1,0.2,"2"
"5986","Cluster_5061_evm.TU.chromosome_2.1151","Cluster_5061","evm.TU.chromosome_2.1151","TP7",0,0.4,"1"
"5987","Cluster_5061_evm.TU.chromosome_2.1698","Cluster_5061","evm.TU.chromosome_2.1698","TP7",0.5,0,"2"
"5988","Cluster_5061_evm.TU.chromosome_2.2023","Cluster_5061","evm.TU.chromosome_2.2023","TP7",1,-0.4,"2"
"5989","Cluster_5061_evm.TU.chromosome_2.381","Cluster_5061","evm.TU.chromosome_2.381","TP7",0.5,0,"2"
"5990","Cluster_5061_evm.TU.chromosome_2.515","Cluster_5061","evm.TU.chromosome_2.515","TP7",0.5,-0.4,"2"
"5991","Cluster_5061_evm.TU.chromosome_2.763","Cluster_5061","evm.TU.chromosome_2.763","TP7",0.866025403784439,-0.258198889747161,"2"
"5992","Cluster_5061_evm.TU.chromosome_3.1098","Cluster_5061","evm.TU.chromosome_3.1098","TP7",0.5,-0.737864787372622,"2"
"5993","Cluster_5061_evm.TU.chromosome_3.1493","Cluster_5061","evm.TU.chromosome_3.1493","TP7",0.866025403784439,-0.948683298050514,"2"
"5994","Cluster_5061_evm.TU.chromosome_3.152","Cluster_5061","evm.TU.chromosome_3.152","TP7",1,-0.258198889747161,"2"
"5995","Cluster_5061_evm.TU.chromosome_3.1805","Cluster_5061","evm.TU.chromosome_3.1805","TP7",0,-0.737864787372622,"2"
"5996","Cluster_5061_evm.TU.chromosome_3.1901","Cluster_5061","evm.TU.chromosome_3.1901","TP7",0.5,0,"2"
"5997","Cluster_5061_evm.TU.chromosome_3.2056","Cluster_5061","evm.TU.chromosome_3.2056","TP7",0.866025403784439,-0.210818510677892,"2"
"5998","Cluster_5061_evm.TU.chromosome_3.534","Cluster_5061","evm.TU.chromosome_3.534","TP7",0,-0.4,"2"
"5999","Cluster_5061_evm.TU.chromosome_4.1272","Cluster_5061","evm.TU.chromosome_4.1272","TP7",1,0.4,"2"
"6000","Cluster_5061_evm.TU.chromosome_4.1668","Cluster_5061","evm.TU.chromosome_4.1668","TP7",1,-0.6,"2"
"6001","Cluster_5061_evm.TU.chromosome_4.1810","Cluster_5061","evm.TU.chromosome_4.1810","TP7",0.5,-0.4,"2"
"6002","Cluster_5061_evm.TU.chromosome_4.2132","Cluster_5061","evm.TU.chromosome_4.2132","TP7",1,1,"2"
"6003","Cluster_5061_evm.TU.chromosome_4.270","Cluster_5061","evm.TU.chromosome_4.270","TP7",0.5,0.4,"2"
"6004","Cluster_5061_evm.TU.chromosome_4.958","Cluster_5061","evm.TU.chromosome_4.958","TP7",1,-0.4,"2"
"6005","Cluster_5061_evm.TU.chromosome_5.113","Cluster_5061","evm.TU.chromosome_5.113","TP7",0.5,0,"2"
"6006","Cluster_5061_evm.TU.chromosome_5.220","Cluster_5061","evm.TU.chromosome_5.220","TP7",0,0.4,"1"
"6007","Cluster_5061_evm.TU.chromosome_5.2350","Cluster_5061","evm.TU.chromosome_5.2350","TP7",1,0.4,"2"
"6008","Cluster_5061_evm.TU.chromosome_5.2503","Cluster_5061","evm.TU.chromosome_5.2503","TP7",0.5,-0.8,"2"
"6009","Cluster_5061_evm.TU.chromosome_5.890","Cluster_5061","evm.TU.chromosome_5.890","TP7",1,-0.737864787372622,"2"
"6010","Cluster_5061_evm.TU.chromosome_6.1015","Cluster_5061","evm.TU.chromosome_6.1015","TP7",0.5,1,"2"
"6011","Cluster_5061_evm.TU.chromosome_6.1325","Cluster_5061","evm.TU.chromosome_6.1325","TP7",1,-0.948683298050514,"2"
"6012","Cluster_5061_evm.TU.chromosome_6.1538","Cluster_5061","evm.TU.chromosome_6.1538","TP7",1,-0.737864787372622,"2"
"6013","Cluster_5061_evm.TU.chromosome_6.159","Cluster_5061","evm.TU.chromosome_6.159","TP7",0.5,-0.6,"2"
"6014","Cluster_5061_evm.TU.chromosome_6.2626","Cluster_5061","evm.TU.chromosome_6.2626","TP7",0,0.105409255338946,"1"
"6015","Cluster_5061_evm.TU.chromosome_6.290","Cluster_5061","evm.TU.chromosome_6.290","TP7",0.5,0,"2"
"6016","Cluster_5061_evm.TU.chromosome_6.564","Cluster_5061","evm.TU.chromosome_6.564","TP7",1,-0.2,"2"
"6017","Cluster_5061_evm.TU.chromosome_7.129","Cluster_5061","evm.TU.chromosome_7.129","TP7",0.5,-0.258198889747161,"2"
"6018","Cluster_5061_evm.TU.chromosome_7.1395","Cluster_5061","evm.TU.chromosome_7.1395","TP7",0.866025403784439,-0.105409255338946,"2"
"6019","Cluster_5061_evm.TU.chromosome_7.1403","Cluster_5061","evm.TU.chromosome_7.1403","TP7",1,-0.737864787372622,"2"
"6020","Cluster_5061_evm.TU.chromosome_7.1516","Cluster_5061","evm.TU.chromosome_7.1516","TP7",0.866025403784439,0.774596669241483,"2"
"6021","Cluster_5061_evm.TU.chromosome_7.2283","Cluster_5061","evm.TU.chromosome_7.2283","TP7",0,-0.948683298050514,"2"
"6022","Cluster_5061_evm.TU.chromosome_7.2819","Cluster_5061","evm.TU.chromosome_7.2819","TP7",0.5,-0.948683298050514,"2"
"6023","Cluster_5061_evm.TU.chromosome_7.2820","Cluster_5061","evm.TU.chromosome_7.2820","TP7",0.5,-0.774596669241483,"2"
"6024","Cluster_5061_evm.TU.chromosome_7.568","Cluster_5061","evm.TU.chromosome_7.568","TP7",0.5,-0.4,"2"
"6025","Cluster_5061_evm.TU.chromosome_7.854","Cluster_5061","evm.TU.chromosome_7.854","TP7",0,-0.258198889747161,"1"
"6026","Cluster_5061_evm.TU.chromosome_7.911","Cluster_5061","evm.TU.chromosome_7.911","TP7",1,0.4,"2"
"6027","Cluster_5061_evm.TU.chromosome_7.958","Cluster_5061","evm.TU.chromosome_7.958","TP7",0,-0.258198889747161,"1"
"6028","Cluster_5061_evm.TU.chromosome_8.1121","Cluster_5061","evm.TU.chromosome_8.1121","TP7",1,-0.774596669241483,"2"
"6029","Cluster_5061_evm.TU.chromosome_8.126","Cluster_5061","evm.TU.chromosome_8.126","TP7",0,-0.4,"2"
"6030","Cluster_5061_evm.TU.chromosome_8.1313","Cluster_5061","evm.TU.chromosome_8.1313","TP7",-1,0.2,"3"
"6031","Cluster_5061_evm.TU.chromosome_8.1352","Cluster_5061","evm.TU.chromosome_8.1352","TP7",1,-0.2,"2"
"6032","Cluster_5061_evm.TU.chromosome_8.1386","Cluster_5061","evm.TU.chromosome_8.1386","TP7",0.5,-0.948683298050514,"2"
"6033","Cluster_5061_evm.TU.chromosome_8.1433","Cluster_5061","evm.TU.chromosome_8.1433","TP7",0.5,-0.737864787372622,"2"
"6034","Cluster_5061_evm.TU.chromosome_8.1583","Cluster_5061","evm.TU.chromosome_8.1583","TP7",0.5,-0.2,"2"
"6035","Cluster_5061_evm.TU.chromosome_8.1764","Cluster_5061","evm.TU.chromosome_8.1764","TP7",0,-0.258198889747161,"1"
"6036","Cluster_5061_evm.TU.chromosome_8.1976","Cluster_5061","evm.TU.chromosome_8.1976","TP7",0.5,-0.948683298050514,"2"
"6037","Cluster_5061_evm.TU.chromosome_8.1989","Cluster_5061","evm.TU.chromosome_8.1989","TP7",0.866025403784439,-0.2,"2"
"6038","Cluster_5061_evm.TU.chromosome_8.2392","Cluster_5061","evm.TU.chromosome_8.2392","TP7",1,0.6,"2"
"6039","Cluster_5061_evm.TU.chromosome_8.285","Cluster_5061","evm.TU.chromosome_8.285","TP7",0.5,0.8,"2"
"6040","Cluster_5061_evm.TU.chromosome_8.434","Cluster_5061","evm.TU.chromosome_8.434","TP7",-0.5,-0.948683298050514,"1"
"6041","Cluster_5061_evm.TU.chromosome_9.1241","Cluster_5061","evm.TU.chromosome_9.1241","TP7",0.866025403784439,-0.948683298050514,"2"
"6042","Cluster_5061_evm.TU.chromosome_9.1322","Cluster_5061","evm.TU.chromosome_9.1322","TP7",0.5,-0.4,"2"
"6043","Cluster_5061_evm.TU.chromosome_9.1528","Cluster_5061","evm.TU.chromosome_9.1528","TP7",0.5,0.8,"2"
"6044","Cluster_5061_evm.TU.chromosome_9.2354","Cluster_5061","evm.TU.chromosome_9.2354","TP7",0.5,-0.737864787372622,"2"
"6045","Cluster_5061_evm.TU.chromosome_9.2487","Cluster_5061","evm.TU.chromosome_9.2487","TP7",1,-0.2,"2"
"6046","Cluster_5061_evm.TU.chromosome_9.2665","Cluster_5061","evm.TU.chromosome_9.2665","TP7",0.5,-0.737864787372622,"2"
"6047","Cluster_508_evm.TU.chromosome_1.1002","Cluster_508","evm.TU.chromosome_1.1002","TP7",-0.5,-0.210818510677892,"1"
"6048","Cluster_508_evm.TU.chromosome_1.1004","Cluster_508","evm.TU.chromosome_1.1004","TP7",0.5,-0.4,"2"
"6049","Cluster_508_evm.TU.chromosome_1.1098","Cluster_508","evm.TU.chromosome_1.1098","TP7",-0.5,-0.4,"1"
"6050","Cluster_508_evm.TU.chromosome_1.1199_evm.TU.chromosome_1.1201","Cluster_508","evm.TU.chromosome_1.1199_evm.TU.chromosome_1.1201","TP7",-0.5,0.4,"3"
"6051","Cluster_508_evm.TU.chromosome_1.1380","Cluster_508","evm.TU.chromosome_1.1380","TP7",-0.5,-0.210818510677892,"1"
"6052","Cluster_508_evm.TU.chromosome_1.1500","Cluster_508","evm.TU.chromosome_1.1500","TP7",-0.5,-0.210818510677892,"1"
"6053","Cluster_508_evm.TU.chromosome_1.1628","Cluster_508","evm.TU.chromosome_1.1628","TP7",0.5,-0.4,"2"
"6054","Cluster_508_evm.TU.chromosome_1.622","Cluster_508","evm.TU.chromosome_1.622","TP7",0.5,-0.210818510677892,"2"
"6055","Cluster_508_evm.TU.chromosome_1.651","Cluster_508","evm.TU.chromosome_1.651","TP7",-0.5,0,"1"
"6056","Cluster_508_evm.TU.chromosome_1.983","Cluster_508","evm.TU.chromosome_1.983","TP7",-0.5,0.4,"3"
"6057","Cluster_508_evm.TU.chromosome_10.1113","Cluster_508","evm.TU.chromosome_10.1113","TP7",-0.5,0.8,"3"
"6058","Cluster_508_evm.TU.chromosome_10.1844","Cluster_508","evm.TU.chromosome_10.1844","TP7",0.5,-0.632455532033676,"2"
"6059","Cluster_508_evm.TU.chromosome_10.1846","Cluster_508","evm.TU.chromosome_10.1846","TP7",-0.5,-0.210818510677892,"1"
"6060","Cluster_508_evm.TU.chromosome_10.219","Cluster_508","evm.TU.chromosome_10.219","TP7",0,-0.258198889747161,"1"
"6061","Cluster_508_evm.TU.chromosome_10.2986","Cluster_508","evm.TU.chromosome_10.2986","TP7",-0.5,0,"1"
"6062","Cluster_508_evm.TU.chromosome_10.3038","Cluster_508","evm.TU.chromosome_10.3038","TP7",-0.5,0.6,"3"
"6063","Cluster_508_evm.TU.chromosome_10.3241","Cluster_508","evm.TU.chromosome_10.3241","TP7",0.5,-0.4,"2"
"6064","Cluster_508_evm.TU.chromosome_11.1274","Cluster_508","evm.TU.chromosome_11.1274","TP7",-0.5,-0.2,"1"
"6065","Cluster_508_evm.TU.chromosome_11.1711","Cluster_508","evm.TU.chromosome_11.1711","TP7",-0.5,-0.210818510677892,"1"
"6066","Cluster_508_evm.TU.chromosome_11.3090","Cluster_508","evm.TU.chromosome_11.3090","TP7",0.5,-0.4,"2"
"6067","Cluster_508_evm.TU.chromosome_11.3093","Cluster_508","evm.TU.chromosome_11.3093","TP7",0.5,-0.210818510677892,"2"
"6068","Cluster_508_evm.TU.chromosome_11.526","Cluster_508","evm.TU.chromosome_11.526","TP7",-0.5,-0.8,"1"
"6069","Cluster_508_evm.TU.chromosome_11.653","Cluster_508","evm.TU.chromosome_11.653","TP7",0.5,-0.210818510677892,"2"
"6070","Cluster_508_evm.TU.chromosome_11.755","Cluster_508","evm.TU.chromosome_11.755","TP7",0.5,-0.2,"2"
"6071","Cluster_508_evm.TU.chromosome_12.103","Cluster_508","evm.TU.chromosome_12.103","TP7",-0.5,-0.4,"1"
"6072","Cluster_508_evm.TU.chromosome_12.107","Cluster_508","evm.TU.chromosome_12.107","TP7",-0.5,0.4,"3"
"6073","Cluster_508_evm.TU.chromosome_12.108","Cluster_508","evm.TU.chromosome_12.108","TP7",-0.5,0,"1"
"6074","Cluster_508_evm.TU.chromosome_12.110","Cluster_508","evm.TU.chromosome_12.110","TP7",-0.866025403784439,-0.210818510677892,"1"
"6075","Cluster_508_evm.TU.chromosome_12.1214","Cluster_508","evm.TU.chromosome_12.1214","TP7",0.5,-0.4,"2"
"6076","Cluster_508_evm.TU.chromosome_12.1967","Cluster_508","evm.TU.chromosome_12.1967","TP7",0.5,-0.8,"2"
"6077","Cluster_508_evm.TU.chromosome_12.2057","Cluster_508","evm.TU.chromosome_12.2057","TP7",0.5,-0.8,"2"
"6078","Cluster_508_evm.TU.chromosome_12.2596","Cluster_508","evm.TU.chromosome_12.2596","TP7",-0.866025403784439,0.6,"3"
"6079","Cluster_508_evm.TU.chromosome_12.2649","Cluster_508","evm.TU.chromosome_12.2649","TP7",-0.5,-0.2,"1"
"6080","Cluster_508_evm.TU.chromosome_12.3119","Cluster_508","evm.TU.chromosome_12.3119","TP7",0.5,0.8,"2"
"6081","Cluster_508_evm.TU.chromosome_12.3180","Cluster_508","evm.TU.chromosome_12.3180","TP7",-1,0.2,"3"
"6082","Cluster_508_evm.TU.chromosome_12.3208","Cluster_508","evm.TU.chromosome_12.3208","TP7",0.5,0.2,"2"
"6083","Cluster_508_evm.TU.chromosome_12.3249","Cluster_508","evm.TU.chromosome_12.3249","TP7",-0.5,-0.4,"1"
"6084","Cluster_508_evm.TU.chromosome_12.3473","Cluster_508","evm.TU.chromosome_12.3473","TP7",0.5,-0.632455532033676,"2"
"6085","Cluster_508_evm.TU.chromosome_12.738","Cluster_508","evm.TU.chromosome_12.738","TP7",0.5,-0.4,"2"
"6086","Cluster_508_evm.TU.chromosome_12.757","Cluster_508","evm.TU.chromosome_12.757","TP7",0.5,-0.4,"2"
"6087","Cluster_508_evm.TU.chromosome_12.86","Cluster_508","evm.TU.chromosome_12.86","TP7",-0.5,-0.4,"1"
"6088","Cluster_508_evm.TU.chromosome_13.1313","Cluster_508","evm.TU.chromosome_13.1313","TP7",-0.5,0.774596669241483,"3"
"6089","Cluster_508_evm.TU.chromosome_13.1474","Cluster_508","evm.TU.chromosome_13.1474","TP7",0.5,-0.2,"2"
"6090","Cluster_508_evm.TU.chromosome_13.18","Cluster_508","evm.TU.chromosome_13.18","TP7",-0.5,-0.632455532033676,"1"
"6091","Cluster_508_evm.TU.chromosome_13.2127","Cluster_508","evm.TU.chromosome_13.2127","TP7",0.5,-0.4,"2"
"6092","Cluster_508_evm.TU.chromosome_13.2128","Cluster_508","evm.TU.chromosome_13.2128","TP7",0.5,-0.4,"2"
"6093","Cluster_508_evm.TU.chromosome_13.2373","Cluster_508","evm.TU.chromosome_13.2373","TP7",-0.5,0.4,"3"
"6094","Cluster_508_evm.TU.chromosome_13.2495","Cluster_508","evm.TU.chromosome_13.2495","TP7",0.5,-0.632455532033676,"2"
"6095","Cluster_508_evm.TU.chromosome_13.2502","Cluster_508","evm.TU.chromosome_13.2502","TP7",0.5,-0.774596669241483,"2"
"6096","Cluster_508_evm.TU.chromosome_13.2537","Cluster_508","evm.TU.chromosome_13.2537","TP7",0.5,-0.774596669241483,"2"
"6097","Cluster_508_evm.TU.chromosome_13.2740","Cluster_508","evm.TU.chromosome_13.2740","TP7",0.5,0.2,"2"
"6098","Cluster_508_evm.TU.chromosome_13.2789","Cluster_508","evm.TU.chromosome_13.2789","TP7",0.5,-0.8,"2"
"6099","Cluster_508_evm.TU.chromosome_13.3008","Cluster_508","evm.TU.chromosome_13.3008","TP7",-0.5,0.2,"1"
"6100","Cluster_508_evm.TU.chromosome_13.3571","Cluster_508","evm.TU.chromosome_13.3571","TP7",0.5,-0.2,"2"
"6101","Cluster_508_evm.TU.chromosome_13.4134","Cluster_508","evm.TU.chromosome_13.4134","TP7",0.5,-0.632455532033676,"2"
"6102","Cluster_508_evm.TU.chromosome_13.703","Cluster_508","evm.TU.chromosome_13.703","TP7",0.5,0,"2"
"6103","Cluster_508_evm.TU.chromosome_13.73","Cluster_508","evm.TU.chromosome_13.73","TP7",-0.5,0,"1"
"6104","Cluster_508_evm.TU.chromosome_13.733","Cluster_508","evm.TU.chromosome_13.733","TP7",0.5,0.8,"2"
"6105","Cluster_508_evm.TU.chromosome_13.82","Cluster_508","evm.TU.chromosome_13.82","TP7",0.5,-0.4,"2"
"6106","Cluster_508_evm.TU.chromosome_14.1553","Cluster_508","evm.TU.chromosome_14.1553","TP7",0.5,-0.8,"2"
"6107","Cluster_508_evm.TU.chromosome_14.1638","Cluster_508","evm.TU.chromosome_14.1638","TP7",0.5,-0.632455532033676,"2"
"6108","Cluster_508_evm.TU.chromosome_14.2868","Cluster_508","evm.TU.chromosome_14.2868","TP7",0.5,-0.8,"2"
"6109","Cluster_508_evm.TU.chromosome_14.4695","Cluster_508","evm.TU.chromosome_14.4695","TP7",-0.866025403784439,0.210818510677892,"3"
"6110","Cluster_508_evm.TU.chromosome_14.4914","Cluster_508","evm.TU.chromosome_14.4914","TP7",-0.5,-0.210818510677892,"1"
"6111","Cluster_508_evm.TU.chromosome_14.6402","Cluster_508","evm.TU.chromosome_14.6402","TP7",0.5,-0.4,"2"
"6112","Cluster_508_evm.TU.chromosome_14.665","Cluster_508","evm.TU.chromosome_14.665","TP7",0.5,-0.8,"2"
"6113","Cluster_508_evm.TU.chromosome_14.7144","Cluster_508","evm.TU.chromosome_14.7144","TP7",-0.5,-0.4,"1"
"6114","Cluster_508_evm.TU.chromosome_14.7222","Cluster_508","evm.TU.chromosome_14.7222","TP7",-0.5,0.4,"3"
"6115","Cluster_508_evm.TU.chromosome_2.1100","Cluster_508","evm.TU.chromosome_2.1100","TP7",-0.5,0.8,"3"
"6116","Cluster_508_evm.TU.chromosome_2.249","Cluster_508","evm.TU.chromosome_2.249","TP7",-0.5,0.4,"3"
"6117","Cluster_508_evm.TU.chromosome_2.323","Cluster_508","evm.TU.chromosome_2.323","TP7",0.5,-0.2,"2"
"6118","Cluster_508_evm.TU.chromosome_2.800","Cluster_508","evm.TU.chromosome_2.800","TP7",-0.5,-0.774596669241483,"1"
"6119","Cluster_508_evm.TU.chromosome_3.1315","Cluster_508","evm.TU.chromosome_3.1315","TP7",0.5,0.258198889747161,"2"
"6120","Cluster_508_evm.TU.chromosome_3.1474","Cluster_508","evm.TU.chromosome_3.1474","TP7",0.5,-0.2,"2"
"6121","Cluster_508_evm.TU.chromosome_3.18","Cluster_508","evm.TU.chromosome_3.18","TP7",0.5,0.4,"2"
"6122","Cluster_508_evm.TU.chromosome_3.1869","Cluster_508","evm.TU.chromosome_3.1869","TP7",-1,-0.4,"1"
"6123","Cluster_508_evm.TU.chromosome_3.380","Cluster_508","evm.TU.chromosome_3.380","TP7",-0.5,0.8,"3"
"6124","Cluster_508_evm.TU.chromosome_3.386","Cluster_508","evm.TU.chromosome_3.386","TP7",1,-0.4,"2"
"6125","Cluster_508_evm.TU.chromosome_4.1628","Cluster_508","evm.TU.chromosome_4.1628","TP7",0.5,-0.8,"2"
"6126","Cluster_508_evm.TU.chromosome_4.1710","Cluster_508","evm.TU.chromosome_4.1710","TP7",-0.5,0.948683298050514,"3"
"6127","Cluster_508_evm.TU.chromosome_4.372","Cluster_508","evm.TU.chromosome_4.372","TP7",0.5,0.4,"2"
"6128","Cluster_508_evm.TU.chromosome_4.560","Cluster_508","evm.TU.chromosome_4.560","TP7",0.5,-0.8,"2"
"6129","Cluster_508_evm.TU.chromosome_4.84","Cluster_508","evm.TU.chromosome_4.84","TP7",-1,0.8,"3"
"6130","Cluster_508_evm.TU.chromosome_5.1024","Cluster_508","evm.TU.chromosome_5.1024","TP7",0.5,-0.8,"2"
"6131","Cluster_508_evm.TU.chromosome_5.1535","Cluster_508","evm.TU.chromosome_5.1535","TP7",0.5,0,"2"
"6132","Cluster_508_evm.TU.chromosome_5.205","Cluster_508","evm.TU.chromosome_5.205","TP7",-0.5,0.8,"3"
"6133","Cluster_508_evm.TU.chromosome_5.2273","Cluster_508","evm.TU.chromosome_5.2273","TP7",0.5,-0.8,"2"
"6134","Cluster_508_evm.TU.chromosome_5.2801","Cluster_508","evm.TU.chromosome_5.2801","TP7",1,-1,"2"
"6135","Cluster_508_evm.TU.chromosome_5.335","Cluster_508","evm.TU.chromosome_5.335","TP7",1,0.4,"2"
"6136","Cluster_508_evm.TU.chromosome_5.656","Cluster_508","evm.TU.chromosome_5.656","TP7",0.5,-0.2,"2"
"6137","Cluster_508_evm.TU.chromosome_5.881","Cluster_508","evm.TU.chromosome_5.881","TP7",0.5,-0.6,"2"
"6138","Cluster_508_evm.TU.chromosome_5.989","Cluster_508","evm.TU.chromosome_5.989","TP7",-0.5,-0.210818510677892,"1"
"6139","Cluster_508_evm.TU.chromosome_6.1108","Cluster_508","evm.TU.chromosome_6.1108","TP7",0.5,-0.4,"2"
"6140","Cluster_508_evm.TU.chromosome_6.1144","Cluster_508","evm.TU.chromosome_6.1144","TP7",0.5,0.4,"2"
"6141","Cluster_508_evm.TU.chromosome_6.1195","Cluster_508","evm.TU.chromosome_6.1195","TP7",0.5,1,"2"
"6142","Cluster_508_evm.TU.chromosome_6.1347","Cluster_508","evm.TU.chromosome_6.1347","TP7",-0.5,-0.4,"1"
"6143","Cluster_508_evm.TU.chromosome_6.1366","Cluster_508","evm.TU.chromosome_6.1366","TP7",-0.866025403784439,-0.632455532033676,"1"
"6144","Cluster_508_evm.TU.chromosome_6.1977","Cluster_508","evm.TU.chromosome_6.1977","TP7",1,-1,"2"
"6145","Cluster_508_evm.TU.chromosome_6.1984","Cluster_508","evm.TU.chromosome_6.1984","TP7",1,-1,"2"
"6146","Cluster_508_evm.TU.chromosome_6.2485","Cluster_508","evm.TU.chromosome_6.2485","TP7",-1,-0.632455532033676,"1"
"6147","Cluster_508_evm.TU.chromosome_6.2510","Cluster_508","evm.TU.chromosome_6.2510","TP7",-0.5,0.4,"3"
"6148","Cluster_508_evm.TU.chromosome_6.2671","Cluster_508","evm.TU.chromosome_6.2671","TP7",-0.5,-0.210818510677892,"1"
"6149","Cluster_508_evm.TU.chromosome_6.294","Cluster_508","evm.TU.chromosome_6.294","TP7",-1,0.8,"3"
"6150","Cluster_508_evm.TU.chromosome_6.329","Cluster_508","evm.TU.chromosome_6.329","TP7",-0.5,-0.4,"1"
"6151","Cluster_508_evm.TU.chromosome_6.564","Cluster_508","evm.TU.chromosome_6.564","TP7",0.5,0.4,"2"
"6152","Cluster_508_evm.TU.chromosome_7.1320","Cluster_508","evm.TU.chromosome_7.1320","TP7",-0.5,0.948683298050514,"3"
"6153","Cluster_508_evm.TU.chromosome_7.2117","Cluster_508","evm.TU.chromosome_7.2117","TP7",-1,0.4,"3"
"6154","Cluster_508_evm.TU.chromosome_7.2587","Cluster_508","evm.TU.chromosome_7.2587","TP7",0.5,-0.8,"2"
"6155","Cluster_508_evm.TU.chromosome_7.2618","Cluster_508","evm.TU.chromosome_7.2618","TP7",0.5,0.4,"2"
"6156","Cluster_508_evm.TU.chromosome_7.2856","Cluster_508","evm.TU.chromosome_7.2856","TP7",0.5,0.4,"2"
"6157","Cluster_508_evm.TU.chromosome_7.410","Cluster_508","evm.TU.chromosome_7.410","TP7",0.866025403784439,-0.774596669241483,"2"
"6158","Cluster_508_evm.TU.chromosome_7.779","Cluster_508","evm.TU.chromosome_7.779","TP7",-0.5,0.2,"1"
"6159","Cluster_508_evm.TU.chromosome_7.797","Cluster_508","evm.TU.chromosome_7.797","TP7",-0.5,-0.2,"1"
"6160","Cluster_508_evm.TU.chromosome_7.84","Cluster_508","evm.TU.chromosome_7.84","TP7",-0.5,-1,"1"
"6161","Cluster_508_evm.TU.chromosome_8.1130","Cluster_508","evm.TU.chromosome_8.1130","TP7",-0.5,-0.8,"1"
"6162","Cluster_508_evm.TU.chromosome_8.2131","Cluster_508","evm.TU.chromosome_8.2131","TP7",0.5,-0.6,"2"
"6163","Cluster_508_evm.TU.chromosome_8.2158","Cluster_508","evm.TU.chromosome_8.2158","TP7",1,0,"2"
"6164","Cluster_508_evm.TU.chromosome_8.2242","Cluster_508","evm.TU.chromosome_8.2242","TP7",0.5,0,"2"
"6165","Cluster_508_evm.TU.chromosome_8.2251","Cluster_508","evm.TU.chromosome_8.2251","TP7",0.5,-0.4,"2"
"6166","Cluster_508_evm.TU.chromosome_8.2651","Cluster_508","evm.TU.chromosome_8.2651","TP7",-0.5,-0.4,"1"
"6167","Cluster_508_evm.TU.chromosome_9.1035","Cluster_508","evm.TU.chromosome_9.1035","TP7",0.5,-0.2,"2"
"6168","Cluster_508_evm.TU.chromosome_9.1053","Cluster_508","evm.TU.chromosome_9.1053","TP7",0.5,-0.4,"2"
"6169","Cluster_508_evm.TU.chromosome_9.1212","Cluster_508","evm.TU.chromosome_9.1212","TP7",-0.866025403784439,-0.632455532033676,"1"
"6170","Cluster_508_evm.TU.chromosome_9.1400","Cluster_508","evm.TU.chromosome_9.1400","TP7",0.5,-0.8,"2"
"6171","Cluster_508_evm.TU.chromosome_9.1464","Cluster_508","evm.TU.chromosome_9.1464","TP7",0.5,0.258198889747161,"2"
"6172","Cluster_508_evm.TU.chromosome_9.1540","Cluster_508","evm.TU.chromosome_9.1540","TP7",-0.5,0.4,"3"
"6173","Cluster_508_evm.TU.chromosome_9.2351","Cluster_508","evm.TU.chromosome_9.2351","TP7",0.5,-0.632455532033676,"2"
"6174","Cluster_508_evm.TU.chromosome_9.2712","Cluster_508","evm.TU.chromosome_9.2712","TP7",0.5,-0.210818510677892,"2"
"6175","Cluster_508_evm.TU.chromosome_9.2917","Cluster_508","evm.TU.chromosome_9.2917","TP7",0.5,-0.2,"2"
"6176","Cluster_508_evm.TU.chromosome_9.2928","Cluster_508","evm.TU.chromosome_9.2928","TP7",-0.5,1,"3"
"6177","Cluster_508_evm.TU.chromosome_9.899","Cluster_508","evm.TU.chromosome_9.899","TP7",0.5,0.2,"2"
"6178","Cluster_508_evm.TU.chromosome_9.964","Cluster_508","evm.TU.chromosome_9.964","TP7",1,-0.4,"2"
"6179","Cluster_860_evm.TU.chromosome_1.103","Cluster_860","evm.TU.chromosome_1.103","TP7",-0.5,-0.737864787372622,"1"
"6180","Cluster_860_evm.TU.chromosome_1.1198","Cluster_860","evm.TU.chromosome_1.1198","TP7",-1,0.2,"3"
"6181","Cluster_860_evm.TU.chromosome_1.1408","Cluster_860","evm.TU.chromosome_1.1408","TP7",-0.5,-0.737864787372622,"1"
"6182","Cluster_860_evm.TU.chromosome_10.1286","Cluster_860","evm.TU.chromosome_10.1286","TP7",0,-0.774596669241483,"2"
"6183","Cluster_860_evm.TU.chromosome_10.2109","Cluster_860","evm.TU.chromosome_10.2109","TP7",-0.866025403784439,-0.774596669241483,"1"
"6184","Cluster_860_evm.TU.chromosome_10.219","Cluster_860","evm.TU.chromosome_10.219","TP7",0.866025403784439,0.774596669241483,"2"
"6185","Cluster_860_evm.TU.chromosome_10.2825","Cluster_860","evm.TU.chromosome_10.2825","TP7",-0.5,-0.258198889747161,"1"
"6186","Cluster_860_evm.TU.chromosome_10.2938","Cluster_860","evm.TU.chromosome_10.2938","TP7",0,0.2,"1"
"6187","Cluster_860_evm.TU.chromosome_11.1456","Cluster_860","evm.TU.chromosome_11.1456","TP7",-1,-0.8,"1"
"6188","Cluster_860_evm.TU.chromosome_11.1743","Cluster_860","evm.TU.chromosome_11.1743","TP7",-1,-0.948683298050514,"1"
"6189","Cluster_860_evm.TU.chromosome_11.2014","Cluster_860","evm.TU.chromosome_11.2014","TP7",-0.866025403784439,-0.737864787372622,"1"
"6190","Cluster_860_evm.TU.chromosome_11.2552","Cluster_860","evm.TU.chromosome_11.2552","TP7",-1,0.6,"3"
"6191","Cluster_860_evm.TU.chromosome_11.2661","Cluster_860","evm.TU.chromosome_11.2661","TP7",-1,-0.258198889747161,"3"
"6192","Cluster_860_evm.TU.chromosome_11.2672","Cluster_860","evm.TU.chromosome_11.2672","TP7",-0.866025403784439,-0.258198889747161,"1"
"6193","Cluster_860_evm.TU.chromosome_11.2767","Cluster_860","evm.TU.chromosome_11.2767","TP7",-0.5,-0.8,"1"
"6194","Cluster_860_evm.TU.chromosome_12.1784","Cluster_860","evm.TU.chromosome_12.1784","TP7",-0.866025403784439,-0.737864787372622,"1"
"6195","Cluster_860_evm.TU.chromosome_12.1920","Cluster_860","evm.TU.chromosome_12.1920","TP7",-1,-0.4,"1"
"6196","Cluster_860_evm.TU.chromosome_12.3757","Cluster_860","evm.TU.chromosome_12.3757","TP7",-1,-0.4,"1"
"6197","Cluster_860_evm.TU.chromosome_13.1829","Cluster_860","evm.TU.chromosome_13.1829","TP7",0,-0.737864787372622,"2"
"6198","Cluster_860_evm.TU.chromosome_13.1831","Cluster_860","evm.TU.chromosome_13.1831","TP7",-0.866025403784439,-0.258198889747161,"1"
"6199","Cluster_860_evm.TU.chromosome_13.2225","Cluster_860","evm.TU.chromosome_13.2225","TP7",-1,-0.948683298050514,"1"
"6200","Cluster_860_evm.TU.chromosome_13.2829","Cluster_860","evm.TU.chromosome_13.2829","TP7",-0.5,-0.948683298050514,"1"
"6201","Cluster_860_evm.TU.chromosome_13.3866","Cluster_860","evm.TU.chromosome_13.3866","TP7",-1,0.2,"3"
"6202","Cluster_860_evm.TU.chromosome_13.970","Cluster_860","evm.TU.chromosome_13.970","TP7",-0.5,-0.948683298050514,"1"
"6203","Cluster_860_evm.TU.chromosome_14.1181","Cluster_860","evm.TU.chromosome_14.1181","TP7",0.5,-0.4,"2"
"6204","Cluster_860_evm.TU.chromosome_14.2796","Cluster_860","evm.TU.chromosome_14.2796","TP7",-0.5,-0.774596669241483,"1"
"6205","Cluster_860_evm.TU.chromosome_14.3492","Cluster_860","evm.TU.chromosome_14.3492","TP7",1,0.4,"2"
"6206","Cluster_860_evm.TU.chromosome_14.3800","Cluster_860","evm.TU.chromosome_14.3800","TP7",-1,-0.2,"3"
"6207","Cluster_860_evm.TU.chromosome_14.384","Cluster_860","evm.TU.chromosome_14.384","TP7",0,-0.258198889747161,"1"
"6208","Cluster_860_evm.TU.chromosome_14.4614","Cluster_860","evm.TU.chromosome_14.4614","TP7",-0.5,-0.774596669241483,"1"
"6209","Cluster_860_evm.TU.chromosome_14.6363","Cluster_860","evm.TU.chromosome_14.6363","TP7",-0.866025403784439,-0.948683298050514,"1"
"6210","Cluster_860_evm.TU.chromosome_14.6416","Cluster_860","evm.TU.chromosome_14.6416","TP7",-0.866025403784439,-0.258198889747161,"1"
"6211","Cluster_860_evm.TU.chromosome_14.645","Cluster_860","evm.TU.chromosome_14.645","TP7",0,-0.737864787372622,"2"
"6212","Cluster_860_evm.TU.chromosome_14.6493","Cluster_860","evm.TU.chromosome_14.6493","TP7",0,-0.948683298050514,"2"
"6213","Cluster_860_evm.TU.chromosome_14.7318","Cluster_860","evm.TU.chromosome_14.7318","TP7",-1,-0.6,"1"
"6214","Cluster_860_evm.TU.chromosome_14.7339","Cluster_860","evm.TU.chromosome_14.7339","TP7",-1,0.4,"3"
"6215","Cluster_860_evm.TU.chromosome_2.1876","Cluster_860","evm.TU.chromosome_2.1876","TP7",-1,-0.948683298050514,"1"
"6216","Cluster_860_evm.TU.chromosome_2.1987","Cluster_860","evm.TU.chromosome_2.1987","TP7",-0.5,-0.948683298050514,"1"
"6217","Cluster_860_evm.TU.chromosome_2.256","Cluster_860","evm.TU.chromosome_2.256","TP7",-0.866025403784439,-0.737864787372622,"1"
"6218","Cluster_860_evm.TU.chromosome_2.536","Cluster_860","evm.TU.chromosome_2.536","TP7",-0.5,0.4,"3"
"6219","Cluster_860_evm.TU.chromosome_3.1951","Cluster_860","evm.TU.chromosome_3.1951","TP7",-1,-0.737864787372622,"1"
"6220","Cluster_860_evm.TU.chromosome_3.2030","Cluster_860","evm.TU.chromosome_3.2030","TP7",-0.866025403784439,-0.774596669241483,"1"
"6221","Cluster_860_evm.TU.chromosome_4.116","Cluster_860","evm.TU.chromosome_4.116","TP7",-1,-0.948683298050514,"1"
"6222","Cluster_860_evm.TU.chromosome_4.13","Cluster_860","evm.TU.chromosome_4.13","TP7",-0.5,-0.948683298050514,"1"
"6223","Cluster_860_evm.TU.chromosome_4.1742","Cluster_860","evm.TU.chromosome_4.1742","TP7",-0.5,-0.737864787372622,"1"
"6224","Cluster_860_evm.TU.chromosome_4.1836","Cluster_860","evm.TU.chromosome_4.1836","TP7",-0.5,-0.2,"1"
"6225","Cluster_860_evm.TU.chromosome_4.2427","Cluster_860","evm.TU.chromosome_4.2427","TP7",-0.5,-0.737864787372622,"1"
"6226","Cluster_860_evm.TU.chromosome_4.762","Cluster_860","evm.TU.chromosome_4.762","TP7",-0.5,-0.948683298050514,"1"
"6227","Cluster_860_evm.TU.chromosome_5.1329","Cluster_860","evm.TU.chromosome_5.1329","TP7",-0.5,-0.737864787372622,"1"
"6228","Cluster_860_evm.TU.chromosome_5.1580","Cluster_860","evm.TU.chromosome_5.1580","TP7",-0.5,-0.258198889747161,"1"
"6229","Cluster_860_evm.TU.chromosome_5.195","Cluster_860","evm.TU.chromosome_5.195","TP7",-1,-0.948683298050514,"1"
"6230","Cluster_860_evm.TU.chromosome_5.2654","Cluster_860","evm.TU.chromosome_5.2654","TP7",-1,-0.737864787372622,"1"
"6231","Cluster_860_evm.TU.chromosome_6.1064","Cluster_860","evm.TU.chromosome_6.1064","TP7",-0.5,-0.948683298050514,"1"
"6232","Cluster_860_evm.TU.chromosome_6.1221","Cluster_860","evm.TU.chromosome_6.1221","TP7",-1,-0.737864787372622,"1"
"6233","Cluster_860_evm.TU.chromosome_6.153","Cluster_860","evm.TU.chromosome_6.153","TP7",1,0.4,"2"
"6234","Cluster_860_evm.TU.chromosome_6.1717","Cluster_860","evm.TU.chromosome_6.1717","TP7",-0.5,-0.258198889747161,"1"
"6235","Cluster_860_evm.TU.chromosome_6.1739","Cluster_860","evm.TU.chromosome_6.1739","TP7",-1,-0.948683298050514,"1"
"6236","Cluster_860_evm.TU.chromosome_6.1740","Cluster_860","evm.TU.chromosome_6.1740","TP7",-0.5,-0.6,"1"
"6237","Cluster_860_evm.TU.chromosome_6.2503","Cluster_860","evm.TU.chromosome_6.2503","TP7",0.5,-0.4,"2"
"6238","Cluster_860_evm.TU.chromosome_7.1204","Cluster_860","evm.TU.chromosome_7.1204","TP7",-0.5,-0.737864787372622,"1"
"6239","Cluster_860_evm.TU.chromosome_7.1268","Cluster_860","evm.TU.chromosome_7.1268","TP7",-1,-0.737864787372622,"1"
"6240","Cluster_860_evm.TU.chromosome_7.1355","Cluster_860","evm.TU.chromosome_7.1355","TP7",-0.5,-0.948683298050514,"1"
"6241","Cluster_860_evm.TU.chromosome_7.1412","Cluster_860","evm.TU.chromosome_7.1412","TP7",-1,-0.8,"1"
"6242","Cluster_860_evm.TU.chromosome_8.1976","Cluster_860","evm.TU.chromosome_8.1976","TP7",-0.5,-0.948683298050514,"1"
"6243","Cluster_860_evm.TU.chromosome_8.30","Cluster_860","evm.TU.chromosome_8.30","TP7",-0.5,-0.8,"1"
"6244","Cluster_860_evm.TU.chromosome_8.962","Cluster_860","evm.TU.chromosome_8.962","TP7",-0.5,-0.4,"1"
"6245","Cluster_860_evm.TU.chromosome_9.187","Cluster_860","evm.TU.chromosome_9.187","TP7",-0.5,0.2,"1"
"6246","Cluster_860_evm.TU.chromosome_9.701","Cluster_860","evm.TU.chromosome_9.701","TP7",-1,-0.4,"1"
"6247","Cluster_860_evm.TU.chromosome_9.791","Cluster_860","evm.TU.chromosome_9.791","TP7",1,-0.2,"2"
"6248","Cluster_9000_evm.TU.chromosome_1.1793","Cluster_9000","evm.TU.chromosome_1.1793","TP7",0.866025403784439,0,"2"
"6249","Cluster_9000_evm.TU.chromosome_1.181","Cluster_9000","evm.TU.chromosome_1.181","TP7",0.866025403784439,0.6,"2"
"6250","Cluster_9000_evm.TU.chromosome_1.1883","Cluster_9000","evm.TU.chromosome_1.1883","TP7",0,-0.316227766016838,"1"
"6251","Cluster_9000_evm.TU.chromosome_10.1257","Cluster_9000","evm.TU.chromosome_10.1257","TP7",0.5,-0.316227766016838,"2"
"6252","Cluster_9000_evm.TU.chromosome_10.2358","Cluster_9000","evm.TU.chromosome_10.2358","TP7",0.866025403784439,0.316227766016838,"2"
"6253","Cluster_9000_evm.TU.chromosome_11.188","Cluster_9000","evm.TU.chromosome_11.188","TP7",1,-0.316227766016838,"2"
"6254","Cluster_9000_evm.TU.chromosome_11.2052","Cluster_9000","evm.TU.chromosome_11.2052","TP7",0.5,0.316227766016838,"2"
"6255","Cluster_9000_evm.TU.chromosome_11.2755","Cluster_9000","evm.TU.chromosome_11.2755","TP7",1,0.8,"2"
"6256","Cluster_9000_evm.TU.chromosome_11.2764","Cluster_9000","evm.TU.chromosome_11.2764","TP7",1,0.8,"2"
"6257","Cluster_9000_evm.TU.chromosome_11.3024","Cluster_9000","evm.TU.chromosome_11.3024","TP7",1,-0.316227766016838,"2"
"6258","Cluster_9000_evm.TU.chromosome_11.3089","Cluster_9000","evm.TU.chromosome_11.3089","TP7",1,0.6,"2"
"6259","Cluster_9000_evm.TU.chromosome_11.3165","Cluster_9000","evm.TU.chromosome_11.3165","TP7",1,-0.316227766016838,"2"
"6260","Cluster_9000_evm.TU.chromosome_11.41","Cluster_9000","evm.TU.chromosome_11.41","TP7",1,0.316227766016838,"2"
"6261","Cluster_9000_evm.TU.chromosome_11.697","Cluster_9000","evm.TU.chromosome_11.697","TP7",0.5,-0.316227766016838,"2"
"6262","Cluster_9000_evm.TU.chromosome_11.78","Cluster_9000","evm.TU.chromosome_11.78","TP7",0.5,0.316227766016838,"2"
"6263","Cluster_9000_evm.TU.chromosome_11.82","Cluster_9000","evm.TU.chromosome_11.82","TP7",-0.5,-0.2,"1"
"6264","Cluster_9000_evm.TU.chromosome_11.84","Cluster_9000","evm.TU.chromosome_11.84","TP7",0.5,0.4,"2"
"6265","Cluster_9000_evm.TU.chromosome_12.1043","Cluster_9000","evm.TU.chromosome_12.1043","TP7",0.866025403784439,0.632455532033676,"2"
"6266","Cluster_9000_evm.TU.chromosome_12.1056","Cluster_9000","evm.TU.chromosome_12.1056","TP7",1,-0.6,"2"
"6267","Cluster_9000_evm.TU.chromosome_12.1323","Cluster_9000","evm.TU.chromosome_12.1323","TP7",1,0.4,"2"
"6268","Cluster_9000_evm.TU.chromosome_12.1666","Cluster_9000","evm.TU.chromosome_12.1666","TP7",0.5,-0.8,"2"
"6269","Cluster_9000_evm.TU.chromosome_12.1793","Cluster_9000","evm.TU.chromosome_12.1793","TP7",0.866025403784439,0,"2"
"6270","Cluster_9000_evm.TU.chromosome_12.2261","Cluster_9000","evm.TU.chromosome_12.2261","TP7",0.5,0.6,"2"
"6271","Cluster_9000_evm.TU.chromosome_12.2811","Cluster_9000","evm.TU.chromosome_12.2811","TP7",1,-0.316227766016838,"2"
"6272","Cluster_9000_evm.TU.chromosome_12.2946","Cluster_9000","evm.TU.chromosome_12.2946","TP7",1,0,"2"
"6273","Cluster_9000_evm.TU.chromosome_12.3298","Cluster_9000","evm.TU.chromosome_12.3298","TP7",0,-0.8,"2"
"6274","Cluster_9000_evm.TU.chromosome_12.3490","Cluster_9000","evm.TU.chromosome_12.3490","TP7",0.5,-0.774596669241483,"2"
"6275","Cluster_9000_evm.TU.chromosome_12.3534","Cluster_9000","evm.TU.chromosome_12.3534","TP7",0.5,-0.258198889747161,"2"
"6276","Cluster_9000_evm.TU.chromosome_12.466","Cluster_9000","evm.TU.chromosome_12.466","TP7",1,-0.774596669241483,"2"
"6277","Cluster_9000_evm.TU.chromosome_12.475","Cluster_9000","evm.TU.chromosome_12.475","TP7",0.5,0.4,"2"
"6278","Cluster_9000_evm.TU.chromosome_13.1627","Cluster_9000","evm.TU.chromosome_13.1627","TP7",1,-0.774596669241483,"2"
"6279","Cluster_9000_evm.TU.chromosome_13.1628","Cluster_9000","evm.TU.chromosome_13.1628","TP7",0.5,-0.316227766016838,"2"
"6280","Cluster_9000_evm.TU.chromosome_13.2239","Cluster_9000","evm.TU.chromosome_13.2239","TP7",0,0.316227766016838,"1"
"6281","Cluster_9000_evm.TU.chromosome_13.2531","Cluster_9000","evm.TU.chromosome_13.2531","TP7",0.5,0.4,"2"
"6282","Cluster_9000_evm.TU.chromosome_13.2899","Cluster_9000","evm.TU.chromosome_13.2899","TP7",-0.5,0,"1"
"6283","Cluster_9000_evm.TU.chromosome_13.3074","Cluster_9000","evm.TU.chromosome_13.3074","TP7",0.5,0.6,"2"
"6284","Cluster_9000_evm.TU.chromosome_13.3378","Cluster_9000","evm.TU.chromosome_13.3378","TP7",0,0.210818510677892,"1"
"6285","Cluster_9000_evm.TU.chromosome_13.3988","Cluster_9000","evm.TU.chromosome_13.3988","TP7",1,0.6,"2"
"6286","Cluster_9000_evm.TU.chromosome_13.477","Cluster_9000","evm.TU.chromosome_13.477","TP7",0.5,-0.6,"2"
"6287","Cluster_9000_evm.TU.chromosome_13.914","Cluster_9000","evm.TU.chromosome_13.914","TP7",0.5,-0.316227766016838,"2"
"6288","Cluster_9000_evm.TU.chromosome_14.1170","Cluster_9000","evm.TU.chromosome_14.1170","TP7",0.866025403784439,-0.737864787372622,"2"
"6289","Cluster_9000_evm.TU.chromosome_14.118","Cluster_9000","evm.TU.chromosome_14.118","TP7",0.5,0,"2"
"6290","Cluster_9000_evm.TU.chromosome_14.1355","Cluster_9000","evm.TU.chromosome_14.1355","TP7",0.5,0.2,"2"
"6291","Cluster_9000_evm.TU.chromosome_14.239","Cluster_9000","evm.TU.chromosome_14.239","TP7",0,0.2,"1"
"6292","Cluster_9000_evm.TU.chromosome_14.3114","Cluster_9000","evm.TU.chromosome_14.3114","TP7",0.866025403784439,-0.737864787372622,"2"
"6293","Cluster_9000_evm.TU.chromosome_14.340","Cluster_9000","evm.TU.chromosome_14.340","TP7",1,-0.316227766016838,"2"
"6294","Cluster_9000_evm.TU.chromosome_14.4414","Cluster_9000","evm.TU.chromosome_14.4414","TP7",0,0.316227766016838,"1"
"6295","Cluster_9000_evm.TU.chromosome_14.5420","Cluster_9000","evm.TU.chromosome_14.5420","TP7",0.5,-0.316227766016838,"2"
"6296","Cluster_9000_evm.TU.chromosome_14.5542","Cluster_9000","evm.TU.chromosome_14.5542","TP7",0.5,0.6,"2"
"6297","Cluster_9000_evm.TU.chromosome_14.6003","Cluster_9000","evm.TU.chromosome_14.6003","TP7",0.866025403784439,0.6,"2"
"6298","Cluster_9000_evm.TU.chromosome_14.6359","Cluster_9000","evm.TU.chromosome_14.6359","TP7",0.5,0,"2"
"6299","Cluster_9000_evm.TU.chromosome_14.6363","Cluster_9000","evm.TU.chromosome_14.6363","TP7",0,-0.316227766016838,"1"
"6300","Cluster_9000_evm.TU.chromosome_14.6476","Cluster_9000","evm.TU.chromosome_14.6476","TP7",0,-0.2,"1"
"6301","Cluster_9000_evm.TU.chromosome_14.654","Cluster_9000","evm.TU.chromosome_14.654","TP7",0.866025403784439,0.210818510677892,"2"
"6302","Cluster_9000_evm.TU.chromosome_14.6897","Cluster_9000","evm.TU.chromosome_14.6897","TP7",0,-0.774596669241483,"2"
"6303","Cluster_9000_evm.TU.chromosome_14.7339","Cluster_9000","evm.TU.chromosome_14.7339","TP7",0.5,0.6,"2"
"6304","Cluster_9000_evm.TU.chromosome_14.763","Cluster_9000","evm.TU.chromosome_14.763","TP7",1,0.6,"2"
"6305","Cluster_9000_evm.TU.chromosome_14.837","Cluster_9000","evm.TU.chromosome_14.837","TP7",0.866025403784439,-0.8,"2"
"6306","Cluster_9000_evm.TU.chromosome_2.101","Cluster_9000","evm.TU.chromosome_2.101","TP7",1,-0.6,"2"
"6307","Cluster_9000_evm.TU.chromosome_2.1195","Cluster_9000","evm.TU.chromosome_2.1195","TP7",0.866025403784439,-0.316227766016838,"2"
"6308","Cluster_9000_evm.TU.chromosome_2.1356","Cluster_9000","evm.TU.chromosome_2.1356","TP7",0.866025403784439,-0.316227766016838,"2"
"6309","Cluster_9000_evm.TU.chromosome_2.1378","Cluster_9000","evm.TU.chromosome_2.1378","TP7",0.5,0.774596669241483,"2"
"6310","Cluster_9000_evm.TU.chromosome_2.1746","Cluster_9000","evm.TU.chromosome_2.1746","TP7",0.5,0.316227766016838,"2"
"6311","Cluster_9000_evm.TU.chromosome_2.357","Cluster_9000","evm.TU.chromosome_2.357","TP7",1,-0.8,"2"
"6312","Cluster_9000_evm.TU.chromosome_3.1403","Cluster_9000","evm.TU.chromosome_3.1403","TP7",1,0.316227766016838,"2"
"6313","Cluster_9000_evm.TU.chromosome_3.301","Cluster_9000","evm.TU.chromosome_3.301","TP7",0.866025403784439,0.737864787372622,"2"
"6314","Cluster_9000_evm.TU.chromosome_3.464","Cluster_9000","evm.TU.chromosome_3.464","TP7",1,0.258198889747161,"2"
"6315","Cluster_9000_evm.TU.chromosome_3.555","Cluster_9000","evm.TU.chromosome_3.555","TP7",0.5,-0.316227766016838,"2"
"6316","Cluster_9000_evm.TU.chromosome_3.596","Cluster_9000","evm.TU.chromosome_3.596","TP7",-0.5,-0.4,"1"
"6317","Cluster_9000_evm.TU.chromosome_3.602","Cluster_9000","evm.TU.chromosome_3.602","TP7",1,-0.8,"2"
"6318","Cluster_9000_evm.TU.chromosome_4.1757","Cluster_9000","evm.TU.chromosome_4.1757","TP7",0.866025403784439,-0.632455532033676,"2"
"6319","Cluster_9000_evm.TU.chromosome_4.2090","Cluster_9000","evm.TU.chromosome_4.2090","TP7",1,-0.316227766016838,"2"
"6320","Cluster_9000_evm.TU.chromosome_4.824","Cluster_9000","evm.TU.chromosome_4.824","TP7",0,0,"1"
"6321","Cluster_9000_evm.TU.chromosome_5.196","Cluster_9000","evm.TU.chromosome_5.196","TP7",-0.866025403784439,-0.316227766016838,"1"
"6322","Cluster_9000_evm.TU.chromosome_5.2180","Cluster_9000","evm.TU.chromosome_5.2180","TP7",0.5,0.316227766016838,"2"
"6323","Cluster_9000_evm.TU.chromosome_5.2303","Cluster_9000","evm.TU.chromosome_5.2303","TP7",1,-0.8,"2"
"6324","Cluster_9000_evm.TU.chromosome_5.24","Cluster_9000","evm.TU.chromosome_5.24","TP7",1,-0.6,"2"
"6325","Cluster_9000_evm.TU.chromosome_5.265","Cluster_9000","evm.TU.chromosome_5.265","TP7",0.5,0.4,"2"
"6326","Cluster_9000_evm.TU.chromosome_5.266","Cluster_9000","evm.TU.chromosome_5.266","TP7",1,-0.8,"2"
"6327","Cluster_9000_evm.TU.chromosome_6.1198","Cluster_9000","evm.TU.chromosome_6.1198","TP7",0.5,0.316227766016838,"2"
"6328","Cluster_9000_evm.TU.chromosome_6.138","Cluster_9000","evm.TU.chromosome_6.138","TP7",0.5,0.6,"2"
"6329","Cluster_9000_evm.TU.chromosome_6.1693","Cluster_9000","evm.TU.chromosome_6.1693","TP7",0.5,-0.774596669241483,"2"
"6330","Cluster_9000_evm.TU.chromosome_6.2420","Cluster_9000","evm.TU.chromosome_6.2420","TP7",1,1,"2"
"6331","Cluster_9000_evm.TU.chromosome_6.271","Cluster_9000","evm.TU.chromosome_6.271","TP7",0.5,0.737864787372622,"2"
"6332","Cluster_9000_evm.TU.chromosome_6.2896","Cluster_9000","evm.TU.chromosome_6.2896","TP7",0.866025403784439,-0.316227766016838,"2"
"6333","Cluster_9000_evm.TU.chromosome_6.320","Cluster_9000","evm.TU.chromosome_6.320","TP7",0.866025403784439,0.2,"2"
"6334","Cluster_9000_evm.TU.chromosome_6.63","Cluster_9000","evm.TU.chromosome_6.63","TP7",1,-0.6,"2"
"6335","Cluster_9000_evm.TU.chromosome_6.74","Cluster_9000","evm.TU.chromosome_6.74","TP7",0.5,0.6,"2"
"6336","Cluster_9000_evm.TU.chromosome_7.1025","Cluster_9000","evm.TU.chromosome_7.1025","TP7",0.5,0.632455532033676,"2"
"6337","Cluster_9000_evm.TU.chromosome_7.1336","Cluster_9000","evm.TU.chromosome_7.1336","TP7",0.5,-0.316227766016838,"2"
"6338","Cluster_9000_evm.TU.chromosome_7.1963","Cluster_9000","evm.TU.chromosome_7.1963","TP7",0.5,0.6,"2"
"6339","Cluster_9000_evm.TU.chromosome_7.2407","Cluster_9000","evm.TU.chromosome_7.2407","TP7",0,0,"1"
"6340","Cluster_9000_evm.TU.chromosome_7.714","Cluster_9000","evm.TU.chromosome_7.714","TP7",0.5,0.6,"2"
"6341","Cluster_9000_evm.TU.chromosome_7.850","Cluster_9000","evm.TU.chromosome_7.850","TP7",0.5,-0.316227766016838,"2"
"6342","Cluster_9000_evm.TU.chromosome_8.1479","Cluster_9000","evm.TU.chromosome_8.1479","TP7",1,-0.8,"2"
"6343","Cluster_9000_evm.TU.chromosome_8.1530","Cluster_9000","evm.TU.chromosome_8.1530","TP7",0,0.737864787372622,"1"
"6344","Cluster_9000_evm.TU.chromosome_8.1533","Cluster_9000","evm.TU.chromosome_8.1533","TP7",0,-0.774596669241483,"2"
"6345","Cluster_9000_evm.TU.chromosome_8.1543","Cluster_9000","evm.TU.chromosome_8.1543","TP7",0.866025403784439,0.774596669241483,"2"
"6346","Cluster_9000_evm.TU.chromosome_8.2389","Cluster_9000","evm.TU.chromosome_8.2389","TP7",0.5,0.774596669241483,"2"
"6347","Cluster_9000_evm.TU.chromosome_8.2599","Cluster_9000","evm.TU.chromosome_8.2599","TP7",0,-0.737864787372622,"2"
"6348","Cluster_9000_evm.TU.chromosome_9.1457","Cluster_9000","evm.TU.chromosome_9.1457","TP7",1,-0.6,"2"
"6349","Cluster_9000_evm.TU.chromosome_9.1757","Cluster_9000","evm.TU.chromosome_9.1757","TP7",0.866025403784439,0.316227766016838,"2"
"6350","Cluster_9082_evm.TU.chromosome_1.1575","Cluster_9082","evm.TU.chromosome_1.1575","TP7",0.5,1,"2"
"6351","Cluster_9082_evm.TU.chromosome_1.1657","Cluster_9082","evm.TU.chromosome_1.1657","TP7",1,0.4,"2"
"6352","Cluster_9082_evm.TU.chromosome_1.1790","Cluster_9082","evm.TU.chromosome_1.1790","TP7",1,0.2,"2"
"6353","Cluster_9082_evm.TU.chromosome_10.1002","Cluster_9082","evm.TU.chromosome_10.1002","TP7",0.5,-0.948683298050514,"2"
"6354","Cluster_9082_evm.TU.chromosome_10.1098","Cluster_9082","evm.TU.chromosome_10.1098","TP7",-0.5,-0.2,"1"
"6355","Cluster_9082_evm.TU.chromosome_10.139","Cluster_9082","evm.TU.chromosome_10.139","TP7",0,0.4,"1"
"6356","Cluster_9082_evm.TU.chromosome_10.2177","Cluster_9082","evm.TU.chromosome_10.2177","TP7",1,0.2,"2"
"6357","Cluster_9082_evm.TU.chromosome_10.2640","Cluster_9082","evm.TU.chromosome_10.2640","TP7",0.5,-0.737864787372622,"2"
"6358","Cluster_9082_evm.TU.chromosome_10.474","Cluster_9082","evm.TU.chromosome_10.474","TP7",0.5,0,"2"
"6359","Cluster_9082_evm.TU.chromosome_11.1180","Cluster_9082","evm.TU.chromosome_11.1180","TP7",1,0.2,"2"
"6360","Cluster_9082_evm.TU.chromosome_11.2214","Cluster_9082","evm.TU.chromosome_11.2214","TP7",1,0.2,"2"
"6361","Cluster_9082_evm.TU.chromosome_11.2216","Cluster_9082","evm.TU.chromosome_11.2216","TP7",0.5,-0.737864787372622,"2"
"6362","Cluster_9082_evm.TU.chromosome_11.2465","Cluster_9082","evm.TU.chromosome_11.2465","TP7",0.5,-0.737864787372622,"2"
"6363","Cluster_9082_evm.TU.chromosome_11.2532","Cluster_9082","evm.TU.chromosome_11.2532","TP7",1,-0.258198889747161,"2"
"6364","Cluster_9082_evm.TU.chromosome_11.2868","Cluster_9082","evm.TU.chromosome_11.2868","TP7",1,-0.737864787372622,"2"
"6365","Cluster_9082_evm.TU.chromosome_11.51","Cluster_9082","evm.TU.chromosome_11.51","TP7",0,-0.258198889747161,"1"
"6366","Cluster_9082_evm.TU.chromosome_11.567","Cluster_9082","evm.TU.chromosome_11.567","TP7",0,-0.948683298050514,"2"
"6367","Cluster_9082_evm.TU.chromosome_11.571","Cluster_9082","evm.TU.chromosome_11.571","TP7",0.5,-0.737864787372622,"2"
"6368","Cluster_9082_evm.TU.chromosome_11.577","Cluster_9082","evm.TU.chromosome_11.577","TP7",0.5,-0.737864787372622,"2"
"6369","Cluster_9082_evm.TU.chromosome_12.1384","Cluster_9082","evm.TU.chromosome_12.1384","TP7",0.5,-0.774596669241483,"2"
"6370","Cluster_9082_evm.TU.chromosome_12.1590","Cluster_9082","evm.TU.chromosome_12.1590","TP7",0.5,-0.258198889747161,"2"
"6371","Cluster_9082_evm.TU.chromosome_12.1768","Cluster_9082","evm.TU.chromosome_12.1768","TP7",0,0.4,"1"
"6372","Cluster_9082_evm.TU.chromosome_12.2537","Cluster_9082","evm.TU.chromosome_12.2537","TP7",0.5,-0.258198889747161,"2"
"6373","Cluster_9082_evm.TU.chromosome_12.2721","Cluster_9082","evm.TU.chromosome_12.2721","TP7",0.5,-0.737864787372622,"2"
"6374","Cluster_9082_evm.TU.chromosome_12.3242","Cluster_9082","evm.TU.chromosome_12.3242","TP7",0.5,-0.737864787372622,"2"
"6375","Cluster_9082_evm.TU.chromosome_12.3641","Cluster_9082","evm.TU.chromosome_12.3641","TP7",0.5,-0.2,"2"
"6376","Cluster_9082_evm.TU.chromosome_12.635","Cluster_9082","evm.TU.chromosome_12.635","TP7",0.5,-0.737864787372622,"2"
"6377","Cluster_9082_evm.TU.chromosome_12.934","Cluster_9082","evm.TU.chromosome_12.934","TP7",0.5,-0.8,"2"
"6378","Cluster_9082_evm.TU.chromosome_13.1836","Cluster_9082","evm.TU.chromosome_13.1836","TP7",1,-0.737864787372622,"2"
"6379","Cluster_9082_evm.TU.chromosome_13.3987","Cluster_9082","evm.TU.chromosome_13.3987","TP7",0.866025403784439,-0.4,"2"
"6380","Cluster_9082_evm.TU.chromosome_13.655","Cluster_9082","evm.TU.chromosome_13.655","TP7",0.866025403784439,0.6,"2"
"6381","Cluster_9082_evm.TU.chromosome_13.699","Cluster_9082","evm.TU.chromosome_13.699","TP7",1,0.2,"2"
"6382","Cluster_9082_evm.TU.chromosome_14.1039","Cluster_9082","evm.TU.chromosome_14.1039","TP7",1,0.4,"2"
"6383","Cluster_9082_evm.TU.chromosome_14.1211","Cluster_9082","evm.TU.chromosome_14.1211","TP7",0.866025403784439,-0.774596669241483,"2"
"6384","Cluster_9082_evm.TU.chromosome_14.2453","Cluster_9082","evm.TU.chromosome_14.2453","TP7",-1,0.316227766016838,"3"
"6385","Cluster_9082_evm.TU.chromosome_14.2541","Cluster_9082","evm.TU.chromosome_14.2541","TP7",1,0.8,"2"
"6386","Cluster_9082_evm.TU.chromosome_14.2597","Cluster_9082","evm.TU.chromosome_14.2597","TP7",0.866025403784439,-0.258198889747161,"2"
"6387","Cluster_9082_evm.TU.chromosome_14.3987","Cluster_9082","evm.TU.chromosome_14.3987","TP7",1,-0.948683298050514,"2"
"6388","Cluster_9082_evm.TU.chromosome_14.4261","Cluster_9082","evm.TU.chromosome_14.4261","TP7",1,0.8,"2"
"6389","Cluster_9082_evm.TU.chromosome_14.4814","Cluster_9082","evm.TU.chromosome_14.4814","TP7",1,-0.258198889747161,"2"
"6390","Cluster_9082_evm.TU.chromosome_14.4903","Cluster_9082","evm.TU.chromosome_14.4903","TP7",1,-0.774596669241483,"2"
"6391","Cluster_9082_evm.TU.chromosome_14.5017","Cluster_9082","evm.TU.chromosome_14.5017","TP7",0,0.6,"1"
"6392","Cluster_9082_evm.TU.chromosome_14.5297","Cluster_9082","evm.TU.chromosome_14.5297","TP7",1,-0.948683298050514,"2"
"6393","Cluster_9082_evm.TU.chromosome_14.5585","Cluster_9082","evm.TU.chromosome_14.5585","TP7",1,0.105409255338946,"2"
"6394","Cluster_9082_evm.TU.chromosome_14.5611","Cluster_9082","evm.TU.chromosome_14.5611","TP7",1,0.2,"2"
"6395","Cluster_9082_evm.TU.chromosome_14.569","Cluster_9082","evm.TU.chromosome_14.569","TP7",0.5,0.4,"2"
"6396","Cluster_9082_evm.TU.chromosome_14.6059","Cluster_9082","evm.TU.chromosome_14.6059","TP7",1,-0.4,"2"
"6397","Cluster_9082_evm.TU.chromosome_14.6176","Cluster_9082","evm.TU.chromosome_14.6176","TP7",0.5,0.4,"2"
"6398","Cluster_9082_evm.TU.chromosome_14.6316","Cluster_9082","evm.TU.chromosome_14.6316","TP7",1,0.2,"2"
"6399","Cluster_9082_evm.TU.chromosome_14.6362","Cluster_9082","evm.TU.chromosome_14.6362","TP7",0.866025403784439,-0.737864787372622,"2"
"6400","Cluster_9082_evm.TU.chromosome_14.7067","Cluster_9082","evm.TU.chromosome_14.7067","TP7",0.5,0.4,"2"
"6401","Cluster_9082_evm.TU.chromosome_2.1313","Cluster_9082","evm.TU.chromosome_2.1313","TP7",1,-0.4,"2"
"6402","Cluster_9082_evm.TU.chromosome_2.1362","Cluster_9082","evm.TU.chromosome_2.1362","TP7",-1,-0.948683298050514,"1"
"6403","Cluster_9082_evm.TU.chromosome_2.1653","Cluster_9082","evm.TU.chromosome_2.1653","TP7",1,0,"2"
"6404","Cluster_9082_evm.TU.chromosome_2.1908","Cluster_9082","evm.TU.chromosome_2.1908","TP7",0.5,-0.8,"2"
"6405","Cluster_9082_evm.TU.chromosome_2.320","Cluster_9082","evm.TU.chromosome_2.320","TP7",1,-0.6,"2"
"6406","Cluster_9082_evm.TU.chromosome_2.496","Cluster_9082","evm.TU.chromosome_2.496","TP7",0.866025403784439,-0.737864787372622,"2"
"6407","Cluster_9082_evm.TU.chromosome_3.1213","Cluster_9082","evm.TU.chromosome_3.1213","TP7",1,0.8,"2"
"6408","Cluster_9082_evm.TU.chromosome_3.1256","Cluster_9082","evm.TU.chromosome_3.1256","TP7",1,0.8,"2"
"6409","Cluster_9082_evm.TU.chromosome_3.1511","Cluster_9082","evm.TU.chromosome_3.1511","TP7",0.5,-0.6,"2"
"6410","Cluster_9082_evm.TU.chromosome_3.1584","Cluster_9082","evm.TU.chromosome_3.1584","TP7",0.5,-0.774596669241483,"2"
"6411","Cluster_9082_evm.TU.chromosome_3.1640","Cluster_9082","evm.TU.chromosome_3.1640","TP7",0.866025403784439,-0.948683298050514,"2"
"6412","Cluster_9082_evm.TU.chromosome_3.2007","Cluster_9082","evm.TU.chromosome_3.2007","TP7",0.5,-0.4,"2"
"6413","Cluster_9082_evm.TU.chromosome_3.228","Cluster_9082","evm.TU.chromosome_3.228","TP7",1,-0.948683298050514,"2"
"6414","Cluster_9082_evm.TU.chromosome_3.250","Cluster_9082","evm.TU.chromosome_3.250","TP7",1,-0.737864787372622,"2"
"6415","Cluster_9082_evm.TU.chromosome_3.403","Cluster_9082","evm.TU.chromosome_3.403","TP7",-1,0.4,"3"
"6416","Cluster_9082_evm.TU.chromosome_3.582","Cluster_9082","evm.TU.chromosome_3.582","TP7",0.5,-0.8,"2"
"6417","Cluster_9082_evm.TU.chromosome_4.1156","Cluster_9082","evm.TU.chromosome_4.1156","TP7",1,-0.632455532033676,"2"
"6418","Cluster_9082_evm.TU.chromosome_4.1157","Cluster_9082","evm.TU.chromosome_4.1157","TP7",0,-0.737864787372622,"2"
"6419","Cluster_9082_evm.TU.chromosome_4.892","Cluster_9082","evm.TU.chromosome_4.892","TP7",-0.5,-0.948683298050514,"1"
"6420","Cluster_9082_evm.TU.chromosome_4.976","Cluster_9082","evm.TU.chromosome_4.976","TP7",0.5,-0.737864787372622,"2"
"6421","Cluster_9082_evm.TU.chromosome_5.1902","Cluster_9082","evm.TU.chromosome_5.1902","TP7",1,-0.737864787372622,"2"
"6422","Cluster_9082_evm.TU.chromosome_5.2208","Cluster_9082","evm.TU.chromosome_5.2208","TP7",1,-0.4,"2"
"6423","Cluster_9082_evm.TU.chromosome_5.2211","Cluster_9082","evm.TU.chromosome_5.2211","TP7",1,-0.948683298050514,"2"
"6424","Cluster_9082_evm.TU.chromosome_5.2424","Cluster_9082","evm.TU.chromosome_5.2424","TP7",-1,0.4,"3"
"6425","Cluster_9082_evm.TU.chromosome_5.390","Cluster_9082","evm.TU.chromosome_5.390","TP7",1,0.6,"2"
"6426","Cluster_9082_evm.TU.chromosome_5.68","Cluster_9082","evm.TU.chromosome_5.68","TP7",0.5,-0.948683298050514,"2"
"6427","Cluster_9082_evm.TU.chromosome_5.734","Cluster_9082","evm.TU.chromosome_5.734","TP7",0,-0.948683298050514,"2"
"6428","Cluster_9082_evm.TU.chromosome_6.1050","Cluster_9082","evm.TU.chromosome_6.1050","TP7",0.5,-0.8,"2"
"6429","Cluster_9082_evm.TU.chromosome_6.1282","Cluster_9082","evm.TU.chromosome_6.1282","TP7",0.5,-0.948683298050514,"2"
"6430","Cluster_9082_evm.TU.chromosome_6.1471","Cluster_9082","evm.TU.chromosome_6.1471","TP7",0.866025403784439,0.2,"2"
"6431","Cluster_9082_evm.TU.chromosome_6.1474","Cluster_9082","evm.TU.chromosome_6.1474","TP7",1,-0.4,"2"
"6432","Cluster_9082_evm.TU.chromosome_6.1775","Cluster_9082","evm.TU.chromosome_6.1775","TP7",1,0,"2"
"6433","Cluster_9082_evm.TU.chromosome_6.321","Cluster_9082","evm.TU.chromosome_6.321","TP7",0.5,-0.737864787372622,"2"
"6434","Cluster_9082_evm.TU.chromosome_6.325","Cluster_9082","evm.TU.chromosome_6.325","TP7",0.5,-0.948683298050514,"2"
"6435","Cluster_9082_evm.TU.chromosome_8.1012","Cluster_9082","evm.TU.chromosome_8.1012","TP7",0.5,-0.948683298050514,"2"
"6436","Cluster_9082_evm.TU.chromosome_8.1054","Cluster_9082","evm.TU.chromosome_8.1054","TP7",0.5,0.4,"2"
"6437","Cluster_9082_evm.TU.chromosome_8.117","Cluster_9082","evm.TU.chromosome_8.117","TP7",0.5,-0.948683298050514,"2"
"6438","Cluster_9082_evm.TU.chromosome_8.1448","Cluster_9082","evm.TU.chromosome_8.1448","TP7",0.5,-0.2,"2"
"6439","Cluster_9082_evm.TU.chromosome_8.2491","Cluster_9082","evm.TU.chromosome_8.2491","TP7",0.5,0.4,"2"
"6440","Cluster_9082_evm.TU.chromosome_8.658","Cluster_9082","evm.TU.chromosome_8.658","TP7",0.5,-0.258198889747161,"2"
"6441","Cluster_9082_evm.TU.chromosome_9.1212","Cluster_9082","evm.TU.chromosome_9.1212","TP7",0,-0.948683298050514,"2"
"6442","Cluster_9082_evm.TU.chromosome_9.1296","Cluster_9082","evm.TU.chromosome_9.1296","TP7",1,-0.2,"2"
"6443","Cluster_9082_evm.TU.chromosome_9.1434","Cluster_9082","evm.TU.chromosome_9.1434","TP7",0.5,-0.8,"2"
"6444","Cluster_9082_evm.TU.chromosome_9.2443","Cluster_9082","evm.TU.chromosome_9.2443","TP7",0.5,-0.2,"2"
"6445","Cluster_9082_evm.TU.chromosome_9.2781","Cluster_9082","evm.TU.chromosome_9.2781","TP7",1,-0.948683298050514,"2"
"6446","Cluster_9082_evm.TU.chromosome_9.2844","Cluster_9082","evm.TU.chromosome_9.2844","TP7",0.866025403784439,0.4,"2"
"6447","Cluster_9082_evm.TU.chromosome_9.978","Cluster_9082","evm.TU.chromosome_9.978","TP7",1,-0.4,"2"
"6448","Cluster_9205_evm.TU.chromosome_1.1058","Cluster_9205","evm.TU.chromosome_1.1058","TP7",-1,-0.2,"3"
"6449","Cluster_9205_evm.TU.chromosome_1.1705","Cluster_9205","evm.TU.chromosome_1.1705","TP7",-1,-0.4,"1"
"6450","Cluster_9205_evm.TU.chromosome_1.459","Cluster_9205","evm.TU.chromosome_1.459","TP7",-1,0.8,"3"
"6451","Cluster_9205_evm.TU.chromosome_1.727","Cluster_9205","evm.TU.chromosome_1.727","TP7",-1,0.8,"3"
"6452","Cluster_9205_evm.TU.chromosome_1.826","Cluster_9205","evm.TU.chromosome_1.826","TP7",-0.866025403784439,-0.2,"1"
"6453","Cluster_9205_evm.TU.chromosome_10.1136","Cluster_9205","evm.TU.chromosome_10.1136","TP7",-0.5,-0.8,"1"
"6454","Cluster_9205_evm.TU.chromosome_10.1530","Cluster_9205","evm.TU.chromosome_10.1530","TP7",0.5,0.4,"2"
"6455","Cluster_9205_evm.TU.chromosome_10.1653","Cluster_9205","evm.TU.chromosome_10.1653","TP7",-1,0.6,"3"
"6456","Cluster_9205_evm.TU.chromosome_10.2359","Cluster_9205","evm.TU.chromosome_10.2359","TP7",0.5,0.4,"2"
"6457","Cluster_9205_evm.TU.chromosome_10.2856","Cluster_9205","evm.TU.chromosome_10.2856","TP7",0.5,-0.4,"2"
"6458","Cluster_9205_evm.TU.chromosome_10.464","Cluster_9205","evm.TU.chromosome_10.464","TP7",-1,0.8,"3"
"6459","Cluster_9205_evm.TU.chromosome_10.55","Cluster_9205","evm.TU.chromosome_10.55","TP7",-0.5,-0.8,"1"
"6460","Cluster_9205_evm.TU.chromosome_10.621","Cluster_9205","evm.TU.chromosome_10.621","TP7",1,-0.8,"2"
"6461","Cluster_9205_evm.TU.chromosome_10.714","Cluster_9205","evm.TU.chromosome_10.714","TP7",-0.5,-0.4,"1"
"6462","Cluster_9205_evm.TU.chromosome_11.2290","Cluster_9205","evm.TU.chromosome_11.2290","TP7",-1,0.4,"3"
"6463","Cluster_9205_evm.TU.chromosome_11.237","Cluster_9205","evm.TU.chromosome_11.237","TP7",1,-0.8,"2"
"6464","Cluster_9205_evm.TU.chromosome_11.3120","Cluster_9205","evm.TU.chromosome_11.3120","TP7",0.5,0.4,"2"
"6465","Cluster_9205_evm.TU.chromosome_11.644","Cluster_9205","evm.TU.chromosome_11.644","TP7",-1,-0.2,"3"
"6466","Cluster_9205_evm.TU.chromosome_11.732","Cluster_9205","evm.TU.chromosome_11.732","TP7",-1,0.4,"3"
"6467","Cluster_9205_evm.TU.chromosome_11.763","Cluster_9205","evm.TU.chromosome_11.763","TP7",-0.5,-0.2,"1"
"6468","Cluster_9205_evm.TU.chromosome_12.1392","Cluster_9205","evm.TU.chromosome_12.1392","TP7",-0.5,0.4,"3"
"6469","Cluster_9205_evm.TU.chromosome_12.1669","Cluster_9205","evm.TU.chromosome_12.1669","TP7",1,-0.4,"2"
"6470","Cluster_9205_evm.TU.chromosome_12.1775","Cluster_9205","evm.TU.chromosome_12.1775","TP7",-0.5,0,"1"
"6471","Cluster_9205_evm.TU.chromosome_12.1776","Cluster_9205","evm.TU.chromosome_12.1776","TP7",-0.5,-0.8,"1"
"6472","Cluster_9205_evm.TU.chromosome_12.1967","Cluster_9205","evm.TU.chromosome_12.1967","TP7",-0.5,-0.4,"1"
"6473","Cluster_9205_evm.TU.chromosome_12.1982","Cluster_9205","evm.TU.chromosome_12.1982","TP7",1,0.4,"2"
"6474","Cluster_9205_evm.TU.chromosome_12.2038","Cluster_9205","evm.TU.chromosome_12.2038","TP7",-0.5,-0.774596669241483,"1"
"6475","Cluster_9205_evm.TU.chromosome_12.2383","Cluster_9205","evm.TU.chromosome_12.2383","TP7",-0.866025403784439,0.210818510677892,"3"
"6476","Cluster_9205_evm.TU.chromosome_12.3689","Cluster_9205","evm.TU.chromosome_12.3689","TP7",-1,0.258198889747161,"3"
"6477","Cluster_9205_evm.TU.chromosome_12.372","Cluster_9205","evm.TU.chromosome_12.372","TP7",0.5,-0.8,"2"
"6478","Cluster_9205_evm.TU.chromosome_12.41","Cluster_9205","evm.TU.chromosome_12.41","TP7",-1,-0.774596669241483,"1"
"6479","Cluster_9205_evm.TU.chromosome_13.1059","Cluster_9205","evm.TU.chromosome_13.1059","TP7",-1,0.4,"3"
"6480","Cluster_9205_evm.TU.chromosome_13.1654","Cluster_9205","evm.TU.chromosome_13.1654","TP7",-0.5,-0.8,"1"
"6481","Cluster_9205_evm.TU.chromosome_13.1714","Cluster_9205","evm.TU.chromosome_13.1714","TP7",-1,-0.632455532033676,"1"
"6482","Cluster_9205_evm.TU.chromosome_13.1804","Cluster_9205","evm.TU.chromosome_13.1804","TP7",0,-0.210818510677892,"1"
"6483","Cluster_9205_evm.TU.chromosome_13.1806","Cluster_9205","evm.TU.chromosome_13.1806","TP7",-0.5,-0.210818510677892,"1"
"6484","Cluster_9205_evm.TU.chromosome_13.1873","Cluster_9205","evm.TU.chromosome_13.1873","TP7",-1,-0.632455532033676,"1"
"6485","Cluster_9205_evm.TU.chromosome_13.1962","Cluster_9205","evm.TU.chromosome_13.1962","TP7",-1,-0.210818510677892,"3"
"6486","Cluster_9205_evm.TU.chromosome_13.2120","Cluster_9205","evm.TU.chromosome_13.2120","TP7",-0.5,-0.8,"1"
"6487","Cluster_9205_evm.TU.chromosome_13.2241","Cluster_9205","evm.TU.chromosome_13.2241","TP7",-0.866025403784439,-0.210818510677892,"1"
"6488","Cluster_9205_evm.TU.chromosome_13.2279","Cluster_9205","evm.TU.chromosome_13.2279","TP7",-1,0.4,"3"
"6489","Cluster_9205_evm.TU.chromosome_13.2468","Cluster_9205","evm.TU.chromosome_13.2468","TP7",-0.5,-0.632455532033676,"1"
"6490","Cluster_9205_evm.TU.chromosome_13.3217","Cluster_9205","evm.TU.chromosome_13.3217","TP7",0.5,0.4,"2"
"6491","Cluster_9205_evm.TU.chromosome_13.3349","Cluster_9205","evm.TU.chromosome_13.3349","TP7",-0.5,-0.8,"1"
"6492","Cluster_9205_evm.TU.chromosome_13.3373","Cluster_9205","evm.TU.chromosome_13.3373","TP7",-0.5,-0.8,"1"
"6493","Cluster_9205_evm.TU.chromosome_13.3511","Cluster_9205","evm.TU.chromosome_13.3511","TP7",-0.5,-0.8,"1"
"6494","Cluster_9205_evm.TU.chromosome_13.3778","Cluster_9205","evm.TU.chromosome_13.3778","TP7",-1,-0.632455532033676,"1"
"6495","Cluster_9205_evm.TU.chromosome_13.4059","Cluster_9205","evm.TU.chromosome_13.4059","TP7",-0.5,-0.4,"1"
"6496","Cluster_9205_evm.TU.chromosome_14.100","Cluster_9205","evm.TU.chromosome_14.100","TP7",-0.5,-0.632455532033676,"1"
"6497","Cluster_9205_evm.TU.chromosome_14.1644","Cluster_9205","evm.TU.chromosome_14.1644","TP7",1,0.4,"2"
"6498","Cluster_9205_evm.TU.chromosome_14.2393","Cluster_9205","evm.TU.chromosome_14.2393","TP7",0,-0.774596669241483,"2"
"6499","Cluster_9205_evm.TU.chromosome_14.3232","Cluster_9205","evm.TU.chromosome_14.3232","TP7",-0.866025403784439,-0.8,"1"
"6500","Cluster_9205_evm.TU.chromosome_14.3616","Cluster_9205","evm.TU.chromosome_14.3616","TP7",-0.5,-0.632455532033676,"1"
"6501","Cluster_9205_evm.TU.chromosome_14.5118","Cluster_9205","evm.TU.chromosome_14.5118","TP7",-0.866025403784439,-0.774596669241483,"1"
"6502","Cluster_9205_evm.TU.chromosome_14.5227","Cluster_9205","evm.TU.chromosome_14.5227","TP7",-1,1,"3"
"6503","Cluster_9205_evm.TU.chromosome_14.5353","Cluster_9205","evm.TU.chromosome_14.5353","TP7",-0.5,-0.210818510677892,"1"
"6504","Cluster_9205_evm.TU.chromosome_14.5467","Cluster_9205","evm.TU.chromosome_14.5467","TP7",-0.5,-0.4,"1"
"6505","Cluster_9205_evm.TU.chromosome_14.547","Cluster_9205","evm.TU.chromosome_14.547","TP7",-0.5,0.6,"3"
"6506","Cluster_9205_evm.TU.chromosome_14.5774","Cluster_9205","evm.TU.chromosome_14.5774","TP7",-0.5,0,"1"
"6507","Cluster_9205_evm.TU.chromosome_14.6039","Cluster_9205","evm.TU.chromosome_14.6039","TP7",0.5,-0.4,"2"
"6508","Cluster_9205_evm.TU.chromosome_14.61","Cluster_9205","evm.TU.chromosome_14.61","TP7",1,0.6,"2"
"6509","Cluster_9205_evm.TU.chromosome_14.6245","Cluster_9205","evm.TU.chromosome_14.6245","TP7",0,-0.632455532033676,"2"
"6510","Cluster_9205_evm.TU.chromosome_14.6428","Cluster_9205","evm.TU.chromosome_14.6428","TP7",-1,0.105409255338946,"3"
"6511","Cluster_9205_evm.TU.chromosome_14.6970","Cluster_9205","evm.TU.chromosome_14.6970","TP7",-1,0.632455532033676,"3"
"6512","Cluster_9205_evm.TU.chromosome_14.6972","Cluster_9205","evm.TU.chromosome_14.6972","TP7",-0.5,0.8,"3"
"6513","Cluster_9205_evm.TU.chromosome_14.7281","Cluster_9205","evm.TU.chromosome_14.7281","TP7",-0.5,0.8,"3"
"6514","Cluster_9205_evm.TU.chromosome_14.821","Cluster_9205","evm.TU.chromosome_14.821","TP7",-1,-0.2,"3"
"6515","Cluster_9205_evm.TU.chromosome_2.1349","Cluster_9205","evm.TU.chromosome_2.1349","TP7",0.5,-0.105409255338946,"2"
"6516","Cluster_9205_evm.TU.chromosome_2.398","Cluster_9205","evm.TU.chromosome_2.398","TP7",-0.5,-0.8,"1"
"6517","Cluster_9205_evm.TU.chromosome_2.952","Cluster_9205","evm.TU.chromosome_2.952","TP7",0,-0.632455532033676,"2"
"6518","Cluster_9205_evm.TU.chromosome_2.969","Cluster_9205","evm.TU.chromosome_2.969","TP7",-0.5,-0.632455532033676,"1"
"6519","Cluster_9205_evm.TU.chromosome_3.1686","Cluster_9205","evm.TU.chromosome_3.1686","TP7",-0.5,-0.4,"1"
"6520","Cluster_9205_evm.TU.chromosome_3.2034","Cluster_9205","evm.TU.chromosome_3.2034","TP7",-1,0.258198889747161,"3"
"6521","Cluster_9205_evm.TU.chromosome_3.961","Cluster_9205","evm.TU.chromosome_3.961","TP7",-0.5,0.8,"3"
"6522","Cluster_9205_evm.TU.chromosome_4.1422","Cluster_9205","evm.TU.chromosome_4.1422","TP7",-0.5,0.8,"3"
"6523","Cluster_9205_evm.TU.chromosome_4.2067","Cluster_9205","evm.TU.chromosome_4.2067","TP7",-0.5,0,"1"
"6524","Cluster_9205_evm.TU.chromosome_4.234","Cluster_9205","evm.TU.chromosome_4.234","TP7",-1,0.8,"3"
"6525","Cluster_9205_evm.TU.chromosome_5.1487","Cluster_9205","evm.TU.chromosome_5.1487","TP7",0.5,0,"2"
"6526","Cluster_9205_evm.TU.chromosome_5.1507","Cluster_9205","evm.TU.chromosome_5.1507","TP7",-1,-1,"1"
"6527","Cluster_9205_evm.TU.chromosome_5.1727","Cluster_9205","evm.TU.chromosome_5.1727","TP7",-1,0.4,"3"
"6528","Cluster_9205_evm.TU.chromosome_5.2167","Cluster_9205","evm.TU.chromosome_5.2167","TP7",-0.5,0.4,"3"
"6529","Cluster_9205_evm.TU.chromosome_5.2240","Cluster_9205","evm.TU.chromosome_5.2240","TP7",-0.5,-0.8,"1"
"6530","Cluster_9205_evm.TU.chromosome_5.2516","Cluster_9205","evm.TU.chromosome_5.2516","TP7",-0.5,-0.2,"1"
"6531","Cluster_9205_evm.TU.chromosome_5.2695","Cluster_9205","evm.TU.chromosome_5.2695","TP7",-0.5,0,"1"
"6532","Cluster_9205_evm.TU.chromosome_5.367","Cluster_9205","evm.TU.chromosome_5.367","TP7",-0.5,-0.8,"1"
"6533","Cluster_9205_evm.TU.chromosome_5.573","Cluster_9205","evm.TU.chromosome_5.573","TP7",1,0,"2"
"6534","Cluster_9205_evm.TU.chromosome_5.997","Cluster_9205","evm.TU.chromosome_5.997","TP7",-0.5,-1,"1"
"6535","Cluster_9205_evm.TU.chromosome_6.1267","Cluster_9205","evm.TU.chromosome_6.1267","TP7",-1,-0.8,"1"
"6536","Cluster_9205_evm.TU.chromosome_6.271","Cluster_9205","evm.TU.chromosome_6.271","TP7",-0.5,-0.105409255338946,"1"
"6537","Cluster_9205_evm.TU.chromosome_6.276","Cluster_9205","evm.TU.chromosome_6.276","TP7",-1,-0.632455532033676,"1"
"6538","Cluster_9205_evm.TU.chromosome_6.2898","Cluster_9205","evm.TU.chromosome_6.2898","TP7",-0.5,-0.8,"1"
"6539","Cluster_9205_evm.TU.chromosome_6.60","Cluster_9205","evm.TU.chromosome_6.60","TP7",1,0.8,"2"
"6540","Cluster_9205_evm.TU.chromosome_6.838","Cluster_9205","evm.TU.chromosome_6.838","TP7",0,0.8,"1"
"6541","Cluster_9205_evm.TU.chromosome_7.1239","Cluster_9205","evm.TU.chromosome_7.1239","TP7",-0.866025403784439,-0.774596669241483,"1"
"6542","Cluster_9205_evm.TU.chromosome_7.1327","Cluster_9205","evm.TU.chromosome_7.1327","TP7",1,-0.4,"2"
"6543","Cluster_9205_evm.TU.chromosome_7.1534","Cluster_9205","evm.TU.chromosome_7.1534","TP7",1,0.8,"2"
"6544","Cluster_9205_evm.TU.chromosome_7.212","Cluster_9205","evm.TU.chromosome_7.212","TP7",0.5,-0.4,"2"
"6545","Cluster_9205_evm.TU.chromosome_7.2217","Cluster_9205","evm.TU.chromosome_7.2217","TP7",-0.5,-0.8,"1"
"6546","Cluster_9205_evm.TU.chromosome_7.224","Cluster_9205","evm.TU.chromosome_7.224","TP7",-0.5,0.8,"3"
"6547","Cluster_9205_evm.TU.chromosome_7.2440","Cluster_9205","evm.TU.chromosome_7.2440","TP7",-1,0,"3"
"6548","Cluster_9205_evm.TU.chromosome_7.2604","Cluster_9205","evm.TU.chromosome_7.2604","TP7",-0.5,0.6,"3"
"6549","Cluster_9205_evm.TU.chromosome_7.2749","Cluster_9205","evm.TU.chromosome_7.2749","TP7",-0.5,-0.774596669241483,"1"
"6550","Cluster_9205_evm.TU.chromosome_7.2768","Cluster_9205","evm.TU.chromosome_7.2768","TP7",1,-0.8,"2"
"6551","Cluster_9205_evm.TU.chromosome_7.2807","Cluster_9205","evm.TU.chromosome_7.2807","TP7",0.5,0.4,"2"
"6552","Cluster_9205_evm.TU.chromosome_7.525","Cluster_9205","evm.TU.chromosome_7.525","TP7",-1,-0.6,"1"
"6553","Cluster_9205_evm.TU.chromosome_7.527","Cluster_9205","evm.TU.chromosome_7.527","TP7",1,-0.8,"2"
"6554","Cluster_9205_evm.TU.chromosome_8.123","Cluster_9205","evm.TU.chromosome_8.123","TP7",-1,-0.632455532033676,"1"
"6555","Cluster_9205_evm.TU.chromosome_8.1248","Cluster_9205","evm.TU.chromosome_8.1248","TP7",-0.5,-0.4,"1"
"6556","Cluster_9205_evm.TU.chromosome_8.1348","Cluster_9205","evm.TU.chromosome_8.1348","TP7",-1,-0.774596669241483,"1"
"6557","Cluster_9205_evm.TU.chromosome_8.540","Cluster_9205","evm.TU.chromosome_8.540","TP7",-0.5,0,"1"
"6558","Cluster_9205_evm.TU.chromosome_8.601","Cluster_9205","evm.TU.chromosome_8.601","TP7",-1,-0.210818510677892,"3"
"6559","Cluster_9205_evm.TU.chromosome_8.617","Cluster_9205","evm.TU.chromosome_8.617","TP7",-0.5,-0.210818510677892,"1"
"6560","Cluster_9205_evm.TU.chromosome_8.956","Cluster_9205","evm.TU.chromosome_8.956","TP7",-0.5,-0.4,"1"
"6561","Cluster_9205_evm.TU.chromosome_8.972","Cluster_9205","evm.TU.chromosome_8.972","TP7",-0.5,0,"1"
"6562","Cluster_9205_evm.TU.chromosome_9.172","Cluster_9205","evm.TU.chromosome_9.172","TP7",-0.5,-0.8,"1"
"6563","Cluster_9205_evm.TU.chromosome_9.200","Cluster_9205","evm.TU.chromosome_9.200","TP7",-1,0,"3"
"6564","Cluster_9205_evm.TU.chromosome_9.2282","Cluster_9205","evm.TU.chromosome_9.2282","TP7",-1,-0.4,"1"
"6565","Cluster_9205_evm.TU.chromosome_9.2292","Cluster_9205","evm.TU.chromosome_9.2292","TP7",-0.5,-0.632455532033676,"1"
"6566","Cluster_9205_evm.TU.chromosome_9.2375","Cluster_9205","evm.TU.chromosome_9.2375","TP7",-0.5,-0.8,"1"
"6567","Cluster_9205_evm.TU.chromosome_9.2819","Cluster_9205","evm.TU.chromosome_9.2819","TP7",-1,-0.8,"1"
"6568","Cluster_9205_evm.TU.chromosome_9.2832","Cluster_9205","evm.TU.chromosome_9.2832","TP7",-0.5,-0.4,"1"
"6569","Cluster_9205_evm.TU.chromosome_9.777","Cluster_9205","evm.TU.chromosome_9.777","TP7",-0.5,-0.210818510677892,"1"
"6570","Cluster_9205_evm.TU.chromosome_9.831","Cluster_9205","evm.TU.chromosome_9.831","TP7",-0.5,-0.632455532033676,"1"
"6571","Cluster_9205_evm.TU.chromosome_9.844","Cluster_9205","evm.TU.chromosome_9.844","TP7",-0.5,0.6,"3"
"6572","Cluster_995_evm.TU.chromosome_1.1065","Cluster_995","evm.TU.chromosome_1.1065","TP7",-0.5,0.737864787372622,"3"
"6573","Cluster_995_evm.TU.chromosome_1.1081","Cluster_995","evm.TU.chromosome_1.1081","TP7",-1,0.737864787372622,"3"
"6574","Cluster_995_evm.TU.chromosome_1.1180","Cluster_995","evm.TU.chromosome_1.1180","TP7",-0.5,-0.8,"1"
"6575","Cluster_995_evm.TU.chromosome_1.1281","Cluster_995","evm.TU.chromosome_1.1281","TP7",-1,0.258198889747161,"3"
"6576","Cluster_995_evm.TU.chromosome_1.1503","Cluster_995","evm.TU.chromosome_1.1503","TP7",1,-0.4,"2"
"6577","Cluster_995_evm.TU.chromosome_1.1664","Cluster_995","evm.TU.chromosome_1.1664","TP7",-0.5,0.8,"3"
"6578","Cluster_995_evm.TU.chromosome_1.1665","Cluster_995","evm.TU.chromosome_1.1665","TP7",1,0.8,"2"
"6579","Cluster_995_evm.TU.chromosome_1.1666","Cluster_995","evm.TU.chromosome_1.1666","TP7",-0.5,0.4,"3"
"6580","Cluster_995_evm.TU.chromosome_1.1671","Cluster_995","evm.TU.chromosome_1.1671","TP7",-0.5,-0.8,"1"
"6581","Cluster_995_evm.TU.chromosome_1.1809","Cluster_995","evm.TU.chromosome_1.1809","TP7",-1,0.8,"3"
"6582","Cluster_995_evm.TU.chromosome_1.1880","Cluster_995","evm.TU.chromosome_1.1880","TP7",-1,0.8,"3"
"6583","Cluster_995_evm.TU.chromosome_1.295","Cluster_995","evm.TU.chromosome_1.295","TP7",-1,0.2,"3"
"6584","Cluster_995_evm.TU.chromosome_1.327","Cluster_995","evm.TU.chromosome_1.327","TP7",-1,0.8,"3"
"6585","Cluster_995_evm.TU.chromosome_1.347","Cluster_995","evm.TU.chromosome_1.347","TP7",0,0.774596669241483,"1"
"6586","Cluster_995_evm.TU.chromosome_1.812","Cluster_995","evm.TU.chromosome_1.812","TP7",0.5,0.4,"2"
"6587","Cluster_995_evm.TU.chromosome_1.848","Cluster_995","evm.TU.chromosome_1.848","TP7",-0.5,0.948683298050514,"3"
"6588","Cluster_995_evm.TU.chromosome_10.1269","Cluster_995","evm.TU.chromosome_10.1269","TP7",-0.5,0.6,"3"
"6589","Cluster_995_evm.TU.chromosome_10.1923","Cluster_995","evm.TU.chromosome_10.1923","TP7",0.5,-0.4,"2"
"6590","Cluster_995_evm.TU.chromosome_10.1967","Cluster_995","evm.TU.chromosome_10.1967","TP7",-1,0.948683298050514,"3"
"6591","Cluster_995_evm.TU.chromosome_10.1969","Cluster_995","evm.TU.chromosome_10.1969","TP7",-0.5,0.948683298050514,"3"
"6592","Cluster_995_evm.TU.chromosome_10.1970","Cluster_995","evm.TU.chromosome_10.1970","TP7",-0.5,0,"1"
"6593","Cluster_995_evm.TU.chromosome_10.2059","Cluster_995","evm.TU.chromosome_10.2059","TP7",-1,0.4,"3"
"6594","Cluster_995_evm.TU.chromosome_10.2296","Cluster_995","evm.TU.chromosome_10.2296","TP7",-0.866025403784439,0.258198889747161,"3"
"6595","Cluster_995_evm.TU.chromosome_10.2633","Cluster_995","evm.TU.chromosome_10.2633","TP7",-0.5,0.4,"3"
"6596","Cluster_995_evm.TU.chromosome_10.2746","Cluster_995","evm.TU.chromosome_10.2746","TP7",-1,-0.2,"3"
"6597","Cluster_995_evm.TU.chromosome_10.3090","Cluster_995","evm.TU.chromosome_10.3090","TP7",1,-0.4,"2"
"6598","Cluster_995_evm.TU.chromosome_10.3199","Cluster_995","evm.TU.chromosome_10.3199","TP7",-1,0.737864787372622,"3"
"6599","Cluster_995_evm.TU.chromosome_10.350","Cluster_995","evm.TU.chromosome_10.350","TP7",-1,0.8,"3"
"6600","Cluster_995_evm.TU.chromosome_10.598","Cluster_995","evm.TU.chromosome_10.598","TP7",-1,0,"3"
"6601","Cluster_995_evm.TU.chromosome_10.696","Cluster_995","evm.TU.chromosome_10.696","TP7",-0.5,-0.4,"1"
"6602","Cluster_995_evm.TU.chromosome_11.1217","Cluster_995","evm.TU.chromosome_11.1217","TP7",-0.5,-0.4,"1"
"6603","Cluster_995_evm.TU.chromosome_11.159","Cluster_995","evm.TU.chromosome_11.159","TP7",-0.5,0.8,"3"
"6604","Cluster_995_evm.TU.chromosome_11.1808","Cluster_995","evm.TU.chromosome_11.1808","TP7",-1,0.2,"3"
"6605","Cluster_995_evm.TU.chromosome_11.1817","Cluster_995","evm.TU.chromosome_11.1817","TP7",-0.5,0.948683298050514,"3"
"6606","Cluster_995_evm.TU.chromosome_11.2329","Cluster_995","evm.TU.chromosome_11.2329","TP7",-1,0.2,"3"
"6607","Cluster_995_evm.TU.chromosome_11.2416","Cluster_995","evm.TU.chromosome_11.2416","TP7",0.5,0.4,"2"
"6608","Cluster_995_evm.TU.chromosome_11.2704","Cluster_995","evm.TU.chromosome_11.2704","TP7",0.5,0.2,"2"
"6609","Cluster_995_evm.TU.chromosome_11.2837","Cluster_995","evm.TU.chromosome_11.2837","TP7",-0.5,-0.4,"1"
"6610","Cluster_995_evm.TU.chromosome_11.2861","Cluster_995","evm.TU.chromosome_11.2861","TP7",-0.5,0.8,"3"
"6611","Cluster_995_evm.TU.chromosome_11.3058","Cluster_995","evm.TU.chromosome_11.3058","TP7",0.5,0,"2"
"6612","Cluster_995_evm.TU.chromosome_11.3090","Cluster_995","evm.TU.chromosome_11.3090","TP7",-1,0.4,"3"
"6613","Cluster_995_evm.TU.chromosome_11.524","Cluster_995","evm.TU.chromosome_11.524","TP7",-0.5,0.948683298050514,"3"
"6614","Cluster_995_evm.TU.chromosome_11.76","Cluster_995","evm.TU.chromosome_11.76","TP7",1,0.8,"2"
"6615","Cluster_995_evm.TU.chromosome_11.884","Cluster_995","evm.TU.chromosome_11.884","TP7",-0.5,0.4,"3"
"6616","Cluster_995_evm.TU.chromosome_12.1239","Cluster_995","evm.TU.chromosome_12.1239","TP7",-1,-0.4,"1"
"6617","Cluster_995_evm.TU.chromosome_12.1445","Cluster_995","evm.TU.chromosome_12.1445","TP7",1,-0.8,"2"
"6618","Cluster_995_evm.TU.chromosome_12.1510","Cluster_995","evm.TU.chromosome_12.1510","TP7",-0.5,1,"3"
"6619","Cluster_995_evm.TU.chromosome_12.1519","Cluster_995","evm.TU.chromosome_12.1519","TP7",1,0.2,"2"
"6620","Cluster_995_evm.TU.chromosome_12.1596","Cluster_995","evm.TU.chromosome_12.1596","TP7",-0.866025403784439,0.4,"3"
"6621","Cluster_995_evm.TU.chromosome_12.1896","Cluster_995","evm.TU.chromosome_12.1896","TP7",-0.5,-0.2,"1"
"6622","Cluster_995_evm.TU.chromosome_12.1966","Cluster_995","evm.TU.chromosome_12.1966","TP7",0.5,0.4,"2"
"6623","Cluster_995_evm.TU.chromosome_12.2036","Cluster_995","evm.TU.chromosome_12.2036","TP7",-1,0.8,"3"
"6624","Cluster_995_evm.TU.chromosome_12.2057","Cluster_995","evm.TU.chromosome_12.2057","TP7",-1,0.2,"3"
"6625","Cluster_995_evm.TU.chromosome_12.2141","Cluster_995","evm.TU.chromosome_12.2141","TP7",-1,0.8,"3"
"6626","Cluster_995_evm.TU.chromosome_12.225","Cluster_995","evm.TU.chromosome_12.225","TP7",-1,0.8,"3"
"6627","Cluster_995_evm.TU.chromosome_12.250","Cluster_995","evm.TU.chromosome_12.250","TP7",0.5,-0.8,"2"
"6628","Cluster_995_evm.TU.chromosome_12.2538","Cluster_995","evm.TU.chromosome_12.2538","TP7",-0.5,0.948683298050514,"3"
"6629","Cluster_995_evm.TU.chromosome_12.2832","Cluster_995","evm.TU.chromosome_12.2832","TP7",-0.5,0.4,"3"
"6630","Cluster_995_evm.TU.chromosome_12.3033","Cluster_995","evm.TU.chromosome_12.3033","TP7",-0.5,0.8,"3"
"6631","Cluster_995_evm.TU.chromosome_12.3428","Cluster_995","evm.TU.chromosome_12.3428","TP7",-1,1,"3"
"6632","Cluster_995_evm.TU.chromosome_12.3910","Cluster_995","evm.TU.chromosome_12.3910","TP7",-0.5,0.737864787372622,"3"
"6633","Cluster_995_evm.TU.chromosome_12.4098","Cluster_995","evm.TU.chromosome_12.4098","TP7",-0.5,0.2,"1"
"6634","Cluster_995_evm.TU.chromosome_12.693","Cluster_995","evm.TU.chromosome_12.693","TP7",0.5,-0.8,"2"
"6635","Cluster_995_evm.TU.chromosome_12.73","Cluster_995","evm.TU.chromosome_12.73","TP7",-1,-0.8,"1"
"6636","Cluster_995_evm.TU.chromosome_13.1022","Cluster_995","evm.TU.chromosome_13.1022","TP7",-0.5,0.4,"3"
"6637","Cluster_995_evm.TU.chromosome_13.1025","Cluster_995","evm.TU.chromosome_13.1025","TP7",0.5,0.8,"2"
"6638","Cluster_995_evm.TU.chromosome_13.1668","Cluster_995","evm.TU.chromosome_13.1668","TP7",-1,1,"3"
"6639","Cluster_995_evm.TU.chromosome_13.2911","Cluster_995","evm.TU.chromosome_13.2911","TP7",1,-0.6,"2"
"6640","Cluster_995_evm.TU.chromosome_13.3142","Cluster_995","evm.TU.chromosome_13.3142","TP7",-1,0.6,"3"
"6641","Cluster_995_evm.TU.chromosome_13.3201","Cluster_995","evm.TU.chromosome_13.3201","TP7",-1,-0.2,"3"
"6642","Cluster_995_evm.TU.chromosome_13.3471","Cluster_995","evm.TU.chromosome_13.3471","TP7",-1,-0.4,"1"
"6643","Cluster_995_evm.TU.chromosome_13.3866","Cluster_995","evm.TU.chromosome_13.3866","TP7",-1,0.4,"3"
"6644","Cluster_995_evm.TU.chromosome_13.4097","Cluster_995","evm.TU.chromosome_13.4097","TP7",-0.5,0.737864787372622,"3"
"6645","Cluster_995_evm.TU.chromosome_13.4184","Cluster_995","evm.TU.chromosome_13.4184","TP7",1,-1,"2"
"6646","Cluster_995_evm.TU.chromosome_13.435","Cluster_995","evm.TU.chromosome_13.435","TP7",-1,-0.632455532033676,"1"
"6647","Cluster_995_evm.TU.chromosome_13.655","Cluster_995","evm.TU.chromosome_13.655","TP7",-0.866025403784439,-1,"1"
"6648","Cluster_995_evm.TU.chromosome_13.887","Cluster_995","evm.TU.chromosome_13.887","TP7",-0.5,-0.8,"1"
"6649","Cluster_995_evm.TU.chromosome_14.1202","Cluster_995","evm.TU.chromosome_14.1202","TP7",-0.5,0.948683298050514,"3"
"6650","Cluster_995_evm.TU.chromosome_14.1269","Cluster_995","evm.TU.chromosome_14.1269","TP7",-0.5,1,"3"
"6651","Cluster_995_evm.TU.chromosome_14.1371","Cluster_995","evm.TU.chromosome_14.1371","TP7",-1,-0.8,"1"
"6652","Cluster_995_evm.TU.chromosome_14.1380","Cluster_995","evm.TU.chromosome_14.1380","TP7",0.5,0.737864787372622,"2"
"6653","Cluster_995_evm.TU.chromosome_14.1827","Cluster_995","evm.TU.chromosome_14.1827","TP7",0.5,0.6,"2"
"6654","Cluster_995_evm.TU.chromosome_14.1928","Cluster_995","evm.TU.chromosome_14.1928","TP7",-1,0.948683298050514,"3"
"6655","Cluster_995_evm.TU.chromosome_14.2073","Cluster_995","evm.TU.chromosome_14.2073","TP7",-0.5,0.948683298050514,"3"
"6656","Cluster_995_evm.TU.chromosome_14.2314","Cluster_995","evm.TU.chromosome_14.2314","TP7",-1,0.774596669241483,"3"
"6657","Cluster_995_evm.TU.chromosome_14.2521","Cluster_995","evm.TU.chromosome_14.2521","TP7",0,0.4,"1"
"6658","Cluster_995_evm.TU.chromosome_14.2971","Cluster_995","evm.TU.chromosome_14.2971","TP7",-0.5,0.737864787372622,"3"
"6659","Cluster_995_evm.TU.chromosome_14.3013","Cluster_995","evm.TU.chromosome_14.3013","TP7",-0.5,0.4,"3"
"6660","Cluster_995_evm.TU.chromosome_14.3933","Cluster_995","evm.TU.chromosome_14.3933","TP7",0,0.774596669241483,"1"
"6661","Cluster_995_evm.TU.chromosome_14.4145","Cluster_995","evm.TU.chromosome_14.4145","TP7",-0.5,0.8,"3"
"6662","Cluster_995_evm.TU.chromosome_14.423","Cluster_995","evm.TU.chromosome_14.423","TP7",1,-0.4,"2"
"6663","Cluster_995_evm.TU.chromosome_14.4402","Cluster_995","evm.TU.chromosome_14.4402","TP7",-0.5,0.774596669241483,"3"
"6664","Cluster_995_evm.TU.chromosome_14.4424","Cluster_995","evm.TU.chromosome_14.4424","TP7",-1,-0.2,"3"
"6665","Cluster_995_evm.TU.chromosome_14.530","Cluster_995","evm.TU.chromosome_14.530","TP7",-1,0.2,"3"
"6666","Cluster_995_evm.TU.chromosome_14.5371","Cluster_995","evm.TU.chromosome_14.5371","TP7",-1,0.948683298050514,"3"
"6667","Cluster_995_evm.TU.chromosome_14.5406","Cluster_995","evm.TU.chromosome_14.5406","TP7",-1,0.948683298050514,"3"
"6668","Cluster_995_evm.TU.chromosome_14.5658","Cluster_995","evm.TU.chromosome_14.5658","TP7",-1,1,"3"
"6669","Cluster_995_evm.TU.chromosome_14.61","Cluster_995","evm.TU.chromosome_14.61","TP7",0.5,0,"2"
"6670","Cluster_995_evm.TU.chromosome_14.6801","Cluster_995","evm.TU.chromosome_14.6801","TP7",0.5,-0.2,"2"
"6671","Cluster_995_evm.TU.chromosome_14.7109","Cluster_995","evm.TU.chromosome_14.7109","TP7",0.5,0.4,"2"
"6672","Cluster_995_evm.TU.chromosome_14.7248","Cluster_995","evm.TU.chromosome_14.7248","TP7",-1,0.4,"3"
"6673","Cluster_995_evm.TU.chromosome_14.7275","Cluster_995","evm.TU.chromosome_14.7275","TP7",-1,-1,"1"
"6674","Cluster_995_evm.TU.chromosome_14.785","Cluster_995","evm.TU.chromosome_14.785","TP7",-0.5,-0.105409255338946,"1"
"6675","Cluster_995_evm.TU.chromosome_2.1023","Cluster_995","evm.TU.chromosome_2.1023","TP7",-1,0.8,"3"
"6676","Cluster_995_evm.TU.chromosome_2.1270","Cluster_995","evm.TU.chromosome_2.1270","TP7",-1,0.4,"3"
"6677","Cluster_995_evm.TU.chromosome_2.1530","Cluster_995","evm.TU.chromosome_2.1530","TP7",0.5,0,"2"
"6678","Cluster_995_evm.TU.chromosome_2.1648","Cluster_995","evm.TU.chromosome_2.1648","TP7",-1,0.948683298050514,"3"
"6679","Cluster_995_evm.TU.chromosome_2.1780","Cluster_995","evm.TU.chromosome_2.1780","TP7",-0.5,-0.4,"1"
"6680","Cluster_995_evm.TU.chromosome_2.1784","Cluster_995","evm.TU.chromosome_2.1784","TP7",-1,1,"3"
"6681","Cluster_995_evm.TU.chromosome_2.1910","Cluster_995","evm.TU.chromosome_2.1910","TP7",-1,-0.8,"1"
"6682","Cluster_995_evm.TU.chromosome_2.1960","Cluster_995","evm.TU.chromosome_2.1960","TP7",0.5,-1,"2"
"6683","Cluster_995_evm.TU.chromosome_2.1986","Cluster_995","evm.TU.chromosome_2.1986","TP7",-1,0.737864787372622,"3"
"6684","Cluster_995_evm.TU.chromosome_2.2015","Cluster_995","evm.TU.chromosome_2.2015","TP7",-1,-0.105409255338946,"3"
"6685","Cluster_995_evm.TU.chromosome_2.333","Cluster_995","evm.TU.chromosome_2.333","TP7",-0.5,1,"3"
"6686","Cluster_995_evm.TU.chromosome_2.43","Cluster_995","evm.TU.chromosome_2.43","TP7",-1,0.8,"3"
"6687","Cluster_995_evm.TU.chromosome_2.68","Cluster_995","evm.TU.chromosome_2.68","TP7",-1,0.4,"3"
"6688","Cluster_995_evm.TU.chromosome_2.776","Cluster_995","evm.TU.chromosome_2.776","TP7",-1,0.8,"3"
"6689","Cluster_995_evm.TU.chromosome_3.1163","Cluster_995","evm.TU.chromosome_3.1163","TP7",-1,0.6,"3"
"6690","Cluster_995_evm.TU.chromosome_3.1301","Cluster_995","evm.TU.chromosome_3.1301","TP7",-1,1,"3"
"6691","Cluster_995_evm.TU.chromosome_3.1414","Cluster_995","evm.TU.chromosome_3.1414","TP7",-0.5,0.948683298050514,"3"
"6692","Cluster_995_evm.TU.chromosome_3.160","Cluster_995","evm.TU.chromosome_3.160","TP7",0.5,0.4,"2"
"6693","Cluster_995_evm.TU.chromosome_3.1605","Cluster_995","evm.TU.chromosome_3.1605","TP7",0.5,0.737864787372622,"2"
"6694","Cluster_995_evm.TU.chromosome_3.1978","Cluster_995","evm.TU.chromosome_3.1978","TP7",-1,0.2,"3"
"6695","Cluster_995_evm.TU.chromosome_3.507","Cluster_995","evm.TU.chromosome_3.507","TP7",-1,0.258198889747161,"3"
"6696","Cluster_995_evm.TU.chromosome_3.550","Cluster_995","evm.TU.chromosome_3.550","TP7",0,0.8,"1"
"6697","Cluster_995_evm.TU.chromosome_3.602","Cluster_995","evm.TU.chromosome_3.602","TP7",-0.5,0.4,"3"
"6698","Cluster_995_evm.TU.chromosome_3.819","Cluster_995","evm.TU.chromosome_3.819","TP7",0.5,-0.2,"2"
"6699","Cluster_995_evm.TU.chromosome_3.845","Cluster_995","evm.TU.chromosome_3.845","TP7",0.5,-0.4,"2"
"6700","Cluster_995_evm.TU.chromosome_3.889","Cluster_995","evm.TU.chromosome_3.889","TP7",-0.5,-0.2,"1"
"6701","Cluster_995_evm.TU.chromosome_3.991","Cluster_995","evm.TU.chromosome_3.991","TP7",-0.5,0.8,"3"
"6702","Cluster_995_evm.TU.chromosome_4.1297","Cluster_995","evm.TU.chromosome_4.1297","TP7",-1,0.8,"3"
"6703","Cluster_995_evm.TU.chromosome_4.1298","Cluster_995","evm.TU.chromosome_4.1298","TP7",-1,0.6,"3"
"6704","Cluster_995_evm.TU.chromosome_4.1506","Cluster_995","evm.TU.chromosome_4.1506","TP7",-0.866025403784439,0.948683298050514,"3"
"6705","Cluster_995_evm.TU.chromosome_4.1527","Cluster_995","evm.TU.chromosome_4.1527","TP7",-0.5,0.8,"3"
"6706","Cluster_995_evm.TU.chromosome_4.1533","Cluster_995","evm.TU.chromosome_4.1533","TP7",-0.5,0.4,"3"
"6707","Cluster_995_evm.TU.chromosome_4.1592","Cluster_995","evm.TU.chromosome_4.1592","TP7",-1,0.6,"3"
"6708","Cluster_995_evm.TU.chromosome_4.1596","Cluster_995","evm.TU.chromosome_4.1596","TP7",-0.5,-0.4,"1"
"6709","Cluster_995_evm.TU.chromosome_4.1866","Cluster_995","evm.TU.chromosome_4.1866","TP7",-1,0.4,"3"
"6710","Cluster_995_evm.TU.chromosome_4.1983","Cluster_995","evm.TU.chromosome_4.1983","TP7",0,0.4,"1"
"6711","Cluster_995_evm.TU.chromosome_4.228","Cluster_995","evm.TU.chromosome_4.228","TP7",-0.5,-0.2,"1"
"6712","Cluster_995_evm.TU.chromosome_4.437","Cluster_995","evm.TU.chromosome_4.437","TP7",-0.5,-0.4,"1"
"6713","Cluster_995_evm.TU.chromosome_4.441","Cluster_995","evm.TU.chromosome_4.441","TP7",1,0.737864787372622,"2"
"6714","Cluster_995_evm.TU.chromosome_4.557","Cluster_995","evm.TU.chromosome_4.557","TP7",1,-0.4,"2"
"6715","Cluster_995_evm.TU.chromosome_5.1151","Cluster_995","evm.TU.chromosome_5.1151","TP7",-0.866025403784439,0.774596669241483,"3"
"6716","Cluster_995_evm.TU.chromosome_5.1385","Cluster_995","evm.TU.chromosome_5.1385","TP7",0.5,0.8,"2"
"6717","Cluster_995_evm.TU.chromosome_5.1386","Cluster_995","evm.TU.chromosome_5.1386","TP7",-1,0.948683298050514,"3"
"6718","Cluster_995_evm.TU.chromosome_5.139","Cluster_995","evm.TU.chromosome_5.139","TP7",-1,0,"3"
"6719","Cluster_995_evm.TU.chromosome_5.1547","Cluster_995","evm.TU.chromosome_5.1547","TP7",-1,0.8,"3"
"6720","Cluster_995_evm.TU.chromosome_5.1622","Cluster_995","evm.TU.chromosome_5.1622","TP7",-0.5,-0.632455532033676,"1"
"6721","Cluster_995_evm.TU.chromosome_5.1953","Cluster_995","evm.TU.chromosome_5.1953","TP7",-1,0.8,"3"
"6722","Cluster_995_evm.TU.chromosome_5.2211","Cluster_995","evm.TU.chromosome_5.2211","TP7",-1,0.737864787372622,"3"
"6723","Cluster_995_evm.TU.chromosome_5.2535","Cluster_995","evm.TU.chromosome_5.2535","TP7",-1,0.948683298050514,"3"
"6724","Cluster_995_evm.TU.chromosome_5.2587","Cluster_995","evm.TU.chromosome_5.2587","TP7",-0.5,0.948683298050514,"3"
"6725","Cluster_995_evm.TU.chromosome_5.2817","Cluster_995","evm.TU.chromosome_5.2817","TP7",-1,-0.8,"1"
"6726","Cluster_995_evm.TU.chromosome_5.548","Cluster_995","evm.TU.chromosome_5.548","TP7",1,0.948683298050514,"2"
"6727","Cluster_995_evm.TU.chromosome_5.916","Cluster_995","evm.TU.chromosome_5.916","TP7",0,-0.4,"2"
"6728","Cluster_995_evm.TU.chromosome_6.1337","Cluster_995","evm.TU.chromosome_6.1337","TP7",-1,0.8,"3"
"6729","Cluster_995_evm.TU.chromosome_6.1643","Cluster_995","evm.TU.chromosome_6.1643","TP7",-1,-0.4,"1"
"6730","Cluster_995_evm.TU.chromosome_6.1669","Cluster_995","evm.TU.chromosome_6.1669","TP7",1,0.2,"2"
"6731","Cluster_995_evm.TU.chromosome_6.2071","Cluster_995","evm.TU.chromosome_6.2071","TP7",1,-0.4,"2"
"6732","Cluster_995_evm.TU.chromosome_6.258","Cluster_995","evm.TU.chromosome_6.258","TP7",0.5,0.2,"2"
"6733","Cluster_995_evm.TU.chromosome_6.2592","Cluster_995","evm.TU.chromosome_6.2592","TP7",-1,1,"3"
"6734","Cluster_995_evm.TU.chromosome_6.2893","Cluster_995","evm.TU.chromosome_6.2893","TP7",0.5,-0.4,"2"
"6735","Cluster_995_evm.TU.chromosome_6.389","Cluster_995","evm.TU.chromosome_6.389","TP7",-1,0.737864787372622,"3"
"6736","Cluster_995_evm.TU.chromosome_6.394","Cluster_995","evm.TU.chromosome_6.394","TP7",-0.5,-0.8,"1"
"6737","Cluster_995_evm.TU.chromosome_6.438","Cluster_995","evm.TU.chromosome_6.438","TP7",-1,0.8,"3"
"6738","Cluster_995_evm.TU.chromosome_6.543","Cluster_995","evm.TU.chromosome_6.543","TP7",-1,1,"3"
"6739","Cluster_995_evm.TU.chromosome_6.558","Cluster_995","evm.TU.chromosome_6.558","TP7",-0.5,1,"3"
"6740","Cluster_995_evm.TU.chromosome_6.9","Cluster_995","evm.TU.chromosome_6.9","TP7",1,-0.2,"2"
"6741","Cluster_995_evm.TU.chromosome_7.1187_evm.TU.chromosome_7.1174_evm.TU.chromosome_7.1175_evm.TU.chromosome_7.1176","Cluster_995","evm.TU.chromosome_7.1187_evm.TU.chromosome_7.1174_evm.TU.chromosome_7.1175_evm.TU.chromosome_7.1176","TP7",0,0.4,"1"
"6742","Cluster_995_evm.TU.chromosome_7.1714","Cluster_995","evm.TU.chromosome_7.1714","TP7",0.5,1,"2"
"6743","Cluster_995_evm.TU.chromosome_7.1723","Cluster_995","evm.TU.chromosome_7.1723","TP7",-1,1,"3"
"6744","Cluster_995_evm.TU.chromosome_7.1797_evm.TU.chromosome_7.1799","Cluster_995","evm.TU.chromosome_7.1797_evm.TU.chromosome_7.1799","TP7",-0.5,0.2,"1"
"6745","Cluster_995_evm.TU.chromosome_7.244","Cluster_995","evm.TU.chromosome_7.244","TP7",1,-0.8,"2"
"6746","Cluster_995_evm.TU.chromosome_7.2679","Cluster_995","evm.TU.chromosome_7.2679","TP7",-0.866025403784439,0.737864787372622,"3"
"6747","Cluster_995_evm.TU.chromosome_7.358","Cluster_995","evm.TU.chromosome_7.358","TP7",0.5,-0.4,"2"
"6748","Cluster_995_evm.TU.chromosome_8.1010","Cluster_995","evm.TU.chromosome_8.1010","TP7",1,-0.2,"2"
"6749","Cluster_995_evm.TU.chromosome_8.1147","Cluster_995","evm.TU.chromosome_8.1147","TP7",-0.5,0.2,"1"
"6750","Cluster_995_evm.TU.chromosome_8.1247","Cluster_995","evm.TU.chromosome_8.1247","TP7",-1,0.2,"3"
"6751","Cluster_995_evm.TU.chromosome_8.1261","Cluster_995","evm.TU.chromosome_8.1261","TP7",-1,0.2,"3"
"6752","Cluster_995_evm.TU.chromosome_8.1978","Cluster_995","evm.TU.chromosome_8.1978","TP7",-1,0,"3"
"6753","Cluster_995_evm.TU.chromosome_8.2131","Cluster_995","evm.TU.chromosome_8.2131","TP7",-1,-0.4,"1"
"6754","Cluster_995_evm.TU.chromosome_8.2150","Cluster_995","evm.TU.chromosome_8.2150","TP7",-0.866025403784439,-0.4,"1"
"6755","Cluster_995_evm.TU.chromosome_8.2388","Cluster_995","evm.TU.chromosome_8.2388","TP7",-1,0.737864787372622,"3"
"6756","Cluster_995_evm.TU.chromosome_8.2550","Cluster_995","evm.TU.chromosome_8.2550","TP7",-1,0.2,"3"
"6757","Cluster_995_evm.TU.chromosome_8.2683","Cluster_995","evm.TU.chromosome_8.2683","TP7",-0.866025403784439,0.258198889747161,"3"
"6758","Cluster_995_evm.TU.chromosome_8.2729","Cluster_995","evm.TU.chromosome_8.2729","TP7",-0.5,0.948683298050514,"3"
"6759","Cluster_995_evm.TU.chromosome_8.2741","Cluster_995","evm.TU.chromosome_8.2741","TP7",1,0.8,"2"
"6760","Cluster_995_evm.TU.chromosome_8.289","Cluster_995","evm.TU.chromosome_8.289","TP7",-1,0.4,"3"
"6761","Cluster_995_evm.TU.chromosome_8.504","Cluster_995","evm.TU.chromosome_8.504","TP7",-1,0.948683298050514,"3"
"6762","Cluster_995_evm.TU.chromosome_8.938","Cluster_995","evm.TU.chromosome_8.938","TP7",-1,0.737864787372622,"3"
"6763","Cluster_995_evm.TU.chromosome_9.1074","Cluster_995","evm.TU.chromosome_9.1074","TP7",-0.5,0.4,"3"
"6764","Cluster_995_evm.TU.chromosome_9.2236","Cluster_995","evm.TU.chromosome_9.2236","TP7",-1,-0.4,"1"
"6765","Cluster_995_evm.TU.chromosome_9.2246","Cluster_995","evm.TU.chromosome_9.2246","TP7",-0.5,0.948683298050514,"3"
"6766","Cluster_995_evm.TU.chromosome_9.2565","Cluster_995","evm.TU.chromosome_9.2565","TP7",1,-1,"2"
"6767","Cluster_995_evm.TU.chromosome_9.2569","Cluster_995","evm.TU.chromosome_9.2569","TP7",-0.5,0.258198889747161,"1"
"6768","Cluster_995_evm.TU.chromosome_9.2769","Cluster_995","evm.TU.chromosome_9.2769","TP7",1,0.8,"2"
"6769","Cluster_995_evm.TU.chromosome_9.2852","Cluster_995","evm.TU.chromosome_9.2852","TP7",-1,-0.6,"1"
"6770","Cluster_995_evm.TU.chromosome_9.2884","Cluster_995","evm.TU.chromosome_9.2884","TP7",-1,0.8,"3"
"6771","Cluster_995_evm.TU.chromosome_9.348","Cluster_995","evm.TU.chromosome_9.348","TP7",1,0.737864787372622,"2"
"6772","Cluster_995_evm.TU.chromosome_9.443","Cluster_995","evm.TU.chromosome_9.443","TP7",-1,0.8,"3"
"6773","Cluster_995_evm.TU.chromosome_9.522","Cluster_995","evm.TU.chromosome_9.522","TP7",1,0.8,"2"
"6774","Cluster_995_evm.TU.chromosome_9.583","Cluster_995","evm.TU.chromosome_9.583","TP7",-0.5,0.4,"3"
"6775","Cluster_995_evm.TU.chromosome_9.605","Cluster_995","evm.TU.chromosome_9.605","TP7",-1,0.2,"3"
"6776","Cluster_995_evm.TU.chromosome_9.607","Cluster_995","evm.TU.chromosome_9.607","TP7",-1,0.8,"3"
"6777","Cluster_995_evm.TU.chromosome_9.98","Cluster_995","evm.TU.chromosome_9.98","TP7",-0.5,0.8,"3"
"6778","Cluster_996_evm.TU.chromosome_1.1335","Cluster_996","evm.TU.chromosome_1.1335","TP7",1,-0.2,"2"
"6779","Cluster_996_evm.TU.chromosome_1.1368","Cluster_996","evm.TU.chromosome_1.1368","TP7",0,-0.632455532033676,"2"
"6780","Cluster_996_evm.TU.chromosome_1.1701","Cluster_996","evm.TU.chromosome_1.1701","TP7",1,0.6,"2"
"6781","Cluster_996_evm.TU.chromosome_1.902","Cluster_996","evm.TU.chromosome_1.902","TP7",0.5,-0.210818510677892,"2"
"6782","Cluster_996_evm.TU.chromosome_10.1843","Cluster_996","evm.TU.chromosome_10.1843","TP7",0.5,0.316227766016838,"2"
"6783","Cluster_996_evm.TU.chromosome_10.2471","Cluster_996","evm.TU.chromosome_10.2471","TP7",-0.5,0,"1"
"6784","Cluster_996_evm.TU.chromosome_10.2934","Cluster_996","evm.TU.chromosome_10.2934","TP7",1,0,"2"
"6785","Cluster_996_evm.TU.chromosome_10.2943","Cluster_996","evm.TU.chromosome_10.2943","TP7",-0.5,0.8,"3"
"6786","Cluster_996_evm.TU.chromosome_10.3208","Cluster_996","evm.TU.chromosome_10.3208","TP7",1,0,"2"
"6787","Cluster_996_evm.TU.chromosome_10.428","Cluster_996","evm.TU.chromosome_10.428","TP7",-0.5,0.8,"3"
"6788","Cluster_996_evm.TU.chromosome_10.719","Cluster_996","evm.TU.chromosome_10.719","TP7",1,-0.6,"2"
"6789","Cluster_996_evm.TU.chromosome_11.2016","Cluster_996","evm.TU.chromosome_11.2016","TP7",0.5,-0.8,"2"
"6790","Cluster_996_evm.TU.chromosome_11.2064","Cluster_996","evm.TU.chromosome_11.2064","TP7",0.5,-1,"2"
"6791","Cluster_996_evm.TU.chromosome_11.2461","Cluster_996","evm.TU.chromosome_11.2461","TP7",0.5,-0.4,"2"
"6792","Cluster_996_evm.TU.chromosome_11.2603","Cluster_996","evm.TU.chromosome_11.2603","TP7",-1,-0.6,"1"
"6793","Cluster_996_evm.TU.chromosome_11.83","Cluster_996","evm.TU.chromosome_11.83","TP7",0,-0.632455532033676,"2"
"6794","Cluster_996_evm.TU.chromosome_12.2031","Cluster_996","evm.TU.chromosome_12.2031","TP7",1,0.4,"2"
"6795","Cluster_996_evm.TU.chromosome_12.2618","Cluster_996","evm.TU.chromosome_12.2618","TP7",1,-0.4,"2"
"6796","Cluster_996_evm.TU.chromosome_12.4088","Cluster_996","evm.TU.chromosome_12.4088","TP7",-0.5,0.2,"1"
"6797","Cluster_996_evm.TU.chromosome_12.4141","Cluster_996","evm.TU.chromosome_12.4141","TP7",0.5,-0.8,"2"
"6798","Cluster_996_evm.TU.chromosome_13.1132","Cluster_996","evm.TU.chromosome_13.1132","TP7",-0.5,0.8,"3"
"6799","Cluster_996_evm.TU.chromosome_13.1948","Cluster_996","evm.TU.chromosome_13.1948","TP7",0.5,0.2,"2"
"6800","Cluster_996_evm.TU.chromosome_13.2400","Cluster_996","evm.TU.chromosome_13.2400","TP7",-1,0.8,"3"
"6801","Cluster_996_evm.TU.chromosome_13.2978","Cluster_996","evm.TU.chromosome_13.2978","TP7",1,-0.4,"2"
"6802","Cluster_996_evm.TU.chromosome_13.4109","Cluster_996","evm.TU.chromosome_13.4109","TP7",1,-0.210818510677892,"2"
"6803","Cluster_996_evm.TU.chromosome_13.763","Cluster_996","evm.TU.chromosome_13.763","TP7",0.866025403784439,-0.4,"2"
"6804","Cluster_996_evm.TU.chromosome_14.1019","Cluster_996","evm.TU.chromosome_14.1019","TP7",0.5,-0.210818510677892,"2"
"6805","Cluster_996_evm.TU.chromosome_14.1300","Cluster_996","evm.TU.chromosome_14.1300","TP7",1,-0.210818510677892,"2"
"6806","Cluster_996_evm.TU.chromosome_14.1338","Cluster_996","evm.TU.chromosome_14.1338","TP7",0.5,0.4,"2"
"6807","Cluster_996_evm.TU.chromosome_14.1551","Cluster_996","evm.TU.chromosome_14.1551","TP7",-0.5,0,"1"
"6808","Cluster_996_evm.TU.chromosome_14.1875","Cluster_996","evm.TU.chromosome_14.1875","TP7",1,-0.2,"2"
"6809","Cluster_996_evm.TU.chromosome_14.2456","Cluster_996","evm.TU.chromosome_14.2456","TP7",-1,-0.774596669241483,"1"
"6810","Cluster_996_evm.TU.chromosome_14.5518","Cluster_996","evm.TU.chromosome_14.5518","TP7",-0.5,0.4,"3"
"6811","Cluster_996_evm.TU.chromosome_14.6084","Cluster_996","evm.TU.chromosome_14.6084","TP7",-0.5,-0.6,"1"
"6812","Cluster_996_evm.TU.chromosome_14.6664","Cluster_996","evm.TU.chromosome_14.6664","TP7",1,0,"2"
"6813","Cluster_996_evm.TU.chromosome_14.7190","Cluster_996","evm.TU.chromosome_14.7190","TP7",0.866025403784439,-0.632455532033676,"2"
"6814","Cluster_996_evm.TU.chromosome_2.111","Cluster_996","evm.TU.chromosome_2.111","TP7",0.5,0.8,"2"
"6815","Cluster_996_evm.TU.chromosome_2.1264","Cluster_996","evm.TU.chromosome_2.1264","TP7",1,-0.210818510677892,"2"
"6816","Cluster_996_evm.TU.chromosome_3.1390","Cluster_996","evm.TU.chromosome_3.1390","TP7",1,-0.774596669241483,"2"
"6817","Cluster_996_evm.TU.chromosome_3.70","Cluster_996","evm.TU.chromosome_3.70","TP7",1,-0.4,"2"
"6818","Cluster_996_evm.TU.chromosome_3.947","Cluster_996","evm.TU.chromosome_3.947","TP7",1,0.4,"2"
"6819","Cluster_996_evm.TU.chromosome_4.1586","Cluster_996","evm.TU.chromosome_4.1586","TP7",0.5,0,"2"
"6820","Cluster_996_evm.TU.chromosome_5.1046","Cluster_996","evm.TU.chromosome_5.1046","TP7",0.5,-0.632455532033676,"2"
"6821","Cluster_996_evm.TU.chromosome_5.1544","Cluster_996","evm.TU.chromosome_5.1544","TP7",0.5,0.4,"2"
"6822","Cluster_996_evm.TU.chromosome_5.1904","Cluster_996","evm.TU.chromosome_5.1904","TP7",0.5,0.2,"2"
"6823","Cluster_996_evm.TU.chromosome_5.2609","Cluster_996","evm.TU.chromosome_5.2609","TP7",0.5,-0.4,"2"
"6824","Cluster_996_evm.TU.chromosome_5.550","Cluster_996","evm.TU.chromosome_5.550","TP7",0.5,-0.8,"2"
"6825","Cluster_996_evm.TU.chromosome_5.700","Cluster_996","evm.TU.chromosome_5.700","TP7",-1,0.4,"3"
"6826","Cluster_996_evm.TU.chromosome_5.703","Cluster_996","evm.TU.chromosome_5.703","TP7",1,0.8,"2"
"6827","Cluster_996_evm.TU.chromosome_5.721","Cluster_996","evm.TU.chromosome_5.721","TP7",0.5,-0.632455532033676,"2"
"6828","Cluster_996_evm.TU.chromosome_5.732","Cluster_996","evm.TU.chromosome_5.732","TP7",-1,-0.210818510677892,"3"
"6829","Cluster_996_evm.TU.chromosome_6.1434","Cluster_996","evm.TU.chromosome_6.1434","TP7",-1,-0.210818510677892,"3"
"6830","Cluster_996_evm.TU.chromosome_7.421","Cluster_996","evm.TU.chromosome_7.421","TP7",-0.5,0.4,"3"
"6831","Cluster_996_evm.TU.chromosome_7.423","Cluster_996","evm.TU.chromosome_7.423","TP7",-0.5,0.4,"3"
"6832","Cluster_996_evm.TU.chromosome_8.257","Cluster_996","evm.TU.chromosome_8.257","TP7",0.866025403784439,0.8,"2"
"6833","Cluster_996_evm.TU.chromosome_8.2745","Cluster_996","evm.TU.chromosome_8.2745","TP7",1,0.948683298050514,"2"
"6834","Cluster_996_evm.TU.chromosome_9.1174","Cluster_996","evm.TU.chromosome_9.1174","TP7",-1,-0.2,"3"
"6835","Cluster_996_evm.TU.chromosome_9.413","Cluster_996","evm.TU.chromosome_9.413","TP7",1,-0.210818510677892,"2"
"6836","Cluster_998_evm.TU.chromosome_1.1051","Cluster_998","evm.TU.chromosome_1.1051","TP7",0.5,0.774596669241483,"2"
"6837","Cluster_998_evm.TU.chromosome_1.1257","Cluster_998","evm.TU.chromosome_1.1257","TP7",-0.5,-1,"1"
"6838","Cluster_998_evm.TU.chromosome_1.1536","Cluster_998","evm.TU.chromosome_1.1536","TP7",0.5,0,"2"
"6839","Cluster_998_evm.TU.chromosome_1.1600","Cluster_998","evm.TU.chromosome_1.1600","TP7",1,0.316227766016838,"2"
"6840","Cluster_998_evm.TU.chromosome_1.1623","Cluster_998","evm.TU.chromosome_1.1623","TP7",-0.866025403784439,-0.316227766016838,"1"
"6841","Cluster_998_evm.TU.chromosome_1.1624","Cluster_998","evm.TU.chromosome_1.1624","TP7",1,-0.316227766016838,"2"
"6842","Cluster_998_evm.TU.chromosome_1.326","Cluster_998","evm.TU.chromosome_1.326","TP7",1,0.316227766016838,"2"
"6843","Cluster_998_evm.TU.chromosome_1.330","Cluster_998","evm.TU.chromosome_1.330","TP7",0.866025403784439,0.737864787372622,"2"
"6844","Cluster_998_evm.TU.chromosome_1.767","Cluster_998","evm.TU.chromosome_1.767","TP7",-0.5,-0.4,"1"
"6845","Cluster_998_evm.TU.chromosome_10.1265","Cluster_998","evm.TU.chromosome_10.1265","TP7",0.5,0,"2"
"6846","Cluster_998_evm.TU.chromosome_10.1391","Cluster_998","evm.TU.chromosome_10.1391","TP7",1,-0.8,"2"
"6847","Cluster_998_evm.TU.chromosome_10.1408","Cluster_998","evm.TU.chromosome_10.1408","TP7",1,-0.4,"2"
"6848","Cluster_998_evm.TU.chromosome_10.1460","Cluster_998","evm.TU.chromosome_10.1460","TP7",0.5,-0.6,"2"
"6849","Cluster_998_evm.TU.chromosome_10.1583","Cluster_998","evm.TU.chromosome_10.1583","TP7",0.5,-0.774596669241483,"2"
"6850","Cluster_998_evm.TU.chromosome_10.1884","Cluster_998","evm.TU.chromosome_10.1884","TP7",0.5,-0.4,"2"
"6851","Cluster_998_evm.TU.chromosome_10.1885","Cluster_998","evm.TU.chromosome_10.1885","TP7",1,-0.2,"2"
"6852","Cluster_998_evm.TU.chromosome_10.2337","Cluster_998","evm.TU.chromosome_10.2337","TP7",1,0.774596669241483,"2"
"6853","Cluster_998_evm.TU.chromosome_10.2360","Cluster_998","evm.TU.chromosome_10.2360","TP7",0,0.316227766016838,"1"
"6854","Cluster_998_evm.TU.chromosome_10.2715","Cluster_998","evm.TU.chromosome_10.2715","TP7",0.5,-0.8,"2"
"6855","Cluster_998_evm.TU.chromosome_10.2882","Cluster_998","evm.TU.chromosome_10.2882","TP7",0.5,-0.8,"2"
"6856","Cluster_998_evm.TU.chromosome_10.2931","Cluster_998","evm.TU.chromosome_10.2931","TP7",0.5,0.4,"2"
"6857","Cluster_998_evm.TU.chromosome_10.3012","Cluster_998","evm.TU.chromosome_10.3012","TP7",0.866025403784439,-0.316227766016838,"2"
"6858","Cluster_998_evm.TU.chromosome_10.3043","Cluster_998","evm.TU.chromosome_10.3043","TP7",0.5,0.316227766016838,"2"
"6859","Cluster_998_evm.TU.chromosome_10.3121","Cluster_998","evm.TU.chromosome_10.3121","TP7",1,0.316227766016838,"2"
"6860","Cluster_998_evm.TU.chromosome_10.614","Cluster_998","evm.TU.chromosome_10.614","TP7",0.866025403784439,-0.316227766016838,"2"
"6861","Cluster_998_evm.TU.chromosome_11.1004","Cluster_998","evm.TU.chromosome_11.1004","TP7",1,-0.316227766016838,"2"
"6862","Cluster_998_evm.TU.chromosome_11.104","Cluster_998","evm.TU.chromosome_11.104","TP7",0.5,-0.4,"2"
"6863","Cluster_998_evm.TU.chromosome_11.114","Cluster_998","evm.TU.chromosome_11.114","TP7",0.5,0.6,"2"
"6864","Cluster_998_evm.TU.chromosome_11.1434","Cluster_998","evm.TU.chromosome_11.1434","TP7",1,0.4,"2"
"6865","Cluster_998_evm.TU.chromosome_11.1658","Cluster_998","evm.TU.chromosome_11.1658","TP7",0.866025403784439,-0.316227766016838,"2"
"6866","Cluster_998_evm.TU.chromosome_11.1964","Cluster_998","evm.TU.chromosome_11.1964","TP7",0.5,-0.2,"2"
"6867","Cluster_998_evm.TU.chromosome_11.1965","Cluster_998","evm.TU.chromosome_11.1965","TP7",1,-0.316227766016838,"2"
"6868","Cluster_998_evm.TU.chromosome_11.1999","Cluster_998","evm.TU.chromosome_11.1999","TP7",-0.5,0,"1"
"6869","Cluster_998_evm.TU.chromosome_11.2101","Cluster_998","evm.TU.chromosome_11.2101","TP7",1,0.316227766016838,"2"
"6870","Cluster_998_evm.TU.chromosome_11.2655","Cluster_998","evm.TU.chromosome_11.2655","TP7",0.5,-0.2,"2"
"6871","Cluster_998_evm.TU.chromosome_11.3004","Cluster_998","evm.TU.chromosome_11.3004","TP7",-1,0.774596669241483,"3"
"6872","Cluster_998_evm.TU.chromosome_11.338","Cluster_998","evm.TU.chromosome_11.338","TP7",0.5,0.8,"2"
"6873","Cluster_998_evm.TU.chromosome_11.342","Cluster_998","evm.TU.chromosome_11.342","TP7",0,0.774596669241483,"1"
"6874","Cluster_998_evm.TU.chromosome_11.393","Cluster_998","evm.TU.chromosome_11.393","TP7",0.5,0.6,"2"
"6875","Cluster_998_evm.TU.chromosome_11.497","Cluster_998","evm.TU.chromosome_11.497","TP7",1,-0.774596669241483,"2"
"6876","Cluster_998_evm.TU.chromosome_11.758","Cluster_998","evm.TU.chromosome_11.758","TP7",1,-0.316227766016838,"2"
"6877","Cluster_998_evm.TU.chromosome_11.956","Cluster_998","evm.TU.chromosome_11.956","TP7",1,0,"2"
"6878","Cluster_998_evm.TU.chromosome_12.1522","Cluster_998","evm.TU.chromosome_12.1522","TP7",0.5,-0.6,"2"
"6879","Cluster_998_evm.TU.chromosome_12.2256","Cluster_998","evm.TU.chromosome_12.2256","TP7",1,0.4,"2"
"6880","Cluster_998_evm.TU.chromosome_12.2982","Cluster_998","evm.TU.chromosome_12.2982","TP7",1,0.6,"2"
"6881","Cluster_998_evm.TU.chromosome_12.2987","Cluster_998","evm.TU.chromosome_12.2987","TP7",0.5,0.6,"2"
"6882","Cluster_998_evm.TU.chromosome_12.2992","Cluster_998","evm.TU.chromosome_12.2992","TP7",-0.5,0.8,"3"
"6883","Cluster_998_evm.TU.chromosome_12.3389","Cluster_998","evm.TU.chromosome_12.3389","TP7",-0.5,1,"3"
"6884","Cluster_998_evm.TU.chromosome_12.3545","Cluster_998","evm.TU.chromosome_12.3545","TP7",0.5,-0.6,"2"
"6885","Cluster_998_evm.TU.chromosome_12.371","Cluster_998","evm.TU.chromosome_12.371","TP7",0.5,-0.316227766016838,"2"
"6886","Cluster_998_evm.TU.chromosome_12.959","Cluster_998","evm.TU.chromosome_12.959","TP7",0.5,-0.4,"2"
"6887","Cluster_998_evm.TU.chromosome_13.1304","Cluster_998","evm.TU.chromosome_13.1304","TP7",0,-0.774596669241483,"2"
"6888","Cluster_998_evm.TU.chromosome_13.2105","Cluster_998","evm.TU.chromosome_13.2105","TP7",1,-0.2,"2"
"6889","Cluster_998_evm.TU.chromosome_13.2147","Cluster_998","evm.TU.chromosome_13.2147","TP7",0.866025403784439,0,"2"
"6890","Cluster_998_evm.TU.chromosome_13.2306","Cluster_998","evm.TU.chromosome_13.2306","TP7",0,0,"1"
"6891","Cluster_998_evm.TU.chromosome_13.2468","Cluster_998","evm.TU.chromosome_13.2468","TP7",0.5,0.316227766016838,"2"
"6892","Cluster_998_evm.TU.chromosome_13.2529","Cluster_998","evm.TU.chromosome_13.2529","TP7",0.5,0.6,"2"
"6893","Cluster_998_evm.TU.chromosome_13.2740","Cluster_998","evm.TU.chromosome_13.2740","TP7",-1,-0.8,"1"
"6894","Cluster_998_evm.TU.chromosome_13.2826","Cluster_998","evm.TU.chromosome_13.2826","TP7",-0.5,0,"1"
"6895","Cluster_998_evm.TU.chromosome_13.289","Cluster_998","evm.TU.chromosome_13.289","TP7",0.5,-0.774596669241483,"2"
"6896","Cluster_998_evm.TU.chromosome_13.2922","Cluster_998","evm.TU.chromosome_13.2922","TP7",1,0.2,"2"
"6897","Cluster_998_evm.TU.chromosome_13.3002","Cluster_998","evm.TU.chromosome_13.3002","TP7",1,0.6,"2"
"6898","Cluster_998_evm.TU.chromosome_13.3101","Cluster_998","evm.TU.chromosome_13.3101","TP7",0.5,-0.316227766016838,"2"
"6899","Cluster_998_evm.TU.chromosome_13.3226","Cluster_998","evm.TU.chromosome_13.3226","TP7",0.5,-1,"2"
"6900","Cluster_998_evm.TU.chromosome_13.3412","Cluster_998","evm.TU.chromosome_13.3412","TP7",1,0,"2"
"6901","Cluster_998_evm.TU.chromosome_13.3733","Cluster_998","evm.TU.chromosome_13.3733","TP7",0.5,0.316227766016838,"2"
"6902","Cluster_998_evm.TU.chromosome_13.392","Cluster_998","evm.TU.chromosome_13.392","TP7",0.866025403784439,0.774596669241483,"2"
"6903","Cluster_998_evm.TU.chromosome_13.4200","Cluster_998","evm.TU.chromosome_13.4200","TP7",0.866025403784439,-0.316227766016838,"2"
"6904","Cluster_998_evm.TU.chromosome_13.472","Cluster_998","evm.TU.chromosome_13.472","TP7",1,0.316227766016838,"2"
"6905","Cluster_998_evm.TU.chromosome_13.479","Cluster_998","evm.TU.chromosome_13.479","TP7",0.5,0.4,"2"
"6906","Cluster_998_evm.TU.chromosome_13.54","Cluster_998","evm.TU.chromosome_13.54","TP7",0.5,0.6,"2"
"6907","Cluster_998_evm.TU.chromosome_13.543","Cluster_998","evm.TU.chromosome_13.543","TP7",0.5,0.8,"2"
"6908","Cluster_998_evm.TU.chromosome_13.65","Cluster_998","evm.TU.chromosome_13.65","TP7",1,-0.4,"2"
"6909","Cluster_998_evm.TU.chromosome_14.103","Cluster_998","evm.TU.chromosome_14.103","TP7",0.5,0,"2"
"6910","Cluster_998_evm.TU.chromosome_14.113","Cluster_998","evm.TU.chromosome_14.113","TP7",0,-0.6,"2"
"6911","Cluster_998_evm.TU.chromosome_14.1140","Cluster_998","evm.TU.chromosome_14.1140","TP7",0.5,-0.4,"2"
"6912","Cluster_998_evm.TU.chromosome_14.1284","Cluster_998","evm.TU.chromosome_14.1284","TP7",1,0,"2"
"6913","Cluster_998_evm.TU.chromosome_14.1369","Cluster_998","evm.TU.chromosome_14.1369","TP7",0.5,0.316227766016838,"2"
"6914","Cluster_998_evm.TU.chromosome_14.1809","Cluster_998","evm.TU.chromosome_14.1809","TP7",1,-0.6,"2"
"6915","Cluster_998_evm.TU.chromosome_14.1811","Cluster_998","evm.TU.chromosome_14.1811","TP7",0.5,-0.737864787372622,"2"
"6916","Cluster_998_evm.TU.chromosome_14.1813","Cluster_998","evm.TU.chromosome_14.1813","TP7",0.5,0.258198889747161,"2"
"6917","Cluster_998_evm.TU.chromosome_14.1815","Cluster_998","evm.TU.chromosome_14.1815","TP7",0.5,-0.737864787372622,"2"
"6918","Cluster_998_evm.TU.chromosome_14.2142","Cluster_998","evm.TU.chromosome_14.2142","TP7",0.866025403784439,-0.774596669241483,"2"
"6919","Cluster_998_evm.TU.chromosome_14.325","Cluster_998","evm.TU.chromosome_14.325","TP7",1,-0.8,"2"
"6920","Cluster_998_evm.TU.chromosome_14.3353","Cluster_998","evm.TU.chromosome_14.3353","TP7",0.5,0.316227766016838,"2"
"6921","Cluster_998_evm.TU.chromosome_14.3752","Cluster_998","evm.TU.chromosome_14.3752","TP7",0.5,-0.316227766016838,"2"
"6922","Cluster_998_evm.TU.chromosome_14.3753","Cluster_998","evm.TU.chromosome_14.3753","TP7",0.5,-0.8,"2"
"6923","Cluster_998_evm.TU.chromosome_14.4456","Cluster_998","evm.TU.chromosome_14.4456","TP7",0.5,0.4,"2"
"6924","Cluster_998_evm.TU.chromosome_14.4614","Cluster_998","evm.TU.chromosome_14.4614","TP7",1,0.774596669241483,"2"
"6925","Cluster_998_evm.TU.chromosome_14.463","Cluster_998","evm.TU.chromosome_14.463","TP7",1,-0.6,"2"
"6926","Cluster_998_evm.TU.chromosome_14.4778","Cluster_998","evm.TU.chromosome_14.4778","TP7",0.5,0.4,"2"
"6927","Cluster_998_evm.TU.chromosome_14.522","Cluster_998","evm.TU.chromosome_14.522","TP7",0.5,-0.4,"2"
"6928","Cluster_998_evm.TU.chromosome_14.5297","Cluster_998","evm.TU.chromosome_14.5297","TP7",0.5,-0.316227766016838,"2"
"6929","Cluster_998_evm.TU.chromosome_14.5519","Cluster_998","evm.TU.chromosome_14.5519","TP7",0.866025403784439,-0.4,"2"
"6930","Cluster_998_evm.TU.chromosome_14.5879","Cluster_998","evm.TU.chromosome_14.5879","TP7",1,0.2,"2"
"6931","Cluster_998_evm.TU.chromosome_14.6207","Cluster_998","evm.TU.chromosome_14.6207","TP7",1,0.2,"2"
"6932","Cluster_998_evm.TU.chromosome_14.6211","Cluster_998","evm.TU.chromosome_14.6211","TP7",1,-0.316227766016838,"2"
"6933","Cluster_998_evm.TU.chromosome_14.6431","Cluster_998","evm.TU.chromosome_14.6431","TP7",0.5,-0.4,"2"
"6934","Cluster_998_evm.TU.chromosome_14.6458","Cluster_998","evm.TU.chromosome_14.6458","TP7",-0.5,0,"1"
"6935","Cluster_998_evm.TU.chromosome_14.6588","Cluster_998","evm.TU.chromosome_14.6588","TP7",0.5,0,"2"
"6936","Cluster_998_evm.TU.chromosome_14.6677","Cluster_998","evm.TU.chromosome_14.6677","TP7",1,-0.316227766016838,"2"
"6937","Cluster_998_evm.TU.chromosome_14.6914","Cluster_998","evm.TU.chromosome_14.6914","TP7",1,0,"2"
"6938","Cluster_998_evm.TU.chromosome_14.747","Cluster_998","evm.TU.chromosome_14.747","TP7",-0.5,-0.6,"1"
"6939","Cluster_998_evm.TU.chromosome_2.1004","Cluster_998","evm.TU.chromosome_2.1004","TP7",0.5,0.2,"2"
"6940","Cluster_998_evm.TU.chromosome_2.1983","Cluster_998","evm.TU.chromosome_2.1983","TP7",0.5,-0.4,"2"
"6941","Cluster_998_evm.TU.chromosome_2.562","Cluster_998","evm.TU.chromosome_2.562","TP7",0.866025403784439,0.6,"2"
"6942","Cluster_998_evm.TU.chromosome_2.625","Cluster_998","evm.TU.chromosome_2.625","TP7",1,0.316227766016838,"2"
"6943","Cluster_998_evm.TU.chromosome_2.627","Cluster_998","evm.TU.chromosome_2.627","TP7",0.5,-0.774596669241483,"2"
"6944","Cluster_998_evm.TU.chromosome_2.696","Cluster_998","evm.TU.chromosome_2.696","TP7",0,0.6,"1"
"6945","Cluster_998_evm.TU.chromosome_2.709","Cluster_998","evm.TU.chromosome_2.709","TP7",1,0.2,"2"
"6946","Cluster_998_evm.TU.chromosome_2.794","Cluster_998","evm.TU.chromosome_2.794","TP7",1,-0.210818510677892,"2"
"6947","Cluster_998_evm.TU.chromosome_3.1321","Cluster_998","evm.TU.chromosome_3.1321","TP7",0.5,0.8,"2"
"6948","Cluster_998_evm.TU.chromosome_3.1473","Cluster_998","evm.TU.chromosome_3.1473","TP7",1,-0.2,"2"
"6949","Cluster_998_evm.TU.chromosome_3.1638","Cluster_998","evm.TU.chromosome_3.1638","TP7",1,0.8,"2"
"6950","Cluster_998_evm.TU.chromosome_3.1763","Cluster_998","evm.TU.chromosome_3.1763","TP7",0.5,0.4,"2"
"6951","Cluster_998_evm.TU.chromosome_3.1785","Cluster_998","evm.TU.chromosome_3.1785","TP7",-1,-0.4,"1"
"6952","Cluster_998_evm.TU.chromosome_3.1821","Cluster_998","evm.TU.chromosome_3.1821","TP7",0.5,0.774596669241483,"2"
"6953","Cluster_998_evm.TU.chromosome_3.2063","Cluster_998","evm.TU.chromosome_3.2063","TP7",0,0,"1"
"6954","Cluster_998_evm.TU.chromosome_3.569","Cluster_998","evm.TU.chromosome_3.569","TP7",0.866025403784439,0,"2"
"6955","Cluster_998_evm.TU.chromosome_3.579","Cluster_998","evm.TU.chromosome_3.579","TP7",0.5,0.4,"2"
"6956","Cluster_998_evm.TU.chromosome_3.90","Cluster_998","evm.TU.chromosome_3.90","TP7",1,-0.4,"2"
"6957","Cluster_998_evm.TU.chromosome_4.1008","Cluster_998","evm.TU.chromosome_4.1008","TP7",1,-0.6,"2"
"6958","Cluster_998_evm.TU.chromosome_4.1020","Cluster_998","evm.TU.chromosome_4.1020","TP7",0,-0.774596669241483,"2"
"6959","Cluster_998_evm.TU.chromosome_4.1106","Cluster_998","evm.TU.chromosome_4.1106","TP7",-0.5,0,"1"
"6960","Cluster_998_evm.TU.chromosome_4.133","Cluster_998","evm.TU.chromosome_4.133","TP7",1,0,"2"
"6961","Cluster_998_evm.TU.chromosome_4.1407","Cluster_998","evm.TU.chromosome_4.1407","TP7",1,0.4,"2"
"6962","Cluster_998_evm.TU.chromosome_4.1596","Cluster_998","evm.TU.chromosome_4.1596","TP7",1,-0.6,"2"
"6963","Cluster_998_evm.TU.chromosome_4.2264","Cluster_998","evm.TU.chromosome_4.2264","TP7",1,-0.316227766016838,"2"
"6964","Cluster_998_evm.TU.chromosome_4.2498","Cluster_998","evm.TU.chromosome_4.2498","TP7",1,-0.4,"2"
"6965","Cluster_998_evm.TU.chromosome_4.2500","Cluster_998","evm.TU.chromosome_4.2500","TP7",1,0.8,"2"
"6966","Cluster_998_evm.TU.chromosome_4.301","Cluster_998","evm.TU.chromosome_4.301","TP7",0.5,0.316227766016838,"2"
"6967","Cluster_998_evm.TU.chromosome_4.372","Cluster_998","evm.TU.chromosome_4.372","TP7",-1,-0.6,"1"
"6968","Cluster_998_evm.TU.chromosome_4.4","Cluster_998","evm.TU.chromosome_4.4","TP7",0.5,-0.316227766016838,"2"
"6969","Cluster_998_evm.TU.chromosome_4.430","Cluster_998","evm.TU.chromosome_4.430","TP7",0.5,0,"2"
"6970","Cluster_998_evm.TU.chromosome_4.646","Cluster_998","evm.TU.chromosome_4.646","TP7",1,-0.316227766016838,"2"
"6971","Cluster_998_evm.TU.chromosome_5.1015","Cluster_998","evm.TU.chromosome_5.1015","TP7",-0.5,0.316227766016838,"3"
"6972","Cluster_998_evm.TU.chromosome_5.1183","Cluster_998","evm.TU.chromosome_5.1183","TP7",0.5,0,"2"
"6973","Cluster_998_evm.TU.chromosome_5.1267","Cluster_998","evm.TU.chromosome_5.1267","TP7",1,-0.316227766016838,"2"
"6974","Cluster_998_evm.TU.chromosome_5.188","Cluster_998","evm.TU.chromosome_5.188","TP7",0.5,0.6,"2"
"6975","Cluster_998_evm.TU.chromosome_5.195","Cluster_998","evm.TU.chromosome_5.195","TP7",0.5,0.316227766016838,"2"
"6976","Cluster_998_evm.TU.chromosome_5.198","Cluster_998","evm.TU.chromosome_5.198","TP7",0.5,0,"2"
"6977","Cluster_998_evm.TU.chromosome_5.1983","Cluster_998","evm.TU.chromosome_5.1983","TP7",-0.5,-0.4,"1"
"6978","Cluster_998_evm.TU.chromosome_5.2132","Cluster_998","evm.TU.chromosome_5.2132","TP7",0,-0.316227766016838,"1"
"6979","Cluster_998_evm.TU.chromosome_5.2529","Cluster_998","evm.TU.chromosome_5.2529","TP7",0.5,0,"2"
"6980","Cluster_998_evm.TU.chromosome_5.2597","Cluster_998","evm.TU.chromosome_5.2597","TP7",0,0.948683298050514,"3"
"6981","Cluster_998_evm.TU.chromosome_5.261","Cluster_998","evm.TU.chromosome_5.261","TP7",1,-0.4,"2"
"6982","Cluster_998_evm.TU.chromosome_5.2801","Cluster_998","evm.TU.chromosome_5.2801","TP7",-0.5,-0.4,"1"
"6983","Cluster_998_evm.TU.chromosome_5.736","Cluster_998","evm.TU.chromosome_5.736","TP7",0.5,0.316227766016838,"2"
"6984","Cluster_998_evm.TU.chromosome_5.738","Cluster_998","evm.TU.chromosome_5.738","TP7",0.5,-0.316227766016838,"2"
"6985","Cluster_998_evm.TU.chromosome_5.911","Cluster_998","evm.TU.chromosome_5.911","TP7",0.5,0.6,"2"
"6986","Cluster_998_evm.TU.chromosome_5.912","Cluster_998","evm.TU.chromosome_5.912","TP7",-0.5,-0.4,"1"
"6987","Cluster_998_evm.TU.chromosome_6.1657","Cluster_998","evm.TU.chromosome_6.1657","TP7",0.5,-0.4,"2"
"6988","Cluster_998_evm.TU.chromosome_6.1814","Cluster_998","evm.TU.chromosome_6.1814","TP7",-0.5,-0.6,"1"
"6989","Cluster_998_evm.TU.chromosome_6.2591","Cluster_998","evm.TU.chromosome_6.2591","TP7",0.5,0.6,"2"
"6990","Cluster_998_evm.TU.chromosome_6.285","Cluster_998","evm.TU.chromosome_6.285","TP7",1,-0.2,"2"
"6991","Cluster_998_evm.TU.chromosome_6.289","Cluster_998","evm.TU.chromosome_6.289","TP7",0.5,-0.4,"2"
"6992","Cluster_998_evm.TU.chromosome_6.313","Cluster_998","evm.TU.chromosome_6.313","TP7",0.5,0.316227766016838,"2"
"6993","Cluster_998_evm.TU.chromosome_6.314","Cluster_998","evm.TU.chromosome_6.314","TP7",1,0.316227766016838,"2"
"6994","Cluster_998_evm.TU.chromosome_6.315","Cluster_998","evm.TU.chromosome_6.315","TP7",0,-0.316227766016838,"1"
"6995","Cluster_998_evm.TU.chromosome_6.43","Cluster_998","evm.TU.chromosome_6.43","TP7",0.5,0.8,"2"
"6996","Cluster_998_evm.TU.chromosome_6.620","Cluster_998","evm.TU.chromosome_6.620","TP7",1,0.6,"2"
"6997","Cluster_998_evm.TU.chromosome_6.755","Cluster_998","evm.TU.chromosome_6.755","TP7",0.5,0.210818510677892,"2"
"6998","Cluster_998_evm.TU.chromosome_6.792","Cluster_998","evm.TU.chromosome_6.792","TP7",1,0.8,"2"
"6999","Cluster_998_evm.TU.chromosome_6.887","Cluster_998","evm.TU.chromosome_6.887","TP7",0.5,0,"2"
"7000","Cluster_998_evm.TU.chromosome_7.1222","Cluster_998","evm.TU.chromosome_7.1222","TP7",0.5,0.8,"2"
"7001","Cluster_998_evm.TU.chromosome_7.1275","Cluster_998","evm.TU.chromosome_7.1275","TP7",1,-0.6,"2"
"7002","Cluster_998_evm.TU.chromosome_7.1282","Cluster_998","evm.TU.chromosome_7.1282","TP7",0.5,-0.4,"2"
"7003","Cluster_998_evm.TU.chromosome_7.1371","Cluster_998","evm.TU.chromosome_7.1371","TP7",1,0.316227766016838,"2"
"7004","Cluster_998_evm.TU.chromosome_7.1392","Cluster_998","evm.TU.chromosome_7.1392","TP7",1,0.6,"2"
"7005","Cluster_998_evm.TU.chromosome_7.1619","Cluster_998","evm.TU.chromosome_7.1619","TP7",0.5,0.316227766016838,"2"
"7006","Cluster_998_evm.TU.chromosome_7.1927","Cluster_998","evm.TU.chromosome_7.1927","TP7",0.5,-0.6,"2"
"7007","Cluster_998_evm.TU.chromosome_7.2388","Cluster_998","evm.TU.chromosome_7.2388","TP7",1,0,"2"
"7008","Cluster_998_evm.TU.chromosome_7.2619","Cluster_998","evm.TU.chromosome_7.2619","TP7",-1,-0.316227766016838,"3"
"7009","Cluster_998_evm.TU.chromosome_7.644","Cluster_998","evm.TU.chromosome_7.644","TP7",0.5,-0.2,"2"
"7010","Cluster_998_evm.TU.chromosome_7.840","Cluster_998","evm.TU.chromosome_7.840","TP7",1,-0.316227766016838,"2"
"7011","Cluster_998_evm.TU.chromosome_8.152","Cluster_998","evm.TU.chromosome_8.152","TP7",0.5,-0.8,"2"
"7012","Cluster_998_evm.TU.chromosome_8.1722","Cluster_998","evm.TU.chromosome_8.1722","TP7",-1,0.8,"3"
"7013","Cluster_998_evm.TU.chromosome_8.1731","Cluster_998","evm.TU.chromosome_8.1731","TP7",0.866025403784439,0.6,"2"
"7014","Cluster_998_evm.TU.chromosome_8.1791","Cluster_998","evm.TU.chromosome_8.1791","TP7",1,0.4,"2"
"7015","Cluster_998_evm.TU.chromosome_8.1829","Cluster_998","evm.TU.chromosome_8.1829","TP7",0.866025403784439,-0.2,"2"
"7016","Cluster_998_evm.TU.chromosome_8.1991","Cluster_998","evm.TU.chromosome_8.1991","TP7",0.5,-0.210818510677892,"2"
"7017","Cluster_998_evm.TU.chromosome_8.2052","Cluster_998","evm.TU.chromosome_8.2052","TP7",1,0.6,"2"
"7018","Cluster_998_evm.TU.chromosome_8.2411","Cluster_998","evm.TU.chromosome_8.2411","TP7",1,0.4,"2"
"7019","Cluster_998_evm.TU.chromosome_8.2502","Cluster_998","evm.TU.chromosome_8.2502","TP7",-1,0.316227766016838,"3"
"7020","Cluster_998_evm.TU.chromosome_8.275","Cluster_998","evm.TU.chromosome_8.275","TP7",1,0.316227766016838,"2"
"7021","Cluster_998_evm.TU.chromosome_9.1383","Cluster_998","evm.TU.chromosome_9.1383","TP7",1,-0.8,"2"
"7022","Cluster_998_evm.TU.chromosome_9.1561","Cluster_998","evm.TU.chromosome_9.1561","TP7",0.5,-0.316227766016838,"2"
"7023","Cluster_998_evm.TU.chromosome_9.2080","Cluster_998","evm.TU.chromosome_9.2080","TP7",1,0.6,"2"
"7024","Cluster_998_evm.TU.chromosome_9.2088","Cluster_998","evm.TU.chromosome_9.2088","TP7",0.5,-0.2,"2"
"7025","Cluster_998_evm.TU.chromosome_9.2276","Cluster_998","evm.TU.chromosome_9.2276","TP7",0.866025403784439,0.316227766016838,"2"
"7026","Cluster_998_evm.TU.chromosome_9.2602","Cluster_998","evm.TU.chromosome_9.2602","TP7",1,-0.316227766016838,"2"
"7027","Cluster_998_evm.TU.chromosome_9.2620","Cluster_998","evm.TU.chromosome_9.2620","TP7",-0.5,0.8,"3"
"7028","Cluster_998_evm.TU.chromosome_9.2778","Cluster_998","evm.TU.chromosome_9.2778","TP7",0.5,0.6,"2"
"7029","Cluster_998_evm.TU.chromosome_9.2821","Cluster_998","evm.TU.chromosome_9.2821","TP7",0.866025403784439,0.210818510677892,"2"
"7030","Cluster_998_evm.TU.chromosome_9.375","Cluster_998","evm.TU.chromosome_9.375","TP7",0.5,0.316227766016838,"2"
"7031","Cluster_998_evm.TU.chromosome_9.539","Cluster_998","evm.TU.chromosome_9.539","TP7",1,0,"2"
"7032","Cluster_998_evm.TU.chromosome_9.604","Cluster_998","evm.TU.chromosome_9.604","TP7",1,0,"2"
"7033","Cluster_998_evm.TU.chromosome_9.612","Cluster_998","evm.TU.chromosome_9.612","TP7",1,0.316227766016838,"2"
"7034","Cluster_998_evm.TU.chromosome_9.619","Cluster_998","evm.TU.chromosome_9.619","TP7",0.5,-0.316227766016838,"2"
"7035","Cluster_998_evm.TU.chromosome_9.62","Cluster_998","evm.TU.chromosome_9.62","TP7",0.5,0.8,"2"
"7036","Cluster_998_evm.TU.chromosome_9.728","Cluster_998","evm.TU.chromosome_9.728","TP7",1,-0.4,"2"
"7037","Cluster_998_evm.TU.chromosome_9.799","Cluster_998","evm.TU.chromosome_9.799","TP7",0.5,-0.4,"2"
"7038","Cluster_998_evm.TU.chromosome_9.965","Cluster_998","evm.TU.chromosome_9.965","TP7",0.5,-0.774596669241483,"2"
