"","pair_id","miRNA","mRNA","TP0","TP5","TP7","cluster.x","cluster.y","raw_cluster","cluster"
"1","Cluster_1155_evm.TU.chromosome_1.1121","Cluster_1155","evm.TU.chromosome_1.1121",0.737864787372622,-0.105409255338946,-0.5,"2","2","2","3"
"2","Cluster_1155_evm.TU.chromosome_1.347","Cluster_1155","evm.TU.chromosome_1.347",-0.4,-0.4,0,"3","3","3","5"
"3","Cluster_1155_evm.TU.chromosome_1.423","Cluster_1155","evm.TU.chromosome_1.423",0.8,0.4,-1,"2","2","2","3"
"4","Cluster_1155_evm.TU.chromosome_10.126","Cluster_1155","evm.TU.chromosome_10.126",-0.948683298050514,0,1,"5","5","5","2"
"5","Cluster_1155_evm.TU.chromosome_10.1572","Cluster_1155","evm.TU.chromosome_10.1572",0,0.6,-1,"4","4","4","1"
"6","Cluster_1155_evm.TU.chromosome_10.33","Cluster_1155","evm.TU.chromosome_10.33",0.8,0.774596669241483,-1,"4","4","4","1"
"7","Cluster_1155_evm.TU.chromosome_11.359","Cluster_1155","evm.TU.chromosome_11.359",-0.4,0.4,0,"3","3","3","5"
"8","Cluster_1155_evm.TU.chromosome_12.1475","Cluster_1155","evm.TU.chromosome_12.1475",-0.4,0.316227766016838,0.5,"5","5","5","2"
"9","Cluster_1155_evm.TU.chromosome_12.1806","Cluster_1155","evm.TU.chromosome_12.1806",0,0,-1,"4","4","4","1"
"10","Cluster_1155_evm.TU.chromosome_12.1939","Cluster_1155","evm.TU.chromosome_12.1939",-0.4,0.6,-0.5,"4","4","4","1"
"11","Cluster_1155_evm.TU.chromosome_12.2814","Cluster_1155","evm.TU.chromosome_12.2814",0.2,0.2,-0.5,"4","4","4","1"
"12","Cluster_1155_evm.TU.chromosome_12.3757","Cluster_1155","evm.TU.chromosome_12.3757",-0.4,-0.4,-1,"3","3","3","5"
"13","Cluster_1155_evm.TU.chromosome_13.1892","Cluster_1155","evm.TU.chromosome_13.1892",-0.8,0.6,-1,"4","4","4","1"
"14","Cluster_1155_evm.TU.chromosome_13.2239","Cluster_1155","evm.TU.chromosome_13.2239",-0.6,0.2,-0.866025403784439,"4","4","4","1"
"15","Cluster_1155_evm.TU.chromosome_13.2865","Cluster_1155","evm.TU.chromosome_13.2865",-0.258198889747161,-0.316227766016838,-0.866025403784439,"3","3","3","5"
"16","Cluster_1155_evm.TU.chromosome_13.330","Cluster_1155","evm.TU.chromosome_13.330",0.4,0.8,-1,"4","4","4","1"
"17","Cluster_1155_evm.TU.chromosome_13.3852","Cluster_1155","evm.TU.chromosome_13.3852",0.4,-0.8,-1,"2","2","2","3"
"18","Cluster_1155_evm.TU.chromosome_14.1638","Cluster_1155","evm.TU.chromosome_14.1638",0.4,0.6,-1,"4","4","4","1"
"19","Cluster_1155_evm.TU.chromosome_14.5355","Cluster_1155","evm.TU.chromosome_14.5355",0,-0.316227766016838,-1,"2","2","2","3"
"20","Cluster_1155_evm.TU.chromosome_14.6291","Cluster_1155","evm.TU.chromosome_14.6291",1,-0.316227766016838,-0.5,"2","2","2","3"
"21","Cluster_1155_evm.TU.chromosome_14.647","Cluster_1155","evm.TU.chromosome_14.647",-0.258198889747161,0.4,-0.866025403784439,"4","4","4","1"
"22","Cluster_1155_evm.TU.chromosome_14.648","Cluster_1155","evm.TU.chromosome_14.648",0.2,1,-1,"4","4","4","1"
"23","Cluster_1155_evm.TU.chromosome_14.77","Cluster_1155","evm.TU.chromosome_14.77",0.774596669241483,0,-0.5,"2","2","2","3"
"24","Cluster_1155_evm.TU.chromosome_14.883","Cluster_1155","evm.TU.chromosome_14.883",-0.4,-0.2,-1,"4","4","4","1"
"25","Cluster_1155_evm.TU.chromosome_2.1067","Cluster_1155","evm.TU.chromosome_2.1067",-0.2,0.8,0.5,"5","5","5","2"
"26","Cluster_1155_evm.TU.chromosome_2.598","Cluster_1155","evm.TU.chromosome_2.598",-0.2,0.316227766016838,-1,"4","4","4","1"
"27","Cluster_1155_evm.TU.chromosome_4.1268","Cluster_1155","evm.TU.chromosome_4.1268",-0.2,0.316227766016838,-1,"4","4","4","1"
"28","Cluster_1155_evm.TU.chromosome_8.1545","Cluster_1155","evm.TU.chromosome_8.1545",0.210818510677892,0.774596669241483,-0.866025403784439,"4","4","4","1"
"29","Cluster_1192_evm.TU.chromosome_13.2442","Cluster_1192","evm.TU.chromosome_13.2442",0.737864787372622,-0.632455532033676,0.866025403784439,"1","1","1","4"
"30","Cluster_1192_evm.TU.chromosome_14.2776","Cluster_1192","evm.TU.chromosome_14.2776",-0.210818510677892,0.737864787372622,0.866025403784439,"5","5","5","2"
"31","Cluster_1192_evm.TU.chromosome_14.5633","Cluster_1192","evm.TU.chromosome_14.5633",0.774596669241483,0.2,0.866025403784439,"1","1","1","4"
"32","Cluster_1192_evm.TU.chromosome_4.660","Cluster_1192","evm.TU.chromosome_4.660",0.774596669241483,0.774596669241483,0.866025403784439,"3","3","3","5"
"33","Cluster_1192_evm.TU.chromosome_5.2793","Cluster_1192","evm.TU.chromosome_5.2793",-0.774596669241483,-0.105409255338946,0,"5","5","5","2"
"34","Cluster_1192_evm.TU.chromosome_6.345","Cluster_1192","evm.TU.chromosome_6.345",-0.737864787372622,0.258198889747161,0.866025403784439,"5","5","5","2"
"35","Cluster_1192_evm.TU.chromosome_7.2539","Cluster_1192","evm.TU.chromosome_7.2539",-0.737864787372622,0.737864787372622,0.866025403784439,"5","5","5","2"
"36","Cluster_137_evm.TU.chromosome_1.1170","Cluster_137","evm.TU.chromosome_1.1170",0.4,-0.8,-0.5,"2","2","2","3"
"37","Cluster_137_evm.TU.chromosome_1.1323","Cluster_137","evm.TU.chromosome_1.1323",0.632455532033676,-0.4,-0.866025403784439,"2","2","2","3"
"38","Cluster_137_evm.TU.chromosome_1.1867","Cluster_137","evm.TU.chromosome_1.1867",0.4,-0.8,-0.5,"2","2","2","3"
"39","Cluster_137_evm.TU.chromosome_1.322","Cluster_137","evm.TU.chromosome_1.322",0.2,-0.8,-0.5,"2","2","2","3"
"40","Cluster_137_evm.TU.chromosome_10.1098","Cluster_137","evm.TU.chromosome_10.1098",0.6,-0.737864787372622,-0.5,"2","2","2","3"
"41","Cluster_137_evm.TU.chromosome_10.1539","Cluster_137","evm.TU.chromosome_10.1539",-0.2,-0.8,-0.5,"3","3","3","5"
"42","Cluster_137_evm.TU.chromosome_10.1583","Cluster_137","evm.TU.chromosome_10.1583",-0.2,-0.4,-0.5,"3","3","3","5"
"43","Cluster_137_evm.TU.chromosome_10.1622","Cluster_137","evm.TU.chromosome_10.1622",-0.6,-0.8,-0.5,"3","3","3","5"
"44","Cluster_137_evm.TU.chromosome_10.2163","Cluster_137","evm.TU.chromosome_10.2163",-0.6,0.8,-0.5,"4","4","4","1"
"45","Cluster_137_evm.TU.chromosome_10.877","Cluster_137","evm.TU.chromosome_10.877",-0.4,-0.2,-1,"4","4","4","1"
"46","Cluster_137_evm.TU.chromosome_11.1231","Cluster_137","evm.TU.chromosome_11.1231",0.4,-0.8,0.5,"1","1","1","4"
"47","Cluster_137_evm.TU.chromosome_11.136","Cluster_137","evm.TU.chromosome_11.136",0.948683298050514,0.4,-0.5,"2","2","2","3"
"48","Cluster_137_evm.TU.chromosome_11.1719","Cluster_137","evm.TU.chromosome_11.1719",1,0.632455532033676,0.866025403784439,"3","3","3","5"
"49","Cluster_137_evm.TU.chromosome_11.1965","Cluster_137","evm.TU.chromosome_11.1965",0.4,0.8,0.5,"3","3","3","5"
"50","Cluster_137_evm.TU.chromosome_11.2242","Cluster_137","evm.TU.chromosome_11.2242",0.8,-0.8,0.5,"1","1","1","4"
"51","Cluster_137_evm.TU.chromosome_11.2465","Cluster_137","evm.TU.chromosome_11.2465",-0.4,-0.316227766016838,0.5,"1","1","1","4"
"52","Cluster_137_evm.TU.chromosome_11.250","Cluster_137","evm.TU.chromosome_11.250",-1,0.316227766016838,-0.5,"4","4","4","1"
"53","Cluster_137_evm.TU.chromosome_11.2944","Cluster_137","evm.TU.chromosome_11.2944",-0.8,0.4,-0.5,"4","4","4","1"
"54","Cluster_137_evm.TU.chromosome_11.330","Cluster_137","evm.TU.chromosome_11.330",0.4,0.4,0.5,"3","3","3","5"
"55","Cluster_137_evm.TU.chromosome_11.331","Cluster_137","evm.TU.chromosome_11.331",0.948683298050514,0.6,0.866025403784439,"3","3","3","5"
"56","Cluster_137_evm.TU.chromosome_11.338","Cluster_137","evm.TU.chromosome_11.338",-0.4,-0.6,-0.5,"3","3","3","5"
"57","Cluster_137_evm.TU.chromosome_11.396","Cluster_137","evm.TU.chromosome_11.396",-0.2,-0.737864787372622,-0.866025403784439,"2","2","2","3"
"58","Cluster_137_evm.TU.chromosome_11.406","Cluster_137","evm.TU.chromosome_11.406",0.210818510677892,-0.210818510677892,0.866025403784439,"1","1","1","4"
"59","Cluster_137_evm.TU.chromosome_11.413","Cluster_137","evm.TU.chromosome_11.413",1,-0.4,-0.5,"2","2","2","3"
"60","Cluster_137_evm.TU.chromosome_11.416","Cluster_137","evm.TU.chromosome_11.416",-1,0.4,-0.5,"4","4","4","1"
"61","Cluster_137_evm.TU.chromosome_11.675","Cluster_137","evm.TU.chromosome_11.675",-0.316227766016838,-0.737864787372622,-0.866025403784439,"2","2","2","3"
"62","Cluster_137_evm.TU.chromosome_12.1523","Cluster_137","evm.TU.chromosome_12.1523",0.774596669241483,0.2,0.5,"3","3","3","5"
"63","Cluster_137_evm.TU.chromosome_12.191","Cluster_137","evm.TU.chromosome_12.191",-0.6,0.8,-0.5,"4","4","4","1"
"64","Cluster_137_evm.TU.chromosome_12.1925","Cluster_137","evm.TU.chromosome_12.1925",0.4,-0.4,0.5,"1","1","1","4"
"65","Cluster_137_evm.TU.chromosome_12.2046","Cluster_137","evm.TU.chromosome_12.2046",0.4,-0.8,0.5,"1","1","1","4"
"66","Cluster_137_evm.TU.chromosome_12.2136","Cluster_137","evm.TU.chromosome_12.2136",-0.4,-0.737864787372622,-0.5,"3","3","3","5"
"67","Cluster_137_evm.TU.chromosome_12.2344","Cluster_137","evm.TU.chromosome_12.2344",-0.2,-1,-0.5,"1","1","1","4"
"68","Cluster_137_evm.TU.chromosome_12.2510","Cluster_137","evm.TU.chromosome_12.2510",0.4,-0.4,-1,"2","2","2","3"
"69","Cluster_137_evm.TU.chromosome_12.2512","Cluster_137","evm.TU.chromosome_12.2512",1,-0.737864787372622,-0.5,"2","2","2","3"
"70","Cluster_137_evm.TU.chromosome_12.2614","Cluster_137","evm.TU.chromosome_12.2614",-0.8,-0.4,-0.5,"3","3","3","5"
"71","Cluster_137_evm.TU.chromosome_12.2617","Cluster_137","evm.TU.chromosome_12.2617",0.8,0.2,0.5,"3","3","3","5"
"72","Cluster_137_evm.TU.chromosome_12.2785","Cluster_137","evm.TU.chromosome_12.2785",-0.4,0,-0.5,"3","3","3","5"
"73","Cluster_137_evm.TU.chromosome_12.3135","Cluster_137","evm.TU.chromosome_12.3135",0.2,-0.6,-0.5,"2","2","2","3"
"74","Cluster_137_evm.TU.chromosome_12.3285","Cluster_137","evm.TU.chromosome_12.3285",-0.8,0.6,-0.5,"4","4","4","1"
"75","Cluster_137_evm.TU.chromosome_12.3409","Cluster_137","evm.TU.chromosome_12.3409",-0.948683298050514,-0.2,0.5,"5","5","5","2"
"76","Cluster_137_evm.TU.chromosome_12.3694","Cluster_137","evm.TU.chromosome_12.3694",-0.8,-0.2,-0.5,"3","3","3","5"
"77","Cluster_137_evm.TU.chromosome_12.3952","Cluster_137","evm.TU.chromosome_12.3952",-0.4,-0.774596669241483,-0.5,"3","3","3","5"
"78","Cluster_137_evm.TU.chromosome_12.770","Cluster_137","evm.TU.chromosome_12.770",-0.8,-0.948683298050514,0.5,"1","1","1","4"
"79","Cluster_137_evm.TU.chromosome_13.1526","Cluster_137","evm.TU.chromosome_13.1526",1,0.2,0.5,"2","2","2","3"
"80","Cluster_137_evm.TU.chromosome_13.2502","Cluster_137","evm.TU.chromosome_13.2502",0.2,-0.2,-0.5,"2","2","2","3"
"81","Cluster_137_evm.TU.chromosome_13.2661","Cluster_137","evm.TU.chromosome_13.2661",1,-0.4,0.5,"1","1","1","4"
"82","Cluster_137_evm.TU.chromosome_13.275","Cluster_137","evm.TU.chromosome_13.275",-0.8,-0.4,0.5,"5","5","5","2"
"83","Cluster_137_evm.TU.chromosome_13.3466","Cluster_137","evm.TU.chromosome_13.3466",0.8,0,0.5,"1","1","1","4"
"84","Cluster_137_evm.TU.chromosome_13.3579","Cluster_137","evm.TU.chromosome_13.3579",0,-0.737864787372622,-0.866025403784439,"2","2","2","3"
"85","Cluster_137_evm.TU.chromosome_13.3671","Cluster_137","evm.TU.chromosome_13.3671",-0.4,-0.8,-0.5,"3","3","3","5"
"86","Cluster_137_evm.TU.chromosome_13.379","Cluster_137","evm.TU.chromosome_13.379",0.4,-0.4,-0.5,"2","2","2","3"
"87","Cluster_137_evm.TU.chromosome_13.782","Cluster_137","evm.TU.chromosome_13.782",0.632455532033676,0.948683298050514,0.5,"3","3","3","5"
"88","Cluster_137_evm.TU.chromosome_13.883","Cluster_137","evm.TU.chromosome_13.883",0.2,0.316227766016838,0.5,"3","3","3","5"
"89","Cluster_137_evm.TU.chromosome_14.1019","Cluster_137","evm.TU.chromosome_14.1019",0.210818510677892,0.8,-0.5,"4","4","4","1"
"90","Cluster_137_evm.TU.chromosome_14.130","Cluster_137","evm.TU.chromosome_14.130",-0.105409255338946,0.4,0.5,"3","3","3","5"
"91","Cluster_137_evm.TU.chromosome_14.2988","Cluster_137","evm.TU.chromosome_14.2988",0.2,-0.8,-1,"2","2","2","3"
"92","Cluster_137_evm.TU.chromosome_14.3801","Cluster_137","evm.TU.chromosome_14.3801",0.2,-0.948683298050514,-0.5,"2","2","2","3"
"93","Cluster_137_evm.TU.chromosome_14.4648","Cluster_137","evm.TU.chromosome_14.4648",0.8,1,0.5,"3","3","3","5"
"94","Cluster_137_evm.TU.chromosome_14.467","Cluster_137","evm.TU.chromosome_14.467",-0.4,-0.737864787372622,-0.866025403784439,"3","3","3","5"
"95","Cluster_137_evm.TU.chromosome_14.5166","Cluster_137","evm.TU.chromosome_14.5166",0.2,-0.2,0.5,"1","1","1","4"
"96","Cluster_137_evm.TU.chromosome_14.5205","Cluster_137","evm.TU.chromosome_14.5205",0.4,-0.4,-0.5,"2","2","2","3"
"97","Cluster_137_evm.TU.chromosome_14.5294","Cluster_137","evm.TU.chromosome_14.5294",0.4,-0.8,-0.5,"2","2","2","3"
"98","Cluster_137_evm.TU.chromosome_14.5584","Cluster_137","evm.TU.chromosome_14.5584",-0.2,-0.737864787372622,-0.5,"3","3","3","5"
"99","Cluster_137_evm.TU.chromosome_14.5803","Cluster_137","evm.TU.chromosome_14.5803",0.8,-0.2,0.5,"1","1","1","4"
"100","Cluster_137_evm.TU.chromosome_14.6697","Cluster_137","evm.TU.chromosome_14.6697",0.8,-0.4,1,"1","1","1","4"
"101","Cluster_137_evm.TU.chromosome_14.679","Cluster_137","evm.TU.chromosome_14.679",-0.4,-1,0.5,"1","1","1","4"
"102","Cluster_137_evm.TU.chromosome_2.1034","Cluster_137","evm.TU.chromosome_2.1034",-0.105409255338946,-0.4,0.866025403784439,"1","1","1","4"
"103","Cluster_137_evm.TU.chromosome_2.1098","Cluster_137","evm.TU.chromosome_2.1098",-0.4,-0.6,-0.5,"3","3","3","5"
"104","Cluster_137_evm.TU.chromosome_2.1208","Cluster_137","evm.TU.chromosome_2.1208",0.4,-0.948683298050514,-0.866025403784439,"2","2","2","3"
"105","Cluster_137_evm.TU.chromosome_2.1823","Cluster_137","evm.TU.chromosome_2.1823",-0.4,1,-0.5,"4","4","4","1"
"106","Cluster_137_evm.TU.chromosome_2.1987","Cluster_137","evm.TU.chromosome_2.1987",-0.4,-0.948683298050514,0.5,"1","1","1","4"
"107","Cluster_137_evm.TU.chromosome_2.255","Cluster_137","evm.TU.chromosome_2.255",0.8,-0.4,0.5,"1","1","1","4"
"108","Cluster_137_evm.TU.chromosome_2.591","Cluster_137","evm.TU.chromosome_2.591",-1,-0.4,0.5,"5","5","5","2"
"109","Cluster_137_evm.TU.chromosome_2.678","Cluster_137","evm.TU.chromosome_2.678",-0.4,-0.4,-0.5,"3","3","3","5"
"110","Cluster_137_evm.TU.chromosome_3.1035","Cluster_137","evm.TU.chromosome_3.1035",-0.6,-0.4,0.5,"5","5","5","2"
"111","Cluster_137_evm.TU.chromosome_3.139","Cluster_137","evm.TU.chromosome_3.139",0.8,-0.8,-0.5,"2","2","2","3"
"112","Cluster_137_evm.TU.chromosome_3.1566","Cluster_137","evm.TU.chromosome_3.1566",0.4,0.2,0.5,"3","3","3","5"
"113","Cluster_137_evm.TU.chromosome_3.1717","Cluster_137","evm.TU.chromosome_3.1717",0.8,0.8,-0.5,"4","4","4","1"
"114","Cluster_137_evm.TU.chromosome_3.542","Cluster_137","evm.TU.chromosome_3.542",-0.2,-1,-0.5,"1","1","1","4"
"115","Cluster_137_evm.TU.chromosome_3.733","Cluster_137","evm.TU.chromosome_3.733",0.8,-0.6,-0.5,"2","2","2","3"
"116","Cluster_137_evm.TU.chromosome_3.980","Cluster_137","evm.TU.chromosome_3.980",-0.4,0.2,1,"5","5","5","2"
"117","Cluster_137_evm.TU.chromosome_4.1350","Cluster_137","evm.TU.chromosome_4.1350",0.2,-0.8,0.5,"1","1","1","4"
"118","Cluster_137_evm.TU.chromosome_4.2151","Cluster_137","evm.TU.chromosome_4.2151",-0.8,-0.4,-0.5,"3","3","3","5"
"119","Cluster_137_evm.TU.chromosome_4.2203","Cluster_137","evm.TU.chromosome_4.2203",0.8,0.4,-0.5,"2","2","2","3"
"120","Cluster_137_evm.TU.chromosome_4.2300","Cluster_137","evm.TU.chromosome_4.2300",-0.8,0.6,0.5,"5","5","5","2"
"121","Cluster_137_evm.TU.chromosome_4.831","Cluster_137","evm.TU.chromosome_4.831",0.4,0.6,0.866025403784439,"3","3","3","5"
"122","Cluster_137_evm.TU.chromosome_5.1015","Cluster_137","evm.TU.chromosome_5.1015",0.2,-0.316227766016838,0.5,"1","1","1","4"
"123","Cluster_137_evm.TU.chromosome_5.1215","Cluster_137","evm.TU.chromosome_5.1215",-0.8,0.210818510677892,-0.866025403784439,"4","4","4","1"
"124","Cluster_137_evm.TU.chromosome_5.134","Cluster_137","evm.TU.chromosome_5.134",0.6,-0.4,0.5,"1","1","1","4"
"125","Cluster_137_evm.TU.chromosome_5.138","Cluster_137","evm.TU.chromosome_5.138",0.8,0.4,-0.5,"2","2","2","3"
"126","Cluster_137_evm.TU.chromosome_5.1936","Cluster_137","evm.TU.chromosome_5.1936",0.4,0,0.866025403784439,"1","1","1","4"
"127","Cluster_137_evm.TU.chromosome_5.2173","Cluster_137","evm.TU.chromosome_5.2173",-0.8,0.2,-0.5,"4","4","4","1"
"128","Cluster_137_evm.TU.chromosome_5.2402","Cluster_137","evm.TU.chromosome_5.2402",0.8,0.2,0.5,"3","3","3","5"
"129","Cluster_137_evm.TU.chromosome_5.928","Cluster_137","evm.TU.chromosome_5.928",0.6,-0.8,0.5,"1","1","1","4"
"130","Cluster_137_evm.TU.chromosome_6.1538","Cluster_137","evm.TU.chromosome_6.1538",-0.4,-0.4,-0.5,"3","3","3","5"
"131","Cluster_137_evm.TU.chromosome_6.2824","Cluster_137","evm.TU.chromosome_6.2824",0.4,0.8,0.5,"3","3","3","5"
"132","Cluster_137_evm.TU.chromosome_6.591","Cluster_137","evm.TU.chromosome_6.591",0.8,-0.8,0.866025403784439,"1","1","1","4"
"133","Cluster_137_evm.TU.chromosome_6.906","Cluster_137","evm.TU.chromosome_6.906",-0.8,-0.4,0.5,"5","5","5","2"
"134","Cluster_137_evm.TU.chromosome_7.1106","Cluster_137","evm.TU.chromosome_7.1106",0.210818510677892,0.6,0.866025403784439,"3","3","3","5"
"135","Cluster_137_evm.TU.chromosome_7.1661","Cluster_137","evm.TU.chromosome_7.1661",-0.774596669241483,-0.258198889747161,0.866025403784439,"5","5","5","2"
"136","Cluster_137_evm.TU.chromosome_7.2087","Cluster_137","evm.TU.chromosome_7.2087",0.6,0,-0.5,"2","2","2","3"
"137","Cluster_137_evm.TU.chromosome_7.2336","Cluster_137","evm.TU.chromosome_7.2336",-0.8,-0.2,-0.5,"3","3","3","5"
"138","Cluster_137_evm.TU.chromosome_7.2590","Cluster_137","evm.TU.chromosome_7.2590",-0.4,-0.4,-0.5,"3","3","3","5"
"139","Cluster_137_evm.TU.chromosome_7.33","Cluster_137","evm.TU.chromosome_7.33",-0.6,0,0.5,"5","5","5","2"
"140","Cluster_137_evm.TU.chromosome_7.451","Cluster_137","evm.TU.chromosome_7.451",-0.4,-0.4,-0.5,"3","3","3","5"
"141","Cluster_137_evm.TU.chromosome_7.466","Cluster_137","evm.TU.chromosome_7.466",-0.6,0.8,-0.5,"4","4","4","1"
"142","Cluster_137_evm.TU.chromosome_8.1090","Cluster_137","evm.TU.chromosome_8.1090",0.6,-1,0.5,"1","1","1","4"
"143","Cluster_137_evm.TU.chromosome_8.168","Cluster_137","evm.TU.chromosome_8.168",-0.4,0.6,-1,"4","4","4","1"
"144","Cluster_137_evm.TU.chromosome_8.2168","Cluster_137","evm.TU.chromosome_8.2168",0.4,-0.4,-0.5,"2","2","2","3"
"145","Cluster_137_evm.TU.chromosome_8.2491","Cluster_137","evm.TU.chromosome_8.2491",-0.4,-1,0.5,"1","1","1","4"
"146","Cluster_137_evm.TU.chromosome_8.2587","Cluster_137","evm.TU.chromosome_8.2587",0,-0.8,0.5,"1","1","1","4"
"147","Cluster_137_evm.TU.chromosome_8.297","Cluster_137","evm.TU.chromosome_8.297",-0.8,0.737864787372622,-0.866025403784439,"4","4","4","1"
"148","Cluster_137_evm.TU.chromosome_8.810","Cluster_137","evm.TU.chromosome_8.810",-0.8,0.6,-0.5,"4","4","4","1"
"149","Cluster_137_evm.TU.chromosome_8.818","Cluster_137","evm.TU.chromosome_8.818",-0.8,-0.737864787372622,-0.5,"3","3","3","5"
"150","Cluster_137_evm.TU.chromosome_9.1561","Cluster_137","evm.TU.chromosome_9.1561",-0.4,0.4,-0.5,"4","4","4","1"
"151","Cluster_137_evm.TU.chromosome_9.2109","Cluster_137","evm.TU.chromosome_9.2109",-0.8,-0.8,-0.5,"3","3","3","5"
"152","Cluster_137_evm.TU.chromosome_9.2239","Cluster_137","evm.TU.chromosome_9.2239",0,-1,-0.5,"2","2","2","3"
"153","Cluster_137_evm.TU.chromosome_9.422","Cluster_137","evm.TU.chromosome_9.422",-0.8,-0.316227766016838,-0.5,"3","3","3","5"
"154","Cluster_137_evm.TU.chromosome_9.470","Cluster_137","evm.TU.chromosome_9.470",0.8,-0.737864787372622,-0.866025403784439,"2","2","2","3"
"155","Cluster_137_evm.TU.chromosome_9.478","Cluster_137","evm.TU.chromosome_9.478",-0.6,0.316227766016838,-0.5,"4","4","4","1"
"156","Cluster_137_evm.TU.chromosome_9.593","Cluster_137","evm.TU.chromosome_9.593",-0.4,0.2,0.5,"5","5","5","2"
"157","Cluster_1411_evm.TU.chromosome_1.1075","Cluster_1411","evm.TU.chromosome_1.1075",0.2,-0.2,0.5,"1","1","1","4"
"158","Cluster_1411_evm.TU.chromosome_1.1229","Cluster_1411","evm.TU.chromosome_1.1229",-0.4,0.2,1,"5","5","5","2"
"159","Cluster_1411_evm.TU.chromosome_1.1366","Cluster_1411","evm.TU.chromosome_1.1366",-0.4,0.8,1,"5","5","5","2"
"160","Cluster_1411_evm.TU.chromosome_1.871","Cluster_1411","evm.TU.chromosome_1.871",0.4,0.8,1,"3","3","3","5"
"161","Cluster_1411_evm.TU.chromosome_10.1471","Cluster_1411","evm.TU.chromosome_10.1471",0.2,0.8,1,"5","5","5","2"
"162","Cluster_1411_evm.TU.chromosome_10.2094","Cluster_1411","evm.TU.chromosome_10.2094",1,-0.6,1,"1","1","1","4"
"163","Cluster_1411_evm.TU.chromosome_10.2395","Cluster_1411","evm.TU.chromosome_10.2395",0.8,0.8,-0.5,"4","4","4","1"
"164","Cluster_1411_evm.TU.chromosome_10.2704","Cluster_1411","evm.TU.chromosome_10.2704",0.2,-0.4,1,"1","1","1","4"
"165","Cluster_1411_evm.TU.chromosome_10.3000","Cluster_1411","evm.TU.chromosome_10.3000",0,-0.4,1,"1","1","1","4"
"166","Cluster_1411_evm.TU.chromosome_10.400","Cluster_1411","evm.TU.chromosome_10.400",-0.4,-0.8,0.5,"1","1","1","4"
"167","Cluster_1411_evm.TU.chromosome_11.1073","Cluster_1411","evm.TU.chromosome_11.1073",-0.8,0.4,0.5,"5","5","5","2"
"168","Cluster_1411_evm.TU.chromosome_11.1151","Cluster_1411","evm.TU.chromosome_11.1151",-0.8,0.4,-1,"4","4","4","1"
"169","Cluster_1411_evm.TU.chromosome_11.587","Cluster_1411","evm.TU.chromosome_11.587",-0.4,0.8,1,"5","5","5","2"
"170","Cluster_1411_evm.TU.chromosome_11.65","Cluster_1411","evm.TU.chromosome_11.65",-0.2,0.8,1,"5","5","5","2"
"171","Cluster_1411_evm.TU.chromosome_11.959","Cluster_1411","evm.TU.chromosome_11.959",0.4,0.6,1,"3","3","3","5"
"172","Cluster_1411_evm.TU.chromosome_12.1048","Cluster_1411","evm.TU.chromosome_12.1048",0.6,0.774596669241483,1,"3","3","3","5"
"173","Cluster_1411_evm.TU.chromosome_12.113","Cluster_1411","evm.TU.chromosome_12.113",-0.6,-0.4,-1,"3","3","3","5"
"174","Cluster_1411_evm.TU.chromosome_12.1925","Cluster_1411","evm.TU.chromosome_12.1925",0.6,0.6,1,"3","3","3","5"
"175","Cluster_1411_evm.TU.chromosome_12.2115","Cluster_1411","evm.TU.chromosome_12.2115",-0.6,-0.2,0.5,"5","5","5","2"
"176","Cluster_1411_evm.TU.chromosome_12.215","Cluster_1411","evm.TU.chromosome_12.215",1,-0.8,-0.5,"2","2","2","3"
"177","Cluster_1411_evm.TU.chromosome_12.2471","Cluster_1411","evm.TU.chromosome_12.2471",-0.258198889747161,-0.6,0.5,"1","1","1","4"
"178","Cluster_1411_evm.TU.chromosome_12.2488","Cluster_1411","evm.TU.chromosome_12.2488",-0.4,-0.2,1,"5","5","5","2"
"179","Cluster_1411_evm.TU.chromosome_12.3298","Cluster_1411","evm.TU.chromosome_12.3298",-0.8,0,0,"5","5","5","2"
"180","Cluster_1411_evm.TU.chromosome_12.920","Cluster_1411","evm.TU.chromosome_12.920",-0.8,0.316227766016838,0.866025403784439,"5","5","5","2"
"181","Cluster_1411_evm.TU.chromosome_13.108","Cluster_1411","evm.TU.chromosome_13.108",-0.2,0.2,1,"5","5","5","2"
"182","Cluster_1411_evm.TU.chromosome_13.1257","Cluster_1411","evm.TU.chromosome_13.1257",0,-0.4,0.5,"1","1","1","4"
"183","Cluster_1411_evm.TU.chromosome_13.1419","Cluster_1411","evm.TU.chromosome_13.1419",-0.8,-0.2,1,"5","5","5","2"
"184","Cluster_1411_evm.TU.chromosome_13.1635","Cluster_1411","evm.TU.chromosome_13.1635",0.8,0.2,0.5,"3","3","3","5"
"185","Cluster_1411_evm.TU.chromosome_13.1989","Cluster_1411","evm.TU.chromosome_13.1989",0.4,0.4,-0.5,"4","4","4","1"
"186","Cluster_1411_evm.TU.chromosome_13.2149","Cluster_1411","evm.TU.chromosome_13.2149",-0.316227766016838,0.316227766016838,1,"5","5","5","2"
"187","Cluster_1411_evm.TU.chromosome_13.2426","Cluster_1411","evm.TU.chromosome_13.2426",0,0.774596669241483,0.5,"3","3","3","5"
"188","Cluster_1411_evm.TU.chromosome_13.2693","Cluster_1411","evm.TU.chromosome_13.2693",0.8,0.4,1,"1","1","1","4"
"189","Cluster_1411_evm.TU.chromosome_13.3063","Cluster_1411","evm.TU.chromosome_13.3063",0.4,0.8,0.5,"3","3","3","5"
"190","Cluster_1411_evm.TU.chromosome_13.314","Cluster_1411","evm.TU.chromosome_13.314",-0.2,0.210818510677892,-1,"4","4","4","1"
"191","Cluster_1411_evm.TU.chromosome_13.3142","Cluster_1411","evm.TU.chromosome_13.3142",-0.2,0.4,0.5,"5","5","5","2"
"192","Cluster_1411_evm.TU.chromosome_13.3198","Cluster_1411","evm.TU.chromosome_13.3198",0.8,-0.2,-1,"2","2","2","3"
"193","Cluster_1411_evm.TU.chromosome_13.3342","Cluster_1411","evm.TU.chromosome_13.3342",-0.6,-0.2,1,"5","5","5","2"
"194","Cluster_1411_evm.TU.chromosome_13.3834","Cluster_1411","evm.TU.chromosome_13.3834",0.737864787372622,-0.774596669241483,0.866025403784439,"1","1","1","4"
"195","Cluster_1411_evm.TU.chromosome_13.827","Cluster_1411","evm.TU.chromosome_13.827",-0.4,-0.316227766016838,0,"3","3","3","5"
"196","Cluster_1411_evm.TU.chromosome_13.910","Cluster_1411","evm.TU.chromosome_13.910",0.316227766016838,-0.774596669241483,0.866025403784439,"1","1","1","4"
"197","Cluster_1411_evm.TU.chromosome_14.129","Cluster_1411","evm.TU.chromosome_14.129",0.4,-0.4,1,"1","1","1","4"
"198","Cluster_1411_evm.TU.chromosome_14.1305","Cluster_1411","evm.TU.chromosome_14.1305",0.6,-0.4,1,"1","1","1","4"
"199","Cluster_1411_evm.TU.chromosome_14.1550","Cluster_1411","evm.TU.chromosome_14.1550",0,-0.6,0,"1","1","1","4"
"200","Cluster_1411_evm.TU.chromosome_14.5550","Cluster_1411","evm.TU.chromosome_14.5550",-0.6,0.774596669241483,-1,"4","4","4","1"
"201","Cluster_1411_evm.TU.chromosome_14.7068","Cluster_1411","evm.TU.chromosome_14.7068",0.8,-0.2,-0.5,"2","2","2","3"
"202","Cluster_1411_evm.TU.chromosome_14.7275","Cluster_1411","evm.TU.chromosome_14.7275",-0.2,0.4,0.5,"5","5","5","2"
"203","Cluster_1411_evm.TU.chromosome_2.1049","Cluster_1411","evm.TU.chromosome_2.1049",-0.316227766016838,0.316227766016838,0.5,"5","5","5","2"
"204","Cluster_1411_evm.TU.chromosome_2.1273","Cluster_1411","evm.TU.chromosome_2.1273",0.4,-0.6,1,"1","1","1","4"
"205","Cluster_1411_evm.TU.chromosome_2.1571","Cluster_1411","evm.TU.chromosome_2.1571",-1,0.4,-0.5,"4","4","4","1"
"206","Cluster_1411_evm.TU.chromosome_2.2089","Cluster_1411","evm.TU.chromosome_2.2089",0.4,0.4,1,"3","3","3","5"
"207","Cluster_1411_evm.TU.chromosome_2.338","Cluster_1411","evm.TU.chromosome_2.338",1,0.2,1,"1","1","1","4"
"208","Cluster_1411_evm.TU.chromosome_2.423","Cluster_1411","evm.TU.chromosome_2.423",0.4,-0.4,0.5,"1","1","1","4"
"209","Cluster_1411_evm.TU.chromosome_2.428","Cluster_1411","evm.TU.chromosome_2.428",-0.6,0,0.5,"5","5","5","2"
"210","Cluster_1411_evm.TU.chromosome_3.1163","Cluster_1411","evm.TU.chromosome_3.1163",0.6,0.4,0.5,"3","3","3","5"
"211","Cluster_1411_evm.TU.chromosome_3.1909","Cluster_1411","evm.TU.chromosome_3.1909",-0.6,-0.8,0,"1","1","1","4"
"212","Cluster_1411_evm.TU.chromosome_3.509","Cluster_1411","evm.TU.chromosome_3.509",-0.4,-0.8,1,"1","1","1","4"
"213","Cluster_1411_evm.TU.chromosome_3.510","Cluster_1411","evm.TU.chromosome_3.510",0.8,0.4,1,"1","1","1","4"
"214","Cluster_1411_evm.TU.chromosome_4.1134","Cluster_1411","evm.TU.chromosome_4.1134",-0.2,-0.2,0.5,"1","1","1","4"
"215","Cluster_1411_evm.TU.chromosome_4.1432","Cluster_1411","evm.TU.chromosome_4.1432",0.4,0,1,"1","1","1","4"
"216","Cluster_1411_evm.TU.chromosome_4.1911","Cluster_1411","evm.TU.chromosome_4.1911",-0.8,0.4,0.5,"5","5","5","2"
"217","Cluster_1411_evm.TU.chromosome_4.603","Cluster_1411","evm.TU.chromosome_4.603",-0.4,0.737864787372622,0.866025403784439,"5","5","5","2"
"218","Cluster_1411_evm.TU.chromosome_4.793","Cluster_1411","evm.TU.chromosome_4.793",0.4,0.4,1,"3","3","3","5"
"219","Cluster_1411_evm.TU.chromosome_5.1395","Cluster_1411","evm.TU.chromosome_5.1395",-0.8,-0.8,1,"1","1","1","4"
"220","Cluster_1411_evm.TU.chromosome_5.241","Cluster_1411","evm.TU.chromosome_5.241",-0.4,0.6,0.5,"5","5","5","2"
"221","Cluster_1411_evm.TU.chromosome_5.2540","Cluster_1411","evm.TU.chromosome_5.2540",-0.4,0.4,-0.5,"4","4","4","1"
"222","Cluster_1411_evm.TU.chromosome_5.2672","Cluster_1411","evm.TU.chromosome_5.2672",0.6,-0.4,1,"1","1","1","4"
"223","Cluster_1411_evm.TU.chromosome_5.2823","Cluster_1411","evm.TU.chromosome_5.2823",-0.8,-1,0.5,"1","1","1","4"
"224","Cluster_1411_evm.TU.chromosome_5.954","Cluster_1411","evm.TU.chromosome_5.954",0.737864787372622,-0.8,0.5,"1","1","1","4"
"225","Cluster_1411_evm.TU.chromosome_6.1198","Cluster_1411","evm.TU.chromosome_6.1198",1,0.8,0.5,"3","3","3","5"
"226","Cluster_1411_evm.TU.chromosome_6.1216","Cluster_1411","evm.TU.chromosome_6.1216",0,0.4,-1,"4","4","4","1"
"227","Cluster_1411_evm.TU.chromosome_6.2081","Cluster_1411","evm.TU.chromosome_6.2081",0.4,-0.948683298050514,0.5,"1","1","1","4"
"228","Cluster_1411_evm.TU.chromosome_6.2165","Cluster_1411","evm.TU.chromosome_6.2165",0.8,0.8,1,"3","3","3","5"
"229","Cluster_1411_evm.TU.chromosome_6.238","Cluster_1411","evm.TU.chromosome_6.238",-0.316227766016838,0.737864787372622,0,"4","4","4","1"
"230","Cluster_1411_evm.TU.chromosome_6.2569","Cluster_1411","evm.TU.chromosome_6.2569",0,0,1,"1","1","1","4"
"231","Cluster_1411_evm.TU.chromosome_6.2623","Cluster_1411","evm.TU.chromosome_6.2623",0.4,0,0.5,"3","3","3","5"
"232","Cluster_1411_evm.TU.chromosome_6.2816","Cluster_1411","evm.TU.chromosome_6.2816",0.4,-0.4,1,"1","1","1","4"
"233","Cluster_1411_evm.TU.chromosome_6.321","Cluster_1411","evm.TU.chromosome_6.321",-0.774596669241483,-0.737864787372622,1,"1","1","1","4"
"234","Cluster_1411_evm.TU.chromosome_6.484","Cluster_1411","evm.TU.chromosome_6.484",0.8,0.4,1,"1","1","1","4"
"235","Cluster_1411_evm.TU.chromosome_6.485","Cluster_1411","evm.TU.chromosome_6.485",0.258198889747161,-0.774596669241483,0.5,"1","1","1","4"
"236","Cluster_1411_evm.TU.chromosome_6.488","Cluster_1411","evm.TU.chromosome_6.488",-0.8,0.4,0.5,"5","5","5","2"
"237","Cluster_1411_evm.TU.chromosome_6.518","Cluster_1411","evm.TU.chromosome_6.518",0,0,0.5,"3","3","3","5"
"238","Cluster_1411_evm.TU.chromosome_6.7","Cluster_1411","evm.TU.chromosome_6.7",-0.4,-0.8,-1,"2","2","2","3"
"239","Cluster_1411_evm.TU.chromosome_6.998","Cluster_1411","evm.TU.chromosome_6.998",-0.8,0.8,0.5,"5","5","5","2"
"240","Cluster_1411_evm.TU.chromosome_7.1374","Cluster_1411","evm.TU.chromosome_7.1374",0.4,-0.4,1,"1","1","1","4"
"241","Cluster_1411_evm.TU.chromosome_7.2616","Cluster_1411","evm.TU.chromosome_7.2616",0.4,0,0.5,"3","3","3","5"
"242","Cluster_1411_evm.TU.chromosome_7.2745","Cluster_1411","evm.TU.chromosome_7.2745",0.258198889747161,-0.258198889747161,0.866025403784439,"1","1","1","4"
"243","Cluster_1411_evm.TU.chromosome_7.465","Cluster_1411","evm.TU.chromosome_7.465",0.8,-0.2,1,"1","1","1","4"
"244","Cluster_1411_evm.TU.chromosome_7.766","Cluster_1411","evm.TU.chromosome_7.766",0.4,0,-0.5,"2","2","2","3"
"245","Cluster_1411_evm.TU.chromosome_7.918","Cluster_1411","evm.TU.chromosome_7.918",-0.774596669241483,-0.316227766016838,1,"5","5","5","2"
"246","Cluster_1411_evm.TU.chromosome_8.1100","Cluster_1411","evm.TU.chromosome_8.1100",1,-0.8,-1,"2","2","2","3"
"247","Cluster_1411_evm.TU.chromosome_8.2458","Cluster_1411","evm.TU.chromosome_8.2458",-0.4,0.4,1,"5","5","5","2"
"248","Cluster_1411_evm.TU.chromosome_8.2688","Cluster_1411","evm.TU.chromosome_8.2688",-0.6,0.4,0.5,"5","5","5","2"
"249","Cluster_1411_evm.TU.chromosome_9.1026","Cluster_1411","evm.TU.chromosome_9.1026",-0.4,0.8,-0.5,"4","4","4","1"
"250","Cluster_1411_evm.TU.chromosome_9.1075","Cluster_1411","evm.TU.chromosome_9.1075",0,0,1,"1","1","1","4"
"251","Cluster_1411_evm.TU.chromosome_9.1081","Cluster_1411","evm.TU.chromosome_9.1081",0.6,-0.8,0.5,"1","1","1","4"
"252","Cluster_1411_evm.TU.chromosome_9.1257","Cluster_1411","evm.TU.chromosome_9.1257",0.8,-0.2,0.5,"1","1","1","4"
"253","Cluster_1411_evm.TU.chromosome_9.1344","Cluster_1411","evm.TU.chromosome_9.1344",-0.8,1,0.866025403784439,"5","5","5","2"
"254","Cluster_1411_evm.TU.chromosome_9.1575","Cluster_1411","evm.TU.chromosome_9.1575",-0.4,-0.4,0.866025403784439,"1","1","1","4"
"255","Cluster_1411_evm.TU.chromosome_9.2226","Cluster_1411","evm.TU.chromosome_9.2226",0.4,-0.8,0.5,"1","1","1","4"
"256","Cluster_1411_evm.TU.chromosome_9.2369","Cluster_1411","evm.TU.chromosome_9.2369",0.6,0.105409255338946,0.5,"3","3","3","5"
"257","Cluster_1411_evm.TU.chromosome_9.2443","Cluster_1411","evm.TU.chromosome_9.2443",0.2,-0.4,1,"1","1","1","4"
"258","Cluster_1411_evm.TU.chromosome_9.2751","Cluster_1411","evm.TU.chromosome_9.2751",0,-0.4,1,"1","1","1","4"
"259","Cluster_1452_evm.TU.chromosome_1.10","Cluster_1452","evm.TU.chromosome_1.10",0.8,0.737864787372622,0.866025403784439,"3","3","3","5"
"260","Cluster_1452_evm.TU.chromosome_1.1640","Cluster_1452","evm.TU.chromosome_1.1640",0.4,0.2,1,"1","1","1","4"
"261","Cluster_1452_evm.TU.chromosome_1.1648","Cluster_1452","evm.TU.chromosome_1.1648",0.2,-1,1,"1","1","1","4"
"262","Cluster_1452_evm.TU.chromosome_1.1781","Cluster_1452","evm.TU.chromosome_1.1781",-0.8,0.2,-1,"4","4","4","1"
"263","Cluster_1452_evm.TU.chromosome_1.1794","Cluster_1452","evm.TU.chromosome_1.1794",0.4,-0.4,0.5,"1","1","1","4"
"264","Cluster_1452_evm.TU.chromosome_1.1838","Cluster_1452","evm.TU.chromosome_1.1838",-0.2,0.258198889747161,-1,"4","4","4","1"
"265","Cluster_1452_evm.TU.chromosome_1.1863","Cluster_1452","evm.TU.chromosome_1.1863",0.8,-0.2,0.5,"1","1","1","4"
"266","Cluster_1452_evm.TU.chromosome_1.457","Cluster_1452","evm.TU.chromosome_1.457",-1,-0.4,1,"5","5","5","2"
"267","Cluster_1452_evm.TU.chromosome_1.47","Cluster_1452","evm.TU.chromosome_1.47",-0.8,0.4,1,"5","5","5","2"
"268","Cluster_1452_evm.TU.chromosome_1.483","Cluster_1452","evm.TU.chromosome_1.483",-0.8,-0.258198889747161,0,"5","5","5","2"
"269","Cluster_1452_evm.TU.chromosome_1.598","Cluster_1452","evm.TU.chromosome_1.598",-0.2,0.8,1,"5","5","5","2"
"270","Cluster_1452_evm.TU.chromosome_1.681","Cluster_1452","evm.TU.chromosome_1.681",0,0.210818510677892,1,"5","5","5","2"
"271","Cluster_1452_evm.TU.chromosome_1.728","Cluster_1452","evm.TU.chromosome_1.728",1,0.4,0.5,"2","2","2","3"
"272","Cluster_1452_evm.TU.chromosome_10.1392","Cluster_1452","evm.TU.chromosome_10.1392",1,0.4,1,"1","1","1","4"
"273","Cluster_1452_evm.TU.chromosome_10.1413","Cluster_1452","evm.TU.chromosome_10.1413",-0.4,0.4,1,"5","5","5","2"
"274","Cluster_1452_evm.TU.chromosome_10.1435","Cluster_1452","evm.TU.chromosome_10.1435",0.4,-0.8,1,"1","1","1","4"
"275","Cluster_1452_evm.TU.chromosome_10.1692","Cluster_1452","evm.TU.chromosome_10.1692",-0.2,-1,0.5,"1","1","1","4"
"276","Cluster_1452_evm.TU.chromosome_10.1701","Cluster_1452","evm.TU.chromosome_10.1701",-0.4,0.4,1,"5","5","5","2"
"277","Cluster_1452_evm.TU.chromosome_10.1854","Cluster_1452","evm.TU.chromosome_10.1854",0.6,0.4,1,"1","1","1","4"
"278","Cluster_1452_evm.TU.chromosome_10.1888","Cluster_1452","evm.TU.chromosome_10.1888",-0.2,-1,0.5,"1","1","1","4"
"279","Cluster_1452_evm.TU.chromosome_10.194","Cluster_1452","evm.TU.chromosome_10.194",0,0.8,-0.5,"4","4","4","1"
"280","Cluster_1452_evm.TU.chromosome_10.2198","Cluster_1452","evm.TU.chromosome_10.2198",0.4,-0.8,0.5,"1","1","1","4"
"281","Cluster_1452_evm.TU.chromosome_10.2395","Cluster_1452","evm.TU.chromosome_10.2395",-0.8,-0.2,-1,"4","4","4","1"
"282","Cluster_1452_evm.TU.chromosome_10.2463","Cluster_1452","evm.TU.chromosome_10.2463",0.6,0.774596669241483,1,"3","3","3","5"
"283","Cluster_1452_evm.TU.chromosome_10.2595","Cluster_1452","evm.TU.chromosome_10.2595",0.4,-0.4,-0.5,"2","2","2","3"
"284","Cluster_1452_evm.TU.chromosome_10.2613","Cluster_1452","evm.TU.chromosome_10.2613",0.4,0,-1,"2","2","2","3"
"285","Cluster_1452_evm.TU.chromosome_10.2886","Cluster_1452","evm.TU.chromosome_10.2886",-0.6,0.632455532033676,1,"5","5","5","2"
"286","Cluster_1452_evm.TU.chromosome_10.2937","Cluster_1452","evm.TU.chromosome_10.2937",-0.948683298050514,-0.4,0.5,"5","5","5","2"
"287","Cluster_1452_evm.TU.chromosome_10.2938","Cluster_1452","evm.TU.chromosome_10.2938",-0.948683298050514,0,0,"5","5","5","2"
"288","Cluster_1452_evm.TU.chromosome_10.3020","Cluster_1452","evm.TU.chromosome_10.3020",0.4,0.4,-0.5,"4","4","4","1"
"289","Cluster_1452_evm.TU.chromosome_10.3172","Cluster_1452","evm.TU.chromosome_10.3172",-0.6,0.2,1,"5","5","5","2"
"290","Cluster_1452_evm.TU.chromosome_10.3206","Cluster_1452","evm.TU.chromosome_10.3206",-0.737864787372622,0.4,0.5,"5","5","5","2"
"291","Cluster_1452_evm.TU.chromosome_10.347","Cluster_1452","evm.TU.chromosome_10.347",0,0,1,"1","1","1","4"
"292","Cluster_1452_evm.TU.chromosome_10.37","Cluster_1452","evm.TU.chromosome_10.37",0.4,0.4,0.5,"3","3","3","5"
"293","Cluster_1452_evm.TU.chromosome_10.669","Cluster_1452","evm.TU.chromosome_10.669",0,0.632455532033676,0,"4","4","4","1"
"294","Cluster_1452_evm.TU.chromosome_10.691","Cluster_1452","evm.TU.chromosome_10.691",0,0.4,1,"5","5","5","2"
"295","Cluster_1452_evm.TU.chromosome_10.885","Cluster_1452","evm.TU.chromosome_10.885",0,0.210818510677892,-0.5,"4","4","4","1"
"296","Cluster_1452_evm.TU.chromosome_10.99","Cluster_1452","evm.TU.chromosome_10.99",-0.4,-0.4,-1,"3","3","3","5"
"297","Cluster_1452_evm.TU.chromosome_11.1158","Cluster_1452","evm.TU.chromosome_11.1158",0.8,0.2,-0.5,"2","2","2","3"
"298","Cluster_1452_evm.TU.chromosome_11.1168","Cluster_1452","evm.TU.chromosome_11.1168",-0.4,0,-1,"4","4","4","1"
"299","Cluster_1452_evm.TU.chromosome_11.1215","Cluster_1452","evm.TU.chromosome_11.1215",-0.8,-0.2,0.5,"5","5","5","2"
"300","Cluster_1452_evm.TU.chromosome_11.1274","Cluster_1452","evm.TU.chromosome_11.1274",0.6,0.4,0.5,"3","3","3","5"
"301","Cluster_1452_evm.TU.chromosome_11.1286","Cluster_1452","evm.TU.chromosome_11.1286",0.8,0.210818510677892,1,"1","1","1","4"
"302","Cluster_1452_evm.TU.chromosome_11.1356","Cluster_1452","evm.TU.chromosome_11.1356",0,-0.2,1,"1","1","1","4"
"303","Cluster_1452_evm.TU.chromosome_11.1862","Cluster_1452","evm.TU.chromosome_11.1862",0.4,0,1,"1","1","1","4"
"304","Cluster_1452_evm.TU.chromosome_11.1907","Cluster_1452","evm.TU.chromosome_11.1907",-0.2,0.2,1,"5","5","5","2"
"305","Cluster_1452_evm.TU.chromosome_11.1963","Cluster_1452","evm.TU.chromosome_11.1963",0.4,0.2,1,"1","1","1","4"
"306","Cluster_1452_evm.TU.chromosome_11.2055","Cluster_1452","evm.TU.chromosome_11.2055",0,0.4,1,"5","5","5","2"
"307","Cluster_1452_evm.TU.chromosome_11.2190","Cluster_1452","evm.TU.chromosome_11.2190",0.8,0.8,1,"3","3","3","5"
"308","Cluster_1452_evm.TU.chromosome_11.2473","Cluster_1452","evm.TU.chromosome_11.2473",-0.6,1,1,"5","5","5","2"
"309","Cluster_1452_evm.TU.chromosome_11.2716","Cluster_1452","evm.TU.chromosome_11.2716",0,0.2,0.5,"3","3","3","5"
"310","Cluster_1452_evm.TU.chromosome_11.2822","Cluster_1452","evm.TU.chromosome_11.2822",-0.4,0.4,-1,"4","4","4","1"
"311","Cluster_1452_evm.TU.chromosome_11.2872","Cluster_1452","evm.TU.chromosome_11.2872",-0.8,-0.8,1,"1","1","1","4"
"312","Cluster_1452_evm.TU.chromosome_11.293","Cluster_1452","evm.TU.chromosome_11.293",0.4,0,-0.5,"2","2","2","3"
"313","Cluster_1452_evm.TU.chromosome_11.294","Cluster_1452","evm.TU.chromosome_11.294",0.4,-0.6,0.5,"1","1","1","4"
"314","Cluster_1452_evm.TU.chromosome_11.3084","Cluster_1452","evm.TU.chromosome_11.3084",0.8,0.8,1,"3","3","3","5"
"315","Cluster_1452_evm.TU.chromosome_11.3088","Cluster_1452","evm.TU.chromosome_11.3088",0.4,-0.8,1,"1","1","1","4"
"316","Cluster_1452_evm.TU.chromosome_11.40","Cluster_1452","evm.TU.chromosome_11.40",0.8,-0.8,-0.5,"2","2","2","3"
"317","Cluster_1452_evm.TU.chromosome_11.45","Cluster_1452","evm.TU.chromosome_11.45",-0.2,-1,0.5,"1","1","1","4"
"318","Cluster_1452_evm.TU.chromosome_11.664","Cluster_1452","evm.TU.chromosome_11.664",0.8,0.4,1,"1","1","1","4"
"319","Cluster_1452_evm.TU.chromosome_11.769","Cluster_1452","evm.TU.chromosome_11.769",-0.2,-0.4,-1,"2","2","2","3"
"320","Cluster_1452_evm.TU.chromosome_11.79","Cluster_1452","evm.TU.chromosome_11.79",-1,-0.6,1,"5","5","5","2"
"321","Cluster_1452_evm.TU.chromosome_11.827","Cluster_1452","evm.TU.chromosome_11.827",0.2,0.2,0.5,"3","3","3","5"
"322","Cluster_1452_evm.TU.chromosome_11.844","Cluster_1452","evm.TU.chromosome_11.844",-0.737864787372622,-0.4,0.866025403784439,"5","5","5","2"
"323","Cluster_1452_evm.TU.chromosome_12.1390","Cluster_1452","evm.TU.chromosome_12.1390",-0.6,0.2,0.5,"5","5","5","2"
"324","Cluster_1452_evm.TU.chromosome_12.1420","Cluster_1452","evm.TU.chromosome_12.1420",0.4,-0.8,1,"1","1","1","4"
"325","Cluster_1452_evm.TU.chromosome_12.1439","Cluster_1452","evm.TU.chromosome_12.1439",0.774596669241483,0,1,"1","1","1","4"
"326","Cluster_1452_evm.TU.chromosome_12.1474","Cluster_1452","evm.TU.chromosome_12.1474",-0.2,0.8,1,"5","5","5","2"
"327","Cluster_1452_evm.TU.chromosome_12.1510","Cluster_1452","evm.TU.chromosome_12.1510",-0.4,0.4,0.5,"5","5","5","2"
"328","Cluster_1452_evm.TU.chromosome_12.1521","Cluster_1452","evm.TU.chromosome_12.1521",-0.774596669241483,0.948683298050514,-0.5,"4","4","4","1"
"329","Cluster_1452_evm.TU.chromosome_12.1523","Cluster_1452","evm.TU.chromosome_12.1523",0.774596669241483,0.8,-1,"4","4","4","1"
"330","Cluster_1452_evm.TU.chromosome_12.1686","Cluster_1452","evm.TU.chromosome_12.1686",-0.8,-1,0.866025403784439,"1","1","1","4"
"331","Cluster_1452_evm.TU.chromosome_12.1730","Cluster_1452","evm.TU.chromosome_12.1730",-0.8,0.4,0.5,"5","5","5","2"
"332","Cluster_1452_evm.TU.chromosome_12.1788","Cluster_1452","evm.TU.chromosome_12.1788",-0.4,-0.6,1,"1","1","1","4"
"333","Cluster_1452_evm.TU.chromosome_12.1868","Cluster_1452","evm.TU.chromosome_12.1868",-0.4,0.4,0.5,"5","5","5","2"
"334","Cluster_1452_evm.TU.chromosome_12.1871","Cluster_1452","evm.TU.chromosome_12.1871",-0.4,0.8,0.5,"5","5","5","2"
"335","Cluster_1452_evm.TU.chromosome_12.1876","Cluster_1452","evm.TU.chromosome_12.1876",-0.4,1,0.5,"5","5","5","2"
"336","Cluster_1452_evm.TU.chromosome_12.2077","Cluster_1452","evm.TU.chromosome_12.2077",-0.737864787372622,0.774596669241483,1,"5","5","5","2"
"337","Cluster_1452_evm.TU.chromosome_12.2150","Cluster_1452","evm.TU.chromosome_12.2150",-0.4,0.774596669241483,1,"5","5","5","2"
"338","Cluster_1452_evm.TU.chromosome_12.2195","Cluster_1452","evm.TU.chromosome_12.2195",-0.4,0.8,0.5,"5","5","5","2"
"339","Cluster_1452_evm.TU.chromosome_12.2429","Cluster_1452","evm.TU.chromosome_12.2429",-0.774596669241483,0.737864787372622,1,"5","5","5","2"
"340","Cluster_1452_evm.TU.chromosome_12.246","Cluster_1452","evm.TU.chromosome_12.246",0.8,0.4,0.866025403784439,"3","3","3","5"
"341","Cluster_1452_evm.TU.chromosome_12.2517","Cluster_1452","evm.TU.chromosome_12.2517",0.4,0.210818510677892,1,"1","1","1","4"
"342","Cluster_1452_evm.TU.chromosome_12.2598","Cluster_1452","evm.TU.chromosome_12.2598",1,0.2,0.5,"2","2","2","3"
"343","Cluster_1452_evm.TU.chromosome_12.2729","Cluster_1452","evm.TU.chromosome_12.2729",1,0.632455532033676,0.5,"3","3","3","5"
"344","Cluster_1452_evm.TU.chromosome_12.276","Cluster_1452","evm.TU.chromosome_12.276",0.2,-0.4,1,"1","1","1","4"
"345","Cluster_1452_evm.TU.chromosome_12.283","Cluster_1452","evm.TU.chromosome_12.283",0.4,0.4,1,"3","3","3","5"
"346","Cluster_1452_evm.TU.chromosome_12.2870","Cluster_1452","evm.TU.chromosome_12.2870",0,-0.8,0.5,"1","1","1","4"
"347","Cluster_1452_evm.TU.chromosome_12.3006","Cluster_1452","evm.TU.chromosome_12.3006",0,0,0.5,"3","3","3","5"
"348","Cluster_1452_evm.TU.chromosome_12.3074","Cluster_1452","evm.TU.chromosome_12.3074",0.4,0.632455532033676,1,"3","3","3","5"
"349","Cluster_1452_evm.TU.chromosome_12.3136","Cluster_1452","evm.TU.chromosome_12.3136",0,-0.4,0.5,"1","1","1","4"
"350","Cluster_1452_evm.TU.chromosome_12.3157","Cluster_1452","evm.TU.chromosome_12.3157",0,0.210818510677892,-1,"4","4","4","1"
"351","Cluster_1452_evm.TU.chromosome_12.3166","Cluster_1452","evm.TU.chromosome_12.3166",0.8,0.210818510677892,1,"1","1","1","4"
"352","Cluster_1452_evm.TU.chromosome_12.317","Cluster_1452","evm.TU.chromosome_12.317",0.4,0.632455532033676,1,"3","3","3","5"
"353","Cluster_1452_evm.TU.chromosome_12.3192","Cluster_1452","evm.TU.chromosome_12.3192",-0.4,-0.4,1,"1","1","1","4"
"354","Cluster_1452_evm.TU.chromosome_12.3231","Cluster_1452","evm.TU.chromosome_12.3231",0.316227766016838,-0.8,0.866025403784439,"1","1","1","4"
"355","Cluster_1452_evm.TU.chromosome_12.3388","Cluster_1452","evm.TU.chromosome_12.3388",0.2,0.4,1,"5","5","5","2"
"356","Cluster_1452_evm.TU.chromosome_12.3449","Cluster_1452","evm.TU.chromosome_12.3449",-0.8,0.774596669241483,0,"5","5","5","2"
"357","Cluster_1452_evm.TU.chromosome_12.3476","Cluster_1452","evm.TU.chromosome_12.3476",-0.6,-0.4,0.866025403784439,"5","5","5","2"
"358","Cluster_1452_evm.TU.chromosome_12.3556","Cluster_1452","evm.TU.chromosome_12.3556",-0.4,-0.4,1,"1","1","1","4"
"359","Cluster_1452_evm.TU.chromosome_12.3672","Cluster_1452","evm.TU.chromosome_12.3672",-0.4,0.632455532033676,0.866025403784439,"5","5","5","2"
"360","Cluster_1452_evm.TU.chromosome_12.3886","Cluster_1452","evm.TU.chromosome_12.3886",0.4,-0.4,0.5,"1","1","1","4"
"361","Cluster_1452_evm.TU.chromosome_12.3924","Cluster_1452","evm.TU.chromosome_12.3924",-0.4,-0.8,0,"1","1","1","4"
"362","Cluster_1452_evm.TU.chromosome_12.4122","Cluster_1452","evm.TU.chromosome_12.4122",0.2,0.632455532033676,1,"5","5","5","2"
"363","Cluster_1452_evm.TU.chromosome_12.418","Cluster_1452","evm.TU.chromosome_12.418",-0.4,0.2,0.5,"5","5","5","2"
"364","Cluster_1452_evm.TU.chromosome_12.467","Cluster_1452","evm.TU.chromosome_12.467",-1,0.6,1,"5","5","5","2"
"365","Cluster_1452_evm.TU.chromosome_12.928","Cluster_1452","evm.TU.chromosome_12.928",0.4,0.4,1,"3","3","3","5"
"366","Cluster_1452_evm.TU.chromosome_13.1093","Cluster_1452","evm.TU.chromosome_13.1093",-0.6,-0.4,0.5,"5","5","5","2"
"367","Cluster_1452_evm.TU.chromosome_13.1226","Cluster_1452","evm.TU.chromosome_13.1226",0.6,0.4,1,"1","1","1","4"
"368","Cluster_1452_evm.TU.chromosome_13.133","Cluster_1452","evm.TU.chromosome_13.133",0.8,0.8,1,"3","3","3","5"
"369","Cluster_1452_evm.TU.chromosome_13.1407","Cluster_1452","evm.TU.chromosome_13.1407",0.4,0.8,0.5,"3","3","3","5"
"370","Cluster_1452_evm.TU.chromosome_13.142","Cluster_1452","evm.TU.chromosome_13.142",0,0.8,0.5,"3","3","3","5"
"371","Cluster_1452_evm.TU.chromosome_13.1469","Cluster_1452","evm.TU.chromosome_13.1469",0.4,0.8,0.5,"3","3","3","5"
"372","Cluster_1452_evm.TU.chromosome_13.1659","Cluster_1452","evm.TU.chromosome_13.1659",-0.6,0.8,0.5,"5","5","5","2"
"373","Cluster_1452_evm.TU.chromosome_13.1703","Cluster_1452","evm.TU.chromosome_13.1703",0.2,0.4,0.5,"3","3","3","5"
"374","Cluster_1452_evm.TU.chromosome_13.2159","Cluster_1452","evm.TU.chromosome_13.2159",0.4,0.4,1,"3","3","3","5"
"375","Cluster_1452_evm.TU.chromosome_13.2201","Cluster_1452","evm.TU.chromosome_13.2201",-0.4,-0.4,-0.5,"3","3","3","5"
"376","Cluster_1452_evm.TU.chromosome_13.2308","Cluster_1452","evm.TU.chromosome_13.2308",-0.316227766016838,0.258198889747161,0,"3","3","3","5"
"377","Cluster_1452_evm.TU.chromosome_13.2524","Cluster_1452","evm.TU.chromosome_13.2524",-0.4,1,0.5,"5","5","5","2"
"378","Cluster_1452_evm.TU.chromosome_13.2535","Cluster_1452","evm.TU.chromosome_13.2535",-0.6,-0.258198889747161,1,"5","5","5","2"
"379","Cluster_1452_evm.TU.chromosome_13.3031","Cluster_1452","evm.TU.chromosome_13.3031",-0.8,0.210818510677892,1,"5","5","5","2"
"380","Cluster_1452_evm.TU.chromosome_13.3094","Cluster_1452","evm.TU.chromosome_13.3094",0.8,1,1,"3","3","3","5"
"381","Cluster_1452_evm.TU.chromosome_13.3173","Cluster_1452","evm.TU.chromosome_13.3173",-0.8,-0.4,-0.5,"3","3","3","5"
"382","Cluster_1452_evm.TU.chromosome_13.3180","Cluster_1452","evm.TU.chromosome_13.3180",-0.4,-0.4,-1,"3","3","3","5"
"383","Cluster_1452_evm.TU.chromosome_13.3181","Cluster_1452","evm.TU.chromosome_13.3181",-0.4,-0.2,-1,"4","4","4","1"
"384","Cluster_1452_evm.TU.chromosome_13.3280","Cluster_1452","evm.TU.chromosome_13.3280",0.2,0,1,"1","1","1","4"
"385","Cluster_1452_evm.TU.chromosome_13.3327","Cluster_1452","evm.TU.chromosome_13.3327",-0.4,1,0.5,"5","5","5","2"
"386","Cluster_1452_evm.TU.chromosome_13.3352","Cluster_1452","evm.TU.chromosome_13.3352",0.8,-0.8,1,"1","1","1","4"
"387","Cluster_1452_evm.TU.chromosome_13.3411","Cluster_1452","evm.TU.chromosome_13.3411",-0.8,-0.2,0.5,"5","5","5","2"
"388","Cluster_1452_evm.TU.chromosome_13.3518","Cluster_1452","evm.TU.chromosome_13.3518",0.4,0.2,0.5,"3","3","3","5"
"389","Cluster_1452_evm.TU.chromosome_13.3781","Cluster_1452","evm.TU.chromosome_13.3781",0.8,0.8,1,"3","3","3","5"
"390","Cluster_1452_evm.TU.chromosome_13.3823","Cluster_1452","evm.TU.chromosome_13.3823",0,0.4,1,"5","5","5","2"
"391","Cluster_1452_evm.TU.chromosome_13.3827","Cluster_1452","evm.TU.chromosome_13.3827",-0.4,-0.316227766016838,-0.5,"3","3","3","5"
"392","Cluster_1452_evm.TU.chromosome_13.3866","Cluster_1452","evm.TU.chromosome_13.3866",-0.8,0.4,1,"5","5","5","2"
"393","Cluster_1452_evm.TU.chromosome_13.4041","Cluster_1452","evm.TU.chromosome_13.4041",-0.4,-0.2,-0.5,"3","3","3","5"
"394","Cluster_1452_evm.TU.chromosome_13.4151","Cluster_1452","evm.TU.chromosome_13.4151",0.8,0.2,0.5,"3","3","3","5"
"395","Cluster_1452_evm.TU.chromosome_13.4157","Cluster_1452","evm.TU.chromosome_13.4157",-0.8,-0.4,-1,"3","3","3","5"
"396","Cluster_1452_evm.TU.chromosome_13.4161","Cluster_1452","evm.TU.chromosome_13.4161",0.4,0,0.5,"3","3","3","5"
"397","Cluster_1452_evm.TU.chromosome_13.459","Cluster_1452","evm.TU.chromosome_13.459",0.2,-0.8,1,"1","1","1","4"
"398","Cluster_1452_evm.TU.chromosome_13.732","Cluster_1452","evm.TU.chromosome_13.732",-0.4,0.4,-0.5,"4","4","4","1"
"399","Cluster_1452_evm.TU.chromosome_13.844","Cluster_1452","evm.TU.chromosome_13.844",-1,1,1,"5","5","5","2"
"400","Cluster_1452_evm.TU.chromosome_13.88","Cluster_1452","evm.TU.chromosome_13.88",-0.4,0.4,0.5,"5","5","5","2"
"401","Cluster_1452_evm.TU.chromosome_14.1179","Cluster_1452","evm.TU.chromosome_14.1179",0,0.8,0.5,"3","3","3","5"
"402","Cluster_1452_evm.TU.chromosome_14.1526","Cluster_1452","evm.TU.chromosome_14.1526",0.4,-0.8,-1,"2","2","2","3"
"403","Cluster_1452_evm.TU.chromosome_14.159","Cluster_1452","evm.TU.chromosome_14.159",0.6,0.4,0.5,"3","3","3","5"
"404","Cluster_1452_evm.TU.chromosome_14.1658","Cluster_1452","evm.TU.chromosome_14.1658",0,0.2,0.5,"3","3","3","5"
"405","Cluster_1452_evm.TU.chromosome_14.1743","Cluster_1452","evm.TU.chromosome_14.1743",-0.4,0.210818510677892,0.5,"5","5","5","2"
"406","Cluster_1452_evm.TU.chromosome_14.2161","Cluster_1452","evm.TU.chromosome_14.2161",-0.2,1,-1,"4","4","4","1"
"407","Cluster_1452_evm.TU.chromosome_14.2823","Cluster_1452","evm.TU.chromosome_14.2823",-0.4,0.948683298050514,1,"5","5","5","2"
"408","Cluster_1452_evm.TU.chromosome_14.2839","Cluster_1452","evm.TU.chromosome_14.2839",-1,-0.774596669241483,-1,"3","3","3","5"
"409","Cluster_1452_evm.TU.chromosome_14.2871","Cluster_1452","evm.TU.chromosome_14.2871",-0.2,-0.8,0.5,"1","1","1","4"
"410","Cluster_1452_evm.TU.chromosome_14.3160","Cluster_1452","evm.TU.chromosome_14.3160",-0.4,1,0,"4","4","4","1"
"411","Cluster_1452_evm.TU.chromosome_14.3411","Cluster_1452","evm.TU.chromosome_14.3411",0,0.210818510677892,1,"5","5","5","2"
"412","Cluster_1452_evm.TU.chromosome_14.3580","Cluster_1452","evm.TU.chromosome_14.3580",0.2,-0.4,-0.5,"2","2","2","3"
"413","Cluster_1452_evm.TU.chromosome_14.3777","Cluster_1452","evm.TU.chromosome_14.3777",-0.2,-0.4,0.5,"1","1","1","4"
"414","Cluster_1452_evm.TU.chromosome_14.4298","Cluster_1452","evm.TU.chromosome_14.4298",-0.8,-0.105409255338946,1,"5","5","5","2"
"415","Cluster_1452_evm.TU.chromosome_14.4317","Cluster_1452","evm.TU.chromosome_14.4317",-0.2,-0.2,-0.5,"3","3","3","5"
"416","Cluster_1452_evm.TU.chromosome_14.448","Cluster_1452","evm.TU.chromosome_14.448",0.948683298050514,-0.948683298050514,-0.866025403784439,"2","2","2","3"
"417","Cluster_1452_evm.TU.chromosome_14.4717","Cluster_1452","evm.TU.chromosome_14.4717",-0.4,-0.8,0.5,"1","1","1","4"
"418","Cluster_1452_evm.TU.chromosome_14.472","Cluster_1452","evm.TU.chromosome_14.472",0,0.8,0.5,"3","3","3","5"
"419","Cluster_1452_evm.TU.chromosome_14.4748","Cluster_1452","evm.TU.chromosome_14.4748",0.258198889747161,0.4,0.5,"3","3","3","5"
"420","Cluster_1452_evm.TU.chromosome_14.4750","Cluster_1452","evm.TU.chromosome_14.4750",0.8,0.4,1,"1","1","1","4"
"421","Cluster_1452_evm.TU.chromosome_14.4947","Cluster_1452","evm.TU.chromosome_14.4947",-0.4,1,1,"5","5","5","2"
"422","Cluster_1452_evm.TU.chromosome_14.4957","Cluster_1452","evm.TU.chromosome_14.4957",0.316227766016838,0.632455532033676,0.5,"3","3","3","5"
"423","Cluster_1452_evm.TU.chromosome_14.5007","Cluster_1452","evm.TU.chromosome_14.5007",0.8,-0.6,-1,"2","2","2","3"
"424","Cluster_1452_evm.TU.chromosome_14.5270","Cluster_1452","evm.TU.chromosome_14.5270",-0.4,-0.4,1,"1","1","1","4"
"425","Cluster_1452_evm.TU.chromosome_14.5349","Cluster_1452","evm.TU.chromosome_14.5349",0.4,-0.8,0.866025403784439,"1","1","1","4"
"426","Cluster_1452_evm.TU.chromosome_14.5422","Cluster_1452","evm.TU.chromosome_14.5422",-0.8,0.4,1,"5","5","5","2"
"427","Cluster_1452_evm.TU.chromosome_14.5609","Cluster_1452","evm.TU.chromosome_14.5609",-0.8,-0.8,1,"1","1","1","4"
"428","Cluster_1452_evm.TU.chromosome_14.5613","Cluster_1452","evm.TU.chromosome_14.5613",0.632455532033676,0.8,0.866025403784439,"3","3","3","5"
"429","Cluster_1452_evm.TU.chromosome_14.573","Cluster_1452","evm.TU.chromosome_14.573",-0.6,0.4,1,"5","5","5","2"
"430","Cluster_1452_evm.TU.chromosome_14.5808","Cluster_1452","evm.TU.chromosome_14.5808",-0.2,0.4,0.5,"5","5","5","2"
"431","Cluster_1452_evm.TU.chromosome_14.5869","Cluster_1452","evm.TU.chromosome_14.5869",0.4,-0.8,0.5,"1","1","1","4"
"432","Cluster_1452_evm.TU.chromosome_14.5929","Cluster_1452","evm.TU.chromosome_14.5929",0,-0.8,0.5,"1","1","1","4"
"433","Cluster_1452_evm.TU.chromosome_14.5999","Cluster_1452","evm.TU.chromosome_14.5999",-0.8,0.632455532033676,0.5,"5","5","5","2"
"434","Cluster_1452_evm.TU.chromosome_14.6360","Cluster_1452","evm.TU.chromosome_14.6360",0.774596669241483,0.632455532033676,-0.5,"2","2","2","3"
"435","Cluster_1452_evm.TU.chromosome_14.673","Cluster_1452","evm.TU.chromosome_14.673",-0.4,0.4,0.866025403784439,"5","5","5","2"
"436","Cluster_1452_evm.TU.chromosome_14.6813","Cluster_1452","evm.TU.chromosome_14.6813",0.4,-1,1,"1","1","1","4"
"437","Cluster_1452_evm.TU.chromosome_14.6943","Cluster_1452","evm.TU.chromosome_14.6943",1,0.6,0.5,"3","3","3","5"
"438","Cluster_1452_evm.TU.chromosome_14.7005","Cluster_1452","evm.TU.chromosome_14.7005",0.774596669241483,-0.8,-0.5,"2","2","2","3"
"439","Cluster_1452_evm.TU.chromosome_14.7068","Cluster_1452","evm.TU.chromosome_14.7068",-0.8,0,-1,"4","4","4","1"
"440","Cluster_1452_evm.TU.chromosome_14.7114","Cluster_1452","evm.TU.chromosome_14.7114",-0.4,0.4,0.5,"5","5","5","2"
"441","Cluster_1452_evm.TU.chromosome_14.7167","Cluster_1452","evm.TU.chromosome_14.7167",0.8,-0.4,0.5,"1","1","1","4"
"442","Cluster_1452_evm.TU.chromosome_2.106","Cluster_1452","evm.TU.chromosome_2.106",0.8,-0.8,0.5,"1","1","1","4"
"443","Cluster_1452_evm.TU.chromosome_2.1177","Cluster_1452","evm.TU.chromosome_2.1177",0.4,0.8,1,"3","3","3","5"
"444","Cluster_1452_evm.TU.chromosome_2.1227","Cluster_1452","evm.TU.chromosome_2.1227",-0.4,0.4,1,"5","5","5","2"
"445","Cluster_1452_evm.TU.chromosome_2.1313","Cluster_1452","evm.TU.chromosome_2.1313",-0.8,-0.4,1,"5","5","5","2"
"446","Cluster_1452_evm.TU.chromosome_2.1514","Cluster_1452","evm.TU.chromosome_2.1514",0,-0.8,1,"1","1","1","4"
"447","Cluster_1452_evm.TU.chromosome_2.1585","Cluster_1452","evm.TU.chromosome_2.1585",0,0,1,"1","1","1","4"
"448","Cluster_1452_evm.TU.chromosome_2.1677","Cluster_1452","evm.TU.chromosome_2.1677",1,0.2,1,"1","1","1","4"
"449","Cluster_1452_evm.TU.chromosome_2.1724","Cluster_1452","evm.TU.chromosome_2.1724",0.774596669241483,-0.8,0,"2","2","2","3"
"450","Cluster_1452_evm.TU.chromosome_2.1908","Cluster_1452","evm.TU.chromosome_2.1908",0.316227766016838,-0.8,0.5,"1","1","1","4"
"451","Cluster_1452_evm.TU.chromosome_2.1916","Cluster_1452","evm.TU.chromosome_2.1916",-0.2,0.2,0.5,"5","5","5","2"
"452","Cluster_1452_evm.TU.chromosome_2.1924","Cluster_1452","evm.TU.chromosome_2.1924",0,-0.8,0.5,"1","1","1","4"
"453","Cluster_1452_evm.TU.chromosome_2.2023","Cluster_1452","evm.TU.chromosome_2.2023",0.8,0,1,"1","1","1","4"
"454","Cluster_1452_evm.TU.chromosome_2.412","Cluster_1452","evm.TU.chromosome_2.412",-0.2,-0.4,1,"1","1","1","4"
"455","Cluster_1452_evm.TU.chromosome_2.529","Cluster_1452","evm.TU.chromosome_2.529",-0.8,0,0.5,"5","5","5","2"
"456","Cluster_1452_evm.TU.chromosome_2.601","Cluster_1452","evm.TU.chromosome_2.601",0.4,0.8,1,"3","3","3","5"
"457","Cluster_1452_evm.TU.chromosome_2.634","Cluster_1452","evm.TU.chromosome_2.634",-0.4,-0.4,1,"1","1","1","4"
"458","Cluster_1452_evm.TU.chromosome_2.736","Cluster_1452","evm.TU.chromosome_2.736",0.8,0.4,1,"1","1","1","4"
"459","Cluster_1452_evm.TU.chromosome_2.798","Cluster_1452","evm.TU.chromosome_2.798",-0.774596669241483,-0.316227766016838,0.5,"5","5","5","2"
"460","Cluster_1452_evm.TU.chromosome_3.1076","Cluster_1452","evm.TU.chromosome_3.1076",-0.6,0.210818510677892,0.5,"5","5","5","2"
"461","Cluster_1452_evm.TU.chromosome_3.1383","Cluster_1452","evm.TU.chromosome_3.1383",-0.8,-0.2,0.5,"5","5","5","2"
"462","Cluster_1452_evm.TU.chromosome_3.1389","Cluster_1452","evm.TU.chromosome_3.1389",0.6,0.210818510677892,0.5,"3","3","3","5"
"463","Cluster_1452_evm.TU.chromosome_3.1426","Cluster_1452","evm.TU.chromosome_3.1426",0.2,-0.258198889747161,1,"1","1","1","4"
"464","Cluster_1452_evm.TU.chromosome_3.1483","Cluster_1452","evm.TU.chromosome_3.1483",0,0.8,0.5,"3","3","3","5"
"465","Cluster_1452_evm.TU.chromosome_3.1530","Cluster_1452","evm.TU.chromosome_3.1530",-0.4,-0.8,0.5,"1","1","1","4"
"466","Cluster_1452_evm.TU.chromosome_3.1533","Cluster_1452","evm.TU.chromosome_3.1533",0.8,1,-1,"4","4","4","1"
"467","Cluster_1452_evm.TU.chromosome_3.1560","Cluster_1452","evm.TU.chromosome_3.1560",0,0.4,1,"5","5","5","2"
"468","Cluster_1452_evm.TU.chromosome_3.1564","Cluster_1452","evm.TU.chromosome_3.1564",0.4,-1,1,"1","1","1","4"
"469","Cluster_1452_evm.TU.chromosome_3.166","Cluster_1452","evm.TU.chromosome_3.166",-0.8,0.105409255338946,1,"5","5","5","2"
"470","Cluster_1452_evm.TU.chromosome_3.1709","Cluster_1452","evm.TU.chromosome_3.1709",0.8,0.105409255338946,-1,"2","2","2","3"
"471","Cluster_1452_evm.TU.chromosome_3.1765","Cluster_1452","evm.TU.chromosome_3.1765",0.4,-0.4,0.5,"1","1","1","4"
"472","Cluster_1452_evm.TU.chromosome_3.236","Cluster_1452","evm.TU.chromosome_3.236",0.8,0.6,1,"3","3","3","5"
"473","Cluster_1452_evm.TU.chromosome_3.263","Cluster_1452","evm.TU.chromosome_3.263",0.2,0.4,0.5,"3","3","3","5"
"474","Cluster_1452_evm.TU.chromosome_3.298","Cluster_1452","evm.TU.chromosome_3.298",0.6,0.2,-0.5,"2","2","2","3"
"475","Cluster_1452_evm.TU.chromosome_3.326","Cluster_1452","evm.TU.chromosome_3.326",1,0.8,0.5,"3","3","3","5"
"476","Cluster_1452_evm.TU.chromosome_3.400","Cluster_1452","evm.TU.chromosome_3.400",0.4,1,0.5,"3","3","3","5"
"477","Cluster_1452_evm.TU.chromosome_3.44","Cluster_1452","evm.TU.chromosome_3.44",0.2,-0.4,1,"1","1","1","4"
"478","Cluster_1452_evm.TU.chromosome_3.459","Cluster_1452","evm.TU.chromosome_3.459",0.4,1,-0.5,"4","4","4","1"
"479","Cluster_1452_evm.TU.chromosome_3.561","Cluster_1452","evm.TU.chromosome_3.561",-0.2,0.2,0.866025403784439,"5","5","5","2"
"480","Cluster_1452_evm.TU.chromosome_3.581","Cluster_1452","evm.TU.chromosome_3.581",-0.4,0.632455532033676,1,"5","5","5","2"
"481","Cluster_1452_evm.TU.chromosome_3.588","Cluster_1452","evm.TU.chromosome_3.588",0.316227766016838,0.210818510677892,1,"1","1","1","4"
"482","Cluster_1452_evm.TU.chromosome_3.666","Cluster_1452","evm.TU.chromosome_3.666",0,-0.6,0.5,"1","1","1","4"
"483","Cluster_1452_evm.TU.chromosome_3.721","Cluster_1452","evm.TU.chromosome_3.721",0.8,0.8,1,"3","3","3","5"
"484","Cluster_1452_evm.TU.chromosome_3.747","Cluster_1452","evm.TU.chromosome_3.747",0.4,0.8,1,"3","3","3","5"
"485","Cluster_1452_evm.TU.chromosome_3.752","Cluster_1452","evm.TU.chromosome_3.752",1,0.8,1,"3","3","3","5"
"486","Cluster_1452_evm.TU.chromosome_3.956","Cluster_1452","evm.TU.chromosome_3.956",0.8,1,0.5,"3","3","3","5"
"487","Cluster_1452_evm.TU.chromosome_4.1191","Cluster_1452","evm.TU.chromosome_4.1191",0.2,-0.4,1,"1","1","1","4"
"488","Cluster_1452_evm.TU.chromosome_4.1422","Cluster_1452","evm.TU.chromosome_4.1422",-0.8,-0.4,1,"5","5","5","2"
"489","Cluster_1452_evm.TU.chromosome_4.1651","Cluster_1452","evm.TU.chromosome_4.1651",0.8,0.8,-1,"4","4","4","1"
"490","Cluster_1452_evm.TU.chromosome_4.1742","Cluster_1452","evm.TU.chromosome_4.1742",0.316227766016838,0.737864787372622,0.5,"3","3","3","5"
"491","Cluster_1452_evm.TU.chromosome_4.1878","Cluster_1452","evm.TU.chromosome_4.1878",0.4,-0.4,1,"1","1","1","4"
"492","Cluster_1452_evm.TU.chromosome_4.1903","Cluster_1452","evm.TU.chromosome_4.1903",-0.4,-0.6,1,"1","1","1","4"
"493","Cluster_1452_evm.TU.chromosome_4.1914","Cluster_1452","evm.TU.chromosome_4.1914",0.4,0.8,1,"3","3","3","5"
"494","Cluster_1452_evm.TU.chromosome_4.1934","Cluster_1452","evm.TU.chromosome_4.1934",1,-0.6,1,"1","1","1","4"
"495","Cluster_1452_evm.TU.chromosome_4.1959","Cluster_1452","evm.TU.chromosome_4.1959",-0.2,0.8,-1,"4","4","4","1"
"496","Cluster_1452_evm.TU.chromosome_4.2029","Cluster_1452","evm.TU.chromosome_4.2029",0.4,-0.4,-1,"2","2","2","3"
"497","Cluster_1452_evm.TU.chromosome_4.2159","Cluster_1452","evm.TU.chromosome_4.2159",0.6,0,1,"1","1","1","4"
"498","Cluster_1452_evm.TU.chromosome_4.2202","Cluster_1452","evm.TU.chromosome_4.2202",-0.8,-0.4,-1,"3","3","3","5"
"499","Cluster_1452_evm.TU.chromosome_4.2203","Cluster_1452","evm.TU.chromosome_4.2203",0.2,0.4,1,"5","5","5","2"
"500","Cluster_1452_evm.TU.chromosome_4.2268","Cluster_1452","evm.TU.chromosome_4.2268",0.8,0.8,0.5,"3","3","3","5"
"501","Cluster_1452_evm.TU.chromosome_4.2374","Cluster_1452","evm.TU.chromosome_4.2374",0.4,0.2,1,"1","1","1","4"
"502","Cluster_1452_evm.TU.chromosome_4.2513","Cluster_1452","evm.TU.chromosome_4.2513",-0.4,0.4,1,"5","5","5","2"
"503","Cluster_1452_evm.TU.chromosome_4.301","Cluster_1452","evm.TU.chromosome_4.301",-0.316227766016838,0.105409255338946,1,"5","5","5","2"
"504","Cluster_1452_evm.TU.chromosome_4.439","Cluster_1452","evm.TU.chromosome_4.439",0.2,-0.258198889747161,0,"3","3","3","5"
"505","Cluster_1452_evm.TU.chromosome_4.447","Cluster_1452","evm.TU.chromosome_4.447",0.4,0.737864787372622,0,"4","4","4","1"
"506","Cluster_1452_evm.TU.chromosome_4.465","Cluster_1452","evm.TU.chromosome_4.465",0.2,0.8,0.5,"3","3","3","5"
"507","Cluster_1452_evm.TU.chromosome_4.491","Cluster_1452","evm.TU.chromosome_4.491",-0.6,-0.4,0.5,"5","5","5","2"
"508","Cluster_1452_evm.TU.chromosome_4.641","Cluster_1452","evm.TU.chromosome_4.641",0.4,-0.2,0.5,"1","1","1","4"
"509","Cluster_1452_evm.TU.chromosome_4.759","Cluster_1452","evm.TU.chromosome_4.759",0.8,0.632455532033676,1,"3","3","3","5"
"510","Cluster_1452_evm.TU.chromosome_4.791","Cluster_1452","evm.TU.chromosome_4.791",0.6,1,1,"3","3","3","5"
"511","Cluster_1452_evm.TU.chromosome_4.879","Cluster_1452","evm.TU.chromosome_4.879",0.2,0.4,1,"5","5","5","2"
"512","Cluster_1452_evm.TU.chromosome_4.919","Cluster_1452","evm.TU.chromosome_4.919",-0.8,-0.4,1,"5","5","5","2"
"513","Cluster_1452_evm.TU.chromosome_4.924","Cluster_1452","evm.TU.chromosome_4.924",0.2,-0.2,1,"1","1","1","4"
"514","Cluster_1452_evm.TU.chromosome_4.934","Cluster_1452","evm.TU.chromosome_4.934",-0.4,0.210818510677892,0.5,"5","5","5","2"
"515","Cluster_1452_evm.TU.chromosome_5.1078","Cluster_1452","evm.TU.chromosome_5.1078",-0.8,-0.4,-1,"3","3","3","5"
"516","Cluster_1452_evm.TU.chromosome_5.1086","Cluster_1452","evm.TU.chromosome_5.1086",0.2,0.6,-1,"4","4","4","1"
"517","Cluster_1452_evm.TU.chromosome_5.1108","Cluster_1452","evm.TU.chromosome_5.1108",0.8,-0.2,1,"1","1","1","4"
"518","Cluster_1452_evm.TU.chromosome_5.1118","Cluster_1452","evm.TU.chromosome_5.1118",0,0.8,-1,"4","4","4","1"
"519","Cluster_1452_evm.TU.chromosome_5.1201","Cluster_1452","evm.TU.chromosome_5.1201",0.6,0.2,1,"1","1","1","4"
"520","Cluster_1452_evm.TU.chromosome_5.1215","Cluster_1452","evm.TU.chromosome_5.1215",-0.8,-0.105409255338946,0.866025403784439,"5","5","5","2"
"521","Cluster_1452_evm.TU.chromosome_5.1402","Cluster_1452","evm.TU.chromosome_5.1402",0,0.4,0.5,"3","3","3","5"
"522","Cluster_1452_evm.TU.chromosome_5.1497","Cluster_1452","evm.TU.chromosome_5.1497",0.6,0.774596669241483,-1,"4","4","4","1"
"523","Cluster_1452_evm.TU.chromosome_5.1498","Cluster_1452","evm.TU.chromosome_5.1498",0.774596669241483,-0.4,0.866025403784439,"1","1","1","4"
"524","Cluster_1452_evm.TU.chromosome_5.159","Cluster_1452","evm.TU.chromosome_5.159",0.4,-0.2,1,"1","1","1","4"
"525","Cluster_1452_evm.TU.chromosome_5.1723","Cluster_1452","evm.TU.chromosome_5.1723",-0.4,-0.4,0.5,"1","1","1","4"
"526","Cluster_1452_evm.TU.chromosome_5.1758","Cluster_1452","evm.TU.chromosome_5.1758",0.8,0.210818510677892,0,"2","2","2","3"
"527","Cluster_1452_evm.TU.chromosome_5.1854","Cluster_1452","evm.TU.chromosome_5.1854",-0.4,-0.8,-0.5,"3","3","3","5"
"528","Cluster_1452_evm.TU.chromosome_5.1943","Cluster_1452","evm.TU.chromosome_5.1943",0.8,0.4,0.5,"3","3","3","5"
"529","Cluster_1452_evm.TU.chromosome_5.1947","Cluster_1452","evm.TU.chromosome_5.1947",0.4,0.4,1,"3","3","3","5"
"530","Cluster_1452_evm.TU.chromosome_5.2162","Cluster_1452","evm.TU.chromosome_5.2162",1,0.8,1,"3","3","3","5"
"531","Cluster_1452_evm.TU.chromosome_5.263","Cluster_1452","evm.TU.chromosome_5.263",-0.4,0.210818510677892,-1,"4","4","4","1"
"532","Cluster_1452_evm.TU.chromosome_5.2690","Cluster_1452","evm.TU.chromosome_5.2690",0,0.8,1,"5","5","5","2"
"533","Cluster_1452_evm.TU.chromosome_5.2747","Cluster_1452","evm.TU.chromosome_5.2747",-0.316227766016838,0.737864787372622,0.5,"5","5","5","2"
"534","Cluster_1452_evm.TU.chromosome_5.2800","Cluster_1452","evm.TU.chromosome_5.2800",-0.316227766016838,0.4,0.866025403784439,"5","5","5","2"
"535","Cluster_1452_evm.TU.chromosome_5.2807","Cluster_1452","evm.TU.chromosome_5.2807",0.2,0.8,1,"5","5","5","2"
"536","Cluster_1452_evm.TU.chromosome_5.323","Cluster_1452","evm.TU.chromosome_5.323",0.2,0.4,0.5,"3","3","3","5"
"537","Cluster_1452_evm.TU.chromosome_5.510","Cluster_1452","evm.TU.chromosome_5.510",-0.4,0.4,1,"5","5","5","2"
"538","Cluster_1452_evm.TU.chromosome_5.519","Cluster_1452","evm.TU.chromosome_5.519",0.4,0.210818510677892,0.866025403784439,"1","1","1","4"
"539","Cluster_1452_evm.TU.chromosome_5.6","Cluster_1452","evm.TU.chromosome_5.6",-0.6,0,1,"5","5","5","2"
"540","Cluster_1452_evm.TU.chromosome_5.667","Cluster_1452","evm.TU.chromosome_5.667",0.2,-0.4,-1,"2","2","2","3"
"541","Cluster_1452_evm.TU.chromosome_5.719","Cluster_1452","evm.TU.chromosome_5.719",0,-0.2,-1,"2","2","2","3"
"542","Cluster_1452_evm.TU.chromosome_5.778","Cluster_1452","evm.TU.chromosome_5.778",0,-0.8,0.5,"1","1","1","4"
"543","Cluster_1452_evm.TU.chromosome_5.841","Cluster_1452","evm.TU.chromosome_5.841",0,-0.2,1,"1","1","1","4"
"544","Cluster_1452_evm.TU.chromosome_5.951","Cluster_1452","evm.TU.chromosome_5.951",0.4,0.632455532033676,0.5,"3","3","3","5"
"545","Cluster_1452_evm.TU.chromosome_6.100","Cluster_1452","evm.TU.chromosome_6.100",-0.2,-0.8,-0.5,"3","3","3","5"
"546","Cluster_1452_evm.TU.chromosome_6.1200","Cluster_1452","evm.TU.chromosome_6.1200",-0.8,0.4,1,"5","5","5","2"
"547","Cluster_1452_evm.TU.chromosome_6.1221","Cluster_1452","evm.TU.chromosome_6.1221",0,0.2,1,"5","5","5","2"
"548","Cluster_1452_evm.TU.chromosome_6.1465","Cluster_1452","evm.TU.chromosome_6.1465",-0.2,-1,0.5,"1","1","1","4"
"549","Cluster_1452_evm.TU.chromosome_6.1576","Cluster_1452","evm.TU.chromosome_6.1576",-0.6,-0.8,1,"1","1","1","4"
"550","Cluster_1452_evm.TU.chromosome_6.1646","Cluster_1452","evm.TU.chromosome_6.1646",0.8,-0.4,0.5,"1","1","1","4"
"551","Cluster_1452_evm.TU.chromosome_6.1761","Cluster_1452","evm.TU.chromosome_6.1761",1,0.2,-0.5,"2","2","2","3"
"552","Cluster_1452_evm.TU.chromosome_6.1871","Cluster_1452","evm.TU.chromosome_6.1871",-0.2,-1,0.5,"1","1","1","4"
"553","Cluster_1452_evm.TU.chromosome_6.193","Cluster_1452","evm.TU.chromosome_6.193",-0.4,0.4,1,"5","5","5","2"
"554","Cluster_1452_evm.TU.chromosome_6.2094","Cluster_1452","evm.TU.chromosome_6.2094",-0.8,0.8,1,"5","5","5","2"
"555","Cluster_1452_evm.TU.chromosome_6.219","Cluster_1452","evm.TU.chromosome_6.219",0.4,0.4,0.5,"3","3","3","5"
"556","Cluster_1452_evm.TU.chromosome_6.2218","Cluster_1452","evm.TU.chromosome_6.2218",-0.4,-0.8,0.5,"1","1","1","4"
"557","Cluster_1452_evm.TU.chromosome_6.2698","Cluster_1452","evm.TU.chromosome_6.2698",-0.4,0.2,0.5,"5","5","5","2"
"558","Cluster_1452_evm.TU.chromosome_6.2831","Cluster_1452","evm.TU.chromosome_6.2831",0.4,0.4,-0.5,"4","4","4","1"
"559","Cluster_1452_evm.TU.chromosome_6.2854","Cluster_1452","evm.TU.chromosome_6.2854",-0.8,-0.8,0.5,"1","1","1","4"
"560","Cluster_1452_evm.TU.chromosome_6.2889","Cluster_1452","evm.TU.chromosome_6.2889",0.2,0.774596669241483,0.866025403784439,"5","5","5","2"
"561","Cluster_1452_evm.TU.chromosome_6.803","Cluster_1452","evm.TU.chromosome_6.803",-0.2,-0.8,0.866025403784439,"1","1","1","4"
"562","Cluster_1452_evm.TU.chromosome_6.955","Cluster_1452","evm.TU.chromosome_6.955",-0.6,-1,0.5,"1","1","1","4"
"563","Cluster_1452_evm.TU.chromosome_7.104","Cluster_1452","evm.TU.chromosome_7.104",0.2,0.4,0.5,"3","3","3","5"
"564","Cluster_1452_evm.TU.chromosome_7.12","Cluster_1452","evm.TU.chromosome_7.12",-0.8,-0.4,-0.5,"3","3","3","5"
"565","Cluster_1452_evm.TU.chromosome_7.1230","Cluster_1452","evm.TU.chromosome_7.1230",0.4,1,0.5,"3","3","3","5"
"566","Cluster_1452_evm.TU.chromosome_7.1319","Cluster_1452","evm.TU.chromosome_7.1319",-0.4,0.8,0.5,"5","5","5","2"
"567","Cluster_1452_evm.TU.chromosome_7.1326","Cluster_1452","evm.TU.chromosome_7.1326",1,0.4,0.5,"2","2","2","3"
"568","Cluster_1452_evm.TU.chromosome_7.1329","Cluster_1452","evm.TU.chromosome_7.1329",0.4,0.8,-1,"4","4","4","1"
"569","Cluster_1452_evm.TU.chromosome_7.137","Cluster_1452","evm.TU.chromosome_7.137",-0.2,0,0.5,"3","3","3","5"
"570","Cluster_1452_evm.TU.chromosome_7.1535","Cluster_1452","evm.TU.chromosome_7.1535",-0.8,0.948683298050514,0.866025403784439,"5","5","5","2"
"571","Cluster_1452_evm.TU.chromosome_7.1618","Cluster_1452","evm.TU.chromosome_7.1618",0.4,0.948683298050514,1,"3","3","3","5"
"572","Cluster_1452_evm.TU.chromosome_7.1678","Cluster_1452","evm.TU.chromosome_7.1678",0.8,0.4,-1,"2","2","2","3"
"573","Cluster_1452_evm.TU.chromosome_7.1953","Cluster_1452","evm.TU.chromosome_7.1953",-0.8,-0.4,0.866025403784439,"5","5","5","2"
"574","Cluster_1452_evm.TU.chromosome_7.2297","Cluster_1452","evm.TU.chromosome_7.2297",0.6,-0.8,-1,"2","2","2","3"
"575","Cluster_1452_evm.TU.chromosome_7.2298","Cluster_1452","evm.TU.chromosome_7.2298",0,-0.2,0.5,"1","1","1","4"
"576","Cluster_1452_evm.TU.chromosome_7.2310","Cluster_1452","evm.TU.chromosome_7.2310",-0.2,0.4,-1,"4","4","4","1"
"577","Cluster_1452_evm.TU.chromosome_7.2482","Cluster_1452","evm.TU.chromosome_7.2482",0.8,0.2,-0.5,"2","2","2","3"
"578","Cluster_1452_evm.TU.chromosome_7.2651","Cluster_1452","evm.TU.chromosome_7.2651",0.4,0.4,0.5,"3","3","3","5"
"579","Cluster_1452_evm.TU.chromosome_7.2693","Cluster_1452","evm.TU.chromosome_7.2693",0,0.8,0.5,"3","3","3","5"
"580","Cluster_1452_evm.TU.chromosome_7.307","Cluster_1452","evm.TU.chromosome_7.307",0.2,-0.4,0.5,"1","1","1","4"
"581","Cluster_1452_evm.TU.chromosome_7.338","Cluster_1452","evm.TU.chromosome_7.338",0.632455532033676,-0.8,1,"1","1","1","4"
"582","Cluster_1452_evm.TU.chromosome_7.362","Cluster_1452","evm.TU.chromosome_7.362",-0.6,0.4,1,"5","5","5","2"
"583","Cluster_1452_evm.TU.chromosome_7.372","Cluster_1452","evm.TU.chromosome_7.372",0,0.4,0.5,"3","3","3","5"
"584","Cluster_1452_evm.TU.chromosome_7.54","Cluster_1452","evm.TU.chromosome_7.54",0.8,0.4,1,"1","1","1","4"
"585","Cluster_1452_evm.TU.chromosome_7.571","Cluster_1452","evm.TU.chromosome_7.571",0.4,0.210818510677892,0,"3","3","3","5"
"586","Cluster_1452_evm.TU.chromosome_7.63","Cluster_1452","evm.TU.chromosome_7.63",-0.6,-0.2,0.5,"5","5","5","2"
"587","Cluster_1452_evm.TU.chromosome_7.64","Cluster_1452","evm.TU.chromosome_7.64",0.4,1,1,"3","3","3","5"
"588","Cluster_1452_evm.TU.chromosome_7.780","Cluster_1452","evm.TU.chromosome_7.780",0.6,0.2,0.5,"3","3","3","5"
"589","Cluster_1452_evm.TU.chromosome_7.8","Cluster_1452","evm.TU.chromosome_7.8",-0.8,0.6,0.5,"5","5","5","2"
"590","Cluster_1452_evm.TU.chromosome_7.952","Cluster_1452","evm.TU.chromosome_7.952",-0.2,0.8,-1,"4","4","4","1"
"591","Cluster_1452_evm.TU.chromosome_8.100","Cluster_1452","evm.TU.chromosome_8.100",0.8,-0.4,1,"1","1","1","4"
"592","Cluster_1452_evm.TU.chromosome_8.1052","Cluster_1452","evm.TU.chromosome_8.1052",-0.8,0.4,-1,"4","4","4","1"
"593","Cluster_1452_evm.TU.chromosome_8.1059","Cluster_1452","evm.TU.chromosome_8.1059",0.6,-1,0.5,"1","1","1","4"
"594","Cluster_1452_evm.TU.chromosome_8.1257","Cluster_1452","evm.TU.chromosome_8.1257",-0.8,0.632455532033676,0.5,"5","5","5","2"
"595","Cluster_1452_evm.TU.chromosome_8.1372","Cluster_1452","evm.TU.chromosome_8.1372",0.8,-0.8,0.5,"1","1","1","4"
"596","Cluster_1452_evm.TU.chromosome_8.1478","Cluster_1452","evm.TU.chromosome_8.1478",-0.6,-0.8,0.5,"1","1","1","4"
"597","Cluster_1452_evm.TU.chromosome_8.1567","Cluster_1452","evm.TU.chromosome_8.1567",-1,-0.4,1,"5","5","5","2"
"598","Cluster_1452_evm.TU.chromosome_8.1613","Cluster_1452","evm.TU.chromosome_8.1613",0.2,0.632455532033676,1,"5","5","5","2"
"599","Cluster_1452_evm.TU.chromosome_8.1905","Cluster_1452","evm.TU.chromosome_8.1905",-0.2,-0.8,0.5,"1","1","1","4"
"600","Cluster_1452_evm.TU.chromosome_8.2062","Cluster_1452","evm.TU.chromosome_8.2062",0.4,0.8,-0.5,"4","4","4","1"
"601","Cluster_1452_evm.TU.chromosome_8.2152","Cluster_1452","evm.TU.chromosome_8.2152",1,0.8,1,"3","3","3","5"
"602","Cluster_1452_evm.TU.chromosome_8.2205","Cluster_1452","evm.TU.chromosome_8.2205",-0.6,-0.4,-0.5,"3","3","3","5"
"603","Cluster_1452_evm.TU.chromosome_8.2228","Cluster_1452","evm.TU.chromosome_8.2228",-0.8,0,-0.5,"3","3","3","5"
"604","Cluster_1452_evm.TU.chromosome_8.2239","Cluster_1452","evm.TU.chromosome_8.2239",0.4,-0.8,0.5,"1","1","1","4"
"605","Cluster_1452_evm.TU.chromosome_8.2274","Cluster_1452","evm.TU.chromosome_8.2274",-0.2,0.632455532033676,1,"5","5","5","2"
"606","Cluster_1452_evm.TU.chromosome_8.2325","Cluster_1452","evm.TU.chromosome_8.2325",-0.4,-0.8,0.5,"1","1","1","4"
"607","Cluster_1452_evm.TU.chromosome_8.2394","Cluster_1452","evm.TU.chromosome_8.2394",0.2,-0.2,-0.5,"2","2","2","3"
"608","Cluster_1452_evm.TU.chromosome_8.2477","Cluster_1452","evm.TU.chromosome_8.2477",0.2,1,0.5,"3","3","3","5"
"609","Cluster_1452_evm.TU.chromosome_8.2519","Cluster_1452","evm.TU.chromosome_8.2519",-1,0.4,0.5,"5","5","5","2"
"610","Cluster_1452_evm.TU.chromosome_8.2770","Cluster_1452","evm.TU.chromosome_8.2770",1,0,1,"1","1","1","4"
"611","Cluster_1452_evm.TU.chromosome_8.289","Cluster_1452","evm.TU.chromosome_8.289",0.8,0.6,1,"3","3","3","5"
"612","Cluster_1452_evm.TU.chromosome_8.298","Cluster_1452","evm.TU.chromosome_8.298",0.6,-0.4,-0.5,"2","2","2","3"
"613","Cluster_1452_evm.TU.chromosome_8.314","Cluster_1452","evm.TU.chromosome_8.314",0.4,-0.2,1,"1","1","1","4"
"614","Cluster_1452_evm.TU.chromosome_8.65","Cluster_1452","evm.TU.chromosome_8.65",0.2,-0.4,0.5,"1","1","1","4"
"615","Cluster_1452_evm.TU.chromosome_8.952","Cluster_1452","evm.TU.chromosome_8.952",0.8,0.632455532033676,1,"3","3","3","5"
"616","Cluster_1452_evm.TU.chromosome_8.957","Cluster_1452","evm.TU.chromosome_8.957",0.4,0.210818510677892,0.5,"3","3","3","5"
"617","Cluster_1452_evm.TU.chromosome_8.964","Cluster_1452","evm.TU.chromosome_8.964",-0.8,0.4,1,"5","5","5","2"
"618","Cluster_1452_evm.TU.chromosome_8.969","Cluster_1452","evm.TU.chromosome_8.969",0.4,0.4,1,"3","3","3","5"
"619","Cluster_1452_evm.TU.chromosome_8.972","Cluster_1452","evm.TU.chromosome_8.972",0.6,0.8,1,"3","3","3","5"
"620","Cluster_1452_evm.TU.chromosome_9.1041","Cluster_1452","evm.TU.chromosome_9.1041",0.4,0.2,1,"1","1","1","4"
"621","Cluster_1452_evm.TU.chromosome_9.1090","Cluster_1452","evm.TU.chromosome_9.1090",0.4,0.8,0.5,"3","3","3","5"
"622","Cluster_1452_evm.TU.chromosome_9.1260","Cluster_1452","evm.TU.chromosome_9.1260",0.632455532033676,-0.737864787372622,0,"1","1","1","4"
"623","Cluster_1452_evm.TU.chromosome_9.1272","Cluster_1452","evm.TU.chromosome_9.1272",0.105409255338946,0,0.866025403784439,"1","1","1","4"
"624","Cluster_1452_evm.TU.chromosome_9.1512","Cluster_1452","evm.TU.chromosome_9.1512",0.6,-0.2,0.5,"1","1","1","4"
"625","Cluster_1452_evm.TU.chromosome_9.1707","Cluster_1452","evm.TU.chromosome_9.1707",1,1,1,"3","3","3","5"
"626","Cluster_1452_evm.TU.chromosome_9.1714","Cluster_1452","evm.TU.chromosome_9.1714",-0.8,0,1,"5","5","5","2"
"627","Cluster_1452_evm.TU.chromosome_9.1764","Cluster_1452","evm.TU.chromosome_9.1764",-1,0.2,1,"5","5","5","2"
"628","Cluster_1452_evm.TU.chromosome_9.1777","Cluster_1452","evm.TU.chromosome_9.1777",0.8,0.8,-0.5,"4","4","4","1"
"629","Cluster_1452_evm.TU.chromosome_9.192","Cluster_1452","evm.TU.chromosome_9.192",0.4,0.8,1,"3","3","3","5"
"630","Cluster_1452_evm.TU.chromosome_9.195","Cluster_1452","evm.TU.chromosome_9.195",0.8,0.4,1,"1","1","1","4"
"631","Cluster_1452_evm.TU.chromosome_9.200","Cluster_1452","evm.TU.chromosome_9.200",-0.8,0.2,0.5,"5","5","5","2"
"632","Cluster_1452_evm.TU.chromosome_9.2086","Cluster_1452","evm.TU.chromosome_9.2086",-1,-0.2,-0.5,"3","3","3","5"
"633","Cluster_1452_evm.TU.chromosome_9.2201","Cluster_1452","evm.TU.chromosome_9.2201",-0.8,0.8,0.5,"5","5","5","2"
"634","Cluster_1452_evm.TU.chromosome_9.2513","Cluster_1452","evm.TU.chromosome_9.2513",0.4,0.8,0.5,"3","3","3","5"
"635","Cluster_1452_evm.TU.chromosome_9.2678","Cluster_1452","evm.TU.chromosome_9.2678",0.6,0.632455532033676,1,"3","3","3","5"
"636","Cluster_1452_evm.TU.chromosome_9.2727","Cluster_1452","evm.TU.chromosome_9.2727",0.4,0.774596669241483,1,"3","3","3","5"
"637","Cluster_1452_evm.TU.chromosome_9.2908","Cluster_1452","evm.TU.chromosome_9.2908",-0.6,0.8,0.5,"5","5","5","2"
"638","Cluster_1452_evm.TU.chromosome_9.486","Cluster_1452","evm.TU.chromosome_9.486",-0.8,0.4,1,"5","5","5","2"
"639","Cluster_1452_evm.TU.chromosome_9.493","Cluster_1452","evm.TU.chromosome_9.493",0.6,-0.4,-0.5,"2","2","2","3"
"640","Cluster_1452_evm.TU.chromosome_9.511","Cluster_1452","evm.TU.chromosome_9.511",-0.737864787372622,-0.6,0.5,"5","5","5","2"
"641","Cluster_1452_evm.TU.chromosome_9.537","Cluster_1452","evm.TU.chromosome_9.537",0,0.2,0.5,"3","3","3","5"
"642","Cluster_1452_evm.TU.chromosome_9.578","Cluster_1452","evm.TU.chromosome_9.578",-0.2,0.8,0.5,"5","5","5","2"
"643","Cluster_1452_evm.TU.chromosome_9.593","Cluster_1452","evm.TU.chromosome_9.593",0.6,0.8,0.5,"3","3","3","5"
"644","Cluster_1452_evm.TU.chromosome_9.752","Cluster_1452","evm.TU.chromosome_9.752",-0.2,-0.4,-1,"2","2","2","3"
"645","Cluster_1452_evm.TU.chromosome_9.814","Cluster_1452","evm.TU.chromosome_9.814",0,-0.8,-1,"2","2","2","3"
"646","Cluster_1452_evm.TU.chromosome_9.864","Cluster_1452","evm.TU.chromosome_9.864",0.2,0.4,0.5,"3","3","3","5"
"647","Cluster_1453_evm.TU.chromosome_1.1172","Cluster_1453","evm.TU.chromosome_1.1172",0,0.8,-0.5,"4","4","4","1"
"648","Cluster_1453_evm.TU.chromosome_1.1426","Cluster_1453","evm.TU.chromosome_1.1426",-0.8,0.105409255338946,-0.5,"4","4","4","1"
"649","Cluster_1453_evm.TU.chromosome_1.180","Cluster_1453","evm.TU.chromosome_1.180",-0.2,0.2,-0.5,"4","4","4","1"
"650","Cluster_1453_evm.TU.chromosome_1.1835","Cluster_1453","evm.TU.chromosome_1.1835",0.2,0.258198889747161,-0.5,"4","4","4","1"
"651","Cluster_1453_evm.TU.chromosome_1.1840","Cluster_1453","evm.TU.chromosome_1.1840",0.6,-0.774596669241483,0.866025403784439,"1","1","1","4"
"652","Cluster_1453_evm.TU.chromosome_1.350","Cluster_1453","evm.TU.chromosome_1.350",0.8,-0.632455532033676,0.866025403784439,"1","1","1","4"
"653","Cluster_1453_evm.TU.chromosome_1.400","Cluster_1453","evm.TU.chromosome_1.400",0.4,-0.105409255338946,-0.866025403784439,"2","2","2","3"
"654","Cluster_1453_evm.TU.chromosome_1.473","Cluster_1453","evm.TU.chromosome_1.473",-0.774596669241483,-0.737864787372622,0.5,"1","1","1","4"
"655","Cluster_1453_evm.TU.chromosome_1.495","Cluster_1453","evm.TU.chromosome_1.495",0,0.8,0.5,"3","3","3","5"
"656","Cluster_1453_evm.TU.chromosome_1.513","Cluster_1453","evm.TU.chromosome_1.513",0.8,0.316227766016838,-0.5,"2","2","2","3"
"657","Cluster_1453_evm.TU.chromosome_1.57","Cluster_1453","evm.TU.chromosome_1.57",0.632455532033676,0.258198889747161,0.5,"3","3","3","5"
"658","Cluster_1453_evm.TU.chromosome_1.611","Cluster_1453","evm.TU.chromosome_1.611",-1,0.8,0.5,"5","5","5","2"
"659","Cluster_1453_evm.TU.chromosome_1.815","Cluster_1453","evm.TU.chromosome_1.815",-0.948683298050514,-0.258198889747161,0.5,"5","5","5","2"
"660","Cluster_1453_evm.TU.chromosome_1.826","Cluster_1453","evm.TU.chromosome_1.826",0.774596669241483,0.774596669241483,0.866025403784439,"3","3","3","5"
"661","Cluster_1453_evm.TU.chromosome_1.946","Cluster_1453","evm.TU.chromosome_1.946",0.8,-0.4,1,"1","1","1","4"
"662","Cluster_1453_evm.TU.chromosome_1.993","Cluster_1453","evm.TU.chromosome_1.993",-0.8,-0.105409255338946,-0.5,"3","3","3","5"
"663","Cluster_1453_evm.TU.chromosome_1.997","Cluster_1453","evm.TU.chromosome_1.997",-0.4,-0.4,0.5,"1","1","1","4"
"664","Cluster_1453_evm.TU.chromosome_10.1029","Cluster_1453","evm.TU.chromosome_10.1029",-0.4,0.4,-0.5,"4","4","4","1"
"665","Cluster_1453_evm.TU.chromosome_10.1076","Cluster_1453","evm.TU.chromosome_10.1076",-0.2,-0.4,0.5,"1","1","1","4"
"666","Cluster_1453_evm.TU.chromosome_10.1134","Cluster_1453","evm.TU.chromosome_10.1134",0.4,-0.4,-0.5,"2","2","2","3"
"667","Cluster_1453_evm.TU.chromosome_10.1368","Cluster_1453","evm.TU.chromosome_10.1368",-0.948683298050514,0.8,-0.5,"4","4","4","1"
"668","Cluster_1453_evm.TU.chromosome_10.1430","Cluster_1453","evm.TU.chromosome_10.1430",-1,-0.8,0.866025403784439,"5","5","5","2"
"669","Cluster_1453_evm.TU.chromosome_10.1573","Cluster_1453","evm.TU.chromosome_10.1573",-0.2,-0.8,-0.5,"3","3","3","5"
"670","Cluster_1453_evm.TU.chromosome_10.175","Cluster_1453","evm.TU.chromosome_10.175",0.4,-0.105409255338946,0.5,"1","1","1","4"
"671","Cluster_1453_evm.TU.chromosome_10.1752","Cluster_1453","evm.TU.chromosome_10.1752",0.4,0.4,-0.5,"4","4","4","1"
"672","Cluster_1453_evm.TU.chromosome_10.1870","Cluster_1453","evm.TU.chromosome_10.1870",0.4,-0.948683298050514,-0.866025403784439,"2","2","2","3"
"673","Cluster_1453_evm.TU.chromosome_10.1901","Cluster_1453","evm.TU.chromosome_10.1901",0.2,0.4,0.5,"3","3","3","5"
"674","Cluster_1453_evm.TU.chromosome_10.1911","Cluster_1453","evm.TU.chromosome_10.1911",0.4,-1,-0.5,"2","2","2","3"
"675","Cluster_1453_evm.TU.chromosome_10.2043","Cluster_1453","evm.TU.chromosome_10.2043",-0.774596669241483,-0.258198889747161,-0.5,"3","3","3","5"
"676","Cluster_1453_evm.TU.chromosome_10.2108","Cluster_1453","evm.TU.chromosome_10.2108",-0.8,-0.8,-0.866025403784439,"3","3","3","5"
"677","Cluster_1453_evm.TU.chromosome_10.2164","Cluster_1453","evm.TU.chromosome_10.2164",0.2,0.8,0.866025403784439,"5","5","5","2"
"678","Cluster_1453_evm.TU.chromosome_10.2252","Cluster_1453","evm.TU.chromosome_10.2252",0,-0.8,0.5,"1","1","1","4"
"679","Cluster_1453_evm.TU.chromosome_10.2254","Cluster_1453","evm.TU.chromosome_10.2254",-0.4,-0.105409255338946,-0.5,"3","3","3","5"
"680","Cluster_1453_evm.TU.chromosome_10.2406","Cluster_1453","evm.TU.chromosome_10.2406",-0.8,-0.105409255338946,0.5,"5","5","5","2"
"681","Cluster_1453_evm.TU.chromosome_10.2435","Cluster_1453","evm.TU.chromosome_10.2435",0.105409255338946,0.4,0.5,"3","3","3","5"
"682","Cluster_1453_evm.TU.chromosome_10.2687","Cluster_1453","evm.TU.chromosome_10.2687",-0.8,0.4,0.866025403784439,"5","5","5","2"
"683","Cluster_1453_evm.TU.chromosome_10.2718","Cluster_1453","evm.TU.chromosome_10.2718",0.632455532033676,1,0.5,"3","3","3","5"
"684","Cluster_1453_evm.TU.chromosome_10.2848","Cluster_1453","evm.TU.chromosome_10.2848",-0.948683298050514,0.258198889747161,0.5,"5","5","5","2"
"685","Cluster_1453_evm.TU.chromosome_10.3078","Cluster_1453","evm.TU.chromosome_10.3078",-0.4,0.8,0.5,"5","5","5","2"
"686","Cluster_1453_evm.TU.chromosome_10.3239","Cluster_1453","evm.TU.chromosome_10.3239",-0.737864787372622,-0.258198889747161,-0.866025403784439,"3","3","3","5"
"687","Cluster_1453_evm.TU.chromosome_10.497","Cluster_1453","evm.TU.chromosome_10.497",0.8,0.258198889747161,0.5,"3","3","3","5"
"688","Cluster_1453_evm.TU.chromosome_10.561","Cluster_1453","evm.TU.chromosome_10.561",0.4,0.4,0.5,"3","3","3","5"
"689","Cluster_1453_evm.TU.chromosome_10.773","Cluster_1453","evm.TU.chromosome_10.773",-0.4,-0.4,-0.5,"3","3","3","5"
"690","Cluster_1453_evm.TU.chromosome_11.1002","Cluster_1453","evm.TU.chromosome_11.1002",-0.2,-0.2,-0.5,"3","3","3","5"
"691","Cluster_1453_evm.TU.chromosome_11.1135","Cluster_1453","evm.TU.chromosome_11.1135",-1,0.4,-0.5,"4","4","4","1"
"692","Cluster_1453_evm.TU.chromosome_11.1251","Cluster_1453","evm.TU.chromosome_11.1251",0.8,0.4,-0.5,"2","2","2","3"
"693","Cluster_1453_evm.TU.chromosome_11.1270","Cluster_1453","evm.TU.chromosome_11.1270",-1,0.4,0.5,"5","5","5","2"
"694","Cluster_1453_evm.TU.chromosome_11.1307","Cluster_1453","evm.TU.chromosome_11.1307",0.8,0.4,-0.5,"2","2","2","3"
"695","Cluster_1453_evm.TU.chromosome_11.1384","Cluster_1453","evm.TU.chromosome_11.1384",0.2,-0.8,0.5,"1","1","1","4"
"696","Cluster_1453_evm.TU.chromosome_11.1470","Cluster_1453","evm.TU.chromosome_11.1470",-0.8,-0.4,-0.5,"3","3","3","5"
"697","Cluster_1453_evm.TU.chromosome_11.1627","Cluster_1453","evm.TU.chromosome_11.1627",0.2,0.2,-0.5,"4","4","4","1"
"698","Cluster_1453_evm.TU.chromosome_11.181","Cluster_1453","evm.TU.chromosome_11.181",-0.4,-0.4,0.5,"1","1","1","4"
"699","Cluster_1453_evm.TU.chromosome_11.1890","Cluster_1453","evm.TU.chromosome_11.1890",0.4,-0.2,-0.5,"2","2","2","3"
"700","Cluster_1453_evm.TU.chromosome_11.2052","Cluster_1453","evm.TU.chromosome_11.2052",-0.8,0.8,-0.5,"4","4","4","1"
"701","Cluster_1453_evm.TU.chromosome_11.2064","Cluster_1453","evm.TU.chromosome_11.2064",-0.4,0.8,-0.5,"4","4","4","1"
"702","Cluster_1453_evm.TU.chromosome_11.2256","Cluster_1453","evm.TU.chromosome_11.2256",-0.258198889747161,0.258198889747161,0.866025403784439,"5","5","5","2"
"703","Cluster_1453_evm.TU.chromosome_11.2392","Cluster_1453","evm.TU.chromosome_11.2392",-0.4,0.4,-0.5,"4","4","4","1"
"704","Cluster_1453_evm.TU.chromosome_11.240","Cluster_1453","evm.TU.chromosome_11.240",-1,-0.8,-0.866025403784439,"3","3","3","5"
"705","Cluster_1453_evm.TU.chromosome_11.2470","Cluster_1453","evm.TU.chromosome_11.2470",-0.4,0.2,-0.5,"4","4","4","1"
"706","Cluster_1453_evm.TU.chromosome_11.2621","Cluster_1453","evm.TU.chromosome_11.2621",-0.632455532033676,0.4,-0.5,"4","4","4","1"
"707","Cluster_1453_evm.TU.chromosome_11.2647","Cluster_1453","evm.TU.chromosome_11.2647",-0.258198889747161,0.4,-0.866025403784439,"4","4","4","1"
"708","Cluster_1453_evm.TU.chromosome_11.2656","Cluster_1453","evm.TU.chromosome_11.2656",0.210818510677892,0.632455532033676,-0.866025403784439,"4","4","4","1"
"709","Cluster_1453_evm.TU.chromosome_11.3072","Cluster_1453","evm.TU.chromosome_11.3072",-0.258198889747161,0.258198889747161,-0.5,"4","4","4","1"
"710","Cluster_1453_evm.TU.chromosome_11.325","Cluster_1453","evm.TU.chromosome_11.325",-0.774596669241483,0.4,0.866025403784439,"5","5","5","2"
"711","Cluster_1453_evm.TU.chromosome_11.347","Cluster_1453","evm.TU.chromosome_11.347",-0.8,0.6,-0.5,"4","4","4","1"
"712","Cluster_1453_evm.TU.chromosome_11.356","Cluster_1453","evm.TU.chromosome_11.356",-0.4,-0.258198889747161,0.5,"5","5","5","2"
"713","Cluster_1453_evm.TU.chromosome_11.420","Cluster_1453","evm.TU.chromosome_11.420",-0.8,0.105409255338946,0.5,"5","5","5","2"
"714","Cluster_1453_evm.TU.chromosome_11.554","Cluster_1453","evm.TU.chromosome_11.554",-0.2,-0.774596669241483,-0.866025403784439,"2","2","2","3"
"715","Cluster_1453_evm.TU.chromosome_11.571","Cluster_1453","evm.TU.chromosome_11.571",0.8,-0.948683298050514,0.5,"1","1","1","4"
"716","Cluster_1453_evm.TU.chromosome_11.577","Cluster_1453","evm.TU.chromosome_11.577",0.2,0.8,0.5,"3","3","3","5"
"717","Cluster_1453_evm.TU.chromosome_11.621","Cluster_1453","evm.TU.chromosome_11.621",0.2,0.105409255338946,0.5,"3","3","3","5"
"718","Cluster_1453_evm.TU.chromosome_11.646","Cluster_1453","evm.TU.chromosome_11.646",-0.4,-0.948683298050514,-0.866025403784439,"3","3","3","5"
"719","Cluster_1453_evm.TU.chromosome_11.758","Cluster_1453","evm.TU.chromosome_11.758",0.4,-0.4,0.5,"1","1","1","4"
"720","Cluster_1453_evm.TU.chromosome_12.1041","Cluster_1453","evm.TU.chromosome_12.1041",0,-1,-0.5,"2","2","2","3"
"721","Cluster_1453_evm.TU.chromosome_12.1043","Cluster_1453","evm.TU.chromosome_12.1043",-0.2,0.632455532033676,0.866025403784439,"5","5","5","2"
"722","Cluster_1453_evm.TU.chromosome_12.1223","Cluster_1453","evm.TU.chromosome_12.1223",-1,1,-0.866025403784439,"4","4","4","1"
"723","Cluster_1453_evm.TU.chromosome_12.1323","Cluster_1453","evm.TU.chromosome_12.1323",-0.4,-0.105409255338946,0.5,"5","5","5","2"
"724","Cluster_1453_evm.TU.chromosome_12.1433","Cluster_1453","evm.TU.chromosome_12.1433",-0.8,0.4,0.5,"5","5","5","2"
"725","Cluster_1453_evm.TU.chromosome_12.155","Cluster_1453","evm.TU.chromosome_12.155",-0.8,0.632455532033676,-0.5,"4","4","4","1"
"726","Cluster_1453_evm.TU.chromosome_12.1843","Cluster_1453","evm.TU.chromosome_12.1843",0.632455532033676,-0.8,0.866025403784439,"1","1","1","4"
"727","Cluster_1453_evm.TU.chromosome_12.1850","Cluster_1453","evm.TU.chromosome_12.1850",-0.737864787372622,0.948683298050514,-1,"4","4","4","1"
"728","Cluster_1453_evm.TU.chromosome_12.193","Cluster_1453","evm.TU.chromosome_12.193",0.258198889747161,-0.258198889747161,-0.866025403784439,"2","2","2","3"
"729","Cluster_1453_evm.TU.chromosome_12.2041","Cluster_1453","evm.TU.chromosome_12.2041",-0.948683298050514,0.4,0.5,"5","5","5","2"
"730","Cluster_1453_evm.TU.chromosome_12.2122","Cluster_1453","evm.TU.chromosome_12.2122",-1,-0.8,-0.5,"3","3","3","5"
"731","Cluster_1453_evm.TU.chromosome_12.2124","Cluster_1453","evm.TU.chromosome_12.2124",0.8,-0.8,-0.5,"2","2","2","3"
"732","Cluster_1453_evm.TU.chromosome_12.2148","Cluster_1453","evm.TU.chromosome_12.2148",-0.4,0.948683298050514,0.5,"5","5","5","2"
"733","Cluster_1453_evm.TU.chromosome_12.2158","Cluster_1453","evm.TU.chromosome_12.2158",-0.948683298050514,0.8,-0.5,"4","4","4","1"
"734","Cluster_1453_evm.TU.chromosome_12.2344","Cluster_1453","evm.TU.chromosome_12.2344",0,0.2,-0.5,"4","4","4","1"
"735","Cluster_1453_evm.TU.chromosome_12.2411","Cluster_1453","evm.TU.chromosome_12.2411",0.4,0.105409255338946,0.5,"3","3","3","5"
"736","Cluster_1453_evm.TU.chromosome_12.245","Cluster_1453","evm.TU.chromosome_12.245",-0.4,-0.8,-0.5,"3","3","3","5"
"737","Cluster_1453_evm.TU.chromosome_12.2523","Cluster_1453","evm.TU.chromosome_12.2523",-0.4,-0.8,-0.5,"3","3","3","5"
"738","Cluster_1453_evm.TU.chromosome_12.2556","Cluster_1453","evm.TU.chromosome_12.2556",-0.4,0.4,-0.5,"4","4","4","1"
"739","Cluster_1453_evm.TU.chromosome_12.2616","Cluster_1453","evm.TU.chromosome_12.2616",0.2,0.632455532033676,0.5,"3","3","3","5"
"740","Cluster_1453_evm.TU.chromosome_12.272","Cluster_1453","evm.TU.chromosome_12.272",-0.8,-0.948683298050514,0.5,"1","1","1","4"
"741","Cluster_1453_evm.TU.chromosome_12.2785","Cluster_1453","evm.TU.chromosome_12.2785",1,0.4,-0.5,"2","2","2","3"
"742","Cluster_1453_evm.TU.chromosome_12.2849","Cluster_1453","evm.TU.chromosome_12.2849",-0.8,-1,0.5,"1","1","1","4"
"743","Cluster_1453_evm.TU.chromosome_12.3081","Cluster_1453","evm.TU.chromosome_12.3081",-0.8,-1,-0.5,"3","3","3","5"
"744","Cluster_1453_evm.TU.chromosome_12.3146","Cluster_1453","evm.TU.chromosome_12.3146",0.4,-0.2,0.5,"1","1","1","4"
"745","Cluster_1453_evm.TU.chromosome_12.324","Cluster_1453","evm.TU.chromosome_12.324",-0.258198889747161,-0.258198889747161,-0.5,"3","3","3","5"
"746","Cluster_1453_evm.TU.chromosome_12.332","Cluster_1453","evm.TU.chromosome_12.332",0,-0.8,-0.5,"2","2","2","3"
"747","Cluster_1453_evm.TU.chromosome_12.3351","Cluster_1453","evm.TU.chromosome_12.3351",-1,0.4,-0.5,"4","4","4","1"
"748","Cluster_1453_evm.TU.chromosome_12.3368","Cluster_1453","evm.TU.chromosome_12.3368",0,-0.2,0.5,"1","1","1","4"
"749","Cluster_1453_evm.TU.chromosome_12.3375","Cluster_1453","evm.TU.chromosome_12.3375",0.105409255338946,0,-0.5,"3","3","3","5"
"750","Cluster_1453_evm.TU.chromosome_12.3536","Cluster_1453","evm.TU.chromosome_12.3536",-0.774596669241483,0.948683298050514,-0.866025403784439,"4","4","4","1"
"751","Cluster_1453_evm.TU.chromosome_12.3603","Cluster_1453","evm.TU.chromosome_12.3603",0.6,0.2,0.5,"3","3","3","5"
"752","Cluster_1453_evm.TU.chromosome_12.3607","Cluster_1453","evm.TU.chromosome_12.3607",-0.8,1,0.866025403784439,"5","5","5","2"
"753","Cluster_1453_evm.TU.chromosome_12.3689","Cluster_1453","evm.TU.chromosome_12.3689",0.774596669241483,-0.258198889747161,0.5,"1","1","1","4"
"754","Cluster_1453_evm.TU.chromosome_12.3744","Cluster_1453","evm.TU.chromosome_12.3744",-0.4,-0.948683298050514,-0.866025403784439,"3","3","3","5"
"755","Cluster_1453_evm.TU.chromosome_12.3980","Cluster_1453","evm.TU.chromosome_12.3980",0.2,0.4,-0.866025403784439,"4","4","4","1"
"756","Cluster_1453_evm.TU.chromosome_12.4031","Cluster_1453","evm.TU.chromosome_12.4031",0.105409255338946,-0.948683298050514,-0.5,"2","2","2","3"
"757","Cluster_1453_evm.TU.chromosome_12.4032","Cluster_1453","evm.TU.chromosome_12.4032",0.2,-1,-0.866025403784439,"2","2","2","3"
"758","Cluster_1453_evm.TU.chromosome_12.466","Cluster_1453","evm.TU.chromosome_12.466",-0.737864787372622,0.105409255338946,0.5,"5","5","5","2"
"759","Cluster_1453_evm.TU.chromosome_12.487","Cluster_1453","evm.TU.chromosome_12.487",-0.4,-0.2,0.866025403784439,"5","5","5","2"
"760","Cluster_1453_evm.TU.chromosome_12.594","Cluster_1453","evm.TU.chromosome_12.594",-0.8,0.8,-0.5,"4","4","4","1"
"761","Cluster_1453_evm.TU.chromosome_12.632","Cluster_1453","evm.TU.chromosome_12.632",0.4,0.105409255338946,0.866025403784439,"1","1","1","4"
"762","Cluster_1453_evm.TU.chromosome_12.665","Cluster_1453","evm.TU.chromosome_12.665",0.4,0.8,0.866025403784439,"3","3","3","5"
"763","Cluster_1453_evm.TU.chromosome_12.77","Cluster_1453","evm.TU.chromosome_12.77",0.4,0.4,0.5,"3","3","3","5"
"764","Cluster_1453_evm.TU.chromosome_12.781","Cluster_1453","evm.TU.chromosome_12.781",-0.4,0.4,0.5,"5","5","5","2"
"765","Cluster_1453_evm.TU.chromosome_12.807","Cluster_1453","evm.TU.chromosome_12.807",-0.4,-0.8,-0.5,"3","3","3","5"
"766","Cluster_1453_evm.TU.chromosome_12.808","Cluster_1453","evm.TU.chromosome_12.808",0.258198889747161,-0.8,0.5,"1","1","1","4"
"767","Cluster_1453_evm.TU.chromosome_13.1036","Cluster_1453","evm.TU.chromosome_13.1036",-0.737864787372622,-0.4,-0.5,"3","3","3","5"
"768","Cluster_1453_evm.TU.chromosome_13.1068","Cluster_1453","evm.TU.chromosome_13.1068",-0.8,-1,-0.5,"3","3","3","5"
"769","Cluster_1453_evm.TU.chromosome_13.1300","Cluster_1453","evm.TU.chromosome_13.1300",0.8,-0.4,-0.5,"2","2","2","3"
"770","Cluster_1453_evm.TU.chromosome_13.1436","Cluster_1453","evm.TU.chromosome_13.1436",-0.8,0.210818510677892,0.5,"5","5","5","2"
"771","Cluster_1453_evm.TU.chromosome_13.145","Cluster_1453","evm.TU.chromosome_13.145",0,0.774596669241483,0.5,"3","3","3","5"
"772","Cluster_1453_evm.TU.chromosome_13.1665","Cluster_1453","evm.TU.chromosome_13.1665",-0.8,-0.258198889747161,0.5,"5","5","5","2"
"773","Cluster_1453_evm.TU.chromosome_13.1666","Cluster_1453","evm.TU.chromosome_13.1666",-0.4,1,-0.5,"4","4","4","1"
"774","Cluster_1453_evm.TU.chromosome_13.1672","Cluster_1453","evm.TU.chromosome_13.1672",0.8,0.948683298050514,-0.5,"4","4","4","1"
"775","Cluster_1453_evm.TU.chromosome_13.1707","Cluster_1453","evm.TU.chromosome_13.1707",-1,-0.4,-0.5,"3","3","3","5"
"776","Cluster_1453_evm.TU.chromosome_13.1896","Cluster_1453","evm.TU.chromosome_13.1896",-0.258198889747161,0.632455532033676,0.5,"5","5","5","2"
"777","Cluster_1453_evm.TU.chromosome_13.2083","Cluster_1453","evm.TU.chromosome_13.2083",-0.774596669241483,0.774596669241483,0,"5","5","5","2"
"778","Cluster_1453_evm.TU.chromosome_13.2125","Cluster_1453","evm.TU.chromosome_13.2125",-0.258198889747161,0.105409255338946,0.866025403784439,"5","5","5","2"
"779","Cluster_1453_evm.TU.chromosome_13.2308","Cluster_1453","evm.TU.chromosome_13.2308",-0.948683298050514,-0.774596669241483,0.866025403784439,"5","5","5","2"
"780","Cluster_1453_evm.TU.chromosome_13.2468","Cluster_1453","evm.TU.chromosome_13.2468",0.8,0.258198889747161,-0.5,"2","2","2","3"
"781","Cluster_1453_evm.TU.chromosome_13.2740","Cluster_1453","evm.TU.chromosome_13.2740",0.8,0.4,-0.5,"2","2","2","3"
"782","Cluster_1453_evm.TU.chromosome_13.2769","Cluster_1453","evm.TU.chromosome_13.2769",-0.774596669241483,-0.774596669241483,-0.5,"3","3","3","5"
"783","Cluster_1453_evm.TU.chromosome_13.2801","Cluster_1453","evm.TU.chromosome_13.2801",0.8,-0.8,0.5,"1","1","1","4"
"784","Cluster_1453_evm.TU.chromosome_13.2802","Cluster_1453","evm.TU.chromosome_13.2802",0.8,-0.8,-0.5,"2","2","2","3"
"785","Cluster_1453_evm.TU.chromosome_13.2822","Cluster_1453","evm.TU.chromosome_13.2822",-0.258198889747161,-0.105409255338946,-0.866025403784439,"4","4","4","1"
"786","Cluster_1453_evm.TU.chromosome_13.2907","Cluster_1453","evm.TU.chromosome_13.2907",0.8,-0.105409255338946,0.866025403784439,"1","1","1","4"
"787","Cluster_1453_evm.TU.chromosome_13.2959","Cluster_1453","evm.TU.chromosome_13.2959",-0.737864787372622,0.2,0.5,"5","5","5","2"
"788","Cluster_1453_evm.TU.chromosome_13.3229","Cluster_1453","evm.TU.chromosome_13.3229",-0.4,1,-0.5,"4","4","4","1"
"789","Cluster_1453_evm.TU.chromosome_13.3578","Cluster_1453","evm.TU.chromosome_13.3578",1,0.8,-0.866025403784439,"2","2","2","3"
"790","Cluster_1453_evm.TU.chromosome_13.3625","Cluster_1453","evm.TU.chromosome_13.3625",-0.4,0.4,-0.866025403784439,"4","4","4","1"
"791","Cluster_1453_evm.TU.chromosome_13.3634","Cluster_1453","evm.TU.chromosome_13.3634",1,-0.4,0.5,"1","1","1","4"
"792","Cluster_1453_evm.TU.chromosome_13.370","Cluster_1453","evm.TU.chromosome_13.370",0.4,-0.8,0.5,"1","1","1","4"
"793","Cluster_1453_evm.TU.chromosome_13.3721","Cluster_1453","evm.TU.chromosome_13.3721",1,0.632455532033676,-0.866025403784439,"2","2","2","3"
"794","Cluster_1453_evm.TU.chromosome_13.374","Cluster_1453","evm.TU.chromosome_13.374",-0.737864787372622,0.632455532033676,0.866025403784439,"5","5","5","2"
"795","Cluster_1453_evm.TU.chromosome_13.3752","Cluster_1453","evm.TU.chromosome_13.3752",0.258198889747161,-0.737864787372622,-0.5,"2","2","2","3"
"796","Cluster_1453_evm.TU.chromosome_13.3866","Cluster_1453","evm.TU.chromosome_13.3866",-0.8,0.2,-0.5,"4","4","4","1"
"797","Cluster_1453_evm.TU.chromosome_13.388","Cluster_1453","evm.TU.chromosome_13.388",0.8,-0.258198889747161,-0.866025403784439,"2","2","2","3"
"798","Cluster_1453_evm.TU.chromosome_13.395","Cluster_1453","evm.TU.chromosome_13.395",-0.2,-0.8,0.5,"1","1","1","4"
"799","Cluster_1453_evm.TU.chromosome_13.406","Cluster_1453","evm.TU.chromosome_13.406",-0.948683298050514,-0.105409255338946,0.5,"5","5","5","2"
"800","Cluster_1453_evm.TU.chromosome_13.4078","Cluster_1453","evm.TU.chromosome_13.4078",-0.948683298050514,-0.2,0.5,"5","5","5","2"
"801","Cluster_1453_evm.TU.chromosome_13.4161","Cluster_1453","evm.TU.chromosome_13.4161",1,-0.4,0.5,"1","1","1","4"
"802","Cluster_1453_evm.TU.chromosome_13.569","Cluster_1453","evm.TU.chromosome_13.569",-0.4,0.4,0.5,"5","5","5","2"
"803","Cluster_1453_evm.TU.chromosome_13.650","Cluster_1453","evm.TU.chromosome_13.650",-0.6,-0.6,-0.5,"3","3","3","5"
"804","Cluster_1453_evm.TU.chromosome_13.685","Cluster_1453","evm.TU.chromosome_13.685",0.8,-0.105409255338946,-0.5,"2","2","2","3"
"805","Cluster_1453_evm.TU.chromosome_13.732","Cluster_1453","evm.TU.chromosome_13.732",-0.4,-0.8,-0.5,"3","3","3","5"
"806","Cluster_1453_evm.TU.chromosome_13.836","Cluster_1453","evm.TU.chromosome_13.836",0.632455532033676,-0.737864787372622,1,"1","1","1","4"
"807","Cluster_1453_evm.TU.chromosome_13.920","Cluster_1453","evm.TU.chromosome_13.920",-0.2,0.105409255338946,-0.5,"3","3","3","5"
"808","Cluster_1453_evm.TU.chromosome_14.142","Cluster_1453","evm.TU.chromosome_14.142",1,-0.4,-0.5,"2","2","2","3"
"809","Cluster_1453_evm.TU.chromosome_14.1518","Cluster_1453","evm.TU.chromosome_14.1518",-0.4,-0.105409255338946,0.5,"5","5","5","2"
"810","Cluster_1453_evm.TU.chromosome_14.1543","Cluster_1453","evm.TU.chromosome_14.1543",0.6,-0.774596669241483,0.866025403784439,"1","1","1","4"
"811","Cluster_1453_evm.TU.chromosome_14.1581","Cluster_1453","evm.TU.chromosome_14.1581",0.632455532033676,0.105409255338946,-0.5,"2","2","2","3"
"812","Cluster_1453_evm.TU.chromosome_14.1662","Cluster_1453","evm.TU.chromosome_14.1662",0.2,-0.4,0.866025403784439,"1","1","1","4"
"813","Cluster_1453_evm.TU.chromosome_14.1673","Cluster_1453","evm.TU.chromosome_14.1673",-0.105409255338946,-0.210818510677892,0.5,"1","1","1","4"
"814","Cluster_1453_evm.TU.chromosome_14.171","Cluster_1453","evm.TU.chromosome_14.171",-0.8,0.8,0.5,"5","5","5","2"
"815","Cluster_1453_evm.TU.chromosome_14.1718","Cluster_1453","evm.TU.chromosome_14.1718",-0.8,-0.632455532033676,-0.866025403784439,"3","3","3","5"
"816","Cluster_1453_evm.TU.chromosome_14.1749","Cluster_1453","evm.TU.chromosome_14.1749",0.737864787372622,-0.948683298050514,-0.5,"2","2","2","3"
"817","Cluster_1453_evm.TU.chromosome_14.2122","Cluster_1453","evm.TU.chromosome_14.2122",0.632455532033676,0.4,0.5,"3","3","3","5"
"818","Cluster_1453_evm.TU.chromosome_14.2943","Cluster_1453","evm.TU.chromosome_14.2943",-0.4,0.8,-0.5,"4","4","4","1"
"819","Cluster_1453_evm.TU.chromosome_14.3053","Cluster_1453","evm.TU.chromosome_14.3053",-1,-0.258198889747161,0.5,"5","5","5","2"
"820","Cluster_1453_evm.TU.chromosome_14.3089","Cluster_1453","evm.TU.chromosome_14.3089",-0.4,-0.2,-0.5,"3","3","3","5"
"821","Cluster_1453_evm.TU.chromosome_14.3193","Cluster_1453","evm.TU.chromosome_14.3193",0.6,0.8,-0.866025403784439,"4","4","4","1"
"822","Cluster_1453_evm.TU.chromosome_14.3573","Cluster_1453","evm.TU.chromosome_14.3573",0.8,0.2,-0.866025403784439,"2","2","2","3"
"823","Cluster_1453_evm.TU.chromosome_14.3801","Cluster_1453","evm.TU.chromosome_14.3801",-0.8,-0.105409255338946,-0.5,"3","3","3","5"
"824","Cluster_1453_evm.TU.chromosome_14.393","Cluster_1453","evm.TU.chromosome_14.393",0.4,1,0.5,"3","3","3","5"
"825","Cluster_1453_evm.TU.chromosome_14.3965","Cluster_1453","evm.TU.chromosome_14.3965",1,-1,-0.866025403784439,"2","2","2","3"
"826","Cluster_1453_evm.TU.chromosome_14.402","Cluster_1453","evm.TU.chromosome_14.402",0.4,0.316227766016838,0.5,"3","3","3","5"
"827","Cluster_1453_evm.TU.chromosome_14.4402","Cluster_1453","evm.TU.chromosome_14.4402",0.258198889747161,-0.948683298050514,0.5,"1","1","1","4"
"828","Cluster_1453_evm.TU.chromosome_14.4485","Cluster_1453","evm.TU.chromosome_14.4485",0.948683298050514,-0.105409255338946,0.5,"1","1","1","4"
"829","Cluster_1453_evm.TU.chromosome_14.4553","Cluster_1453","evm.TU.chromosome_14.4553",-0.105409255338946,-0.105409255338946,0.866025403784439,"1","1","1","4"
"830","Cluster_1453_evm.TU.chromosome_14.4748","Cluster_1453","evm.TU.chromosome_14.4748",0.774596669241483,0,0.5,"1","1","1","4"
"831","Cluster_1453_evm.TU.chromosome_14.477","Cluster_1453","evm.TU.chromosome_14.477",0.2,-0.4,-0.5,"2","2","2","3"
"832","Cluster_1453_evm.TU.chromosome_14.4956","Cluster_1453","evm.TU.chromosome_14.4956",-0.4,0.4,-0.5,"4","4","4","1"
"833","Cluster_1453_evm.TU.chromosome_14.5023","Cluster_1453","evm.TU.chromosome_14.5023",0.2,-0.258198889747161,-0.5,"2","2","2","3"
"834","Cluster_1453_evm.TU.chromosome_14.5232","Cluster_1453","evm.TU.chromosome_14.5232",0.2,-0.4,0.5,"1","1","1","4"
"835","Cluster_1453_evm.TU.chromosome_14.5269","Cluster_1453","evm.TU.chromosome_14.5269",1,0.2,-0.866025403784439,"2","2","2","3"
"836","Cluster_1453_evm.TU.chromosome_14.5295","Cluster_1453","evm.TU.chromosome_14.5295",0.8,0.8,0.5,"3","3","3","5"
"837","Cluster_1453_evm.TU.chromosome_14.5367","Cluster_1453","evm.TU.chromosome_14.5367",0.8,-0.8,-0.5,"2","2","2","3"
"838","Cluster_1453_evm.TU.chromosome_14.5375","Cluster_1453","evm.TU.chromosome_14.5375",-0.8,-0.2,-0.5,"3","3","3","5"
"839","Cluster_1453_evm.TU.chromosome_14.5459","Cluster_1453","evm.TU.chromosome_14.5459",-0.8,-1,0.5,"1","1","1","4"
"840","Cluster_1453_evm.TU.chromosome_14.5538","Cluster_1453","evm.TU.chromosome_14.5538",-1,0.2,0.5,"5","5","5","2"
"841","Cluster_1453_evm.TU.chromosome_14.554","Cluster_1453","evm.TU.chromosome_14.554",0.2,0.8,-0.5,"4","4","4","1"
"842","Cluster_1453_evm.TU.chromosome_14.5620","Cluster_1453","evm.TU.chromosome_14.5620",0.4,0,0.866025403784439,"1","1","1","4"
"843","Cluster_1453_evm.TU.chromosome_14.5793","Cluster_1453","evm.TU.chromosome_14.5793",-0.8,1,0.5,"5","5","5","2"
"844","Cluster_1453_evm.TU.chromosome_14.6067","Cluster_1453","evm.TU.chromosome_14.6067",-0.8,-0.2,-0.5,"3","3","3","5"
"845","Cluster_1453_evm.TU.chromosome_14.6215","Cluster_1453","evm.TU.chromosome_14.6215",-0.258198889747161,0.4,0.5,"5","5","5","2"
"846","Cluster_1453_evm.TU.chromosome_14.6292","Cluster_1453","evm.TU.chromosome_14.6292",-0.8,-0.4,0.5,"5","5","5","2"
"847","Cluster_1453_evm.TU.chromosome_14.6339","Cluster_1453","evm.TU.chromosome_14.6339",-0.8,-0.8,-0.5,"3","3","3","5"
"848","Cluster_1453_evm.TU.chromosome_14.6363","Cluster_1453","evm.TU.chromosome_14.6363",-0.4,-0.774596669241483,-0.866025403784439,"3","3","3","5"
"849","Cluster_1453_evm.TU.chromosome_14.6425","Cluster_1453","evm.TU.chromosome_14.6425",1,0.8,0.5,"3","3","3","5"
"850","Cluster_1453_evm.TU.chromosome_14.643","Cluster_1453","evm.TU.chromosome_14.643",-0.2,0.4,-0.5,"4","4","4","1"
"851","Cluster_1453_evm.TU.chromosome_14.661","Cluster_1453","evm.TU.chromosome_14.661",0,-0.948683298050514,-0.5,"2","2","2","3"
"852","Cluster_1453_evm.TU.chromosome_14.6765","Cluster_1453","evm.TU.chromosome_14.6765",-0.737864787372622,0.258198889747161,0.866025403784439,"5","5","5","2"
"853","Cluster_1453_evm.TU.chromosome_14.6930","Cluster_1453","evm.TU.chromosome_14.6930",-1,-0.632455532033676,0.5,"5","5","5","2"
"854","Cluster_1453_evm.TU.chromosome_14.701","Cluster_1453","evm.TU.chromosome_14.701",-0.4,-0.8,0.866025403784439,"1","1","1","4"
"855","Cluster_1453_evm.TU.chromosome_14.716","Cluster_1453","evm.TU.chromosome_14.716",0,-0.105409255338946,-0.5,"3","3","3","5"
"856","Cluster_1453_evm.TU.chromosome_14.724","Cluster_1453","evm.TU.chromosome_14.724",0.4,-0.105409255338946,0.5,"1","1","1","4"
"857","Cluster_1453_evm.TU.chromosome_14.796","Cluster_1453","evm.TU.chromosome_14.796",0.4,0.632455532033676,0.866025403784439,"3","3","3","5"
"858","Cluster_1453_evm.TU.chromosome_14.801","Cluster_1453","evm.TU.chromosome_14.801",-1,-0.8,0.5,"5","5","5","2"
"859","Cluster_1453_evm.TU.chromosome_14.892","Cluster_1453","evm.TU.chromosome_14.892",0.8,-0.105409255338946,-0.866025403784439,"2","2","2","3"
"860","Cluster_1453_evm.TU.chromosome_2.1026","Cluster_1453","evm.TU.chromosome_2.1026",0.4,-0.105409255338946,0.5,"1","1","1","4"
"861","Cluster_1453_evm.TU.chromosome_2.1126","Cluster_1453","evm.TU.chromosome_2.1126",-0.632455532033676,1,0.5,"5","5","5","2"
"862","Cluster_1453_evm.TU.chromosome_2.1361","Cluster_1453","evm.TU.chromosome_2.1361",0.4,-0.8,0.5,"1","1","1","4"
"863","Cluster_1453_evm.TU.chromosome_2.1519","Cluster_1453","evm.TU.chromosome_2.1519",0.6,1,-0.5,"4","4","4","1"
"864","Cluster_1453_evm.TU.chromosome_2.1635","Cluster_1453","evm.TU.chromosome_2.1635",0.258198889747161,0.632455532033676,0.5,"3","3","3","5"
"865","Cluster_1453_evm.TU.chromosome_2.1644","Cluster_1453","evm.TU.chromosome_2.1644",-0.2,-0.4,-0.5,"3","3","3","5"
"866","Cluster_1453_evm.TU.chromosome_2.1700","Cluster_1453","evm.TU.chromosome_2.1700",0.632455532033676,-0.2,0.5,"1","1","1","4"
"867","Cluster_1453_evm.TU.chromosome_2.180","Cluster_1453","evm.TU.chromosome_2.180",-0.4,0.258198889747161,-0.5,"4","4","4","1"
"868","Cluster_1453_evm.TU.chromosome_2.1806","Cluster_1453","evm.TU.chromosome_2.1806",-0.774596669241483,-0.258198889747161,-0.866025403784439,"3","3","3","5"
"869","Cluster_1453_evm.TU.chromosome_2.1844","Cluster_1453","evm.TU.chromosome_2.1844",-0.4,0.4,0,"3","3","3","5"
"870","Cluster_1453_evm.TU.chromosome_2.2073","Cluster_1453","evm.TU.chromosome_2.2073",-0.948683298050514,0.948683298050514,-0.5,"4","4","4","1"
"871","Cluster_1453_evm.TU.chromosome_2.2078","Cluster_1453","evm.TU.chromosome_2.2078",1,-1,1,"1","1","1","4"
"872","Cluster_1453_evm.TU.chromosome_2.317","Cluster_1453","evm.TU.chromosome_2.317",-0.105409255338946,0.2,-0.5,"4","4","4","1"
"873","Cluster_1453_evm.TU.chromosome_2.368","Cluster_1453","evm.TU.chromosome_2.368",0.316227766016838,-0.258198889747161,1,"1","1","1","4"
"874","Cluster_1453_evm.TU.chromosome_2.537","Cluster_1453","evm.TU.chromosome_2.537",-0.4,0.4,0.5,"5","5","5","2"
"875","Cluster_1453_evm.TU.chromosome_2.611","Cluster_1453","evm.TU.chromosome_2.611",-0.8,-0.105409255338946,0.866025403784439,"5","5","5","2"
"876","Cluster_1453_evm.TU.chromosome_2.625","Cluster_1453","evm.TU.chromosome_2.625",-1,0.2,0.5,"5","5","5","2"
"877","Cluster_1453_evm.TU.chromosome_2.671","Cluster_1453","evm.TU.chromosome_2.671",0.8,0.105409255338946,-0.5,"2","2","2","3"
"878","Cluster_1453_evm.TU.chromosome_2.828","Cluster_1453","evm.TU.chromosome_2.828",0.8,0.2,-0.5,"2","2","2","3"
"879","Cluster_1453_evm.TU.chromosome_3.1101","Cluster_1453","evm.TU.chromosome_3.1101",0.774596669241483,0.2,0.866025403784439,"1","1","1","4"
"880","Cluster_1453_evm.TU.chromosome_3.1358","Cluster_1453","evm.TU.chromosome_3.1358",0.2,-0.737864787372622,-0.5,"2","2","2","3"
"881","Cluster_1453_evm.TU.chromosome_3.1486","Cluster_1453","evm.TU.chromosome_3.1486",-0.8,0.4,0.5,"5","5","5","2"
"882","Cluster_1453_evm.TU.chromosome_3.1541","Cluster_1453","evm.TU.chromosome_3.1541",0.4,-0.774596669241483,-0.5,"2","2","2","3"
"883","Cluster_1453_evm.TU.chromosome_3.1542","Cluster_1453","evm.TU.chromosome_3.1542",-0.737864787372622,-0.774596669241483,-0.866025403784439,"3","3","3","5"
"884","Cluster_1453_evm.TU.chromosome_3.162","Cluster_1453","evm.TU.chromosome_3.162",-0.737864787372622,0.8,-0.5,"4","4","4","1"
"885","Cluster_1453_evm.TU.chromosome_3.1624","Cluster_1453","evm.TU.chromosome_3.1624",-0.4,0.4,-0.5,"4","4","4","1"
"886","Cluster_1453_evm.TU.chromosome_3.1693","Cluster_1453","evm.TU.chromosome_3.1693",-0.4,0.4,-0.866025403784439,"4","4","4","1"
"887","Cluster_1453_evm.TU.chromosome_3.1826","Cluster_1453","evm.TU.chromosome_3.1826",0.632455532033676,-0.258198889747161,0.5,"1","1","1","4"
"888","Cluster_1453_evm.TU.chromosome_3.1831","Cluster_1453","evm.TU.chromosome_3.1831",0.316227766016838,-0.2,-0.5,"2","2","2","3"
"889","Cluster_1453_evm.TU.chromosome_3.1896","Cluster_1453","evm.TU.chromosome_3.1896",1,-0.105409255338946,0.5,"1","1","1","4"
"890","Cluster_1453_evm.TU.chromosome_3.2004","Cluster_1453","evm.TU.chromosome_3.2004",-1,-1,0.5,"1","1","1","4"
"891","Cluster_1453_evm.TU.chromosome_3.2065","Cluster_1453","evm.TU.chromosome_3.2065",1,0.8,-0.5,"2","2","2","3"
"892","Cluster_1453_evm.TU.chromosome_3.299","Cluster_1453","evm.TU.chromosome_3.299",0.632455532033676,-0.8,-0.5,"2","2","2","3"
"893","Cluster_1453_evm.TU.chromosome_3.544","Cluster_1453","evm.TU.chromosome_3.544",0.8,0.258198889747161,-0.866025403784439,"2","2","2","3"
"894","Cluster_1453_evm.TU.chromosome_3.624","Cluster_1453","evm.TU.chromosome_3.624",-1,-0.258198889747161,-0.866025403784439,"3","3","3","5"
"895","Cluster_1453_evm.TU.chromosome_3.720","Cluster_1453","evm.TU.chromosome_3.720",-0.4,-1,-0.5,"1","1","1","4"
"896","Cluster_1453_evm.TU.chromosome_3.767","Cluster_1453","evm.TU.chromosome_3.767",0.8,-0.105409255338946,0.5,"1","1","1","4"
"897","Cluster_1453_evm.TU.chromosome_3.848","Cluster_1453","evm.TU.chromosome_3.848",1,-0.258198889747161,-0.5,"2","2","2","3"
"898","Cluster_1453_evm.TU.chromosome_3.937","Cluster_1453","evm.TU.chromosome_3.937",-0.4,0.4,0.5,"5","5","5","2"
"899","Cluster_1453_evm.TU.chromosome_4.1068","Cluster_1453","evm.TU.chromosome_4.1068",-0.2,-0.4,-0.5,"3","3","3","5"
"900","Cluster_1453_evm.TU.chromosome_4.1280","Cluster_1453","evm.TU.chromosome_4.1280",0.2,-0.948683298050514,0.5,"1","1","1","4"
"901","Cluster_1453_evm.TU.chromosome_4.1340","Cluster_1453","evm.TU.chromosome_4.1340",-0.4,-0.4,0.5,"1","1","1","4"
"902","Cluster_1453_evm.TU.chromosome_4.1862","Cluster_1453","evm.TU.chromosome_4.1862",0.8,1,0.5,"3","3","3","5"
"903","Cluster_1453_evm.TU.chromosome_4.212","Cluster_1453","evm.TU.chromosome_4.212",-0.8,0.4,1,"5","5","5","2"
"904","Cluster_1453_evm.TU.chromosome_4.2273","Cluster_1453","evm.TU.chromosome_4.2273",-0.774596669241483,-0.210818510677892,-0.5,"3","3","3","5"
"905","Cluster_1453_evm.TU.chromosome_4.2347","Cluster_1453","evm.TU.chromosome_4.2347",1,-1,-0.866025403784439,"2","2","2","3"
"906","Cluster_1453_evm.TU.chromosome_4.527","Cluster_1453","evm.TU.chromosome_4.527",-0.632455532033676,0.632455532033676,-0.866025403784439,"4","4","4","1"
"907","Cluster_1453_evm.TU.chromosome_4.598","Cluster_1453","evm.TU.chromosome_4.598",-0.4,-0.2,-0.5,"3","3","3","5"
"908","Cluster_1453_evm.TU.chromosome_4.722","Cluster_1453","evm.TU.chromosome_4.722",-1,-0.258198889747161,-0.5,"3","3","3","5"
"909","Cluster_1453_evm.TU.chromosome_4.770","Cluster_1453","evm.TU.chromosome_4.770",-0.4,0.105409255338946,0.5,"5","5","5","2"
"910","Cluster_1453_evm.TU.chromosome_5.1013","Cluster_1453","evm.TU.chromosome_5.1013",0.8,0.2,-0.5,"2","2","2","3"
"911","Cluster_1453_evm.TU.chromosome_5.1031","Cluster_1453","evm.TU.chromosome_5.1031",-0.632455532033676,0.8,-0.5,"4","4","4","1"
"912","Cluster_1453_evm.TU.chromosome_5.1032","Cluster_1453","evm.TU.chromosome_5.1032",-1,0.8,-0.5,"4","4","4","1"
"913","Cluster_1453_evm.TU.chromosome_5.1091","Cluster_1453","evm.TU.chromosome_5.1091",-1,0,-0.5,"3","3","3","5"
"914","Cluster_1453_evm.TU.chromosome_5.120","Cluster_1453","evm.TU.chromosome_5.120",0.4,0.8,-0.866025403784439,"4","4","4","1"
"915","Cluster_1453_evm.TU.chromosome_5.1275","Cluster_1453","evm.TU.chromosome_5.1275",0.4,0.737864787372622,0.866025403784439,"3","3","3","5"
"916","Cluster_1453_evm.TU.chromosome_5.1534","Cluster_1453","evm.TU.chromosome_5.1534",-0.2,-0.2,0.5,"1","1","1","4"
"917","Cluster_1453_evm.TU.chromosome_5.1990","Cluster_1453","evm.TU.chromosome_5.1990",0.8,-1,0.866025403784439,"1","1","1","4"
"918","Cluster_1453_evm.TU.chromosome_5.2037","Cluster_1453","evm.TU.chromosome_5.2037",-0.2,0.4,-0.5,"4","4","4","1"
"919","Cluster_1453_evm.TU.chromosome_5.2079","Cluster_1453","evm.TU.chromosome_5.2079",0.948683298050514,-0.2,-0.866025403784439,"2","2","2","3"
"920","Cluster_1453_evm.TU.chromosome_5.2233","Cluster_1453","evm.TU.chromosome_5.2233",-0.2,0.4,-0.5,"4","4","4","1"
"921","Cluster_1453_evm.TU.chromosome_5.2303","Cluster_1453","evm.TU.chromosome_5.2303",-0.8,0.2,0.5,"5","5","5","2"
"922","Cluster_1453_evm.TU.chromosome_5.2402","Cluster_1453","evm.TU.chromosome_5.2402",-0.2,-1,0.5,"1","1","1","4"
"923","Cluster_1453_evm.TU.chromosome_5.2496","Cluster_1453","evm.TU.chromosome_5.2496",-0.948683298050514,0.105409255338946,0.5,"5","5","5","2"
"924","Cluster_1453_evm.TU.chromosome_5.2632","Cluster_1453","evm.TU.chromosome_5.2632",0.8,-0.8,-0.5,"2","2","2","3"
"925","Cluster_1453_evm.TU.chromosome_5.312","Cluster_1453","evm.TU.chromosome_5.312",-0.8,-1,0.5,"1","1","1","4"
"926","Cluster_1453_evm.TU.chromosome_5.411","Cluster_1453","evm.TU.chromosome_5.411",0.4,-0.2,-0.5,"2","2","2","3"
"927","Cluster_1453_evm.TU.chromosome_5.629","Cluster_1453","evm.TU.chromosome_5.629",-0.8,-0.105409255338946,-0.5,"3","3","3","5"
"928","Cluster_1453_evm.TU.chromosome_5.815","Cluster_1453","evm.TU.chromosome_5.815",-0.2,-0.258198889747161,-0.5,"3","3","3","5"
"929","Cluster_1453_evm.TU.chromosome_5.821","Cluster_1453","evm.TU.chromosome_5.821",0.4,-0.8,-0.5,"2","2","2","3"
"930","Cluster_1453_evm.TU.chromosome_5.93","Cluster_1453","evm.TU.chromosome_5.93",0.8,-0.2,-0.5,"2","2","2","3"
"931","Cluster_1453_evm.TU.chromosome_6.1048","Cluster_1453","evm.TU.chromosome_6.1048",-0.4,0.105409255338946,-0.5,"3","3","3","5"
"932","Cluster_1453_evm.TU.chromosome_6.1357","Cluster_1453","evm.TU.chromosome_6.1357",-0.105409255338946,-0.8,-0.5,"3","3","3","5"
"933","Cluster_1453_evm.TU.chromosome_6.1387","Cluster_1453","evm.TU.chromosome_6.1387",-0.258198889747161,-0.2,0.5,"1","1","1","4"
"934","Cluster_1453_evm.TU.chromosome_6.1626","Cluster_1453","evm.TU.chromosome_6.1626",0.8,-0.258198889747161,-0.5,"2","2","2","3"
"935","Cluster_1453_evm.TU.chromosome_6.1657","Cluster_1453","evm.TU.chromosome_6.1657",-0.4,-1,-0.5,"1","1","1","4"
"936","Cluster_1453_evm.TU.chromosome_6.1658","Cluster_1453","evm.TU.chromosome_6.1658",0.4,-0.4,0.5,"1","1","1","4"
"937","Cluster_1453_evm.TU.chromosome_6.1685","Cluster_1453","evm.TU.chromosome_6.1685",-0.258198889747161,-0.4,0.866025403784439,"1","1","1","4"
"938","Cluster_1453_evm.TU.chromosome_6.1740","Cluster_1453","evm.TU.chromosome_6.1740",-0.4,-0.2,0.5,"5","5","5","2"
"939","Cluster_1453_evm.TU.chromosome_6.1829","Cluster_1453","evm.TU.chromosome_6.1829",-0.4,0.2,-0.5,"4","4","4","1"
"940","Cluster_1453_evm.TU.chromosome_6.2025","Cluster_1453","evm.TU.chromosome_6.2025",-0.105409255338946,0.105409255338946,-0.866025403784439,"4","4","4","1"
"941","Cluster_1453_evm.TU.chromosome_6.2032","Cluster_1453","evm.TU.chromosome_6.2032",-0.4,0.8,0.5,"5","5","5","2"
"942","Cluster_1453_evm.TU.chromosome_6.2366","Cluster_1453","evm.TU.chromosome_6.2366",-0.8,-0.105409255338946,-0.5,"3","3","3","5"
"943","Cluster_1453_evm.TU.chromosome_6.323","Cluster_1453","evm.TU.chromosome_6.323",-0.4,0.948683298050514,-0.5,"4","4","4","1"
"944","Cluster_1453_evm.TU.chromosome_6.324","Cluster_1453","evm.TU.chromosome_6.324",-0.8,-1,-0.5,"3","3","3","5"
"945","Cluster_1453_evm.TU.chromosome_6.39","Cluster_1453","evm.TU.chromosome_6.39",-0.2,0.8,-0.5,"4","4","4","1"
"946","Cluster_1453_evm.TU.chromosome_6.800","Cluster_1453","evm.TU.chromosome_6.800",0.4,-0.4,0.5,"1","1","1","4"
"947","Cluster_1453_evm.TU.chromosome_6.810","Cluster_1453","evm.TU.chromosome_6.810",-0.4,-0.8,0.5,"1","1","1","4"
"948","Cluster_1453_evm.TU.chromosome_6.853","Cluster_1453","evm.TU.chromosome_6.853",-0.4,-0.8,1,"1","1","1","4"
"949","Cluster_1453_evm.TU.chromosome_6.89","Cluster_1453","evm.TU.chromosome_6.89",-0.8,0.258198889747161,-0.5,"4","4","4","1"
"950","Cluster_1453_evm.TU.chromosome_6.922","Cluster_1453","evm.TU.chromosome_6.922",-0.2,0.4,0.5,"5","5","5","2"
"951","Cluster_1453_evm.TU.chromosome_7.1127","Cluster_1453","evm.TU.chromosome_7.1127",-0.2,-0.2,0.5,"1","1","1","4"
"952","Cluster_1453_evm.TU.chromosome_7.1159","Cluster_1453","evm.TU.chromosome_7.1159",-1,1,-0.5,"4","4","4","1"
"953","Cluster_1453_evm.TU.chromosome_7.1188","Cluster_1453","evm.TU.chromosome_7.1188",0.2,-0.210818510677892,0.866025403784439,"1","1","1","4"
"954","Cluster_1453_evm.TU.chromosome_7.1204","Cluster_1453","evm.TU.chromosome_7.1204",0.8,0.8,0.5,"3","3","3","5"
"955","Cluster_1453_evm.TU.chromosome_7.1281","Cluster_1453","evm.TU.chromosome_7.1281",-0.632455532033676,-0.258198889747161,-0.5,"3","3","3","5"
"956","Cluster_1453_evm.TU.chromosome_7.1307","Cluster_1453","evm.TU.chromosome_7.1307",0,0.8,0.5,"3","3","3","5"
"957","Cluster_1453_evm.TU.chromosome_7.1347","Cluster_1453","evm.TU.chromosome_7.1347",-0.8,-0.2,0.866025403784439,"5","5","5","2"
"958","Cluster_1453_evm.TU.chromosome_7.1360","Cluster_1453","evm.TU.chromosome_7.1360",-0.4,0.4,-0.5,"4","4","4","1"
"959","Cluster_1453_evm.TU.chromosome_7.1421","Cluster_1453","evm.TU.chromosome_7.1421",-0.774596669241483,-0.737864787372622,-0.866025403784439,"3","3","3","5"
"960","Cluster_1453_evm.TU.chromosome_7.1487","Cluster_1453","evm.TU.chromosome_7.1487",0.2,1,-0.5,"4","4","4","1"
"961","Cluster_1453_evm.TU.chromosome_7.1505","Cluster_1453","evm.TU.chromosome_7.1505",-0.210818510677892,0.8,0.5,"5","5","5","2"
"962","Cluster_1453_evm.TU.chromosome_7.1675","Cluster_1453","evm.TU.chromosome_7.1675",-0.8,-0.8,0.5,"1","1","1","4"
"963","Cluster_1453_evm.TU.chromosome_7.2137","Cluster_1453","evm.TU.chromosome_7.2137",0,0.4,-0.5,"4","4","4","1"
"964","Cluster_1453_evm.TU.chromosome_7.2203","Cluster_1453","evm.TU.chromosome_7.2203",-0.4,-0.8,-0.5,"3","3","3","5"
"965","Cluster_1453_evm.TU.chromosome_7.2205","Cluster_1453","evm.TU.chromosome_7.2205",-0.948683298050514,0.2,0.5,"5","5","5","2"
"966","Cluster_1453_evm.TU.chromosome_7.2215","Cluster_1453","evm.TU.chromosome_7.2215",-1,-0.4,-0.5,"3","3","3","5"
"967","Cluster_1453_evm.TU.chromosome_7.2485","Cluster_1453","evm.TU.chromosome_7.2485",1,-0.2,-0.5,"2","2","2","3"
"968","Cluster_1453_evm.TU.chromosome_7.2487","Cluster_1453","evm.TU.chromosome_7.2487",1,-0.2,0.5,"1","1","1","4"
"969","Cluster_1453_evm.TU.chromosome_7.2528","Cluster_1453","evm.TU.chromosome_7.2528",0,-0.105409255338946,-0.866025403784439,"2","2","2","3"
"970","Cluster_1453_evm.TU.chromosome_7.2618","Cluster_1453","evm.TU.chromosome_7.2618",0.8,0.2,-0.5,"2","2","2","3"
"971","Cluster_1453_evm.TU.chromosome_7.2723","Cluster_1453","evm.TU.chromosome_7.2723",1,-0.774596669241483,-0.5,"2","2","2","3"
"972","Cluster_1453_evm.TU.chromosome_7.516","Cluster_1453","evm.TU.chromosome_7.516",-0.8,0.105409255338946,-0.5,"4","4","4","1"
"973","Cluster_1453_evm.TU.chromosome_7.527","Cluster_1453","evm.TU.chromosome_7.527",0.105409255338946,0.4,-0.5,"4","4","4","1"
"974","Cluster_1453_evm.TU.chromosome_7.679","Cluster_1453","evm.TU.chromosome_7.679",-0.4,-0.2,0.5,"5","5","5","2"
"975","Cluster_1453_evm.TU.chromosome_7.726","Cluster_1453","evm.TU.chromosome_7.726",-0.8,0.8,0.5,"5","5","5","2"
"976","Cluster_1453_evm.TU.chromosome_8.1058","Cluster_1453","evm.TU.chromosome_8.1058",0,-0.8,0.5,"1","1","1","4"
"977","Cluster_1453_evm.TU.chromosome_8.1200","Cluster_1453","evm.TU.chromosome_8.1200",0.4,-0.8,-0.5,"2","2","2","3"
"978","Cluster_1453_evm.TU.chromosome_8.1219","Cluster_1453","evm.TU.chromosome_8.1219",-0.4,-0.948683298050514,0.5,"1","1","1","4"
"979","Cluster_1453_evm.TU.chromosome_8.1225","Cluster_1453","evm.TU.chromosome_8.1225",-0.948683298050514,0.258198889747161,-0.5,"4","4","4","1"
"980","Cluster_1453_evm.TU.chromosome_8.1280","Cluster_1453","evm.TU.chromosome_8.1280",-0.4,-0.4,-0.5,"3","3","3","5"
"981","Cluster_1453_evm.TU.chromosome_8.1407","Cluster_1453","evm.TU.chromosome_8.1407",-0.258198889747161,-0.105409255338946,-0.5,"3","3","3","5"
"982","Cluster_1453_evm.TU.chromosome_8.1436","Cluster_1453","evm.TU.chromosome_8.1436",-0.774596669241483,-0.105409255338946,-0.5,"3","3","3","5"
"983","Cluster_1453_evm.TU.chromosome_8.1471","Cluster_1453","evm.TU.chromosome_8.1471",-1,-0.8,0.5,"5","5","5","2"
"984","Cluster_1453_evm.TU.chromosome_8.1561","Cluster_1453","evm.TU.chromosome_8.1561",0.316227766016838,-0.8,-0.5,"2","2","2","3"
"985","Cluster_1453_evm.TU.chromosome_8.1564","Cluster_1453","evm.TU.chromosome_8.1564",-0.4,-0.8,-0.5,"3","3","3","5"
"986","Cluster_1453_evm.TU.chromosome_8.1613","Cluster_1453","evm.TU.chromosome_8.1613",0.8,-0.105409255338946,-0.5,"2","2","2","3"
"987","Cluster_1453_evm.TU.chromosome_8.1701","Cluster_1453","evm.TU.chromosome_8.1701",-0.737864787372622,0.948683298050514,0.5,"5","5","5","2"
"988","Cluster_1453_evm.TU.chromosome_8.1875","Cluster_1453","evm.TU.chromosome_8.1875",-0.8,-0.4,-0.5,"3","3","3","5"
"989","Cluster_1453_evm.TU.chromosome_8.1880","Cluster_1453","evm.TU.chromosome_8.1880",-0.948683298050514,-0.258198889747161,-0.866025403784439,"3","3","3","5"
"990","Cluster_1453_evm.TU.chromosome_8.1911","Cluster_1453","evm.TU.chromosome_8.1911",-0.8,-0.8,0.5,"1","1","1","4"
"991","Cluster_1453_evm.TU.chromosome_8.1972","Cluster_1453","evm.TU.chromosome_8.1972",-0.774596669241483,-0.2,0.5,"5","5","5","2"
"992","Cluster_1453_evm.TU.chromosome_8.224","Cluster_1453","evm.TU.chromosome_8.224",-0.8,0.774596669241483,-0.5,"4","4","4","1"
"993","Cluster_1453_evm.TU.chromosome_8.2332","Cluster_1453","evm.TU.chromosome_8.2332",1,-0.8,0.5,"1","1","1","4"
"994","Cluster_1453_evm.TU.chromosome_8.2385","Cluster_1453","evm.TU.chromosome_8.2385",-0.8,0.8,0.5,"5","5","5","2"
"995","Cluster_1453_evm.TU.chromosome_8.2386","Cluster_1453","evm.TU.chromosome_8.2386",-0.4,-0.2,-0.5,"3","3","3","5"
"996","Cluster_1453_evm.TU.chromosome_8.239","Cluster_1453","evm.TU.chromosome_8.239",0.4,-0.258198889747161,0.5,"1","1","1","4"
"997","Cluster_1453_evm.TU.chromosome_8.2573","Cluster_1453","evm.TU.chromosome_8.2573",-0.4,0.105409255338946,0.5,"5","5","5","2"
"998","Cluster_1453_evm.TU.chromosome_8.2674","Cluster_1453","evm.TU.chromosome_8.2674",-0.210818510677892,-0.4,0.5,"1","1","1","4"
"999","Cluster_1453_evm.TU.chromosome_8.2746","Cluster_1453","evm.TU.chromosome_8.2746",0.8,-0.4,-0.5,"2","2","2","3"
"1000","Cluster_1453_evm.TU.chromosome_8.327","Cluster_1453","evm.TU.chromosome_8.327",0.2,-0.258198889747161,-0.866025403784439,"2","2","2","3"
"1001","Cluster_1453_evm.TU.chromosome_8.424","Cluster_1453","evm.TU.chromosome_8.424",-0.258198889747161,-0.105409255338946,-0.866025403784439,"4","4","4","1"
"1002","Cluster_1453_evm.TU.chromosome_8.442","Cluster_1453","evm.TU.chromosome_8.442",-1,-0.2,0.5,"5","5","5","2"
"1003","Cluster_1453_evm.TU.chromosome_8.484","Cluster_1453","evm.TU.chromosome_8.484",0.8,0.6,0.5,"3","3","3","5"
"1004","Cluster_1453_evm.TU.chromosome_8.488","Cluster_1453","evm.TU.chromosome_8.488",-1,-0.8,-0.5,"3","3","3","5"
"1005","Cluster_1453_evm.TU.chromosome_8.553","Cluster_1453","evm.TU.chromosome_8.553",0.258198889747161,0.8,-0.5,"4","4","4","1"
"1006","Cluster_1453_evm.TU.chromosome_8.595","Cluster_1453","evm.TU.chromosome_8.595",-0.632455532033676,0.774596669241483,-0.866025403784439,"4","4","4","1"
"1007","Cluster_1453_evm.TU.chromosome_8.61","Cluster_1453","evm.TU.chromosome_8.61",0.8,1,0.5,"3","3","3","5"
"1008","Cluster_1453_evm.TU.chromosome_8.757","Cluster_1453","evm.TU.chromosome_8.757",-0.8,-0.8,-0.5,"3","3","3","5"
"1009","Cluster_1453_evm.TU.chromosome_8.763","Cluster_1453","evm.TU.chromosome_8.763",-1,-0.258198889747161,0.5,"5","5","5","2"
"1010","Cluster_1453_evm.TU.chromosome_8.818","Cluster_1453","evm.TU.chromosome_8.818",0.2,0.105409255338946,-0.5,"2","2","2","3"
"1011","Cluster_1453_evm.TU.chromosome_8.950","Cluster_1453","evm.TU.chromosome_8.950",-1,0.258198889747161,0,"5","5","5","2"
"1012","Cluster_1453_evm.TU.chromosome_8.974","Cluster_1453","evm.TU.chromosome_8.974",-0.2,0.8,-0.5,"4","4","4","1"
"1013","Cluster_1453_evm.TU.chromosome_9.1202","Cluster_1453","evm.TU.chromosome_9.1202",-1,-0.2,-0.866025403784439,"4","4","4","1"
"1014","Cluster_1453_evm.TU.chromosome_9.154","Cluster_1453","evm.TU.chromosome_9.154",-0.258198889747161,-0.948683298050514,0.5,"1","1","1","4"
"1015","Cluster_1453_evm.TU.chromosome_9.156","Cluster_1453","evm.TU.chromosome_9.156",-0.4,0.4,-0.5,"4","4","4","1"
"1016","Cluster_1453_evm.TU.chromosome_9.1566","Cluster_1453","evm.TU.chromosome_9.1566",-0.8,-0.4,-0.5,"3","3","3","5"
"1017","Cluster_1453_evm.TU.chromosome_9.1716","Cluster_1453","evm.TU.chromosome_9.1716",0.2,-0.2,-0.866025403784439,"2","2","2","3"
"1018","Cluster_1453_evm.TU.chromosome_9.1795","Cluster_1453","evm.TU.chromosome_9.1795",0,-0.737864787372622,0.5,"1","1","1","4"
"1019","Cluster_1453_evm.TU.chromosome_9.1872","Cluster_1453","evm.TU.chromosome_9.1872",-0.8,-0.948683298050514,-0.5,"3","3","3","5"
"1020","Cluster_1453_evm.TU.chromosome_9.1915","Cluster_1453","evm.TU.chromosome_9.1915",0.948683298050514,-0.105409255338946,-0.866025403784439,"2","2","2","3"
"1021","Cluster_1453_evm.TU.chromosome_9.2515","Cluster_1453","evm.TU.chromosome_9.2515",1,0.8,0.5,"3","3","3","5"
"1022","Cluster_1453_evm.TU.chromosome_9.2519","Cluster_1453","evm.TU.chromosome_9.2519",-0.774596669241483,0.105409255338946,0.5,"5","5","5","2"
"1023","Cluster_1453_evm.TU.chromosome_9.258","Cluster_1453","evm.TU.chromosome_9.258",0,-0.8,-0.866025403784439,"2","2","2","3"
"1024","Cluster_1453_evm.TU.chromosome_9.2749","Cluster_1453","evm.TU.chromosome_9.2749",-0.4,-0.8,-0.5,"3","3","3","5"
"1025","Cluster_1453_evm.TU.chromosome_9.2880","Cluster_1453","evm.TU.chromosome_9.2880",0.8,-0.4,-0.5,"2","2","2","3"
"1026","Cluster_1453_evm.TU.chromosome_9.362","Cluster_1453","evm.TU.chromosome_9.362",-1,0.632455532033676,0.866025403784439,"5","5","5","2"
"1027","Cluster_1453_evm.TU.chromosome_9.398","Cluster_1453","evm.TU.chromosome_9.398",0,0.4,-0.5,"4","4","4","1"
"1028","Cluster_1453_evm.TU.chromosome_9.413","Cluster_1453","evm.TU.chromosome_9.413",-0.8,0.4,0.5,"5","5","5","2"
"1029","Cluster_1453_evm.TU.chromosome_9.682","Cluster_1453","evm.TU.chromosome_9.682",0.6,0.4,0.5,"3","3","3","5"
"1030","Cluster_1453_evm.TU.chromosome_9.747","Cluster_1453","evm.TU.chromosome_9.747",-0.4,0.4,0.5,"5","5","5","2"
"1031","Cluster_1453_evm.TU.chromosome_9.755","Cluster_1453","evm.TU.chromosome_9.755",-0.8,-1,0.5,"1","1","1","4"
"1032","Cluster_1453_evm.TU.chromosome_9.759","Cluster_1453","evm.TU.chromosome_9.759",-0.210818510677892,0.4,-0.5,"4","4","4","1"
"1033","Cluster_1453_evm.TU.chromosome_9.869","Cluster_1453","evm.TU.chromosome_9.869",0.948683298050514,-0.774596669241483,-0.866025403784439,"2","2","2","3"
"1034","Cluster_1453_evm.TU.chromosome_9.965","Cluster_1453","evm.TU.chromosome_9.965",0.4,0.6,-0.5,"4","4","4","1"
"1035","Cluster_1483_evm.TU.chromosome_1.1710","Cluster_1483","evm.TU.chromosome_1.1710",0.8,-0.4,1,"1","1","1","4"
"1036","Cluster_1483_evm.TU.chromosome_11.1661","Cluster_1483","evm.TU.chromosome_11.1661",0.8,-0.105409255338946,0.866025403784439,"1","1","1","4"
"1037","Cluster_1483_evm.TU.chromosome_14.7073","Cluster_1483","evm.TU.chromosome_14.7073",-0.948683298050514,0.4,1,"5","5","5","2"
"1038","Cluster_1483_evm.TU.chromosome_2.1987","Cluster_1483","evm.TU.chromosome_2.1987",-0.4,0.948683298050514,1,"5","5","5","2"
"1039","Cluster_1483_evm.TU.chromosome_5.1581","Cluster_1483","evm.TU.chromosome_5.1581",-1,0.4,0.5,"5","5","5","2"
"1040","Cluster_1483_evm.TU.chromosome_7.2679","Cluster_1483","evm.TU.chromosome_7.2679",-0.6,0.774596669241483,0,"4","4","4","1"
"1041","Cluster_1765_evm.TU.chromosome_4.1958","Cluster_1765","evm.TU.chromosome_4.1958",0.258198889747161,-0.774596669241483,0.5,"1","1","1","4"
"1042","Cluster_1772_evm.TU.chromosome_11.1945","Cluster_1772","evm.TU.chromosome_11.1945",0.316227766016838,-0.4,-1,"2","2","2","3"
"1043","Cluster_1772_evm.TU.chromosome_12.1765","Cluster_1772","evm.TU.chromosome_12.1765",0.774596669241483,-0.948683298050514,0,"1","1","1","4"
"1044","Cluster_1772_evm.TU.chromosome_12.2176","Cluster_1772","evm.TU.chromosome_12.2176",-0.4,-0.632455532033676,-1,"3","3","3","5"
"1045","Cluster_1772_evm.TU.chromosome_12.2518","Cluster_1772","evm.TU.chromosome_12.2518",0.737864787372622,-0.8,-0.5,"2","2","2","3"
"1046","Cluster_1772_evm.TU.chromosome_12.797","Cluster_1772","evm.TU.chromosome_12.797",-0.4,0.6,-0.5,"4","4","4","1"
"1047","Cluster_1772_evm.TU.chromosome_13.2172","Cluster_1772","evm.TU.chromosome_13.2172",-0.105409255338946,-0.258198889747161,-1,"2","2","2","3"
"1048","Cluster_1772_evm.TU.chromosome_13.721","Cluster_1772","evm.TU.chromosome_13.721",-0.316227766016838,-0.774596669241483,-1,"2","2","2","3"
"1049","Cluster_1772_evm.TU.chromosome_14.4451","Cluster_1772","evm.TU.chromosome_14.4451",0.4,0.6,-0.5,"4","4","4","1"
"1050","Cluster_1772_evm.TU.chromosome_14.4637","Cluster_1772","evm.TU.chromosome_14.4637",-0.105409255338946,-0.2,-0.5,"3","3","3","5"
"1051","Cluster_1772_evm.TU.chromosome_3.1196","Cluster_1772","evm.TU.chromosome_3.1196",0.8,-0.210818510677892,-1,"2","2","2","3"
"1052","Cluster_1772_evm.TU.chromosome_3.1773","Cluster_1772","evm.TU.chromosome_3.1773",-0.8,0,-0.5,"3","3","3","5"
"1053","Cluster_1772_evm.TU.chromosome_6.710","Cluster_1772","evm.TU.chromosome_6.710",0,0.737864787372622,-0.5,"4","4","4","1"
"1054","Cluster_1772_evm.TU.chromosome_7.623","Cluster_1772","evm.TU.chromosome_7.623",0.4,-0.2,-1,"2","2","2","3"
"1055","Cluster_2003_evm.TU.chromosome_1.1035","Cluster_2003","evm.TU.chromosome_1.1035",0.4,-0.4,1,"1","1","1","4"
"1056","Cluster_2003_evm.TU.chromosome_1.1341","Cluster_2003","evm.TU.chromosome_1.1341",0.2,0.4,-1,"4","4","4","1"
"1057","Cluster_2003_evm.TU.chromosome_1.1346","Cluster_2003","evm.TU.chromosome_1.1346",0.8,1,-0.5,"4","4","4","1"
"1058","Cluster_2003_evm.TU.chromosome_1.1441","Cluster_2003","evm.TU.chromosome_1.1441",0.2,-0.2,0.5,"1","1","1","4"
"1059","Cluster_2003_evm.TU.chromosome_1.926","Cluster_2003","evm.TU.chromosome_1.926",0.8,-0.4,1,"1","1","1","4"
"1060","Cluster_2003_evm.TU.chromosome_10.1032","Cluster_2003","evm.TU.chromosome_10.1032",-0.6,1,-1,"4","4","4","1"
"1061","Cluster_2003_evm.TU.chromosome_10.1184","Cluster_2003","evm.TU.chromosome_10.1184",-0.2,0.4,-1,"4","4","4","1"
"1062","Cluster_2003_evm.TU.chromosome_10.1254","Cluster_2003","evm.TU.chromosome_10.1254",0.4,0.2,-0.5,"2","2","2","3"
"1063","Cluster_2003_evm.TU.chromosome_10.1286","Cluster_2003","evm.TU.chromosome_10.1286",-0.6,0.258198889747161,-0.866025403784439,"4","4","4","1"
"1064","Cluster_2003_evm.TU.chromosome_10.1374","Cluster_2003","evm.TU.chromosome_10.1374",0.737864787372622,1,-1,"4","4","4","1"
"1065","Cluster_2003_evm.TU.chromosome_10.1807","Cluster_2003","evm.TU.chromosome_10.1807",-0.2,0.4,-1,"4","4","4","1"
"1066","Cluster_2003_evm.TU.chromosome_10.186","Cluster_2003","evm.TU.chromosome_10.186",0.8,-0.6,-1,"2","2","2","3"
"1067","Cluster_2003_evm.TU.chromosome_10.1951","Cluster_2003","evm.TU.chromosome_10.1951",-0.4,1,0.5,"5","5","5","2"
"1068","Cluster_2003_evm.TU.chromosome_10.2113","Cluster_2003","evm.TU.chromosome_10.2113",0.4,-0.8,-0.5,"2","2","2","3"
"1069","Cluster_2003_evm.TU.chromosome_10.2353","Cluster_2003","evm.TU.chromosome_10.2353",-0.2,-0.8,-1,"2","2","2","3"
"1070","Cluster_2003_evm.TU.chromosome_10.2738","Cluster_2003","evm.TU.chromosome_10.2738",-0.4,0.4,-0.5,"4","4","4","1"
"1071","Cluster_2003_evm.TU.chromosome_10.2924","Cluster_2003","evm.TU.chromosome_10.2924",0.8,-0.4,-0.5,"2","2","2","3"
"1072","Cluster_2003_evm.TU.chromosome_10.2930","Cluster_2003","evm.TU.chromosome_10.2930",0,0.774596669241483,-0.5,"4","4","4","1"
"1073","Cluster_2003_evm.TU.chromosome_10.2943","Cluster_2003","evm.TU.chromosome_10.2943",-0.2,0.4,0.5,"5","5","5","2"
"1074","Cluster_2003_evm.TU.chromosome_10.3051","Cluster_2003","evm.TU.chromosome_10.3051",-0.4,-0.4,1,"1","1","1","4"
"1075","Cluster_2003_evm.TU.chromosome_10.337","Cluster_2003","evm.TU.chromosome_10.337",0.8,0.4,-1,"2","2","2","3"
"1076","Cluster_2003_evm.TU.chromosome_10.394","Cluster_2003","evm.TU.chromosome_10.394",0.948683298050514,0.8,-0.5,"2","2","2","3"
"1077","Cluster_2003_evm.TU.chromosome_10.434","Cluster_2003","evm.TU.chromosome_10.434",-0.8,0.8,-1,"4","4","4","1"
"1078","Cluster_2003_evm.TU.chromosome_10.675","Cluster_2003","evm.TU.chromosome_10.675",-0.4,-0.4,-0.5,"3","3","3","5"
"1079","Cluster_2003_evm.TU.chromosome_10.92","Cluster_2003","evm.TU.chromosome_10.92",0.4,0.948683298050514,-0.5,"4","4","4","1"
"1080","Cluster_2003_evm.TU.chromosome_11.1007","Cluster_2003","evm.TU.chromosome_11.1007",-0.8,-1,-1,"3","3","3","5"
"1081","Cluster_2003_evm.TU.chromosome_11.1010","Cluster_2003","evm.TU.chromosome_11.1010",-0.4,0.6,1,"5","5","5","2"
"1082","Cluster_2003_evm.TU.chromosome_11.1128","Cluster_2003","evm.TU.chromosome_11.1128",0.8,-0.2,-1,"2","2","2","3"
"1083","Cluster_2003_evm.TU.chromosome_11.1200","Cluster_2003","evm.TU.chromosome_11.1200",-0.4,-0.4,-1,"3","3","3","5"
"1084","Cluster_2003_evm.TU.chromosome_11.1244","Cluster_2003","evm.TU.chromosome_11.1244",-0.4,-1,-0.5,"1","1","1","4"
"1085","Cluster_2003_evm.TU.chromosome_11.1389","Cluster_2003","evm.TU.chromosome_11.1389",0.258198889747161,0.948683298050514,-1,"4","4","4","1"
"1086","Cluster_2003_evm.TU.chromosome_11.201","Cluster_2003","evm.TU.chromosome_11.201",0.8,1,-1,"4","4","4","1"
"1087","Cluster_2003_evm.TU.chromosome_11.2421","Cluster_2003","evm.TU.chromosome_11.2421",0.6,-0.2,-0.5,"2","2","2","3"
"1088","Cluster_2003_evm.TU.chromosome_11.2470","Cluster_2003","evm.TU.chromosome_11.2470",0.8,-0.4,-0.5,"2","2","2","3"
"1089","Cluster_2003_evm.TU.chromosome_11.250","Cluster_2003","evm.TU.chromosome_11.250",-0.8,0.632455532033676,-0.5,"4","4","4","1"
"1090","Cluster_2003_evm.TU.chromosome_11.2532","Cluster_2003","evm.TU.chromosome_11.2532",0.8,-0.8,-0.5,"2","2","2","3"
"1091","Cluster_2003_evm.TU.chromosome_11.2534","Cluster_2003","evm.TU.chromosome_11.2534",1,0.8,-0.5,"2","2","2","3"
"1092","Cluster_2003_evm.TU.chromosome_11.2637","Cluster_2003","evm.TU.chromosome_11.2637",0.6,0.4,0.5,"3","3","3","5"
"1093","Cluster_2003_evm.TU.chromosome_11.297","Cluster_2003","evm.TU.chromosome_11.297",1,-0.8,-0.5,"2","2","2","3"
"1094","Cluster_2003_evm.TU.chromosome_11.3089","Cluster_2003","evm.TU.chromosome_11.3089",0.8,0.105409255338946,-1,"2","2","2","3"
"1095","Cluster_2003_evm.TU.chromosome_11.385","Cluster_2003","evm.TU.chromosome_11.385",-0.105409255338946,-1,-0.5,"1","1","1","4"
"1096","Cluster_2003_evm.TU.chromosome_11.386","Cluster_2003","evm.TU.chromosome_11.386",0.2,0.8,-1,"4","4","4","1"
"1097","Cluster_2003_evm.TU.chromosome_11.40","Cluster_2003","evm.TU.chromosome_11.40",-0.4,0,1,"5","5","5","2"
"1098","Cluster_2003_evm.TU.chromosome_11.415","Cluster_2003","evm.TU.chromosome_11.415",-0.4,-0.8,0.5,"1","1","1","4"
"1099","Cluster_2003_evm.TU.chromosome_11.5","Cluster_2003","evm.TU.chromosome_11.5",-0.4,0.105409255338946,-0.866025403784439,"4","4","4","1"
"1100","Cluster_2003_evm.TU.chromosome_11.523","Cluster_2003","evm.TU.chromosome_11.523",0.8,-0.2,-1,"2","2","2","3"
"1101","Cluster_2003_evm.TU.chromosome_11.659","Cluster_2003","evm.TU.chromosome_11.659",-0.6,0.2,-1,"4","4","4","1"
"1102","Cluster_2003_evm.TU.chromosome_11.75","Cluster_2003","evm.TU.chromosome_11.75",0,1,0.5,"3","3","3","5"
"1103","Cluster_2003_evm.TU.chromosome_11.774","Cluster_2003","evm.TU.chromosome_11.774",0.4,-0.4,-1,"2","2","2","3"
"1104","Cluster_2003_evm.TU.chromosome_11.78","Cluster_2003","evm.TU.chromosome_11.78",0.8,0.4,-0.5,"2","2","2","3"
"1105","Cluster_2003_evm.TU.chromosome_12.1426","Cluster_2003","evm.TU.chromosome_12.1426",0.8,0.4,-0.5,"2","2","2","3"
"1106","Cluster_2003_evm.TU.chromosome_12.1436","Cluster_2003","evm.TU.chromosome_12.1436",0.6,-0.4,-0.5,"2","2","2","3"
"1107","Cluster_2003_evm.TU.chromosome_12.1597","Cluster_2003","evm.TU.chromosome_12.1597",0.632455532033676,0.2,-0.5,"2","2","2","3"
"1108","Cluster_2003_evm.TU.chromosome_12.1702","Cluster_2003","evm.TU.chromosome_12.1702",-0.8,-0.4,-1,"3","3","3","5"
"1109","Cluster_2003_evm.TU.chromosome_12.202","Cluster_2003","evm.TU.chromosome_12.202",0.2,0.210818510677892,-1,"4","4","4","1"
"1110","Cluster_2003_evm.TU.chromosome_12.2065","Cluster_2003","evm.TU.chromosome_12.2065",0.258198889747161,0.8,-1,"4","4","4","1"
"1111","Cluster_2003_evm.TU.chromosome_12.2172","Cluster_2003","evm.TU.chromosome_12.2172",0,-0.774596669241483,-1,"2","2","2","3"
"1112","Cluster_2003_evm.TU.chromosome_12.2197","Cluster_2003","evm.TU.chromosome_12.2197",0,-0.4,-1,"2","2","2","3"
"1113","Cluster_2003_evm.TU.chromosome_12.2299","Cluster_2003","evm.TU.chromosome_12.2299",1,0.8,-0.5,"2","2","2","3"
"1114","Cluster_2003_evm.TU.chromosome_12.2300","Cluster_2003","evm.TU.chromosome_12.2300",0.4,0.4,-1,"4","4","4","1"
"1115","Cluster_2003_evm.TU.chromosome_12.2473","Cluster_2003","evm.TU.chromosome_12.2473",0.6,-0.4,-1,"2","2","2","3"
"1116","Cluster_2003_evm.TU.chromosome_12.2497","Cluster_2003","evm.TU.chromosome_12.2497",0.4,0.4,-1,"4","4","4","1"
"1117","Cluster_2003_evm.TU.chromosome_12.2670","Cluster_2003","evm.TU.chromosome_12.2670",-0.4,-0.4,1,"1","1","1","4"
"1118","Cluster_2003_evm.TU.chromosome_12.2788","Cluster_2003","evm.TU.chromosome_12.2788",0.4,0.4,-0.5,"4","4","4","1"
"1119","Cluster_2003_evm.TU.chromosome_12.316","Cluster_2003","evm.TU.chromosome_12.316",0.8,0.8,-1,"4","4","4","1"
"1120","Cluster_2003_evm.TU.chromosome_12.3328","Cluster_2003","evm.TU.chromosome_12.3328",-0.8,0.105409255338946,-0.866025403784439,"4","4","4","1"
"1121","Cluster_2003_evm.TU.chromosome_12.3423","Cluster_2003","evm.TU.chromosome_12.3423",-0.4,-0.105409255338946,1,"5","5","5","2"
"1122","Cluster_2003_evm.TU.chromosome_12.3554","Cluster_2003","evm.TU.chromosome_12.3554",0.4,0.8,-0.5,"4","4","4","1"
"1123","Cluster_2003_evm.TU.chromosome_12.3654","Cluster_2003","evm.TU.chromosome_12.3654",-0.105409255338946,-0.2,-1,"2","2","2","3"
"1124","Cluster_2003_evm.TU.chromosome_12.3655","Cluster_2003","evm.TU.chromosome_12.3655",-0.258198889747161,-0.948683298050514,-1,"2","2","2","3"
"1125","Cluster_2003_evm.TU.chromosome_12.372","Cluster_2003","evm.TU.chromosome_12.372",-0.4,0.2,0.5,"5","5","5","2"
"1126","Cluster_2003_evm.TU.chromosome_12.3732","Cluster_2003","evm.TU.chromosome_12.3732",0.4,-0.737864787372622,-1,"2","2","2","3"
"1127","Cluster_2003_evm.TU.chromosome_12.3911","Cluster_2003","evm.TU.chromosome_12.3911",-0.6,0.4,-0.5,"4","4","4","1"
"1128","Cluster_2003_evm.TU.chromosome_12.3924","Cluster_2003","evm.TU.chromosome_12.3924",-0.8,-0.8,-0.866025403784439,"3","3","3","5"
"1129","Cluster_2003_evm.TU.chromosome_12.3928","Cluster_2003","evm.TU.chromosome_12.3928",0.6,-1,-1,"2","2","2","3"
"1130","Cluster_2003_evm.TU.chromosome_12.3932","Cluster_2003","evm.TU.chromosome_12.3932",-1,0.4,-0.5,"4","4","4","1"
"1131","Cluster_2003_evm.TU.chromosome_12.4138","Cluster_2003","evm.TU.chromosome_12.4138",-0.8,-1,-0.5,"3","3","3","5"
"1132","Cluster_2003_evm.TU.chromosome_12.633","Cluster_2003","evm.TU.chromosome_12.633",0,0.4,-0.5,"4","4","4","1"
"1133","Cluster_2003_evm.TU.chromosome_12.742","Cluster_2003","evm.TU.chromosome_12.742",0.6,0.8,-0.5,"4","4","4","1"
"1134","Cluster_2003_evm.TU.chromosome_12.772","Cluster_2003","evm.TU.chromosome_12.772",0.737864787372622,-0.8,-1,"2","2","2","3"
"1135","Cluster_2003_evm.TU.chromosome_13.1103","Cluster_2003","evm.TU.chromosome_13.1103",0.8,-1,-1,"2","2","2","3"
"1136","Cluster_2003_evm.TU.chromosome_13.1272","Cluster_2003","evm.TU.chromosome_13.1272",0.8,-0.4,1,"1","1","1","4"
"1137","Cluster_2003_evm.TU.chromosome_13.136","Cluster_2003","evm.TU.chromosome_13.136",0.4,-1,-0.5,"2","2","2","3"
"1138","Cluster_2003_evm.TU.chromosome_13.137","Cluster_2003","evm.TU.chromosome_13.137",-0.948683298050514,-0.8,-0.866025403784439,"3","3","3","5"
"1139","Cluster_2003_evm.TU.chromosome_13.1396","Cluster_2003","evm.TU.chromosome_13.1396",-1,-1,1,"1","1","1","4"
"1140","Cluster_2003_evm.TU.chromosome_13.1563_evm.TU.chromosome_13.1548","Cluster_2003","evm.TU.chromosome_13.1563_evm.TU.chromosome_13.1548",0.4,1,-1,"4","4","4","1"
"1141","Cluster_2003_evm.TU.chromosome_13.1653","Cluster_2003","evm.TU.chromosome_13.1653",-0.4,0.4,-0.5,"4","4","4","1"
"1142","Cluster_2003_evm.TU.chromosome_13.1659","Cluster_2003","evm.TU.chromosome_13.1659",0.8,0.2,-1,"2","2","2","3"
"1143","Cluster_2003_evm.TU.chromosome_13.1695","Cluster_2003","evm.TU.chromosome_13.1695",0.2,0.2,0.5,"3","3","3","5"
"1144","Cluster_2003_evm.TU.chromosome_13.1718","Cluster_2003","evm.TU.chromosome_13.1718",-0.4,-1,0.5,"1","1","1","4"
"1145","Cluster_2003_evm.TU.chromosome_13.1876","Cluster_2003","evm.TU.chromosome_13.1876",0.6,-0.2,1,"1","1","1","4"
"1146","Cluster_2003_evm.TU.chromosome_13.1895","Cluster_2003","evm.TU.chromosome_13.1895",0.258198889747161,0.105409255338946,-1,"2","2","2","3"
"1147","Cluster_2003_evm.TU.chromosome_13.2233","Cluster_2003","evm.TU.chromosome_13.2233",0,-0.4,-1,"2","2","2","3"
"1148","Cluster_2003_evm.TU.chromosome_13.229","Cluster_2003","evm.TU.chromosome_13.229",0.2,0,-1,"2","2","2","3"
"1149","Cluster_2003_evm.TU.chromosome_13.2712","Cluster_2003","evm.TU.chromosome_13.2712",-0.4,-0.8,-0.5,"3","3","3","5"
"1150","Cluster_2003_evm.TU.chromosome_13.2713","Cluster_2003","evm.TU.chromosome_13.2713",0.4,0.2,-1,"2","2","2","3"
"1151","Cluster_2003_evm.TU.chromosome_13.2753","Cluster_2003","evm.TU.chromosome_13.2753",-0.8,-0.4,1,"5","5","5","2"
"1152","Cluster_2003_evm.TU.chromosome_13.2884","Cluster_2003","evm.TU.chromosome_13.2884",-0.4,1,0.5,"5","5","5","2"
"1153","Cluster_2003_evm.TU.chromosome_13.2992","Cluster_2003","evm.TU.chromosome_13.2992",0.6,1,-0.5,"4","4","4","1"
"1154","Cluster_2003_evm.TU.chromosome_13.3542","Cluster_2003","evm.TU.chromosome_13.3542",-0.4,1,0.5,"5","5","5","2"
"1155","Cluster_2003_evm.TU.chromosome_13.3705","Cluster_2003","evm.TU.chromosome_13.3705",-0.4,-0.2,-0.5,"3","3","3","5"
"1156","Cluster_2003_evm.TU.chromosome_13.4049","Cluster_2003","evm.TU.chromosome_13.4049",-0.8,0.8,-1,"4","4","4","1"
"1157","Cluster_2003_evm.TU.chromosome_13.4054","Cluster_2003","evm.TU.chromosome_13.4054",-1,-0.4,-1,"3","3","3","5"
"1158","Cluster_2003_evm.TU.chromosome_13.422","Cluster_2003","evm.TU.chromosome_13.422",0.4,0,-0.5,"2","2","2","3"
"1159","Cluster_2003_evm.TU.chromosome_13.43","Cluster_2003","evm.TU.chromosome_13.43",-0.774596669241483,-0.4,-1,"3","3","3","5"
"1160","Cluster_2003_evm.TU.chromosome_13.492","Cluster_2003","evm.TU.chromosome_13.492",0.2,-0.258198889747161,-1,"2","2","2","3"
"1161","Cluster_2003_evm.TU.chromosome_13.497","Cluster_2003","evm.TU.chromosome_13.497",-1,-0.4,-1,"3","3","3","5"
"1162","Cluster_2003_evm.TU.chromosome_13.594","Cluster_2003","evm.TU.chromosome_13.594",0.4,0.4,1,"3","3","3","5"
"1163","Cluster_2003_evm.TU.chromosome_13.671","Cluster_2003","evm.TU.chromosome_13.671",0.4,-0.737864787372622,-0.866025403784439,"2","2","2","3"
"1164","Cluster_2003_evm.TU.chromosome_13.672","Cluster_2003","evm.TU.chromosome_13.672",0.8,-0.4,0.5,"1","1","1","4"
"1165","Cluster_2003_evm.TU.chromosome_13.780","Cluster_2003","evm.TU.chromosome_13.780",0,0.2,0.5,"3","3","3","5"
"1166","Cluster_2003_evm.TU.chromosome_13.890","Cluster_2003","evm.TU.chromosome_13.890",-0.4,-0.4,-1,"3","3","3","5"
"1167","Cluster_2003_evm.TU.chromosome_14.1039","Cluster_2003","evm.TU.chromosome_14.1039",-0.2,-0.105409255338946,-0.5,"3","3","3","5"
"1168","Cluster_2003_evm.TU.chromosome_14.1283","Cluster_2003","evm.TU.chromosome_14.1283",-0.2,-1,0.5,"1","1","1","4"
"1169","Cluster_2003_evm.TU.chromosome_14.1502","Cluster_2003","evm.TU.chromosome_14.1502",0.8,0.4,-0.5,"2","2","2","3"
"1170","Cluster_2003_evm.TU.chromosome_14.1714","Cluster_2003","evm.TU.chromosome_14.1714",-0.4,0.8,1,"5","5","5","2"
"1171","Cluster_2003_evm.TU.chromosome_14.1806","Cluster_2003","evm.TU.chromosome_14.1806",-0.8,-1,-0.5,"3","3","3","5"
"1172","Cluster_2003_evm.TU.chromosome_14.200","Cluster_2003","evm.TU.chromosome_14.200",0.4,0.8,-1,"4","4","4","1"
"1173","Cluster_2003_evm.TU.chromosome_14.2453","Cluster_2003","evm.TU.chromosome_14.2453",0.737864787372622,0.737864787372622,0.5,"3","3","3","5"
"1174","Cluster_2003_evm.TU.chromosome_14.2587","Cluster_2003","evm.TU.chromosome_14.2587",1,0.2,-1,"2","2","2","3"
"1175","Cluster_2003_evm.TU.chromosome_14.2936","Cluster_2003","evm.TU.chromosome_14.2936",-0.2,0.105409255338946,-0.866025403784439,"4","4","4","1"
"1176","Cluster_2003_evm.TU.chromosome_14.321","Cluster_2003","evm.TU.chromosome_14.321",0.4,0.8,-0.5,"4","4","4","1"
"1177","Cluster_2003_evm.TU.chromosome_14.324","Cluster_2003","evm.TU.chromosome_14.324",1,0.8,-1,"2","2","2","3"
"1178","Cluster_2003_evm.TU.chromosome_14.3479","Cluster_2003","evm.TU.chromosome_14.3479",0.8,-0.4,-1,"2","2","2","3"
"1179","Cluster_2003_evm.TU.chromosome_14.3899","Cluster_2003","evm.TU.chromosome_14.3899",-1,-0.8,-1,"3","3","3","5"
"1180","Cluster_2003_evm.TU.chromosome_14.477","Cluster_2003","evm.TU.chromosome_14.477",-1,0.8,1,"5","5","5","2"
"1181","Cluster_2003_evm.TU.chromosome_14.4913","Cluster_2003","evm.TU.chromosome_14.4913",0.210818510677892,0.105409255338946,0,"3","3","3","5"
"1182","Cluster_2003_evm.TU.chromosome_14.5094","Cluster_2003","evm.TU.chromosome_14.5094",0.4,0,-1,"2","2","2","3"
"1183","Cluster_2003_evm.TU.chromosome_14.5096","Cluster_2003","evm.TU.chromosome_14.5096",-0.4,-1,0.5,"1","1","1","4"
"1184","Cluster_2003_evm.TU.chromosome_14.5253","Cluster_2003","evm.TU.chromosome_14.5253",0.8,-1,-0.5,"2","2","2","3"
"1185","Cluster_2003_evm.TU.chromosome_14.5496","Cluster_2003","evm.TU.chromosome_14.5496",-0.8,-1,0.5,"1","1","1","4"
"1186","Cluster_2003_evm.TU.chromosome_14.5547","Cluster_2003","evm.TU.chromosome_14.5547",-0.8,-0.105409255338946,-1,"4","4","4","1"
"1187","Cluster_2003_evm.TU.chromosome_14.564","Cluster_2003","evm.TU.chromosome_14.564",-0.4,1,-0.5,"4","4","4","1"
"1188","Cluster_2003_evm.TU.chromosome_14.5791","Cluster_2003","evm.TU.chromosome_14.5791",-0.8,0.4,-0.5,"4","4","4","1"
"1189","Cluster_2003_evm.TU.chromosome_14.5836","Cluster_2003","evm.TU.chromosome_14.5836",-0.8,-0.2,-0.5,"3","3","3","5"
"1190","Cluster_2003_evm.TU.chromosome_14.6033","Cluster_2003","evm.TU.chromosome_14.6033",0.737864787372622,0.948683298050514,-1,"4","4","4","1"
"1191","Cluster_2003_evm.TU.chromosome_14.6186","Cluster_2003","evm.TU.chromosome_14.6186",0,-0.8,-1,"2","2","2","3"
"1192","Cluster_2003_evm.TU.chromosome_14.6294","Cluster_2003","evm.TU.chromosome_14.6294",0.8,-0.258198889747161,-1,"2","2","2","3"
"1193","Cluster_2003_evm.TU.chromosome_14.631","Cluster_2003","evm.TU.chromosome_14.631",-0.4,-0.2,1,"5","5","5","2"
"1194","Cluster_2003_evm.TU.chromosome_14.6588","Cluster_2003","evm.TU.chromosome_14.6588",-0.4,0.4,-0.5,"4","4","4","1"
"1195","Cluster_2003_evm.TU.chromosome_14.6657","Cluster_2003","evm.TU.chromosome_14.6657",-0.4,-0.6,1,"1","1","1","4"
"1196","Cluster_2003_evm.TU.chromosome_14.6772","Cluster_2003","evm.TU.chromosome_14.6772",-0.4,0,-0.5,"3","3","3","5"
"1197","Cluster_2003_evm.TU.chromosome_14.6776","Cluster_2003","evm.TU.chromosome_14.6776",-0.2,-0.4,-0.5,"3","3","3","5"
"1198","Cluster_2003_evm.TU.chromosome_14.6916","Cluster_2003","evm.TU.chromosome_14.6916",-0.4,-0.105409255338946,-0.5,"3","3","3","5"
"1199","Cluster_2003_evm.TU.chromosome_14.6917","Cluster_2003","evm.TU.chromosome_14.6917",0.774596669241483,0.4,0,"2","2","2","3"
"1200","Cluster_2003_evm.TU.chromosome_14.6982","Cluster_2003","evm.TU.chromosome_14.6982",-0.4,0.4,-1,"4","4","4","1"
"1201","Cluster_2003_evm.TU.chromosome_14.7041","Cluster_2003","evm.TU.chromosome_14.7041",0.6,-1,-0.5,"2","2","2","3"
"1202","Cluster_2003_evm.TU.chromosome_14.7168","Cluster_2003","evm.TU.chromosome_14.7168",0,0.4,-1,"4","4","4","1"
"1203","Cluster_2003_evm.TU.chromosome_14.881","Cluster_2003","evm.TU.chromosome_14.881",0.6,0.4,-0.5,"2","2","2","3"
"1204","Cluster_2003_evm.TU.chromosome_2.1124","Cluster_2003","evm.TU.chromosome_2.1124",0,0.2,-0.5,"4","4","4","1"
"1205","Cluster_2003_evm.TU.chromosome_2.1483","Cluster_2003","evm.TU.chromosome_2.1483",-0.2,1,-1,"4","4","4","1"
"1206","Cluster_2003_evm.TU.chromosome_2.168","Cluster_2003","evm.TU.chromosome_2.168",-0.4,0.2,-0.5,"4","4","4","1"
"1207","Cluster_2003_evm.TU.chromosome_2.1720","Cluster_2003","evm.TU.chromosome_2.1720",0.8,-0.4,-0.5,"2","2","2","3"
"1208","Cluster_2003_evm.TU.chromosome_2.175","Cluster_2003","evm.TU.chromosome_2.175",0,-0.8,-0.5,"2","2","2","3"
"1209","Cluster_2003_evm.TU.chromosome_2.1803","Cluster_2003","evm.TU.chromosome_2.1803",0.948683298050514,0.632455532033676,-0.5,"2","2","2","3"
"1210","Cluster_2003_evm.TU.chromosome_2.1825","Cluster_2003","evm.TU.chromosome_2.1825",-1,-0.2,-0.5,"3","3","3","5"
"1211","Cluster_2003_evm.TU.chromosome_2.1833","Cluster_2003","evm.TU.chromosome_2.1833",0.4,0,-1,"2","2","2","3"
"1212","Cluster_2003_evm.TU.chromosome_2.324","Cluster_2003","evm.TU.chromosome_2.324",-0.2,-0.8,-1,"2","2","2","3"
"1213","Cluster_2003_evm.TU.chromosome_2.331","Cluster_2003","evm.TU.chromosome_2.331",-1,-1,0.5,"1","1","1","4"
"1214","Cluster_2003_evm.TU.chromosome_2.489","Cluster_2003","evm.TU.chromosome_2.489",0.2,1,-1,"4","4","4","1"
"1215","Cluster_2003_evm.TU.chromosome_2.640","Cluster_2003","evm.TU.chromosome_2.640",-0.4,-0.4,-0.5,"3","3","3","5"
"1216","Cluster_2003_evm.TU.chromosome_2.657","Cluster_2003","evm.TU.chromosome_2.657",-0.8,-0.4,-1,"3","3","3","5"
"1217","Cluster_2003_evm.TU.chromosome_2.696","Cluster_2003","evm.TU.chromosome_2.696",1,-0.4,0,"2","2","2","3"
"1218","Cluster_2003_evm.TU.chromosome_2.709","Cluster_2003","evm.TU.chromosome_2.709",-0.8,0.632455532033676,-1,"4","4","4","1"
"1219","Cluster_2003_evm.TU.chromosome_2.80","Cluster_2003","evm.TU.chromosome_2.80",-0.4,-0.8,-0.5,"3","3","3","5"
"1220","Cluster_2003_evm.TU.chromosome_2.842","Cluster_2003","evm.TU.chromosome_2.842",-0.8,-0.8,1,"1","1","1","4"
"1221","Cluster_2003_evm.TU.chromosome_2.874","Cluster_2003","evm.TU.chromosome_2.874",0.8,-0.8,-1,"2","2","2","3"
"1222","Cluster_2003_evm.TU.chromosome_2.901","Cluster_2003","evm.TU.chromosome_2.901",0.4,0,-1,"2","2","2","3"
"1223","Cluster_2003_evm.TU.chromosome_3.10","Cluster_2003","evm.TU.chromosome_3.10",1,0.8,-1,"2","2","2","3"
"1224","Cluster_2003_evm.TU.chromosome_3.1127","Cluster_2003","evm.TU.chromosome_3.1127",-1,-0.4,1,"5","5","5","2"
"1225","Cluster_2003_evm.TU.chromosome_3.1128","Cluster_2003","evm.TU.chromosome_3.1128",1,0.4,-0.5,"2","2","2","3"
"1226","Cluster_2003_evm.TU.chromosome_3.156","Cluster_2003","evm.TU.chromosome_3.156",-0.8,0.2,-0.5,"4","4","4","1"
"1227","Cluster_2003_evm.TU.chromosome_3.1585","Cluster_2003","evm.TU.chromosome_3.1585",0.774596669241483,0.258198889747161,-0.866025403784439,"2","2","2","3"
"1228","Cluster_2003_evm.TU.chromosome_3.1660","Cluster_2003","evm.TU.chromosome_3.1660",0,0.8,-0.5,"4","4","4","1"
"1229","Cluster_2003_evm.TU.chromosome_3.1890","Cluster_2003","evm.TU.chromosome_3.1890",-0.105409255338946,0.258198889747161,-1,"4","4","4","1"
"1230","Cluster_2003_evm.TU.chromosome_3.299","Cluster_2003","evm.TU.chromosome_3.299",-0.632455532033676,1,1,"5","5","5","2"
"1231","Cluster_2003_evm.TU.chromosome_3.389","Cluster_2003","evm.TU.chromosome_3.389",0.4,-0.8,-1,"2","2","2","3"
"1232","Cluster_2003_evm.TU.chromosome_3.442","Cluster_2003","evm.TU.chromosome_3.442",0.6,-0.2,0.5,"1","1","1","4"
"1233","Cluster_2003_evm.TU.chromosome_3.501","Cluster_2003","evm.TU.chromosome_3.501",-0.4,0.4,-0.5,"4","4","4","1"
"1234","Cluster_2003_evm.TU.chromosome_3.59","Cluster_2003","evm.TU.chromosome_3.59",0.2,-0.2,-1,"2","2","2","3"
"1235","Cluster_2003_evm.TU.chromosome_3.957","Cluster_2003","evm.TU.chromosome_3.957",-0.4,0.4,-0.5,"4","4","4","1"
"1236","Cluster_2003_evm.TU.chromosome_4.1046","Cluster_2003","evm.TU.chromosome_4.1046",-0.6,-0.2,-0.5,"3","3","3","5"
"1237","Cluster_2003_evm.TU.chromosome_4.1191","Cluster_2003","evm.TU.chromosome_4.1191",0.4,-0.4,-0.5,"2","2","2","3"
"1238","Cluster_2003_evm.TU.chromosome_4.1205","Cluster_2003","evm.TU.chromosome_4.1205",-0.8,-0.4,-0.5,"3","3","3","5"
"1239","Cluster_2003_evm.TU.chromosome_4.1328","Cluster_2003","evm.TU.chromosome_4.1328",-0.2,-0.4,-0.5,"3","3","3","5"
"1240","Cluster_2003_evm.TU.chromosome_4.1367","Cluster_2003","evm.TU.chromosome_4.1367",0.258198889747161,0.4,0,"3","3","3","5"
"1241","Cluster_2003_evm.TU.chromosome_4.1368","Cluster_2003","evm.TU.chromosome_4.1368",0.632455532033676,-0.8,-0.866025403784439,"2","2","2","3"
"1242","Cluster_2003_evm.TU.chromosome_4.1530","Cluster_2003","evm.TU.chromosome_4.1530",1,0.8,-0.5,"2","2","2","3"
"1243","Cluster_2003_evm.TU.chromosome_4.1612","Cluster_2003","evm.TU.chromosome_4.1612",0,-0.4,-1,"2","2","2","3"
"1244","Cluster_2003_evm.TU.chromosome_4.1645","Cluster_2003","evm.TU.chromosome_4.1645",0.210818510677892,0.210818510677892,-0.5,"4","4","4","1"
"1245","Cluster_2003_evm.TU.chromosome_4.1653","Cluster_2003","evm.TU.chromosome_4.1653",-0.8,0.4,-0.5,"4","4","4","1"
"1246","Cluster_2003_evm.TU.chromosome_4.1847","Cluster_2003","evm.TU.chromosome_4.1847",0,0.4,-1,"4","4","4","1"
"1247","Cluster_2003_evm.TU.chromosome_4.1948","Cluster_2003","evm.TU.chromosome_4.1948",0.8,0.737864787372622,-0.5,"4","4","4","1"
"1248","Cluster_2003_evm.TU.chromosome_4.2000","Cluster_2003","evm.TU.chromosome_4.2000",0.4,-0.4,-0.5,"2","2","2","3"
"1249","Cluster_2003_evm.TU.chromosome_4.211","Cluster_2003","evm.TU.chromosome_4.211",0.4,0.8,-0.5,"4","4","4","1"
"1250","Cluster_2003_evm.TU.chromosome_4.2142","Cluster_2003","evm.TU.chromosome_4.2142",-0.8,0.4,-0.5,"4","4","4","1"
"1251","Cluster_2003_evm.TU.chromosome_4.2169","Cluster_2003","evm.TU.chromosome_4.2169",-0.8,0.4,-0.5,"4","4","4","1"
"1252","Cluster_2003_evm.TU.chromosome_4.2385","Cluster_2003","evm.TU.chromosome_4.2385",-0.2,0.2,-1,"4","4","4","1"
"1253","Cluster_2003_evm.TU.chromosome_4.2462","Cluster_2003","evm.TU.chromosome_4.2462",-0.4,-0.4,0.5,"1","1","1","4"
"1254","Cluster_2003_evm.TU.chromosome_4.266","Cluster_2003","evm.TU.chromosome_4.266",0,1,0.5,"3","3","3","5"
"1255","Cluster_2003_evm.TU.chromosome_4.358","Cluster_2003","evm.TU.chromosome_4.358",0.4,1,1,"3","3","3","5"
"1256","Cluster_2003_evm.TU.chromosome_4.730","Cluster_2003","evm.TU.chromosome_4.730",0.6,0.6,-1,"4","4","4","1"
"1257","Cluster_2003_evm.TU.chromosome_4.825","Cluster_2003","evm.TU.chromosome_4.825",-0.2,-0.4,-0.5,"3","3","3","5"
"1258","Cluster_2003_evm.TU.chromosome_5.1002","Cluster_2003","evm.TU.chromosome_5.1002",0.8,0.2,0.5,"3","3","3","5"
"1259","Cluster_2003_evm.TU.chromosome_5.1201","Cluster_2003","evm.TU.chromosome_5.1201",-0.8,0.8,-0.5,"4","4","4","1"
"1260","Cluster_2003_evm.TU.chromosome_5.1253","Cluster_2003","evm.TU.chromosome_5.1253",-0.948683298050514,-0.258198889747161,-1,"4","4","4","1"
"1261","Cluster_2003_evm.TU.chromosome_5.1255","Cluster_2003","evm.TU.chromosome_5.1255",-0.948683298050514,0.105409255338946,-0.866025403784439,"4","4","4","1"
"1262","Cluster_2003_evm.TU.chromosome_5.1278","Cluster_2003","evm.TU.chromosome_5.1278",-0.4,0.4,-0.5,"4","4","4","1"
"1263","Cluster_2003_evm.TU.chromosome_5.1376","Cluster_2003","evm.TU.chromosome_5.1376",0.2,-0.4,1,"1","1","1","4"
"1264","Cluster_2003_evm.TU.chromosome_5.2022","Cluster_2003","evm.TU.chromosome_5.2022",-0.2,-0.2,1,"1","1","1","4"
"1265","Cluster_2003_evm.TU.chromosome_5.2164","Cluster_2003","evm.TU.chromosome_5.2164",0.2,-0.8,-1,"2","2","2","3"
"1266","Cluster_2003_evm.TU.chromosome_5.2210","Cluster_2003","evm.TU.chromosome_5.2210",-0.4,-0.4,-0.5,"3","3","3","5"
"1267","Cluster_2003_evm.TU.chromosome_5.223","Cluster_2003","evm.TU.chromosome_5.223",1,-0.4,-0.5,"2","2","2","3"
"1268","Cluster_2003_evm.TU.chromosome_5.2273","Cluster_2003","evm.TU.chromosome_5.2273",-0.8,-0.8,-0.5,"3","3","3","5"
"1269","Cluster_2003_evm.TU.chromosome_5.2755","Cluster_2003","evm.TU.chromosome_5.2755",-0.2,0.4,-0.5,"4","4","4","1"
"1270","Cluster_2003_evm.TU.chromosome_5.2779","Cluster_2003","evm.TU.chromosome_5.2779",0.4,-0.258198889747161,-1,"2","2","2","3"
"1271","Cluster_2003_evm.TU.chromosome_5.36","Cluster_2003","evm.TU.chromosome_5.36",0.4,-0.4,-1,"2","2","2","3"
"1272","Cluster_2003_evm.TU.chromosome_5.467","Cluster_2003","evm.TU.chromosome_5.467",0.6,-0.4,-0.5,"2","2","2","3"
"1273","Cluster_2003_evm.TU.chromosome_5.512","Cluster_2003","evm.TU.chromosome_5.512",0,-0.8,-0.5,"2","2","2","3"
"1274","Cluster_2003_evm.TU.chromosome_5.513","Cluster_2003","evm.TU.chromosome_5.513",-0.2,0.4,1,"5","5","5","2"
"1275","Cluster_2003_evm.TU.chromosome_5.945","Cluster_2003","evm.TU.chromosome_5.945",0.8,-0.8,-0.5,"2","2","2","3"
"1276","Cluster_2003_evm.TU.chromosome_5.96","Cluster_2003","evm.TU.chromosome_5.96",0.8,-0.8,-1,"2","2","2","3"
"1277","Cluster_2003_evm.TU.chromosome_6.1027","Cluster_2003","evm.TU.chromosome_6.1027",0,-0.4,-0.5,"3","3","3","5"
"1278","Cluster_2003_evm.TU.chromosome_6.1119","Cluster_2003","evm.TU.chromosome_6.1119",-0.2,-0.4,-1,"2","2","2","3"
"1279","Cluster_2003_evm.TU.chromosome_6.1352","Cluster_2003","evm.TU.chromosome_6.1352",-0.4,-0.2,-0.5,"3","3","3","5"
"1280","Cluster_2003_evm.TU.chromosome_6.1387","Cluster_2003","evm.TU.chromosome_6.1387",0.258198889747161,0.4,-1,"4","4","4","1"
"1281","Cluster_2003_evm.TU.chromosome_6.1496","Cluster_2003","evm.TU.chromosome_6.1496",0.6,0.258198889747161,-0.866025403784439,"2","2","2","3"
"1282","Cluster_2003_evm.TU.chromosome_6.1595","Cluster_2003","evm.TU.chromosome_6.1595",0,0.4,-0.5,"4","4","4","1"
"1283","Cluster_2003_evm.TU.chromosome_6.1805","Cluster_2003","evm.TU.chromosome_6.1805",0.8,0.4,0,"2","2","2","3"
"1284","Cluster_2003_evm.TU.chromosome_6.1903","Cluster_2003","evm.TU.chromosome_6.1903",0.8,0.2,1,"1","1","1","4"
"1285","Cluster_2003_evm.TU.chromosome_6.205","Cluster_2003","evm.TU.chromosome_6.205",-0.8,-1,0.5,"1","1","1","4"
"1286","Cluster_2003_evm.TU.chromosome_6.2122","Cluster_2003","evm.TU.chromosome_6.2122",0,1,0.5,"3","3","3","5"
"1287","Cluster_2003_evm.TU.chromosome_6.2283","Cluster_2003","evm.TU.chromosome_6.2283",1,-1,-0.5,"2","2","2","3"
"1288","Cluster_2003_evm.TU.chromosome_6.240","Cluster_2003","evm.TU.chromosome_6.240",0.8,0.8,-0.5,"4","4","4","1"
"1289","Cluster_2003_evm.TU.chromosome_6.355","Cluster_2003","evm.TU.chromosome_6.355",0.105409255338946,0.105409255338946,-0.5,"3","3","3","5"
"1290","Cluster_2003_evm.TU.chromosome_6.43","Cluster_2003","evm.TU.chromosome_6.43",-0.2,-0.8,-0.5,"3","3","3","5"
"1291","Cluster_2003_evm.TU.chromosome_6.611","Cluster_2003","evm.TU.chromosome_6.611",-0.6,-0.4,0.5,"5","5","5","2"
"1292","Cluster_2003_evm.TU.chromosome_6.613","Cluster_2003","evm.TU.chromosome_6.613",0.6,0.8,-1,"4","4","4","1"
"1293","Cluster_2003_evm.TU.chromosome_6.621","Cluster_2003","evm.TU.chromosome_6.621",-0.6,-0.8,-0.5,"3","3","3","5"
"1294","Cluster_2003_evm.TU.chromosome_6.629","Cluster_2003","evm.TU.chromosome_6.629",0.8,0.4,-0.5,"2","2","2","3"
"1295","Cluster_2003_evm.TU.chromosome_6.652","Cluster_2003","evm.TU.chromosome_6.652",-0.4,-0.4,1,"1","1","1","4"
"1296","Cluster_2003_evm.TU.chromosome_6.75","Cluster_2003","evm.TU.chromosome_6.75",-0.2,0.8,-1,"4","4","4","1"
"1297","Cluster_2003_evm.TU.chromosome_6.759","Cluster_2003","evm.TU.chromosome_6.759",0.4,0.2,-0.5,"2","2","2","3"
"1298","Cluster_2003_evm.TU.chromosome_7.1034","Cluster_2003","evm.TU.chromosome_7.1034",-0.4,0,-1,"4","4","4","1"
"1299","Cluster_2003_evm.TU.chromosome_7.1141","Cluster_2003","evm.TU.chromosome_7.1141",1,0.8,0.5,"3","3","3","5"
"1300","Cluster_2003_evm.TU.chromosome_7.1235","Cluster_2003","evm.TU.chromosome_7.1235",0.6,-0.4,-0.5,"2","2","2","3"
"1301","Cluster_2003_evm.TU.chromosome_7.1696","Cluster_2003","evm.TU.chromosome_7.1696",0.8,-0.258198889747161,-1,"2","2","2","3"
"1302","Cluster_2003_evm.TU.chromosome_7.1707","Cluster_2003","evm.TU.chromosome_7.1707",0.8,0.2,-1,"2","2","2","3"
"1303","Cluster_2003_evm.TU.chromosome_7.1754","Cluster_2003","evm.TU.chromosome_7.1754",-0.8,0.4,-0.5,"4","4","4","1"
"1304","Cluster_2003_evm.TU.chromosome_7.1887","Cluster_2003","evm.TU.chromosome_7.1887",-0.8,0.210818510677892,-1,"4","4","4","1"
"1305","Cluster_2003_evm.TU.chromosome_7.1967","Cluster_2003","evm.TU.chromosome_7.1967",1,-1,-0.5,"2","2","2","3"
"1306","Cluster_2003_evm.TU.chromosome_7.2050","Cluster_2003","evm.TU.chromosome_7.2050",0.2,0.8,0.5,"3","3","3","5"
"1307","Cluster_2003_evm.TU.chromosome_7.2103","Cluster_2003","evm.TU.chromosome_7.2103",0.4,0.4,-1,"4","4","4","1"
"1308","Cluster_2003_evm.TU.chromosome_7.2180","Cluster_2003","evm.TU.chromosome_7.2180",-0.105409255338946,0.8,-1,"4","4","4","1"
"1309","Cluster_2003_evm.TU.chromosome_7.2186","Cluster_2003","evm.TU.chromosome_7.2186",0.4,0.8,0.5,"3","3","3","5"
"1310","Cluster_2003_evm.TU.chromosome_7.2714","Cluster_2003","evm.TU.chromosome_7.2714",0.6,0.8,1,"3","3","3","5"
"1311","Cluster_2003_evm.TU.chromosome_7.332","Cluster_2003","evm.TU.chromosome_7.332",0,-0.4,0.5,"1","1","1","4"
"1312","Cluster_2003_evm.TU.chromosome_7.550","Cluster_2003","evm.TU.chromosome_7.550",-0.8,0.4,1,"5","5","5","2"
"1313","Cluster_2003_evm.TU.chromosome_7.601","Cluster_2003","evm.TU.chromosome_7.601",-0.4,0.8,-1,"4","4","4","1"
"1314","Cluster_2003_evm.TU.chromosome_8.1144","Cluster_2003","evm.TU.chromosome_8.1144",0.2,0.4,-0.5,"4","4","4","1"
"1315","Cluster_2003_evm.TU.chromosome_8.1248","Cluster_2003","evm.TU.chromosome_8.1248",0.4,0.2,-0.5,"2","2","2","3"
"1316","Cluster_2003_evm.TU.chromosome_8.1289","Cluster_2003","evm.TU.chromosome_8.1289",-0.6,-0.4,-1,"3","3","3","5"
"1317","Cluster_2003_evm.TU.chromosome_8.1514","Cluster_2003","evm.TU.chromosome_8.1514",-0.4,0.4,0.5,"5","5","5","2"
"1318","Cluster_2003_evm.TU.chromosome_8.1582","Cluster_2003","evm.TU.chromosome_8.1582",0.105409255338946,0.8,-0.5,"4","4","4","1"
"1319","Cluster_2003_evm.TU.chromosome_8.2251","Cluster_2003","evm.TU.chromosome_8.2251",-0.8,-0.8,-0.5,"3","3","3","5"
"1320","Cluster_2003_evm.TU.chromosome_8.2274","Cluster_2003","evm.TU.chromosome_8.2274",-0.4,-0.105409255338946,-0.5,"3","3","3","5"
"1321","Cluster_2003_evm.TU.chromosome_8.2328","Cluster_2003","evm.TU.chromosome_8.2328",0.8,0,-1,"2","2","2","3"
"1322","Cluster_2003_evm.TU.chromosome_8.239","Cluster_2003","evm.TU.chromosome_8.239",0,-0.258198889747161,-1,"2","2","2","3"
"1323","Cluster_2003_evm.TU.chromosome_8.2438","Cluster_2003","evm.TU.chromosome_8.2438",-0.4,-0.258198889747161,-1,"4","4","4","1"
"1324","Cluster_2003_evm.TU.chromosome_8.2459","Cluster_2003","evm.TU.chromosome_8.2459",-0.4,-0.2,-0.5,"3","3","3","5"
"1325","Cluster_2003_evm.TU.chromosome_8.2476","Cluster_2003","evm.TU.chromosome_8.2476",-0.6,0.8,-1,"4","4","4","1"
"1326","Cluster_2003_evm.TU.chromosome_8.2577","Cluster_2003","evm.TU.chromosome_8.2577",0.4,1,-1,"4","4","4","1"
"1327","Cluster_2003_evm.TU.chromosome_8.2586","Cluster_2003","evm.TU.chromosome_8.2586",-1,-1,-1,"3","3","3","5"
"1328","Cluster_2003_evm.TU.chromosome_8.2672","Cluster_2003","evm.TU.chromosome_8.2672",1,0.2,-1,"2","2","2","3"
"1329","Cluster_2003_evm.TU.chromosome_8.2680","Cluster_2003","evm.TU.chromosome_8.2680",0.4,0.8,0.5,"3","3","3","5"
"1330","Cluster_2003_evm.TU.chromosome_8.32","Cluster_2003","evm.TU.chromosome_8.32",0.8,-0.2,-0.5,"2","2","2","3"
"1331","Cluster_2003_evm.TU.chromosome_8.384","Cluster_2003","evm.TU.chromosome_8.384",-1,-0.8,1,"5","5","5","2"
"1332","Cluster_2003_evm.TU.chromosome_8.495","Cluster_2003","evm.TU.chromosome_8.495",0.2,0.8,-0.5,"4","4","4","1"
"1333","Cluster_2003_evm.TU.chromosome_8.541","Cluster_2003","evm.TU.chromosome_8.541",-0.4,0.8,0.5,"5","5","5","2"
"1334","Cluster_2003_evm.TU.chromosome_8.665","Cluster_2003","evm.TU.chromosome_8.665",-0.948683298050514,0.105409255338946,0,"5","5","5","2"
"1335","Cluster_2003_evm.TU.chromosome_8.98","Cluster_2003","evm.TU.chromosome_8.98",0.2,0.737864787372622,-1,"4","4","4","1"
"1336","Cluster_2003_evm.TU.chromosome_9.1190","Cluster_2003","evm.TU.chromosome_9.1190",0.2,-1,-0.5,"2","2","2","3"
"1337","Cluster_2003_evm.TU.chromosome_9.134","Cluster_2003","evm.TU.chromosome_9.134",0.4,1,-0.5,"4","4","4","1"
"1338","Cluster_2003_evm.TU.chromosome_9.1570","Cluster_2003","evm.TU.chromosome_9.1570",-0.2,-0.4,1,"1","1","1","4"
"1339","Cluster_2003_evm.TU.chromosome_9.1971","Cluster_2003","evm.TU.chromosome_9.1971",-0.6,-0.948683298050514,-0.866025403784439,"3","3","3","5"
"1340","Cluster_2003_evm.TU.chromosome_9.2400","Cluster_2003","evm.TU.chromosome_9.2400",0.8,0.2,-1,"2","2","2","3"
"1341","Cluster_2003_evm.TU.chromosome_9.2435","Cluster_2003","evm.TU.chromosome_9.2435",-1,-0.2,-0.5,"3","3","3","5"
"1342","Cluster_2003_evm.TU.chromosome_9.2760","Cluster_2003","evm.TU.chromosome_9.2760",-0.4,0.4,1,"5","5","5","2"
"1343","Cluster_2003_evm.TU.chromosome_9.2773","Cluster_2003","evm.TU.chromosome_9.2773",0.8,0.8,-1,"4","4","4","1"
"1344","Cluster_2003_evm.TU.chromosome_9.2877","Cluster_2003","evm.TU.chromosome_9.2877",-0.6,0.105409255338946,-0.5,"3","3","3","5"
"1345","Cluster_2003_evm.TU.chromosome_9.2878","Cluster_2003","evm.TU.chromosome_9.2878",-0.8,0.4,-1,"4","4","4","1"
"1346","Cluster_2003_evm.TU.chromosome_9.2934","Cluster_2003","evm.TU.chromosome_9.2934",0.4,-0.4,0.5,"1","1","1","4"
"1347","Cluster_2003_evm.TU.chromosome_9.486","Cluster_2003","evm.TU.chromosome_9.486",0.4,-0.4,-0.5,"2","2","2","3"
"1348","Cluster_2003_evm.TU.chromosome_9.512","Cluster_2003","evm.TU.chromosome_9.512",-0.6,0.4,-1,"4","4","4","1"
"1349","Cluster_2003_evm.TU.chromosome_9.748","Cluster_2003","evm.TU.chromosome_9.748",-0.316227766016838,-0.8,-0.5,"3","3","3","5"
"1350","Cluster_2003_evm.TU.chromosome_9.984","Cluster_2003","evm.TU.chromosome_9.984",0.4,0.2,-1,"2","2","2","3"
"1351","Cluster_2073_evm.TU.chromosome_1.1241","Cluster_2073","evm.TU.chromosome_1.1241",-0.8,0,-1,"4","4","4","1"
"1352","Cluster_2073_evm.TU.chromosome_10.194","Cluster_2073","evm.TU.chromosome_10.194",-0.4,-0.8,0.5,"1","1","1","4"
"1353","Cluster_2073_evm.TU.chromosome_10.2425","Cluster_2073","evm.TU.chromosome_10.2425",-0.2,0.8,-1,"4","4","4","1"
"1354","Cluster_2073_evm.TU.chromosome_10.284","Cluster_2073","evm.TU.chromosome_10.284",-0.8,0.8,-0.5,"4","4","4","1"
"1355","Cluster_2073_evm.TU.chromosome_10.2903","Cluster_2073","evm.TU.chromosome_10.2903",-0.4,-0.8,-0.5,"3","3","3","5"
"1356","Cluster_2073_evm.TU.chromosome_10.3035","Cluster_2073","evm.TU.chromosome_10.3035",0.2,0.2,1,"1","1","1","4"
"1357","Cluster_2073_evm.TU.chromosome_10.305","Cluster_2073","evm.TU.chromosome_10.305",1,-0.8,-0.5,"2","2","2","3"
"1358","Cluster_2073_evm.TU.chromosome_11.2423","Cluster_2073","evm.TU.chromosome_11.2423",0,0.2,-0.5,"4","4","4","1"
"1359","Cluster_2073_evm.TU.chromosome_11.3072","Cluster_2073","evm.TU.chromosome_11.3072",0.258198889747161,0.258198889747161,-1,"4","4","4","1"
"1360","Cluster_2073_evm.TU.chromosome_11.3087","Cluster_2073","evm.TU.chromosome_11.3087",-0.2,-0.4,-0.5,"3","3","3","5"
"1361","Cluster_2073_evm.TU.chromosome_11.339","Cluster_2073","evm.TU.chromosome_11.339",-0.8,-1,-1,"3","3","3","5"
"1362","Cluster_2073_evm.TU.chromosome_11.364","Cluster_2073","evm.TU.chromosome_11.364",0.6,0.2,-0.5,"2","2","2","3"
"1363","Cluster_2073_evm.TU.chromosome_12.1966","Cluster_2073","evm.TU.chromosome_12.1966",-0.4,0.8,0.5,"5","5","5","2"
"1364","Cluster_2073_evm.TU.chromosome_12.2055","Cluster_2073","evm.TU.chromosome_12.2055",-1,0.4,-1,"4","4","4","1"
"1365","Cluster_2073_evm.TU.chromosome_12.2142","Cluster_2073","evm.TU.chromosome_12.2142",0.4,0.8,-0.5,"4","4","4","1"
"1366","Cluster_2073_evm.TU.chromosome_12.241","Cluster_2073","evm.TU.chromosome_12.241",-0.4,0.4,-1,"4","4","4","1"
"1367","Cluster_2073_evm.TU.chromosome_12.3292","Cluster_2073","evm.TU.chromosome_12.3292",1,-0.210818510677892,-1,"2","2","2","3"
"1368","Cluster_2073_evm.TU.chromosome_12.643","Cluster_2073","evm.TU.chromosome_12.643",0.4,0.4,-0.5,"4","4","4","1"
"1369","Cluster_2073_evm.TU.chromosome_13.1515","Cluster_2073","evm.TU.chromosome_13.1515",-0.4,-0.774596669241483,-0.5,"3","3","3","5"
"1370","Cluster_2073_evm.TU.chromosome_13.3612","Cluster_2073","evm.TU.chromosome_13.3612",0.4,0.4,1,"3","3","3","5"
"1371","Cluster_2073_evm.TU.chromosome_13.4178","Cluster_2073","evm.TU.chromosome_13.4178",-1,0,-0.5,"3","3","3","5"
"1372","Cluster_2073_evm.TU.chromosome_14.5845","Cluster_2073","evm.TU.chromosome_14.5845",1,0.2,-1,"2","2","2","3"
"1373","Cluster_2073_evm.TU.chromosome_14.5846","Cluster_2073","evm.TU.chromosome_14.5846",-0.8,-0.4,-1,"3","3","3","5"
"1374","Cluster_2073_evm.TU.chromosome_14.6123","Cluster_2073","evm.TU.chromosome_14.6123",-0.948683298050514,-0.774596669241483,-1,"3","3","3","5"
"1375","Cluster_2073_evm.TU.chromosome_14.6138","Cluster_2073","evm.TU.chromosome_14.6138",0.8,-0.4,-1,"2","2","2","3"
"1376","Cluster_2073_evm.TU.chromosome_14.6523","Cluster_2073","evm.TU.chromosome_14.6523",-0.8,0.4,-0.5,"4","4","4","1"
"1377","Cluster_2073_evm.TU.chromosome_14.7053","Cluster_2073","evm.TU.chromosome_14.7053",-0.4,-0.632455532033676,-1,"3","3","3","5"
"1378","Cluster_2073_evm.TU.chromosome_14.7343","Cluster_2073","evm.TU.chromosome_14.7343",-0.4,-0.4,-0.5,"3","3","3","5"
"1379","Cluster_2073_evm.TU.chromosome_14.879","Cluster_2073","evm.TU.chromosome_14.879",0.4,0.8,-1,"4","4","4","1"
"1380","Cluster_2073_evm.TU.chromosome_2.165_evm.TU.chromosome_2.166","Cluster_2073","evm.TU.chromosome_2.165_evm.TU.chromosome_2.166",0.4,-1,-0.5,"2","2","2","3"
"1381","Cluster_2073_evm.TU.chromosome_2.1691","Cluster_2073","evm.TU.chromosome_2.1691",-0.8,-0.4,-0.5,"3","3","3","5"
"1382","Cluster_2073_evm.TU.chromosome_2.1960","Cluster_2073","evm.TU.chromosome_2.1960",1,0.4,0.5,"2","2","2","3"
"1383","Cluster_2073_evm.TU.chromosome_2.260","Cluster_2073","evm.TU.chromosome_2.260",-0.2,0.6,-1,"4","4","4","1"
"1384","Cluster_2073_evm.TU.chromosome_2.383","Cluster_2073","evm.TU.chromosome_2.383",1,0.2,-1,"2","2","2","3"
"1385","Cluster_2073_evm.TU.chromosome_2.437","Cluster_2073","evm.TU.chromosome_2.437",-0.8,-0.4,-0.5,"3","3","3","5"
"1386","Cluster_2073_evm.TU.chromosome_2.905","Cluster_2073","evm.TU.chromosome_2.905",-0.774596669241483,0.632455532033676,-1,"4","4","4","1"
"1387","Cluster_2073_evm.TU.chromosome_2.981","Cluster_2073","evm.TU.chromosome_2.981",-0.8,0.4,-1,"4","4","4","1"
"1388","Cluster_2073_evm.TU.chromosome_3.1983","Cluster_2073","evm.TU.chromosome_3.1983",-1,1,-0.5,"4","4","4","1"
"1389","Cluster_2073_evm.TU.chromosome_3.389","Cluster_2073","evm.TU.chromosome_3.389",-0.4,0.8,-0.5,"4","4","4","1"
"1390","Cluster_2073_evm.TU.chromosome_3.55","Cluster_2073","evm.TU.chromosome_3.55",-0.4,-0.8,-0.5,"3","3","3","5"
"1391","Cluster_2073_evm.TU.chromosome_3.586","Cluster_2073","evm.TU.chromosome_3.586",-0.4,-0.774596669241483,-0.5,"3","3","3","5"
"1392","Cluster_2073_evm.TU.chromosome_4.1559","Cluster_2073","evm.TU.chromosome_4.1559",1,-0.8,1,"1","1","1","4"
"1393","Cluster_2073_evm.TU.chromosome_4.971","Cluster_2073","evm.TU.chromosome_4.971",-0.8,0.4,-0.5,"4","4","4","1"
"1394","Cluster_2073_evm.TU.chromosome_5.1332","Cluster_2073","evm.TU.chromosome_5.1332",-0.4,0.8,-0.5,"4","4","4","1"
"1395","Cluster_2073_evm.TU.chromosome_5.1598","Cluster_2073","evm.TU.chromosome_5.1598",0.4,0,0.5,"3","3","3","5"
"1396","Cluster_2073_evm.TU.chromosome_5.1862","Cluster_2073","evm.TU.chromosome_5.1862",0.4,0.4,-1,"4","4","4","1"
"1397","Cluster_2073_evm.TU.chromosome_5.2563","Cluster_2073","evm.TU.chromosome_5.2563",-0.2,-0.4,-0.5,"3","3","3","5"
"1398","Cluster_2073_evm.TU.chromosome_5.517","Cluster_2073","evm.TU.chromosome_5.517",0.2,0,-1,"2","2","2","3"
"1399","Cluster_2073_evm.TU.chromosome_5.590","Cluster_2073","evm.TU.chromosome_5.590",-0.4,-0.8,-1,"2","2","2","3"
"1400","Cluster_2073_evm.TU.chromosome_5.884","Cluster_2073","evm.TU.chromosome_5.884",0.8,0.4,-1,"2","2","2","3"
"1401","Cluster_2073_evm.TU.chromosome_6.1711","Cluster_2073","evm.TU.chromosome_6.1711",1,-1,-0.5,"2","2","2","3"
"1402","Cluster_2073_evm.TU.chromosome_6.2061","Cluster_2073","evm.TU.chromosome_6.2061",0.4,-0.2,-0.5,"2","2","2","3"
"1403","Cluster_2073_evm.TU.chromosome_6.881","Cluster_2073","evm.TU.chromosome_6.881",-1,-0.8,-0.5,"3","3","3","5"
"1404","Cluster_2073_evm.TU.chromosome_7.1070","Cluster_2073","evm.TU.chromosome_7.1070",-0.4,0.4,-1,"4","4","4","1"
"1405","Cluster_2073_evm.TU.chromosome_7.2842","Cluster_2073","evm.TU.chromosome_7.2842",0.8,0.4,1,"1","1","1","4"
"1406","Cluster_2073_evm.TU.chromosome_8.2389","Cluster_2073","evm.TU.chromosome_8.2389",-0.4,0.105409255338946,-1,"4","4","4","1"
"1407","Cluster_2073_evm.TU.chromosome_8.64","Cluster_2073","evm.TU.chromosome_8.64",0.8,-0.632455532033676,-0.5,"2","2","2","3"
"1408","Cluster_2073_evm.TU.chromosome_8.801","Cluster_2073","evm.TU.chromosome_8.801",-0.632455532033676,-0.4,-1,"3","3","3","5"
"1409","Cluster_2073_evm.TU.chromosome_9.2112","Cluster_2073","evm.TU.chromosome_9.2112",0.8,-0.4,-1,"2","2","2","3"
"1410","Cluster_2073_evm.TU.chromosome_9.703","Cluster_2073","evm.TU.chromosome_9.703",-1,0.4,-1,"4","4","4","1"
"1411","Cluster_2097_evm.TU.chromosome_1.127","Cluster_2097","evm.TU.chromosome_1.127",0.4,-0.2,-0.5,"2","2","2","3"
"1412","Cluster_2097_evm.TU.chromosome_1.1347","Cluster_2097","evm.TU.chromosome_1.1347",0.2,0.8,0.5,"3","3","3","5"
"1413","Cluster_2097_evm.TU.chromosome_1.1417","Cluster_2097","evm.TU.chromosome_1.1417",-0.4,-0.4,-0.5,"3","3","3","5"
"1414","Cluster_2097_evm.TU.chromosome_1.1493","Cluster_2097","evm.TU.chromosome_1.1493",0.316227766016838,0,0.866025403784439,"1","1","1","4"
"1415","Cluster_2097_evm.TU.chromosome_1.1640","Cluster_2097","evm.TU.chromosome_1.1640",0.4,-0.4,0.5,"1","1","1","4"
"1416","Cluster_2097_evm.TU.chromosome_1.1715","Cluster_2097","evm.TU.chromosome_1.1715",-0.4,0.4,-0.5,"4","4","4","1"
"1417","Cluster_2097_evm.TU.chromosome_1.1716","Cluster_2097","evm.TU.chromosome_1.1716",0.6,0.4,0.5,"3","3","3","5"
"1418","Cluster_2097_evm.TU.chromosome_1.352","Cluster_2097","evm.TU.chromosome_1.352",0.4,0,0.866025403784439,"1","1","1","4"
"1419","Cluster_2097_evm.TU.chromosome_1.576","Cluster_2097","evm.TU.chromosome_1.576",1,-0.2,0.5,"1","1","1","4"
"1420","Cluster_2097_evm.TU.chromosome_1.651","Cluster_2097","evm.TU.chromosome_1.651",-0.6,0.4,-0.5,"4","4","4","1"
"1421","Cluster_2097_evm.TU.chromosome_1.678","Cluster_2097","evm.TU.chromosome_1.678",0.4,0.6,0.5,"3","3","3","5"
"1422","Cluster_2097_evm.TU.chromosome_1.848","Cluster_2097","evm.TU.chromosome_1.848",-0.2,0.8,1,"5","5","5","2"
"1423","Cluster_2097_evm.TU.chromosome_1.984","Cluster_2097","evm.TU.chromosome_1.984",0.4,-0.2,0.5,"1","1","1","4"
"1424","Cluster_2097_evm.TU.chromosome_10.1084","Cluster_2097","evm.TU.chromosome_10.1084",0.632455532033676,0.774596669241483,0.866025403784439,"3","3","3","5"
"1425","Cluster_2097_evm.TU.chromosome_10.1127","Cluster_2097","evm.TU.chromosome_10.1127",-0.4,-0.2,-0.866025403784439,"4","4","4","1"
"1426","Cluster_2097_evm.TU.chromosome_10.116","Cluster_2097","evm.TU.chromosome_10.116",-0.258198889747161,0.4,-0.5,"4","4","4","1"
"1427","Cluster_2097_evm.TU.chromosome_10.117","Cluster_2097","evm.TU.chromosome_10.117",0,0,-0.5,"3","3","3","5"
"1428","Cluster_2097_evm.TU.chromosome_10.120","Cluster_2097","evm.TU.chromosome_10.120",0.2,0,-0.5,"2","2","2","3"
"1429","Cluster_2097_evm.TU.chromosome_10.147","Cluster_2097","evm.TU.chromosome_10.147",0.8,-0.2,0.5,"1","1","1","4"
"1430","Cluster_2097_evm.TU.chromosome_10.156","Cluster_2097","evm.TU.chromosome_10.156",0.8,-0.2,-0.5,"2","2","2","3"
"1431","Cluster_2097_evm.TU.chromosome_10.1653","Cluster_2097","evm.TU.chromosome_10.1653",-0.8,0.2,-0.5,"4","4","4","1"
"1432","Cluster_2097_evm.TU.chromosome_10.1660","Cluster_2097","evm.TU.chromosome_10.1660",0.4,-0.316227766016838,0.5,"1","1","1","4"
"1433","Cluster_2097_evm.TU.chromosome_10.1808","Cluster_2097","evm.TU.chromosome_10.1808",0,-0.4,-0.5,"3","3","3","5"
"1434","Cluster_2097_evm.TU.chromosome_10.1854","Cluster_2097","evm.TU.chromosome_10.1854",0.6,0.2,0.5,"3","3","3","5"
"1435","Cluster_2097_evm.TU.chromosome_10.192","Cluster_2097","evm.TU.chromosome_10.192",-0.2,0,-1,"4","4","4","1"
"1436","Cluster_2097_evm.TU.chromosome_10.1999","Cluster_2097","evm.TU.chromosome_10.1999",-0.6,-0.8,-0.5,"3","3","3","5"
"1437","Cluster_2097_evm.TU.chromosome_10.2436","Cluster_2097","evm.TU.chromosome_10.2436",-0.4,-0.6,-0.5,"3","3","3","5"
"1438","Cluster_2097_evm.TU.chromosome_10.2499","Cluster_2097","evm.TU.chromosome_10.2499",0.2,0.4,-0.5,"4","4","4","1"
"1439","Cluster_2097_evm.TU.chromosome_10.2688","Cluster_2097","evm.TU.chromosome_10.2688",0.4,0,0.5,"3","3","3","5"
"1440","Cluster_2097_evm.TU.chromosome_10.2925","Cluster_2097","evm.TU.chromosome_10.2925",-0.4,0.316227766016838,-0.866025403784439,"4","4","4","1"
"1441","Cluster_2097_evm.TU.chromosome_10.3150","Cluster_2097","evm.TU.chromosome_10.3150",-0.8,-0.2,0.5,"5","5","5","2"
"1442","Cluster_2097_evm.TU.chromosome_10.3224","Cluster_2097","evm.TU.chromosome_10.3224",-1,1,1,"5","5","5","2"
"1443","Cluster_2097_evm.TU.chromosome_10.340","Cluster_2097","evm.TU.chromosome_10.340",-0.2,-0.4,-0.5,"3","3","3","5"
"1444","Cluster_2097_evm.TU.chromosome_10.480","Cluster_2097","evm.TU.chromosome_10.480",0.8,0.6,-0.866025403784439,"2","2","2","3"
"1445","Cluster_2097_evm.TU.chromosome_10.917","Cluster_2097","evm.TU.chromosome_10.917",0.210818510677892,-0.8,0.5,"1","1","1","4"
"1446","Cluster_2097_evm.TU.chromosome_10.924","Cluster_2097","evm.TU.chromosome_10.924",-0.6,-0.4,0.866025403784439,"5","5","5","2"
"1447","Cluster_2097_evm.TU.chromosome_10.971","Cluster_2097","evm.TU.chromosome_10.971",0.8,-0.316227766016838,0.5,"1","1","1","4"
"1448","Cluster_2097_evm.TU.chromosome_11.1292","Cluster_2097","evm.TU.chromosome_11.1292",0.8,0,0.5,"1","1","1","4"
"1449","Cluster_2097_evm.TU.chromosome_11.1306","Cluster_2097","evm.TU.chromosome_11.1306",0.6,0.4,1,"1","1","1","4"
"1450","Cluster_2097_evm.TU.chromosome_11.1437","Cluster_2097","evm.TU.chromosome_11.1437",-0.6,-0.4,-0.5,"3","3","3","5"
"1451","Cluster_2097_evm.TU.chromosome_11.1479","Cluster_2097","evm.TU.chromosome_11.1479",0.316227766016838,-0.316227766016838,0.866025403784439,"1","1","1","4"
"1452","Cluster_2097_evm.TU.chromosome_11.1495","Cluster_2097","evm.TU.chromosome_11.1495",0,-0.4,-0.5,"3","3","3","5"
"1453","Cluster_2097_evm.TU.chromosome_11.1512","Cluster_2097","evm.TU.chromosome_11.1512",0.2,-0.4,-0.5,"2","2","2","3"
"1454","Cluster_2097_evm.TU.chromosome_11.1528","Cluster_2097","evm.TU.chromosome_11.1528",-0.4,-0.6,-0.5,"3","3","3","5"
"1455","Cluster_2097_evm.TU.chromosome_11.1605","Cluster_2097","evm.TU.chromosome_11.1605",-0.948683298050514,-0.948683298050514,0.5,"1","1","1","4"
"1456","Cluster_2097_evm.TU.chromosome_11.2066","Cluster_2097","evm.TU.chromosome_11.2066",0.6,0.2,0.5,"3","3","3","5"
"1457","Cluster_2097_evm.TU.chromosome_11.2085","Cluster_2097","evm.TU.chromosome_11.2085",0.6,-0.774596669241483,0.866025403784439,"1","1","1","4"
"1458","Cluster_2097_evm.TU.chromosome_11.2598","Cluster_2097","evm.TU.chromosome_11.2598",-0.4,0,-0.5,"3","3","3","5"
"1459","Cluster_2097_evm.TU.chromosome_11.2742","Cluster_2097","evm.TU.chromosome_11.2742",-0.4,0.774596669241483,0.866025403784439,"5","5","5","2"
"1460","Cluster_2097_evm.TU.chromosome_11.2756","Cluster_2097","evm.TU.chromosome_11.2756",0.210818510677892,-0.737864787372622,0.5,"1","1","1","4"
"1461","Cluster_2097_evm.TU.chromosome_11.2757","Cluster_2097","evm.TU.chromosome_11.2757",0.774596669241483,-0.316227766016838,-0.5,"2","2","2","3"
"1462","Cluster_2097_evm.TU.chromosome_11.2951","Cluster_2097","evm.TU.chromosome_11.2951",0.737864787372622,-0.774596669241483,0.866025403784439,"1","1","1","4"
"1463","Cluster_2097_evm.TU.chromosome_11.40","Cluster_2097","evm.TU.chromosome_11.40",0.8,1,0.5,"3","3","3","5"
"1464","Cluster_2097_evm.TU.chromosome_11.553","Cluster_2097","evm.TU.chromosome_11.553",-0.6,-0.258198889747161,0.866025403784439,"5","5","5","2"
"1465","Cluster_2097_evm.TU.chromosome_11.625","Cluster_2097","evm.TU.chromosome_11.625",-0.4,-0.948683298050514,0.5,"1","1","1","4"
"1466","Cluster_2097_evm.TU.chromosome_11.692","Cluster_2097","evm.TU.chromosome_11.692",1,0.774596669241483,0.5,"3","3","3","5"
"1467","Cluster_2097_evm.TU.chromosome_11.695","Cluster_2097","evm.TU.chromosome_11.695",0.2,0.316227766016838,0.5,"3","3","3","5"
"1468","Cluster_2097_evm.TU.chromosome_11.893","Cluster_2097","evm.TU.chromosome_11.893",-0.8,0,0.5,"5","5","5","2"
"1469","Cluster_2097_evm.TU.chromosome_11.934","Cluster_2097","evm.TU.chromosome_11.934",0.8,-0.4,-0.5,"2","2","2","3"
"1470","Cluster_2097_evm.TU.chromosome_11.939","Cluster_2097","evm.TU.chromosome_11.939",0.4,-0.8,-0.5,"2","2","2","3"
"1471","Cluster_2097_evm.TU.chromosome_12.1","Cluster_2097","evm.TU.chromosome_12.1",-0.2,-0.2,-0.5,"3","3","3","5"
"1472","Cluster_2097_evm.TU.chromosome_12.1106","Cluster_2097","evm.TU.chromosome_12.1106",-0.6,0.105409255338946,0.5,"5","5","5","2"
"1473","Cluster_2097_evm.TU.chromosome_12.1286","Cluster_2097","evm.TU.chromosome_12.1286",-0.316227766016838,-0.948683298050514,0.5,"1","1","1","4"
"1474","Cluster_2097_evm.TU.chromosome_12.1571","Cluster_2097","evm.TU.chromosome_12.1571",-0.6,-0.8,0.5,"1","1","1","4"
"1475","Cluster_2097_evm.TU.chromosome_12.184","Cluster_2097","evm.TU.chromosome_12.184",-0.316227766016838,-0.2,-0.5,"3","3","3","5"
"1476","Cluster_2097_evm.TU.chromosome_12.2292","Cluster_2097","evm.TU.chromosome_12.2292",-0.4,-0.4,0.5,"1","1","1","4"
"1477","Cluster_2097_evm.TU.chromosome_12.2615","Cluster_2097","evm.TU.chromosome_12.2615",0,0.2,0.5,"3","3","3","5"
"1478","Cluster_2097_evm.TU.chromosome_12.2620","Cluster_2097","evm.TU.chromosome_12.2620",-0.8,0.4,-1,"4","4","4","1"
"1479","Cluster_2097_evm.TU.chromosome_12.2657","Cluster_2097","evm.TU.chromosome_12.2657",0,0,-0.5,"3","3","3","5"
"1480","Cluster_2097_evm.TU.chromosome_12.2763","Cluster_2097","evm.TU.chromosome_12.2763",0.4,0.2,0.5,"3","3","3","5"
"1481","Cluster_2097_evm.TU.chromosome_12.2790","Cluster_2097","evm.TU.chromosome_12.2790",-0.258198889747161,0.948683298050514,0.5,"5","5","5","2"
"1482","Cluster_2097_evm.TU.chromosome_12.2926","Cluster_2097","evm.TU.chromosome_12.2926",1,-0.316227766016838,0.5,"1","1","1","4"
"1483","Cluster_2097_evm.TU.chromosome_12.2946","Cluster_2097","evm.TU.chromosome_12.2946",-0.4,-0.210818510677892,-0.5,"3","3","3","5"
"1484","Cluster_2097_evm.TU.chromosome_12.3080","Cluster_2097","evm.TU.chromosome_12.3080",-0.4,-0.4,0.5,"1","1","1","4"
"1485","Cluster_2097_evm.TU.chromosome_12.3101","Cluster_2097","evm.TU.chromosome_12.3101",1,0,-0.5,"2","2","2","3"
"1486","Cluster_2097_evm.TU.chromosome_12.327","Cluster_2097","evm.TU.chromosome_12.327",-0.4,-0.4,0.5,"1","1","1","4"
"1487","Cluster_2097_evm.TU.chromosome_12.3288","Cluster_2097","evm.TU.chromosome_12.3288",0.4,0,-0.5,"2","2","2","3"
"1488","Cluster_2097_evm.TU.chromosome_12.3356","Cluster_2097","evm.TU.chromosome_12.3356",-1,-0.4,0.866025403784439,"5","5","5","2"
"1489","Cluster_2097_evm.TU.chromosome_12.3533","Cluster_2097","evm.TU.chromosome_12.3533",-0.4,0.4,-0.5,"4","4","4","1"
"1490","Cluster_2097_evm.TU.chromosome_12.3895","Cluster_2097","evm.TU.chromosome_12.3895",0.2,-0.8,-0.5,"2","2","2","3"
"1491","Cluster_2097_evm.TU.chromosome_12.4045","Cluster_2097","evm.TU.chromosome_12.4045",-0.4,-0.4,-0.5,"3","3","3","5"
"1492","Cluster_2097_evm.TU.chromosome_12.4046","Cluster_2097","evm.TU.chromosome_12.4046",0.6,-0.774596669241483,0.866025403784439,"1","1","1","4"
"1493","Cluster_2097_evm.TU.chromosome_12.441","Cluster_2097","evm.TU.chromosome_12.441",-0.4,-0.8,-0.5,"3","3","3","5"
"1494","Cluster_2097_evm.TU.chromosome_12.72","Cluster_2097","evm.TU.chromosome_12.72",0.4,0.8,0.5,"3","3","3","5"
"1495","Cluster_2097_evm.TU.chromosome_12.888","Cluster_2097","evm.TU.chromosome_12.888",-0.6,-0.316227766016838,0.5,"5","5","5","2"
"1496","Cluster_2097_evm.TU.chromosome_12.922","Cluster_2097","evm.TU.chromosome_12.922",0.2,0.4,0.5,"3","3","3","5"
"1497","Cluster_2097_evm.TU.chromosome_13.1105","Cluster_2097","evm.TU.chromosome_13.1105",-0.316227766016838,-0.8,0.5,"1","1","1","4"
"1498","Cluster_2097_evm.TU.chromosome_13.1121","Cluster_2097","evm.TU.chromosome_13.1121",1,-0.2,-0.5,"2","2","2","3"
"1499","Cluster_2097_evm.TU.chromosome_13.1167","Cluster_2097","evm.TU.chromosome_13.1167",0.2,-0.4,-1,"2","2","2","3"
"1500","Cluster_2097_evm.TU.chromosome_13.1265","Cluster_2097","evm.TU.chromosome_13.1265",-0.8,-0.8,-0.5,"3","3","3","5"
"1501","Cluster_2097_evm.TU.chromosome_13.1616","Cluster_2097","evm.TU.chromosome_13.1616",-0.8,0,-0.5,"3","3","3","5"
"1502","Cluster_2097_evm.TU.chromosome_13.1767","Cluster_2097","evm.TU.chromosome_13.1767",0.737864787372622,0.774596669241483,-0.5,"4","4","4","1"
"1503","Cluster_2097_evm.TU.chromosome_13.186","Cluster_2097","evm.TU.chromosome_13.186",0,0.6,-0.5,"4","4","4","1"
"1504","Cluster_2097_evm.TU.chromosome_13.1918","Cluster_2097","evm.TU.chromosome_13.1918",0.8,0,1,"1","1","1","4"
"1505","Cluster_2097_evm.TU.chromosome_13.196","Cluster_2097","evm.TU.chromosome_13.196",-0.774596669241483,0.774596669241483,0.5,"5","5","5","2"
"1506","Cluster_2097_evm.TU.chromosome_13.2090","Cluster_2097","evm.TU.chromosome_13.2090",-0.8,-0.316227766016838,0.5,"5","5","5","2"
"1507","Cluster_2097_evm.TU.chromosome_13.2102","Cluster_2097","evm.TU.chromosome_13.2102",0.4,0.316227766016838,0.5,"3","3","3","5"
"1508","Cluster_2097_evm.TU.chromosome_13.2159","Cluster_2097","evm.TU.chromosome_13.2159",0.4,0,0.5,"3","3","3","5"
"1509","Cluster_2097_evm.TU.chromosome_13.2379","Cluster_2097","evm.TU.chromosome_13.2379",-0.2,0,-0.5,"3","3","3","5"
"1510","Cluster_2097_evm.TU.chromosome_13.2397","Cluster_2097","evm.TU.chromosome_13.2397",0.4,0.2,-0.5,"2","2","2","3"
"1511","Cluster_2097_evm.TU.chromosome_13.2468","Cluster_2097","evm.TU.chromosome_13.2468",-0.2,0.774596669241483,0.5,"5","5","5","2"
"1512","Cluster_2097_evm.TU.chromosome_13.2634","Cluster_2097","evm.TU.chromosome_13.2634",0.2,0.316227766016838,-0.866025403784439,"4","4","4","1"
"1513","Cluster_2097_evm.TU.chromosome_13.2680","Cluster_2097","evm.TU.chromosome_13.2680",-0.4,0,0.5,"5","5","5","2"
"1514","Cluster_2097_evm.TU.chromosome_13.287","Cluster_2097","evm.TU.chromosome_13.287",0.4,-0.8,-0.5,"2","2","2","3"
"1515","Cluster_2097_evm.TU.chromosome_13.3034","Cluster_2097","evm.TU.chromosome_13.3034",-0.4,0.4,-0.5,"4","4","4","1"
"1516","Cluster_2097_evm.TU.chromosome_13.3144","Cluster_2097","evm.TU.chromosome_13.3144",0,0.2,-0.5,"4","4","4","1"
"1517","Cluster_2097_evm.TU.chromosome_13.3174","Cluster_2097","evm.TU.chromosome_13.3174",0,0.6,0.5,"3","3","3","5"
"1518","Cluster_2097_evm.TU.chromosome_13.3187","Cluster_2097","evm.TU.chromosome_13.3187",0.6,-0.4,-0.5,"2","2","2","3"
"1519","Cluster_2097_evm.TU.chromosome_13.3299","Cluster_2097","evm.TU.chromosome_13.3299",0.4,-0.4,-1,"2","2","2","3"
"1520","Cluster_2097_evm.TU.chromosome_13.3404","Cluster_2097","evm.TU.chromosome_13.3404",-0.4,0.4,0.5,"5","5","5","2"
"1521","Cluster_2097_evm.TU.chromosome_13.3667","Cluster_2097","evm.TU.chromosome_13.3667",0.4,-0.4,0.5,"1","1","1","4"
"1522","Cluster_2097_evm.TU.chromosome_13.4020","Cluster_2097","evm.TU.chromosome_13.4020",0.4,-0.2,-0.5,"2","2","2","3"
"1523","Cluster_2097_evm.TU.chromosome_13.4052","Cluster_2097","evm.TU.chromosome_13.4052",0.4,0.2,0.5,"3","3","3","5"
"1524","Cluster_2097_evm.TU.chromosome_13.4054","Cluster_2097","evm.TU.chromosome_13.4054",0,-0.2,-0.5,"3","3","3","5"
"1525","Cluster_2097_evm.TU.chromosome_13.4109","Cluster_2097","evm.TU.chromosome_13.4109",0.8,0.105409255338946,-0.5,"2","2","2","3"
"1526","Cluster_2097_evm.TU.chromosome_13.4155","Cluster_2097","evm.TU.chromosome_13.4155",-0.4,-0.4,-0.5,"3","3","3","5"
"1527","Cluster_2097_evm.TU.chromosome_13.435","Cluster_2097","evm.TU.chromosome_13.435",0.6,-0.4,0.5,"1","1","1","4"
"1528","Cluster_2097_evm.TU.chromosome_13.494","Cluster_2097","evm.TU.chromosome_13.494",0.4,-1,0.5,"1","1","1","4"
"1529","Cluster_2097_evm.TU.chromosome_13.670","Cluster_2097","evm.TU.chromosome_13.670",0.4,0.2,-1,"2","2","2","3"
"1530","Cluster_2097_evm.TU.chromosome_13.681","Cluster_2097","evm.TU.chromosome_13.681",-0.8,0.8,-0.5,"4","4","4","1"
"1531","Cluster_2097_evm.TU.chromosome_13.833","Cluster_2097","evm.TU.chromosome_13.833",0.8,0.6,-0.5,"2","2","2","3"
"1532","Cluster_2097_evm.TU.chromosome_14.1233","Cluster_2097","evm.TU.chromosome_14.1233",0.4,0.4,0.5,"3","3","3","5"
"1533","Cluster_2097_evm.TU.chromosome_14.130","Cluster_2097","evm.TU.chromosome_14.130",-0.948683298050514,0,-0.5,"3","3","3","5"
"1534","Cluster_2097_evm.TU.chromosome_14.1657","Cluster_2097","evm.TU.chromosome_14.1657",-0.6,0.2,0.5,"5","5","5","2"
"1535","Cluster_2097_evm.TU.chromosome_14.1781","Cluster_2097","evm.TU.chromosome_14.1781",0.8,-0.316227766016838,-0.5,"2","2","2","3"
"1536","Cluster_2097_evm.TU.chromosome_14.181","Cluster_2097","evm.TU.chromosome_14.181",0,-0.4,0.5,"1","1","1","4"
"1537","Cluster_2097_evm.TU.chromosome_14.1827","Cluster_2097","evm.TU.chromosome_14.1827",0.4,-0.4,0.5,"1","1","1","4"
"1538","Cluster_2097_evm.TU.chromosome_14.3758","Cluster_2097","evm.TU.chromosome_14.3758",0.2,-0.774596669241483,-0.866025403784439,"2","2","2","3"
"1539","Cluster_2097_evm.TU.chromosome_14.420","Cluster_2097","evm.TU.chromosome_14.420",0.774596669241483,0.4,-0.5,"2","2","2","3"
"1540","Cluster_2097_evm.TU.chromosome_14.4745","Cluster_2097","evm.TU.chromosome_14.4745",-0.2,0.2,0.5,"5","5","5","2"
"1541","Cluster_2097_evm.TU.chromosome_14.4755","Cluster_2097","evm.TU.chromosome_14.4755",-0.8,-0.4,0.866025403784439,"5","5","5","2"
"1542","Cluster_2097_evm.TU.chromosome_14.4759","Cluster_2097","evm.TU.chromosome_14.4759",0.6,-1,-0.5,"2","2","2","3"
"1543","Cluster_2097_evm.TU.chromosome_14.5250","Cluster_2097","evm.TU.chromosome_14.5250",0.2,0.2,-0.5,"4","4","4","1"
"1544","Cluster_2097_evm.TU.chromosome_14.5303","Cluster_2097","evm.TU.chromosome_14.5303",-0.8,0.8,-0.5,"4","4","4","1"
"1545","Cluster_2097_evm.TU.chromosome_14.5407","Cluster_2097","evm.TU.chromosome_14.5407",0.316227766016838,-0.316227766016838,0.5,"1","1","1","4"
"1546","Cluster_2097_evm.TU.chromosome_14.541","Cluster_2097","evm.TU.chromosome_14.541",0.8,-0.2,0.5,"1","1","1","4"
"1547","Cluster_2097_evm.TU.chromosome_14.5760","Cluster_2097","evm.TU.chromosome_14.5760",-0.4,-0.2,0.5,"5","5","5","2"
"1548","Cluster_2097_evm.TU.chromosome_14.577","Cluster_2097","evm.TU.chromosome_14.577",-0.8,-0.6,-0.5,"3","3","3","5"
"1549","Cluster_2097_evm.TU.chromosome_14.5791","Cluster_2097","evm.TU.chromosome_14.5791",-0.4,-0.8,-1,"2","2","2","3"
"1550","Cluster_2097_evm.TU.chromosome_14.5835","Cluster_2097","evm.TU.chromosome_14.5835",-0.6,1,-0.5,"4","4","4","1"
"1551","Cluster_2097_evm.TU.chromosome_14.589","Cluster_2097","evm.TU.chromosome_14.589",0.2,0.737864787372622,0.5,"3","3","3","5"
"1552","Cluster_2097_evm.TU.chromosome_14.5950","Cluster_2097","evm.TU.chromosome_14.5950",0.8,0.6,0.5,"3","3","3","5"
"1553","Cluster_2097_evm.TU.chromosome_14.5977","Cluster_2097","evm.TU.chromosome_14.5977",0.2,0.4,0.5,"3","3","3","5"
"1554","Cluster_2097_evm.TU.chromosome_14.5979","Cluster_2097","evm.TU.chromosome_14.5979",0.4,0.8,0.5,"3","3","3","5"
"1555","Cluster_2097_evm.TU.chromosome_14.602","Cluster_2097","evm.TU.chromosome_14.602",-0.6,0.2,-0.5,"4","4","4","1"
"1556","Cluster_2097_evm.TU.chromosome_14.6427","Cluster_2097","evm.TU.chromosome_14.6427",0.4,0.4,-0.5,"4","4","4","1"
"1557","Cluster_2097_evm.TU.chromosome_14.6503","Cluster_2097","evm.TU.chromosome_14.6503",-0.8,0.4,0.5,"5","5","5","2"
"1558","Cluster_2097_evm.TU.chromosome_14.6541","Cluster_2097","evm.TU.chromosome_14.6541",0.4,0.2,0.5,"3","3","3","5"
"1559","Cluster_2097_evm.TU.chromosome_14.6805","Cluster_2097","evm.TU.chromosome_14.6805",-0.4,0.4,0.5,"5","5","5","2"
"1560","Cluster_2097_evm.TU.chromosome_14.6939","Cluster_2097","evm.TU.chromosome_14.6939",-0.774596669241483,0.210818510677892,0.5,"5","5","5","2"
"1561","Cluster_2097_evm.TU.chromosome_14.6958","Cluster_2097","evm.TU.chromosome_14.6958",0.2,-0.4,0.5,"1","1","1","4"
"1562","Cluster_2097_evm.TU.chromosome_14.7000","Cluster_2097","evm.TU.chromosome_14.7000",-0.258198889747161,-0.210818510677892,-0.5,"3","3","3","5"
"1563","Cluster_2097_evm.TU.chromosome_14.7003","Cluster_2097","evm.TU.chromosome_14.7003",0.774596669241483,0.316227766016838,-0.5,"2","2","2","3"
"1564","Cluster_2097_evm.TU.chromosome_14.7005","Cluster_2097","evm.TU.chromosome_14.7005",0.774596669241483,0.4,0.5,"3","3","3","5"
"1565","Cluster_2097_evm.TU.chromosome_14.7009","Cluster_2097","evm.TU.chromosome_14.7009",0.4,0.2,0.5,"3","3","3","5"
"1566","Cluster_2097_evm.TU.chromosome_14.7079","Cluster_2097","evm.TU.chromosome_14.7079",-0.8,0.2,-0.5,"4","4","4","1"
"1567","Cluster_2097_evm.TU.chromosome_14.7196","Cluster_2097","evm.TU.chromosome_14.7196",0.2,-0.948683298050514,0.866025403784439,"1","1","1","4"
"1568","Cluster_2097_evm.TU.chromosome_14.78","Cluster_2097","evm.TU.chromosome_14.78",-0.8,0,-0.5,"3","3","3","5"
"1569","Cluster_2097_evm.TU.chromosome_2.1057","Cluster_2097","evm.TU.chromosome_2.1057",0,0.4,0.5,"3","3","3","5"
"1570","Cluster_2097_evm.TU.chromosome_2.1152","Cluster_2097","evm.TU.chromosome_2.1152",-0.2,0.8,-1,"4","4","4","1"
"1571","Cluster_2097_evm.TU.chromosome_2.1373","Cluster_2097","evm.TU.chromosome_2.1373",0.774596669241483,-0.737864787372622,-0.866025403784439,"2","2","2","3"
"1572","Cluster_2097_evm.TU.chromosome_2.1374","Cluster_2097","evm.TU.chromosome_2.1374",0.2,-0.4,0.5,"1","1","1","4"
"1573","Cluster_2097_evm.TU.chromosome_2.1377","Cluster_2097","evm.TU.chromosome_2.1377",0.4,0.4,0.5,"3","3","3","5"
"1574","Cluster_2097_evm.TU.chromosome_2.1492","Cluster_2097","evm.TU.chromosome_2.1492",-0.2,0,0.5,"3","3","3","5"
"1575","Cluster_2097_evm.TU.chromosome_2.487","Cluster_2097","evm.TU.chromosome_2.487",-0.6,-0.2,0.5,"5","5","5","2"
"1576","Cluster_2097_evm.TU.chromosome_2.536","Cluster_2097","evm.TU.chromosome_2.536",0.8,-0.2,-0.5,"2","2","2","3"
"1577","Cluster_2097_evm.TU.chromosome_2.60","Cluster_2097","evm.TU.chromosome_2.60",0.6,-0.2,0.5,"1","1","1","4"
"1578","Cluster_2097_evm.TU.chromosome_2.637","Cluster_2097","evm.TU.chromosome_2.637",0.2,-0.2,0.5,"1","1","1","4"
"1579","Cluster_2097_evm.TU.chromosome_2.788","Cluster_2097","evm.TU.chromosome_2.788",-0.4,0.2,0.5,"5","5","5","2"
"1580","Cluster_2097_evm.TU.chromosome_2.901","Cluster_2097","evm.TU.chromosome_2.901",-0.8,1,-0.5,"4","4","4","1"
"1581","Cluster_2097_evm.TU.chromosome_3.1079","Cluster_2097","evm.TU.chromosome_3.1079",-0.948683298050514,-0.948683298050514,-0.5,"3","3","3","5"
"1582","Cluster_2097_evm.TU.chromosome_3.1473","Cluster_2097","evm.TU.chromosome_3.1473",0.8,0.2,-0.5,"2","2","2","3"
"1583","Cluster_2097_evm.TU.chromosome_3.1603","Cluster_2097","evm.TU.chromosome_3.1603",0.2,0.4,-0.5,"4","4","4","1"
"1584","Cluster_2097_evm.TU.chromosome_3.1677","Cluster_2097","evm.TU.chromosome_3.1677",0.8,-0.4,-0.5,"2","2","2","3"
"1585","Cluster_2097_evm.TU.chromosome_3.1766","Cluster_2097","evm.TU.chromosome_3.1766",1,-0.2,-1,"2","2","2","3"
"1586","Cluster_2097_evm.TU.chromosome_3.1954","Cluster_2097","evm.TU.chromosome_3.1954",-0.632455532033676,-0.6,-0.5,"3","3","3","5"
"1587","Cluster_2097_evm.TU.chromosome_3.45","Cluster_2097","evm.TU.chromosome_3.45",0.2,0.4,0.5,"3","3","3","5"
"1588","Cluster_2097_evm.TU.chromosome_3.702","Cluster_2097","evm.TU.chromosome_3.702",-0.4,-0.4,-0.5,"3","3","3","5"
"1589","Cluster_2097_evm.TU.chromosome_3.763","Cluster_2097","evm.TU.chromosome_3.763",-0.4,-0.6,0.5,"1","1","1","4"
"1590","Cluster_2097_evm.TU.chromosome_3.785","Cluster_2097","evm.TU.chromosome_3.785",0.8,0.2,-0.5,"2","2","2","3"
"1591","Cluster_2097_evm.TU.chromosome_3.8","Cluster_2097","evm.TU.chromosome_3.8",-0.4,-0.2,0.5,"5","5","5","2"
"1592","Cluster_2097_evm.TU.chromosome_3.81","Cluster_2097","evm.TU.chromosome_3.81",0,0.4,-0.5,"4","4","4","1"
"1593","Cluster_2097_evm.TU.chromosome_3.847","Cluster_2097","evm.TU.chromosome_3.847",0.8,0.2,0.5,"3","3","3","5"
"1594","Cluster_2097_evm.TU.chromosome_3.885","Cluster_2097","evm.TU.chromosome_3.885",0.2,-0.737864787372622,-0.5,"2","2","2","3"
"1595","Cluster_2097_evm.TU.chromosome_3.933","Cluster_2097","evm.TU.chromosome_3.933",-1,0.6,-1,"4","4","4","1"
"1596","Cluster_2097_evm.TU.chromosome_4.1063","Cluster_2097","evm.TU.chromosome_4.1063",0.6,0,0.5,"1","1","1","4"
"1597","Cluster_2097_evm.TU.chromosome_4.1264","Cluster_2097","evm.TU.chromosome_4.1264",-0.632455532033676,0.316227766016838,0.866025403784439,"5","5","5","2"
"1598","Cluster_2097_evm.TU.chromosome_4.1270","Cluster_2097","evm.TU.chromosome_4.1270",-0.2,0.632455532033676,-0.5,"4","4","4","1"
"1599","Cluster_2097_evm.TU.chromosome_4.1327","Cluster_2097","evm.TU.chromosome_4.1327",0.4,-0.2,0.5,"1","1","1","4"
"1600","Cluster_2097_evm.TU.chromosome_4.1473","Cluster_2097","evm.TU.chromosome_4.1473",0,-0.2,-0.5,"3","3","3","5"
"1601","Cluster_2097_evm.TU.chromosome_4.1531","Cluster_2097","evm.TU.chromosome_4.1531",-0.4,-0.2,-0.5,"3","3","3","5"
"1602","Cluster_2097_evm.TU.chromosome_4.1910","Cluster_2097","evm.TU.chromosome_4.1910",-0.4,-0.8,1,"1","1","1","4"
"1603","Cluster_2097_evm.TU.chromosome_4.1940","Cluster_2097","evm.TU.chromosome_4.1940",-0.4,0.2,-1,"4","4","4","1"
"1604","Cluster_2097_evm.TU.chromosome_4.2029","Cluster_2097","evm.TU.chromosome_4.2029",0.4,0,-0.5,"2","2","2","3"
"1605","Cluster_2097_evm.TU.chromosome_4.2142","Cluster_2097","evm.TU.chromosome_4.2142",-0.4,0.2,0.5,"5","5","5","2"
"1606","Cluster_2097_evm.TU.chromosome_4.2202","Cluster_2097","evm.TU.chromosome_4.2202",-0.8,-0.2,-0.5,"3","3","3","5"
"1607","Cluster_2097_evm.TU.chromosome_4.2347","Cluster_2097","evm.TU.chromosome_4.2347",0.4,-0.6,0.866025403784439,"1","1","1","4"
"1608","Cluster_2097_evm.TU.chromosome_4.530","Cluster_2097","evm.TU.chromosome_4.530",-0.4,-0.774596669241483,0.5,"1","1","1","4"
"1609","Cluster_2097_evm.TU.chromosome_4.620","Cluster_2097","evm.TU.chromosome_4.620",0.8,-0.4,0.5,"1","1","1","4"
"1610","Cluster_2097_evm.TU.chromosome_4.731","Cluster_2097","evm.TU.chromosome_4.731",-0.8,-0.4,0.5,"5","5","5","2"
"1611","Cluster_2097_evm.TU.chromosome_4.85","Cluster_2097","evm.TU.chromosome_4.85",0.8,0,-0.5,"2","2","2","3"
"1612","Cluster_2097_evm.TU.chromosome_4.852","Cluster_2097","evm.TU.chromosome_4.852",0,-0.4,0.5,"1","1","1","4"
"1613","Cluster_2097_evm.TU.chromosome_5.1215","Cluster_2097","evm.TU.chromosome_5.1215",-0.8,0.632455532033676,0.866025403784439,"5","5","5","2"
"1614","Cluster_2097_evm.TU.chromosome_5.1489","Cluster_2097","evm.TU.chromosome_5.1489",0.4,0.8,-0.5,"4","4","4","1"
"1615","Cluster_2097_evm.TU.chromosome_5.1492","Cluster_2097","evm.TU.chromosome_5.1492",0.2,0,-1,"2","2","2","3"
"1616","Cluster_2097_evm.TU.chromosome_5.1758","Cluster_2097","evm.TU.chromosome_5.1758",0.8,0.316227766016838,-0.866025403784439,"2","2","2","3"
"1617","Cluster_2097_evm.TU.chromosome_5.1862","Cluster_2097","evm.TU.chromosome_5.1862",0,0.2,0.5,"3","3","3","5"
"1618","Cluster_2097_evm.TU.chromosome_5.203","Cluster_2097","evm.TU.chromosome_5.203",0,-0.4,0.5,"1","1","1","4"
"1619","Cluster_2097_evm.TU.chromosome_5.2263","Cluster_2097","evm.TU.chromosome_5.2263",-0.6,-0.4,0.5,"5","5","5","2"
"1620","Cluster_2097_evm.TU.chromosome_5.2367","Cluster_2097","evm.TU.chromosome_5.2367",0.4,-0.6,0.5,"1","1","1","4"
"1621","Cluster_2097_evm.TU.chromosome_5.252","Cluster_2097","evm.TU.chromosome_5.252",-0.774596669241483,0,0.866025403784439,"5","5","5","2"
"1622","Cluster_2097_evm.TU.chromosome_5.2566","Cluster_2097","evm.TU.chromosome_5.2566",1,-0.210818510677892,-0.866025403784439,"2","2","2","3"
"1623","Cluster_2097_evm.TU.chromosome_5.2651","Cluster_2097","evm.TU.chromosome_5.2651",-0.2,0.6,-0.5,"4","4","4","1"
"1624","Cluster_2097_evm.TU.chromosome_5.2654","Cluster_2097","evm.TU.chromosome_5.2654",0.8,-0.4,0.5,"1","1","1","4"
"1625","Cluster_2097_evm.TU.chromosome_5.277","Cluster_2097","evm.TU.chromosome_5.277",0,-0.8,0.5,"1","1","1","4"
"1626","Cluster_2097_evm.TU.chromosome_5.352","Cluster_2097","evm.TU.chromosome_5.352",0,0.4,-0.5,"4","4","4","1"
"1627","Cluster_2097_evm.TU.chromosome_5.549","Cluster_2097","evm.TU.chromosome_5.549",-0.4,-0.6,-0.5,"3","3","3","5"
"1628","Cluster_2097_evm.TU.chromosome_5.736","Cluster_2097","evm.TU.chromosome_5.736",-0.2,0.8,0.5,"5","5","5","2"
"1629","Cluster_2097_evm.TU.chromosome_5.815","Cluster_2097","evm.TU.chromosome_5.815",0,-0.774596669241483,0.5,"1","1","1","4"
"1630","Cluster_2097_evm.TU.chromosome_5.817","Cluster_2097","evm.TU.chromosome_5.817",-0.4,0.4,-0.5,"4","4","4","1"
"1631","Cluster_2097_evm.TU.chromosome_5.912","Cluster_2097","evm.TU.chromosome_5.912",0.8,-0.4,1,"1","1","1","4"
"1632","Cluster_2097_evm.TU.chromosome_5.968","Cluster_2097","evm.TU.chromosome_5.968",0.4,0.4,0.5,"3","3","3","5"
"1633","Cluster_2097_evm.TU.chromosome_6.1059","Cluster_2097","evm.TU.chromosome_6.1059",0,-0.774596669241483,-0.866025403784439,"2","2","2","3"
"1634","Cluster_2097_evm.TU.chromosome_6.12","Cluster_2097","evm.TU.chromosome_6.12",-0.4,0.4,-0.5,"4","4","4","1"
"1635","Cluster_2097_evm.TU.chromosome_6.1326","Cluster_2097","evm.TU.chromosome_6.1326",0.4,-0.2,-0.5,"2","2","2","3"
"1636","Cluster_2097_evm.TU.chromosome_6.145","Cluster_2097","evm.TU.chromosome_6.145",-0.8,-0.8,-0.5,"3","3","3","5"
"1637","Cluster_2097_evm.TU.chromosome_6.1567","Cluster_2097","evm.TU.chromosome_6.1567",0.4,-0.2,1,"1","1","1","4"
"1638","Cluster_2097_evm.TU.chromosome_6.2357","Cluster_2097","evm.TU.chromosome_6.2357",0.2,0.2,0.5,"3","3","3","5"
"1639","Cluster_2097_evm.TU.chromosome_6.238","Cluster_2097","evm.TU.chromosome_6.238",0.316227766016838,-0.210818510677892,0.866025403784439,"1","1","1","4"
"1640","Cluster_2097_evm.TU.chromosome_6.2453","Cluster_2097","evm.TU.chromosome_6.2453",-0.4,-0.210818510677892,-0.866025403784439,"4","4","4","1"
"1641","Cluster_2097_evm.TU.chromosome_6.252","Cluster_2097","evm.TU.chromosome_6.252",0,-0.210818510677892,-0.866025403784439,"2","2","2","3"
"1642","Cluster_2097_evm.TU.chromosome_6.2625","Cluster_2097","evm.TU.chromosome_6.2625",-0.8,0.4,-0.5,"4","4","4","1"
"1643","Cluster_2097_evm.TU.chromosome_6.2759","Cluster_2097","evm.TU.chromosome_6.2759",0,0.4,1,"5","5","5","2"
"1644","Cluster_2097_evm.TU.chromosome_6.2784","Cluster_2097","evm.TU.chromosome_6.2784",-0.8,0.6,-0.5,"4","4","4","1"
"1645","Cluster_2097_evm.TU.chromosome_6.2867","Cluster_2097","evm.TU.chromosome_6.2867",-0.8,0,0.5,"5","5","5","2"
"1646","Cluster_2097_evm.TU.chromosome_6.2935","Cluster_2097","evm.TU.chromosome_6.2935",0.4,-0.6,0.5,"1","1","1","4"
"1647","Cluster_2097_evm.TU.chromosome_6.507","Cluster_2097","evm.TU.chromosome_6.507",0.948683298050514,-0.948683298050514,0.866025403784439,"1","1","1","4"
"1648","Cluster_2097_evm.TU.chromosome_6.601","Cluster_2097","evm.TU.chromosome_6.601",-0.4,-0.6,0.5,"1","1","1","4"
"1649","Cluster_2097_evm.TU.chromosome_6.829","Cluster_2097","evm.TU.chromosome_6.829",-0.4,0.2,0.5,"5","5","5","2"
"1650","Cluster_2097_evm.TU.chromosome_6.859","Cluster_2097","evm.TU.chromosome_6.859",0.8,-0.4,0.5,"1","1","1","4"
"1651","Cluster_2097_evm.TU.chromosome_7.1149","Cluster_2097","evm.TU.chromosome_7.1149",-0.4,0.4,-0.5,"4","4","4","1"
"1652","Cluster_2097_evm.TU.chromosome_7.1294","Cluster_2097","evm.TU.chromosome_7.1294",-0.4,0.6,0.5,"5","5","5","2"
"1653","Cluster_2097_evm.TU.chromosome_7.1324","Cluster_2097","evm.TU.chromosome_7.1324",0.2,0.2,-0.5,"4","4","4","1"
"1654","Cluster_2097_evm.TU.chromosome_7.171","Cluster_2097","evm.TU.chromosome_7.171",1,-0.4,0.5,"1","1","1","4"
"1655","Cluster_2097_evm.TU.chromosome_7.1755","Cluster_2097","evm.TU.chromosome_7.1755",0.8,0.2,0.5,"3","3","3","5"
"1656","Cluster_2097_evm.TU.chromosome_7.1909","Cluster_2097","evm.TU.chromosome_7.1909",-0.4,0.2,0.5,"5","5","5","2"
"1657","Cluster_2097_evm.TU.chromosome_7.1937","Cluster_2097","evm.TU.chromosome_7.1937",-0.2,-0.8,0.866025403784439,"1","1","1","4"
"1658","Cluster_2097_evm.TU.chromosome_7.1940","Cluster_2097","evm.TU.chromosome_7.1940",0.4,-0.774596669241483,0,"1","1","1","4"
"1659","Cluster_2097_evm.TU.chromosome_7.196","Cluster_2097","evm.TU.chromosome_7.196",-1,-0.2,-0.5,"3","3","3","5"
"1660","Cluster_2097_evm.TU.chromosome_7.219","Cluster_2097","evm.TU.chromosome_7.219",0.2,0.6,0.5,"3","3","3","5"
"1661","Cluster_2097_evm.TU.chromosome_7.2482","Cluster_2097","evm.TU.chromosome_7.2482",0.8,-0.4,0.5,"1","1","1","4"
"1662","Cluster_2097_evm.TU.chromosome_7.2501","Cluster_2097","evm.TU.chromosome_7.2501",0,0,-0.5,"3","3","3","5"
"1663","Cluster_2097_evm.TU.chromosome_7.2507","Cluster_2097","evm.TU.chromosome_7.2507",-0.2,-0.2,-0.5,"3","3","3","5"
"1664","Cluster_2097_evm.TU.chromosome_7.2608","Cluster_2097","evm.TU.chromosome_7.2608",0.2,-0.4,-0.5,"2","2","2","3"
"1665","Cluster_2097_evm.TU.chromosome_7.2698","Cluster_2097","evm.TU.chromosome_7.2698",-0.8,0,-0.5,"3","3","3","5"
"1666","Cluster_2097_evm.TU.chromosome_7.2839","Cluster_2097","evm.TU.chromosome_7.2839",0.4,-0.774596669241483,0.5,"1","1","1","4"
"1667","Cluster_2097_evm.TU.chromosome_7.467","Cluster_2097","evm.TU.chromosome_7.467",0.6,-0.4,0.5,"1","1","1","4"
"1668","Cluster_2097_evm.TU.chromosome_7.493","Cluster_2097","evm.TU.chromosome_7.493",-0.4,0.6,-0.5,"4","4","4","1"
"1669","Cluster_2097_evm.TU.chromosome_7.62","Cluster_2097","evm.TU.chromosome_7.62",-0.8,-0.8,-0.5,"3","3","3","5"
"1670","Cluster_2097_evm.TU.chromosome_7.685","Cluster_2097","evm.TU.chromosome_7.685",0.6,0.2,-0.5,"2","2","2","3"
"1671","Cluster_2097_evm.TU.chromosome_7.769","Cluster_2097","evm.TU.chromosome_7.769",0.8,-0.4,-0.5,"2","2","2","3"
"1672","Cluster_2097_evm.TU.chromosome_7.776","Cluster_2097","evm.TU.chromosome_7.776",-0.4,-0.4,0.5,"1","1","1","4"
"1673","Cluster_2097_evm.TU.chromosome_7.778","Cluster_2097","evm.TU.chromosome_7.778",-1,-0.4,0.5,"5","5","5","2"
"1674","Cluster_2097_evm.TU.chromosome_7.797","Cluster_2097","evm.TU.chromosome_7.797",0,0.316227766016838,-0.5,"4","4","4","1"
"1675","Cluster_2097_evm.TU.chromosome_7.81","Cluster_2097","evm.TU.chromosome_7.81",0,0.8,0.5,"3","3","3","5"
"1676","Cluster_2097_evm.TU.chromosome_7.819","Cluster_2097","evm.TU.chromosome_7.819",-0.4,-0.2,-1,"4","4","4","1"
"1677","Cluster_2097_evm.TU.chromosome_7.910","Cluster_2097","evm.TU.chromosome_7.910",0.4,0.316227766016838,-0.5,"2","2","2","3"
"1678","Cluster_2097_evm.TU.chromosome_8.1073","Cluster_2097","evm.TU.chromosome_8.1073",0.4,-0.4,-0.5,"2","2","2","3"
"1679","Cluster_2097_evm.TU.chromosome_8.1116","Cluster_2097","evm.TU.chromosome_8.1116",0,-0.4,0.5,"1","1","1","4"
"1680","Cluster_2097_evm.TU.chromosome_8.1239","Cluster_2097","evm.TU.chromosome_8.1239",-0.4,-0.948683298050514,-0.5,"3","3","3","5"
"1681","Cluster_2097_evm.TU.chromosome_8.1322","Cluster_2097","evm.TU.chromosome_8.1322",0.4,-0.6,0.5,"1","1","1","4"
"1682","Cluster_2097_evm.TU.chromosome_8.1530","Cluster_2097","evm.TU.chromosome_8.1530",-0.8,0.316227766016838,0.866025403784439,"5","5","5","2"
"1683","Cluster_2097_evm.TU.chromosome_8.1533","Cluster_2097","evm.TU.chromosome_8.1533",-0.4,0.316227766016838,0.866025403784439,"5","5","5","2"
"1684","Cluster_2097_evm.TU.chromosome_8.1540","Cluster_2097","evm.TU.chromosome_8.1540",0.8,0.2,-0.5,"2","2","2","3"
"1685","Cluster_2097_evm.TU.chromosome_8.1541","Cluster_2097","evm.TU.chromosome_8.1541",0.2,0.8,-0.5,"4","4","4","1"
"1686","Cluster_2097_evm.TU.chromosome_8.1543","Cluster_2097","evm.TU.chromosome_8.1543",-0.2,-0.774596669241483,-0.866025403784439,"2","2","2","3"
"1687","Cluster_2097_evm.TU.chromosome_8.1551","Cluster_2097","evm.TU.chromosome_8.1551",-0.2,0.2,-1,"4","4","4","1"
"1688","Cluster_2097_evm.TU.chromosome_8.1584","Cluster_2097","evm.TU.chromosome_8.1584",1,-0.8,0.5,"1","1","1","4"
"1689","Cluster_2097_evm.TU.chromosome_8.170","Cluster_2097","evm.TU.chromosome_8.170",0.8,0.2,1,"1","1","1","4"
"1690","Cluster_2097_evm.TU.chromosome_8.1703","Cluster_2097","evm.TU.chromosome_8.1703",0.6,0.4,-0.5,"2","2","2","3"
"1691","Cluster_2097_evm.TU.chromosome_8.1763","Cluster_2097","evm.TU.chromosome_8.1763",-0.258198889747161,-0.948683298050514,-0.5,"3","3","3","5"
"1692","Cluster_2097_evm.TU.chromosome_8.1771","Cluster_2097","evm.TU.chromosome_8.1771",0.8,0.4,0.5,"3","3","3","5"
"1693","Cluster_2097_evm.TU.chromosome_8.2042","Cluster_2097","evm.TU.chromosome_8.2042",0,-0.4,0.5,"1","1","1","4"
"1694","Cluster_2097_evm.TU.chromosome_8.2128","Cluster_2097","evm.TU.chromosome_8.2128",-0.316227766016838,0.210818510677892,-0.5,"4","4","4","1"
"1695","Cluster_2097_evm.TU.chromosome_8.2157","Cluster_2097","evm.TU.chromosome_8.2157",0,-0.2,0.5,"1","1","1","4"
"1696","Cluster_2097_evm.TU.chromosome_8.2510","Cluster_2097","evm.TU.chromosome_8.2510",0.4,0,0.5,"3","3","3","5"
"1697","Cluster_2097_evm.TU.chromosome_8.2532","Cluster_2097","evm.TU.chromosome_8.2532",0.2,-0.4,-0.5,"2","2","2","3"
"1698","Cluster_2097_evm.TU.chromosome_8.2624","Cluster_2097","evm.TU.chromosome_8.2624",0.8,-0.4,-0.5,"2","2","2","3"
"1699","Cluster_2097_evm.TU.chromosome_8.2636","Cluster_2097","evm.TU.chromosome_8.2636",0.4,0,0.5,"3","3","3","5"
"1700","Cluster_2097_evm.TU.chromosome_8.2772","Cluster_2097","evm.TU.chromosome_8.2772",0.6,0.8,0.5,"3","3","3","5"
"1701","Cluster_2097_evm.TU.chromosome_8.728","Cluster_2097","evm.TU.chromosome_8.728",0.8,0.6,-0.5,"2","2","2","3"
"1702","Cluster_2097_evm.TU.chromosome_8.760","Cluster_2097","evm.TU.chromosome_8.760",0.2,0.316227766016838,0.866025403784439,"3","3","3","5"
"1703","Cluster_2097_evm.TU.chromosome_9.1170","Cluster_2097","evm.TU.chromosome_9.1170",0.4,-0.6,0.5,"1","1","1","4"
"1704","Cluster_2097_evm.TU.chromosome_9.1262","Cluster_2097","evm.TU.chromosome_9.1262",0.6,-0.8,-0.5,"2","2","2","3"
"1705","Cluster_2097_evm.TU.chromosome_9.1390","Cluster_2097","evm.TU.chromosome_9.1390",-0.258198889747161,0.316227766016838,-0.866025403784439,"4","4","4","1"
"1706","Cluster_2097_evm.TU.chromosome_9.1528","Cluster_2097","evm.TU.chromosome_9.1528",0,0.8,-0.5,"4","4","4","1"
"1707","Cluster_2097_evm.TU.chromosome_9.1543","Cluster_2097","evm.TU.chromosome_9.1543",0.4,0.316227766016838,-0.866025403784439,"4","4","4","1"
"1708","Cluster_2097_evm.TU.chromosome_9.1569","Cluster_2097","evm.TU.chromosome_9.1569",-0.2,0.4,0.5,"5","5","5","2"
"1709","Cluster_2097_evm.TU.chromosome_9.172","Cluster_2097","evm.TU.chromosome_9.172",0,-0.8,0.5,"1","1","1","4"
"1710","Cluster_2097_evm.TU.chromosome_9.1770","Cluster_2097","evm.TU.chromosome_9.1770",0.4,-0.4,-0.5,"2","2","2","3"
"1711","Cluster_2097_evm.TU.chromosome_9.1988","Cluster_2097","evm.TU.chromosome_9.1988",-0.4,-1,-0.5,"1","1","1","4"
"1712","Cluster_2097_evm.TU.chromosome_9.2004","Cluster_2097","evm.TU.chromosome_9.2004",0.8,-0.6,-0.5,"2","2","2","3"
"1713","Cluster_2097_evm.TU.chromosome_9.225","Cluster_2097","evm.TU.chromosome_9.225",0.2,-0.4,0.5,"1","1","1","4"
"1714","Cluster_2097_evm.TU.chromosome_9.2289","Cluster_2097","evm.TU.chromosome_9.2289",0.774596669241483,-0.316227766016838,-0.5,"2","2","2","3"
"1715","Cluster_2097_evm.TU.chromosome_9.2555","Cluster_2097","evm.TU.chromosome_9.2555",-0.4,-0.4,-0.5,"3","3","3","5"
"1716","Cluster_2097_evm.TU.chromosome_9.2704","Cluster_2097","evm.TU.chromosome_9.2704",-0.6,-0.4,0.5,"5","5","5","2"
"1717","Cluster_2097_evm.TU.chromosome_9.2759","Cluster_2097","evm.TU.chromosome_9.2759",0.4,-0.4,-0.5,"2","2","2","3"
"1718","Cluster_2151_evm.TU.chromosome_11.885","Cluster_2151","evm.TU.chromosome_11.885",-0.8,0.8,-0.5,"4","4","4","1"
"1719","Cluster_2151_evm.TU.chromosome_12.115","Cluster_2151","evm.TU.chromosome_12.115",-0.8,-0.4,-0.5,"3","3","3","5"
"1720","Cluster_2151_evm.TU.chromosome_13.2534","Cluster_2151","evm.TU.chromosome_13.2534",0.2,-0.948683298050514,-1,"2","2","2","3"
"1721","Cluster_2151_evm.TU.chromosome_13.285","Cluster_2151","evm.TU.chromosome_13.285",0.948683298050514,0.316227766016838,-1,"2","2","2","3"
"1722","Cluster_2151_evm.TU.chromosome_13.3988","Cluster_2151","evm.TU.chromosome_13.3988",0.258198889747161,-0.737864787372622,-0.5,"2","2","2","3"
"1723","Cluster_2151_evm.TU.chromosome_14.116","Cluster_2151","evm.TU.chromosome_14.116",-0.4,0.6,-1,"4","4","4","1"
"1724","Cluster_2151_evm.TU.chromosome_2.518","Cluster_2151","evm.TU.chromosome_2.518",-0.632455532033676,-0.774596669241483,0.5,"1","1","1","4"
"1725","Cluster_2151_evm.TU.chromosome_5.2566","Cluster_2151","evm.TU.chromosome_5.2566",0,-0.210818510677892,0,"3","3","3","5"
"1726","Cluster_2151_evm.TU.chromosome_5.419","Cluster_2151","evm.TU.chromosome_5.419",0,-0.4,1,"1","1","1","4"
"1727","Cluster_2151_evm.TU.chromosome_7.1475","Cluster_2151","evm.TU.chromosome_7.1475",0.4,0.2,1,"1","1","1","4"
"1728","Cluster_2151_evm.TU.chromosome_9.2333","Cluster_2151","evm.TU.chromosome_9.2333",-1,0,-1,"4","4","4","1"
"1729","Cluster_2151_evm.TU.chromosome_9.558","Cluster_2151","evm.TU.chromosome_9.558",-0.4,-0.8,-1,"2","2","2","3"
"1730","Cluster_247_evm.TU.chromosome_1.1246","Cluster_247","evm.TU.chromosome_1.1246",0,0.8,1,"5","5","5","2"
"1731","Cluster_247_evm.TU.chromosome_1.1376","Cluster_247","evm.TU.chromosome_1.1376",-0.4,0.632455532033676,-0.5,"4","4","4","1"
"1732","Cluster_247_evm.TU.chromosome_1.542","Cluster_247","evm.TU.chromosome_1.542",-0.4,-0.4,-0.5,"3","3","3","5"
"1733","Cluster_247_evm.TU.chromosome_11.1658","Cluster_247","evm.TU.chromosome_11.1658",0.8,-0.210818510677892,0,"2","2","2","3"
"1734","Cluster_247_evm.TU.chromosome_11.273","Cluster_247","evm.TU.chromosome_11.273",0.8,0.4,-1,"2","2","2","3"
"1735","Cluster_247_evm.TU.chromosome_12.2435","Cluster_247","evm.TU.chromosome_12.2435",-1,0.2,-1,"4","4","4","1"
"1736","Cluster_247_evm.TU.chromosome_12.2858","Cluster_247","evm.TU.chromosome_12.2858",0.2,0.8,-1,"4","4","4","1"
"1737","Cluster_247_evm.TU.chromosome_12.2869","Cluster_247","evm.TU.chromosome_12.2869",0.8,0.8,-1,"4","4","4","1"
"1738","Cluster_247_evm.TU.chromosome_12.3796","Cluster_247","evm.TU.chromosome_12.3796",0.6,0.4,-1,"2","2","2","3"
"1739","Cluster_247_evm.TU.chromosome_13.1819","Cluster_247","evm.TU.chromosome_13.1819",0.8,0.8,-0.5,"4","4","4","1"
"1740","Cluster_247_evm.TU.chromosome_13.28","Cluster_247","evm.TU.chromosome_13.28",-0.8,0.4,-1,"4","4","4","1"
"1741","Cluster_247_evm.TU.chromosome_14.1309","Cluster_247","evm.TU.chromosome_14.1309",-0.2,-0.6,-0.5,"3","3","3","5"
"1742","Cluster_247_evm.TU.chromosome_14.5679","Cluster_247","evm.TU.chromosome_14.5679",-0.6,0.4,1,"5","5","5","2"
"1743","Cluster_247_evm.TU.chromosome_14.5759","Cluster_247","evm.TU.chromosome_14.5759",-0.632455532033676,0.2,-0.5,"4","4","4","1"
"1744","Cluster_247_evm.TU.chromosome_14.6204","Cluster_247","evm.TU.chromosome_14.6204",-0.105409255338946,-0.774596669241483,-0.866025403784439,"2","2","2","3"
"1745","Cluster_247_evm.TU.chromosome_2.345","Cluster_247","evm.TU.chromosome_2.345",0.2,0,1,"1","1","1","4"
"1746","Cluster_247_evm.TU.chromosome_3.1258","Cluster_247","evm.TU.chromosome_3.1258",0.4,0.2,-0.5,"2","2","2","3"
"1747","Cluster_247_evm.TU.chromosome_3.796","Cluster_247","evm.TU.chromosome_3.796",-0.6,-0.8,-1,"3","3","3","5"
"1748","Cluster_247_evm.TU.chromosome_4.2264","Cluster_247","evm.TU.chromosome_4.2264",-1,-0.948683298050514,-0.5,"3","3","3","5"
"1749","Cluster_247_evm.TU.chromosome_5.160","Cluster_247","evm.TU.chromosome_5.160",-0.4,-0.737864787372622,-1,"2","2","2","3"
"1750","Cluster_247_evm.TU.chromosome_5.1943","Cluster_247","evm.TU.chromosome_5.1943",0.6,0.2,-0.5,"2","2","2","3"
"1751","Cluster_247_evm.TU.chromosome_5.2766","Cluster_247","evm.TU.chromosome_5.2766",-0.774596669241483,-0.2,-0.866025403784439,"4","4","4","1"
"1752","Cluster_247_evm.TU.chromosome_5.701","Cluster_247","evm.TU.chromosome_5.701",0.4,0.4,-1,"4","4","4","1"
"1753","Cluster_247_evm.TU.chromosome_7.1201","Cluster_247","evm.TU.chromosome_7.1201",0.2,0.4,1,"5","5","5","2"
"1754","Cluster_247_evm.TU.chromosome_7.1202","Cluster_247","evm.TU.chromosome_7.1202",-0.210818510677892,-0.737864787372622,-1,"2","2","2","3"
"1755","Cluster_247_evm.TU.chromosome_7.1570","Cluster_247","evm.TU.chromosome_7.1570",0.8,0,-0.5,"2","2","2","3"
"1756","Cluster_247_evm.TU.chromosome_7.190","Cluster_247","evm.TU.chromosome_7.190",0.2,0.4,-1,"4","4","4","1"
"1757","Cluster_247_evm.TU.chromosome_7.1916","Cluster_247","evm.TU.chromosome_7.1916",0.948683298050514,0.737864787372622,-0.866025403784439,"2","2","2","3"
"1758","Cluster_247_evm.TU.chromosome_8.1436","Cluster_247","evm.TU.chromosome_8.1436",-0.774596669241483,-0.737864787372622,-1,"3","3","3","5"
"1759","Cluster_247_evm.TU.chromosome_8.1666","Cluster_247","evm.TU.chromosome_8.1666",0.4,0.2,-1,"2","2","2","3"
"1760","Cluster_247_evm.TU.chromosome_8.331","Cluster_247","evm.TU.chromosome_8.331",0.258198889747161,0.258198889747161,-0.5,"4","4","4","1"
"1761","Cluster_247_evm.TU.chromosome_9.1168","Cluster_247","evm.TU.chromosome_9.1168",-0.2,-0.737864787372622,-1,"2","2","2","3"
"1762","Cluster_247_evm.TU.chromosome_9.1735","Cluster_247","evm.TU.chromosome_9.1735",0.8,0.948683298050514,0,"4","4","4","1"
"1763","Cluster_2972_evm.TU.chromosome_1.729","Cluster_2972","evm.TU.chromosome_1.729",-0.2,0.774596669241483,-1,"4","4","4","1"
"1764","Cluster_2972_evm.TU.chromosome_10.1198","Cluster_2972","evm.TU.chromosome_10.1198",0.4,0.4,-1,"4","4","4","1"
"1765","Cluster_2972_evm.TU.chromosome_10.898","Cluster_2972","evm.TU.chromosome_10.898",0.105409255338946,0.210818510677892,-1,"4","4","4","1"
"1766","Cluster_2972_evm.TU.chromosome_11.1764","Cluster_2972","evm.TU.chromosome_11.1764",-0.632455532033676,0.632455532033676,-0.5,"4","4","4","1"
"1767","Cluster_2972_evm.TU.chromosome_11.3134","Cluster_2972","evm.TU.chromosome_11.3134",-0.4,-0.8,-0.866025403784439,"3","3","3","5"
"1768","Cluster_2972_evm.TU.chromosome_12.15","Cluster_2972","evm.TU.chromosome_12.15",0.210818510677892,0.737864787372622,-0.5,"4","4","4","1"
"1769","Cluster_2972_evm.TU.chromosome_12.2410","Cluster_2972","evm.TU.chromosome_12.2410",0.2,0.774596669241483,-0.5,"4","4","4","1"
"1770","Cluster_2972_evm.TU.chromosome_13.3107","Cluster_2972","evm.TU.chromosome_13.3107",-0.258198889747161,0.258198889747161,-0.866025403784439,"4","4","4","1"
"1771","Cluster_2972_evm.TU.chromosome_13.767","Cluster_2972","evm.TU.chromosome_13.767",-0.948683298050514,0,0,"5","5","5","2"
"1772","Cluster_2972_evm.TU.chromosome_14.2986","Cluster_2972","evm.TU.chromosome_14.2986",0.632455532033676,0.210818510677892,-0.5,"2","2","2","3"
"1773","Cluster_2972_evm.TU.chromosome_7.2342","Cluster_2972","evm.TU.chromosome_7.2342",0.2,0.2,-0.5,"4","4","4","1"
"1774","Cluster_2972_evm.TU.chromosome_7.2343","Cluster_2972","evm.TU.chromosome_7.2343",-0.105409255338946,0.774596669241483,-1,"4","4","4","1"
"1775","Cluster_2972_evm.TU.chromosome_7.2370","Cluster_2972","evm.TU.chromosome_7.2370",0.258198889747161,-0.316227766016838,-0.866025403784439,"2","2","2","3"
"1776","Cluster_3037_evm.TU.chromosome_1.1492","Cluster_3037","evm.TU.chromosome_1.1492",-0.8,-0.4,-0.5,"3","3","3","5"
"1777","Cluster_3037_evm.TU.chromosome_1.412","Cluster_3037","evm.TU.chromosome_1.412",-0.774596669241483,0.774596669241483,0.866025403784439,"5","5","5","2"
"1778","Cluster_3037_evm.TU.chromosome_1.859","Cluster_3037","evm.TU.chromosome_1.859",-0.4,0.4,0.5,"5","5","5","2"
"1779","Cluster_3037_evm.TU.chromosome_1.860","Cluster_3037","evm.TU.chromosome_1.860",0,-0.6,-0.5,"2","2","2","3"
"1780","Cluster_3037_evm.TU.chromosome_10.1125","Cluster_3037","evm.TU.chromosome_10.1125",-0.4,0.2,-0.5,"4","4","4","1"
"1781","Cluster_3037_evm.TU.chromosome_10.1436","Cluster_3037","evm.TU.chromosome_10.1436",0.8,0.948683298050514,-0.5,"4","4","4","1"
"1782","Cluster_3037_evm.TU.chromosome_10.1447","Cluster_3037","evm.TU.chromosome_10.1447",-0.4,1,0.5,"5","5","5","2"
"1783","Cluster_3037_evm.TU.chromosome_10.1624","Cluster_3037","evm.TU.chromosome_10.1624",-0.8,-0.258198889747161,-0.866025403784439,"3","3","3","5"
"1784","Cluster_3037_evm.TU.chromosome_10.1792","Cluster_3037","evm.TU.chromosome_10.1792",-0.4,0.8,-0.5,"4","4","4","1"
"1785","Cluster_3037_evm.TU.chromosome_10.1880","Cluster_3037","evm.TU.chromosome_10.1880",0.8,0,-0.5,"2","2","2","3"
"1786","Cluster_3037_evm.TU.chromosome_10.1959","Cluster_3037","evm.TU.chromosome_10.1959",-0.737864787372622,0.316227766016838,0.866025403784439,"5","5","5","2"
"1787","Cluster_3037_evm.TU.chromosome_10.2301","Cluster_3037","evm.TU.chromosome_10.2301",0.4,1,0.5,"3","3","3","5"
"1788","Cluster_3037_evm.TU.chromosome_10.2318","Cluster_3037","evm.TU.chromosome_10.2318",0.4,-0.8,-0.5,"2","2","2","3"
"1789","Cluster_3037_evm.TU.chromosome_10.2319","Cluster_3037","evm.TU.chromosome_10.2319",0.2,-0.8,0.5,"1","1","1","4"
"1790","Cluster_3037_evm.TU.chromosome_10.2322","Cluster_3037","evm.TU.chromosome_10.2322",-0.2,0.210818510677892,-0.866025403784439,"4","4","4","1"
"1791","Cluster_3037_evm.TU.chromosome_10.2390","Cluster_3037","evm.TU.chromosome_10.2390",-0.8,1,0.5,"5","5","5","2"
"1792","Cluster_3037_evm.TU.chromosome_10.2825","Cluster_3037","evm.TU.chromosome_10.2825",-0.8,0.4,-0.5,"4","4","4","1"
"1793","Cluster_3037_evm.TU.chromosome_10.2923","Cluster_3037","evm.TU.chromosome_10.2923",-1,0.8,0.5,"5","5","5","2"
"1794","Cluster_3037_evm.TU.chromosome_10.2926","Cluster_3037","evm.TU.chromosome_10.2926",-0.8,1,0.5,"5","5","5","2"
"1795","Cluster_3037_evm.TU.chromosome_10.2953","Cluster_3037","evm.TU.chromosome_10.2953",-0.8,0.2,0.5,"5","5","5","2"
"1796","Cluster_3037_evm.TU.chromosome_10.3004","Cluster_3037","evm.TU.chromosome_10.3004",0.8,0.6,0.5,"3","3","3","5"
"1797","Cluster_3037_evm.TU.chromosome_10.3033","Cluster_3037","evm.TU.chromosome_10.3033",-0.8,0.2,-0.5,"4","4","4","1"
"1798","Cluster_3037_evm.TU.chromosome_10.3092","Cluster_3037","evm.TU.chromosome_10.3092",0.4,-0.8,-0.5,"2","2","2","3"
"1799","Cluster_3037_evm.TU.chromosome_10.3275","Cluster_3037","evm.TU.chromosome_10.3275",-0.6,0.2,-0.5,"4","4","4","1"
"1800","Cluster_3037_evm.TU.chromosome_10.402","Cluster_3037","evm.TU.chromosome_10.402",0.4,0.8,-0.5,"4","4","4","1"
"1801","Cluster_3037_evm.TU.chromosome_10.691","Cluster_3037","evm.TU.chromosome_10.691",-0.2,0.6,0.5,"5","5","5","2"
"1802","Cluster_3037_evm.TU.chromosome_11.1327","Cluster_3037","evm.TU.chromosome_11.1327",0.8,-0.6,-0.5,"2","2","2","3"
"1803","Cluster_3037_evm.TU.chromosome_11.138","Cluster_3037","evm.TU.chromosome_11.138",-0.2,0.6,0.5,"5","5","5","2"
"1804","Cluster_3037_evm.TU.chromosome_11.1676","Cluster_3037","evm.TU.chromosome_11.1676",0.316227766016838,0.258198889747161,0.5,"3","3","3","5"
"1805","Cluster_3037_evm.TU.chromosome_11.1837","Cluster_3037","evm.TU.chromosome_11.1837",-0.210818510677892,-0.737864787372622,0.5,"1","1","1","4"
"1806","Cluster_3037_evm.TU.chromosome_11.1959","Cluster_3037","evm.TU.chromosome_11.1959",-0.258198889747161,0.4,-0.5,"4","4","4","1"
"1807","Cluster_3037_evm.TU.chromosome_11.226","Cluster_3037","evm.TU.chromosome_11.226",-0.4,0.8,0.5,"5","5","5","2"
"1808","Cluster_3037_evm.TU.chromosome_11.2817","Cluster_3037","evm.TU.chromosome_11.2817",-0.8,0.6,0.5,"5","5","5","2"
"1809","Cluster_3037_evm.TU.chromosome_11.348","Cluster_3037","evm.TU.chromosome_11.348",0.6,0.6,0.5,"3","3","3","5"
"1810","Cluster_3037_evm.TU.chromosome_11.40","Cluster_3037","evm.TU.chromosome_11.40",0,-0.2,0.5,"1","1","1","4"
"1811","Cluster_3037_evm.TU.chromosome_11.539","Cluster_3037","evm.TU.chromosome_11.539",0.4,0,0.5,"3","3","3","5"
"1812","Cluster_3037_evm.TU.chromosome_11.552","Cluster_3037","evm.TU.chromosome_11.552",-0.8,0,0.5,"5","5","5","2"
"1813","Cluster_3037_evm.TU.chromosome_12.1146","Cluster_3037","evm.TU.chromosome_12.1146",-0.8,0.8,0.5,"5","5","5","2"
"1814","Cluster_3037_evm.TU.chromosome_12.146","Cluster_3037","evm.TU.chromosome_12.146",-0.8,0.8,-0.5,"4","4","4","1"
"1815","Cluster_3037_evm.TU.chromosome_12.1617","Cluster_3037","evm.TU.chromosome_12.1617",0.4,1,0.5,"3","3","3","5"
"1816","Cluster_3037_evm.TU.chromosome_12.1775","Cluster_3037","evm.TU.chromosome_12.1775",0.2,0.6,0.5,"3","3","3","5"
"1817","Cluster_3037_evm.TU.chromosome_12.1778","Cluster_3037","evm.TU.chromosome_12.1778",-0.6,0,-0.5,"3","3","3","5"
"1818","Cluster_3037_evm.TU.chromosome_12.1992","Cluster_3037","evm.TU.chromosome_12.1992",0.2,0.4,-0.5,"4","4","4","1"
"1819","Cluster_3037_evm.TU.chromosome_12.2163","Cluster_3037","evm.TU.chromosome_12.2163",0.2,0.2,0.5,"3","3","3","5"
"1820","Cluster_3037_evm.TU.chromosome_12.217","Cluster_3037","evm.TU.chromosome_12.217",0.4,0.2,-0.5,"2","2","2","3"
"1821","Cluster_3037_evm.TU.chromosome_12.2214","Cluster_3037","evm.TU.chromosome_12.2214",0.8,-0.4,0.5,"1","1","1","4"
"1822","Cluster_3037_evm.TU.chromosome_12.2215","Cluster_3037","evm.TU.chromosome_12.2215",0.2,0.8,0.5,"3","3","3","5"
"1823","Cluster_3037_evm.TU.chromosome_12.2369","Cluster_3037","evm.TU.chromosome_12.2369",0.8,-0.210818510677892,0,"2","2","2","3"
"1824","Cluster_3037_evm.TU.chromosome_12.3020","Cluster_3037","evm.TU.chromosome_12.3020",0.2,-0.8,-0.5,"2","2","2","3"
"1825","Cluster_3037_evm.TU.chromosome_12.3091","Cluster_3037","evm.TU.chromosome_12.3091",0.4,0.6,-0.5,"4","4","4","1"
"1826","Cluster_3037_evm.TU.chromosome_12.333","Cluster_3037","evm.TU.chromosome_12.333",-0.6,0.8,-0.5,"4","4","4","1"
"1827","Cluster_3037_evm.TU.chromosome_12.3379","Cluster_3037","evm.TU.chromosome_12.3379",-0.737864787372622,-0.2,0.5,"5","5","5","2"
"1828","Cluster_3037_evm.TU.chromosome_12.4035","Cluster_3037","evm.TU.chromosome_12.4035",0.8,0.948683298050514,-0.5,"4","4","4","1"
"1829","Cluster_3037_evm.TU.chromosome_12.4069","Cluster_3037","evm.TU.chromosome_12.4069",0.258198889747161,0.737864787372622,-0.866025403784439,"4","4","4","1"
"1830","Cluster_3037_evm.TU.chromosome_12.4072","Cluster_3037","evm.TU.chromosome_12.4072",0,0.6,-0.5,"4","4","4","1"
"1831","Cluster_3037_evm.TU.chromosome_12.4082","Cluster_3037","evm.TU.chromosome_12.4082",-0.4,-0.4,-0.5,"3","3","3","5"
"1832","Cluster_3037_evm.TU.chromosome_12.878","Cluster_3037","evm.TU.chromosome_12.878",-0.4,-0.2,0.5,"5","5","5","2"
"1833","Cluster_3037_evm.TU.chromosome_12.926","Cluster_3037","evm.TU.chromosome_12.926",0.4,-0.2,0.5,"1","1","1","4"
"1834","Cluster_3037_evm.TU.chromosome_12.927","Cluster_3037","evm.TU.chromosome_12.927",0,-0.4,0.5,"1","1","1","4"
"1835","Cluster_3037_evm.TU.chromosome_13.1086","Cluster_3037","evm.TU.chromosome_13.1086",-0.2,-0.8,-0.5,"3","3","3","5"
"1836","Cluster_3037_evm.TU.chromosome_13.117","Cluster_3037","evm.TU.chromosome_13.117",0.6,0.4,0.5,"3","3","3","5"
"1837","Cluster_3037_evm.TU.chromosome_13.1411","Cluster_3037","evm.TU.chromosome_13.1411",0.6,0,0.5,"1","1","1","4"
"1838","Cluster_3037_evm.TU.chromosome_13.1469","Cluster_3037","evm.TU.chromosome_13.1469",0.4,0.8,-0.5,"4","4","4","1"
"1839","Cluster_3037_evm.TU.chromosome_13.1662","Cluster_3037","evm.TU.chromosome_13.1662",0.8,-0.6,-0.5,"2","2","2","3"
"1840","Cluster_3037_evm.TU.chromosome_13.2488","Cluster_3037","evm.TU.chromosome_13.2488",0.8,-0.4,-0.5,"2","2","2","3"
"1841","Cluster_3037_evm.TU.chromosome_13.2719","Cluster_3037","evm.TU.chromosome_13.2719",-0.8,-0.8,-0.5,"3","3","3","5"
"1842","Cluster_3037_evm.TU.chromosome_13.3414","Cluster_3037","evm.TU.chromosome_13.3414",-0.4,-0.2,-0.5,"3","3","3","5"
"1843","Cluster_3037_evm.TU.chromosome_13.3417","Cluster_3037","evm.TU.chromosome_13.3417",-0.6,1,0.5,"5","5","5","2"
"1844","Cluster_3037_evm.TU.chromosome_13.3703","Cluster_3037","evm.TU.chromosome_13.3703",0.8,0.4,0.5,"3","3","3","5"
"1845","Cluster_3037_evm.TU.chromosome_13.4200","Cluster_3037","evm.TU.chromosome_13.4200",-0.4,0.316227766016838,-0.866025403784439,"4","4","4","1"
"1846","Cluster_3037_evm.TU.chromosome_13.607","Cluster_3037","evm.TU.chromosome_13.607",-0.8,0.737864787372622,0.5,"5","5","5","2"
"1847","Cluster_3037_evm.TU.chromosome_13.798","Cluster_3037","evm.TU.chromosome_13.798",0.6,-1,-0.5,"2","2","2","3"
"1848","Cluster_3037_evm.TU.chromosome_13.821","Cluster_3037","evm.TU.chromosome_13.821",0.4,-0.8,-0.5,"2","2","2","3"
"1849","Cluster_3037_evm.TU.chromosome_14.105","Cluster_3037","evm.TU.chromosome_14.105",-0.6,0.8,-0.5,"4","4","4","1"
"1850","Cluster_3037_evm.TU.chromosome_14.1062","Cluster_3037","evm.TU.chromosome_14.1062",0.4,0.948683298050514,0.5,"3","3","3","5"
"1851","Cluster_3037_evm.TU.chromosome_14.1641","Cluster_3037","evm.TU.chromosome_14.1641",0.2,-0.2,0.5,"1","1","1","4"
"1852","Cluster_3037_evm.TU.chromosome_14.185","Cluster_3037","evm.TU.chromosome_14.185",0.8,-0.2,0.5,"1","1","1","4"
"1853","Cluster_3037_evm.TU.chromosome_14.2871","Cluster_3037","evm.TU.chromosome_14.2871",0.8,0.2,-0.5,"2","2","2","3"
"1854","Cluster_3037_evm.TU.chromosome_14.3061","Cluster_3037","evm.TU.chromosome_14.3061",-0.4,0.316227766016838,0.5,"5","5","5","2"
"1855","Cluster_3037_evm.TU.chromosome_14.5650","Cluster_3037","evm.TU.chromosome_14.5650",-0.8,0.8,0.5,"5","5","5","2"
"1856","Cluster_3037_evm.TU.chromosome_14.5653","Cluster_3037","evm.TU.chromosome_14.5653",-0.8,1,0.5,"5","5","5","2"
"1857","Cluster_3037_evm.TU.chromosome_14.5760","Cluster_3037","evm.TU.chromosome_14.5760",-1,-0.6,0.5,"5","5","5","2"
"1858","Cluster_3037_evm.TU.chromosome_14.5912","Cluster_3037","evm.TU.chromosome_14.5912",0.2,-0.6,-1,"2","2","2","3"
"1859","Cluster_3037_evm.TU.chromosome_14.629","Cluster_3037","evm.TU.chromosome_14.629",0.2,1,0.5,"3","3","3","5"
"1860","Cluster_3037_evm.TU.chromosome_14.6492","Cluster_3037","evm.TU.chromosome_14.6492",0.4,0.4,0.5,"3","3","3","5"
"1861","Cluster_3037_evm.TU.chromosome_14.6613","Cluster_3037","evm.TU.chromosome_14.6613",-0.948683298050514,-0.4,-0.866025403784439,"3","3","3","5"
"1862","Cluster_3037_evm.TU.chromosome_14.6655","Cluster_3037","evm.TU.chromosome_14.6655",-0.2,-0.2,-0.5,"3","3","3","5"
"1863","Cluster_3037_evm.TU.chromosome_14.6666","Cluster_3037","evm.TU.chromosome_14.6666",-0.8,0.6,-0.5,"4","4","4","1"
"1864","Cluster_3037_evm.TU.chromosome_14.7181","Cluster_3037","evm.TU.chromosome_14.7181",-0.2,0.4,1,"5","5","5","2"
"1865","Cluster_3037_evm.TU.chromosome_14.7218","Cluster_3037","evm.TU.chromosome_14.7218",0.4,0,0.5,"3","3","3","5"
"1866","Cluster_3037_evm.TU.chromosome_14.7362","Cluster_3037","evm.TU.chromosome_14.7362",-1,-0.8,-0.5,"3","3","3","5"
"1867","Cluster_3037_evm.TU.chromosome_2.1175","Cluster_3037","evm.TU.chromosome_2.1175",0,-0.2,0.5,"1","1","1","4"
"1868","Cluster_3037_evm.TU.chromosome_2.1434","Cluster_3037","evm.TU.chromosome_2.1434",-0.8,-0.4,0.5,"5","5","5","2"
"1869","Cluster_3037_evm.TU.chromosome_2.1462","Cluster_3037","evm.TU.chromosome_2.1462",0,-0.2,0.5,"1","1","1","4"
"1870","Cluster_3037_evm.TU.chromosome_2.1669","Cluster_3037","evm.TU.chromosome_2.1669",0.258198889747161,0.737864787372622,-0.866025403784439,"4","4","4","1"
"1871","Cluster_3037_evm.TU.chromosome_2.1920","Cluster_3037","evm.TU.chromosome_2.1920",-0.4,0.8,-0.5,"4","4","4","1"
"1872","Cluster_3037_evm.TU.chromosome_2.2042","Cluster_3037","evm.TU.chromosome_2.2042",-0.8,0,0.5,"5","5","5","2"
"1873","Cluster_3037_evm.TU.chromosome_2.267","Cluster_3037","evm.TU.chromosome_2.267",0.8,0,-0.5,"2","2","2","3"
"1874","Cluster_3037_evm.TU.chromosome_2.277","Cluster_3037","evm.TU.chromosome_2.277",-0.8,-1,-0.5,"3","3","3","5"
"1875","Cluster_3037_evm.TU.chromosome_2.316","Cluster_3037","evm.TU.chromosome_2.316",-1,0,0.5,"5","5","5","2"
"1876","Cluster_3037_evm.TU.chromosome_2.589","Cluster_3037","evm.TU.chromosome_2.589",-0.6,1,0.5,"5","5","5","2"
"1877","Cluster_3037_evm.TU.chromosome_2.834","Cluster_3037","evm.TU.chromosome_2.834",-0.8,-0.8,0.5,"1","1","1","4"
"1878","Cluster_3037_evm.TU.chromosome_2.859","Cluster_3037","evm.TU.chromosome_2.859",0.8,0.4,-0.5,"2","2","2","3"
"1879","Cluster_3037_evm.TU.chromosome_2.877","Cluster_3037","evm.TU.chromosome_2.877",0.8,-0.2,0.5,"1","1","1","4"
"1880","Cluster_3037_evm.TU.chromosome_3.1057","Cluster_3037","evm.TU.chromosome_3.1057",0.4,0.8,0.5,"3","3","3","5"
"1881","Cluster_3037_evm.TU.chromosome_3.1809","Cluster_3037","evm.TU.chromosome_3.1809",0.2,0.4,-0.5,"4","4","4","1"
"1882","Cluster_3037_evm.TU.chromosome_3.1872","Cluster_3037","evm.TU.chromosome_3.1872",0.774596669241483,0.774596669241483,-0.866025403784439,"4","4","4","1"
"1883","Cluster_3037_evm.TU.chromosome_3.227","Cluster_3037","evm.TU.chromosome_3.227",-0.8,0.6,0.5,"5","5","5","2"
"1884","Cluster_3037_evm.TU.chromosome_4.1103","Cluster_3037","evm.TU.chromosome_4.1103",-0.4,-1,-0.5,"1","1","1","4"
"1885","Cluster_3037_evm.TU.chromosome_4.1369","Cluster_3037","evm.TU.chromosome_4.1369",-1,0.4,0.5,"5","5","5","2"
"1886","Cluster_3037_evm.TU.chromosome_4.1375","Cluster_3037","evm.TU.chromosome_4.1375",-0.2,1,0.5,"5","5","5","2"
"1887","Cluster_3037_evm.TU.chromosome_4.1670","Cluster_3037","evm.TU.chromosome_4.1670",-0.4,-0.8,0.5,"1","1","1","4"
"1888","Cluster_3037_evm.TU.chromosome_4.1805","Cluster_3037","evm.TU.chromosome_4.1805",0.4,-0.8,-0.5,"2","2","2","3"
"1889","Cluster_3037_evm.TU.chromosome_4.1877","Cluster_3037","evm.TU.chromosome_4.1877",0.8,-0.8,0.5,"1","1","1","4"
"1890","Cluster_3037_evm.TU.chromosome_4.1924","Cluster_3037","evm.TU.chromosome_4.1924",1,1,0.5,"3","3","3","5"
"1891","Cluster_3037_evm.TU.chromosome_4.2087","Cluster_3037","evm.TU.chromosome_4.2087",-0.6,0.8,0.5,"5","5","5","2"
"1892","Cluster_3037_evm.TU.chromosome_4.2281","Cluster_3037","evm.TU.chromosome_4.2281",0.258198889747161,-0.774596669241483,0.866025403784439,"1","1","1","4"
"1893","Cluster_3037_evm.TU.chromosome_4.2382","Cluster_3037","evm.TU.chromosome_4.2382",0.8,0.6,0.5,"3","3","3","5"
"1894","Cluster_3037_evm.TU.chromosome_4.332","Cluster_3037","evm.TU.chromosome_4.332",-0.8,0.6,0.5,"5","5","5","2"
"1895","Cluster_3037_evm.TU.chromosome_4.915","Cluster_3037","evm.TU.chromosome_4.915",-0.258198889747161,0.258198889747161,-0.5,"4","4","4","1"
"1896","Cluster_3037_evm.TU.chromosome_5.1265","Cluster_3037","evm.TU.chromosome_5.1265",0.4,0.2,0.5,"3","3","3","5"
"1897","Cluster_3037_evm.TU.chromosome_5.1495","Cluster_3037","evm.TU.chromosome_5.1495",0.4,0.8,0.5,"3","3","3","5"
"1898","Cluster_3037_evm.TU.chromosome_5.1565","Cluster_3037","evm.TU.chromosome_5.1565",-0.8,0.2,0.5,"5","5","5","2"
"1899","Cluster_3037_evm.TU.chromosome_5.1884","Cluster_3037","evm.TU.chromosome_5.1884",0,0,0.5,"3","3","3","5"
"1900","Cluster_3037_evm.TU.chromosome_5.2137","Cluster_3037","evm.TU.chromosome_5.2137",0.8,0.2,-1,"2","2","2","3"
"1901","Cluster_3037_evm.TU.chromosome_5.2190","Cluster_3037","evm.TU.chromosome_5.2190",-0.4,-0.8,-0.5,"3","3","3","5"
"1902","Cluster_3037_evm.TU.chromosome_5.2727","Cluster_3037","evm.TU.chromosome_5.2727",-0.2,0.4,0.5,"5","5","5","2"
"1903","Cluster_3037_evm.TU.chromosome_5.381","Cluster_3037","evm.TU.chromosome_5.381",0.4,0.8,0.5,"3","3","3","5"
"1904","Cluster_3037_evm.TU.chromosome_5.382","Cluster_3037","evm.TU.chromosome_5.382",-0.8,-0.2,-0.5,"3","3","3","5"
"1905","Cluster_3037_evm.TU.chromosome_5.887","Cluster_3037","evm.TU.chromosome_5.887",0.8,0.4,-0.5,"2","2","2","3"
"1906","Cluster_3037_evm.TU.chromosome_6.1033","Cluster_3037","evm.TU.chromosome_6.1033",-0.2,0.6,-0.5,"4","4","4","1"
"1907","Cluster_3037_evm.TU.chromosome_6.1639","Cluster_3037","evm.TU.chromosome_6.1639",-1,-0.2,-1,"4","4","4","1"
"1908","Cluster_3037_evm.TU.chromosome_6.2019","Cluster_3037","evm.TU.chromosome_6.2019",0.4,0.8,0.5,"3","3","3","5"
"1909","Cluster_3037_evm.TU.chromosome_6.2288","Cluster_3037","evm.TU.chromosome_6.2288",-0.6,0.2,-0.5,"4","4","4","1"
"1910","Cluster_3037_evm.TU.chromosome_6.2364","Cluster_3037","evm.TU.chromosome_6.2364",0,0.2,0.5,"3","3","3","5"
"1911","Cluster_3037_evm.TU.chromosome_6.2400","Cluster_3037","evm.TU.chromosome_6.2400",-1,0,-0.5,"3","3","3","5"
"1912","Cluster_3037_evm.TU.chromosome_6.2523","Cluster_3037","evm.TU.chromosome_6.2523",0.8,-0.2,0.5,"1","1","1","4"
"1913","Cluster_3037_evm.TU.chromosome_6.483","Cluster_3037","evm.TU.chromosome_6.483",-0.2,0.4,-1,"4","4","4","1"
"1914","Cluster_3037_evm.TU.chromosome_6.649","Cluster_3037","evm.TU.chromosome_6.649",-0.210818510677892,-0.4,0.5,"1","1","1","4"
"1915","Cluster_3037_evm.TU.chromosome_6.699","Cluster_3037","evm.TU.chromosome_6.699",0.2,0.8,1,"5","5","5","2"
"1916","Cluster_3037_evm.TU.chromosome_7.1470","Cluster_3037","evm.TU.chromosome_7.1470",-1,0.6,0.5,"5","5","5","2"
"1917","Cluster_3037_evm.TU.chromosome_7.2714","Cluster_3037","evm.TU.chromosome_7.2714",0.2,-0.2,0.5,"1","1","1","4"
"1918","Cluster_3037_evm.TU.chromosome_7.278","Cluster_3037","evm.TU.chromosome_7.278",-0.4,1,-0.5,"4","4","4","1"
"1919","Cluster_3037_evm.TU.chromosome_7.510","Cluster_3037","evm.TU.chromosome_7.510",0.8,-0.2,-0.5,"2","2","2","3"
"1920","Cluster_3037_evm.TU.chromosome_7.975","Cluster_3037","evm.TU.chromosome_7.975",0.4,-0.8,0.5,"1","1","1","4"
"1921","Cluster_3037_evm.TU.chromosome_8.115","Cluster_3037","evm.TU.chromosome_8.115",-0.8,-0.6,0.5,"5","5","5","2"
"1922","Cluster_3037_evm.TU.chromosome_8.1195","Cluster_3037","evm.TU.chromosome_8.1195",0.8,0.8,0.5,"3","3","3","5"
"1923","Cluster_3037_evm.TU.chromosome_8.1214","Cluster_3037","evm.TU.chromosome_8.1214",-0.2,1,0.5,"5","5","5","2"
"1924","Cluster_3037_evm.TU.chromosome_8.151","Cluster_3037","evm.TU.chromosome_8.151",0.2,0.737864787372622,0.5,"3","3","3","5"
"1925","Cluster_3037_evm.TU.chromosome_8.1585","Cluster_3037","evm.TU.chromosome_8.1585",0.8,0.8,-0.5,"4","4","4","1"
"1926","Cluster_3037_evm.TU.chromosome_8.1710","Cluster_3037","evm.TU.chromosome_8.1710",0.8,0.8,0.5,"3","3","3","5"
"1927","Cluster_3037_evm.TU.chromosome_8.214","Cluster_3037","evm.TU.chromosome_8.214",0.8,-0.8,-0.5,"2","2","2","3"
"1928","Cluster_3037_evm.TU.chromosome_8.2616","Cluster_3037","evm.TU.chromosome_8.2616",0,0,0.5,"3","3","3","5"
"1929","Cluster_3037_evm.TU.chromosome_8.402","Cluster_3037","evm.TU.chromosome_8.402",0,0.2,0.5,"3","3","3","5"
"1930","Cluster_3037_evm.TU.chromosome_8.814","Cluster_3037","evm.TU.chromosome_8.814",-0.105409255338946,-0.737864787372622,0.866025403784439,"1","1","1","4"
"1931","Cluster_3037_evm.TU.chromosome_8.904","Cluster_3037","evm.TU.chromosome_8.904",-0.737864787372622,-0.737864787372622,-0.866025403784439,"3","3","3","5"
"1932","Cluster_3037_evm.TU.chromosome_9.1435","Cluster_3037","evm.TU.chromosome_9.1435",0.258198889747161,-0.737864787372622,0.5,"1","1","1","4"
"1933","Cluster_3037_evm.TU.chromosome_9.1519","Cluster_3037","evm.TU.chromosome_9.1519",0.8,1,0.5,"3","3","3","5"
"1934","Cluster_3037_evm.TU.chromosome_9.2377","Cluster_3037","evm.TU.chromosome_9.2377",0.4,0.8,-0.866025403784439,"4","4","4","1"
"1935","Cluster_3037_evm.TU.chromosome_9.2543","Cluster_3037","evm.TU.chromosome_9.2543",1,0.8,0.5,"3","3","3","5"
"1936","Cluster_3037_evm.TU.chromosome_9.2678","Cluster_3037","evm.TU.chromosome_9.2678",0.4,0.948683298050514,0.5,"3","3","3","5"
"1937","Cluster_3037_evm.TU.chromosome_9.2709","Cluster_3037","evm.TU.chromosome_9.2709",1,0,0.5,"2","2","2","3"
"1938","Cluster_3037_evm.TU.chromosome_9.475","Cluster_3037","evm.TU.chromosome_9.475",-0.8,0.2,-0.5,"4","4","4","1"
"1939","Cluster_3037_evm.TU.chromosome_9.528","Cluster_3037","evm.TU.chromosome_9.528",-0.8,-0.2,-1,"4","4","4","1"
"1940","Cluster_3037_evm.TU.chromosome_9.535","Cluster_3037","evm.TU.chromosome_9.535",-0.8,-0.4,0.5,"5","5","5","2"
"1941","Cluster_3037_evm.TU.chromosome_9.536","Cluster_3037","evm.TU.chromosome_9.536",-0.8,0.6,0.5,"5","5","5","2"
"1942","Cluster_3037_evm.TU.chromosome_9.913","Cluster_3037","evm.TU.chromosome_9.913",-0.316227766016838,0.774596669241483,-0.866025403784439,"4","4","4","1"
"1943","Cluster_3037_evm.TU.chromosome_9.989","Cluster_3037","evm.TU.chromosome_9.989",1,-0.4,-0.866025403784439,"2","2","2","3"
"1944","Cluster_3044_evm.TU.chromosome_1.1524","Cluster_3044","evm.TU.chromosome_1.1524",-0.8,0.4,0.5,"5","5","5","2"
"1945","Cluster_3044_evm.TU.chromosome_1.335","Cluster_3044","evm.TU.chromosome_1.335",0.105409255338946,0.258198889747161,-1,"4","4","4","1"
"1946","Cluster_3044_evm.TU.chromosome_1.342","Cluster_3044","evm.TU.chromosome_1.342",-0.8,0.4,-0.5,"4","4","4","1"
"1947","Cluster_3044_evm.TU.chromosome_1.345","Cluster_3044","evm.TU.chromosome_1.345",-0.8,0.4,-0.5,"4","4","4","1"
"1948","Cluster_3044_evm.TU.chromosome_1.351","Cluster_3044","evm.TU.chromosome_1.351",0.4,1,-0.5,"4","4","4","1"
"1949","Cluster_3044_evm.TU.chromosome_10.1101","Cluster_3044","evm.TU.chromosome_10.1101",0,0.8,-0.5,"4","4","4","1"
"1950","Cluster_3044_evm.TU.chromosome_10.1176","Cluster_3044","evm.TU.chromosome_10.1176",0.4,0,0.5,"3","3","3","5"
"1951","Cluster_3044_evm.TU.chromosome_10.2538","Cluster_3044","evm.TU.chromosome_10.2538",-1,-0.4,-0.5,"3","3","3","5"
"1952","Cluster_3044_evm.TU.chromosome_10.2627","Cluster_3044","evm.TU.chromosome_10.2627",0.316227766016838,0.8,0.5,"3","3","3","5"
"1953","Cluster_3044_evm.TU.chromosome_10.273","Cluster_3044","evm.TU.chromosome_10.273",0.316227766016838,0.210818510677892,-0.866025403784439,"2","2","2","3"
"1954","Cluster_3044_evm.TU.chromosome_10.474","Cluster_3044","evm.TU.chromosome_10.474",0.8,0.8,0.5,"3","3","3","5"
"1955","Cluster_3044_evm.TU.chromosome_10.708","Cluster_3044","evm.TU.chromosome_10.708",-0.105409255338946,0.6,0.5,"3","3","3","5"
"1956","Cluster_3044_evm.TU.chromosome_11.1013","Cluster_3044","evm.TU.chromosome_11.1013",0.2,0,0.5,"3","3","3","5"
"1957","Cluster_3044_evm.TU.chromosome_11.1024","Cluster_3044","evm.TU.chromosome_11.1024",-0.105409255338946,-0.258198889747161,0.866025403784439,"1","1","1","4"
"1958","Cluster_3044_evm.TU.chromosome_11.1374","Cluster_3044","evm.TU.chromosome_11.1374",0.774596669241483,1,0.5,"3","3","3","5"
"1959","Cluster_3044_evm.TU.chromosome_11.2149","Cluster_3044","evm.TU.chromosome_11.2149",-0.4,-0.4,0.5,"1","1","1","4"
"1960","Cluster_3044_evm.TU.chromosome_11.278","Cluster_3044","evm.TU.chromosome_11.278",1,0.4,0.5,"2","2","2","3"
"1961","Cluster_3044_evm.TU.chromosome_11.2874","Cluster_3044","evm.TU.chromosome_11.2874",-0.8,0.8,-0.5,"4","4","4","1"
"1962","Cluster_3044_evm.TU.chromosome_11.2952","Cluster_3044","evm.TU.chromosome_11.2952",0.8,-0.948683298050514,-0.866025403784439,"2","2","2","3"
"1963","Cluster_3044_evm.TU.chromosome_11.2953","Cluster_3044","evm.TU.chromosome_11.2953",0.8,-1,-0.5,"2","2","2","3"
"1964","Cluster_3044_evm.TU.chromosome_12.1402","Cluster_3044","evm.TU.chromosome_12.1402",-0.4,0.2,-0.5,"4","4","4","1"
"1965","Cluster_3044_evm.TU.chromosome_12.1927","Cluster_3044","evm.TU.chromosome_12.1927",0.4,0.4,-0.5,"4","4","4","1"
"1966","Cluster_3044_evm.TU.chromosome_12.2000","Cluster_3044","evm.TU.chromosome_12.2000",0.2,-0.4,-0.5,"2","2","2","3"
"1967","Cluster_3044_evm.TU.chromosome_12.2124","Cluster_3044","evm.TU.chromosome_12.2124",1,-0.4,-0.5,"2","2","2","3"
"1968","Cluster_3044_evm.TU.chromosome_12.2129","Cluster_3044","evm.TU.chromosome_12.2129",0,0.210818510677892,0.5,"3","3","3","5"
"1969","Cluster_3044_evm.TU.chromosome_12.2193","Cluster_3044","evm.TU.chromosome_12.2193",-0.8,0,-0.5,"3","3","3","5"
"1970","Cluster_3044_evm.TU.chromosome_12.2809","Cluster_3044","evm.TU.chromosome_12.2809",-0.4,-0.4,1,"1","1","1","4"
"1971","Cluster_3044_evm.TU.chromosome_12.3229","Cluster_3044","evm.TU.chromosome_12.3229",-0.4,0.632455532033676,0.5,"5","5","5","2"
"1972","Cluster_3044_evm.TU.chromosome_12.3601","Cluster_3044","evm.TU.chromosome_12.3601",0.4,0.4,-0.5,"4","4","4","1"
"1973","Cluster_3044_evm.TU.chromosome_12.373","Cluster_3044","evm.TU.chromosome_12.373",0.8,0.632455532033676,0.5,"3","3","3","5"
"1974","Cluster_3044_evm.TU.chromosome_13.2885","Cluster_3044","evm.TU.chromosome_13.2885",0.8,0.4,-0.5,"2","2","2","3"
"1975","Cluster_3044_evm.TU.chromosome_13.3057","Cluster_3044","evm.TU.chromosome_13.3057",-0.258198889747161,-0.948683298050514,0.866025403784439,"1","1","1","4"
"1976","Cluster_3044_evm.TU.chromosome_13.3209","Cluster_3044","evm.TU.chromosome_13.3209",-0.948683298050514,-0.4,-0.5,"3","3","3","5"
"1977","Cluster_3044_evm.TU.chromosome_13.3355","Cluster_3044","evm.TU.chromosome_13.3355",-0.8,-0.4,0.5,"5","5","5","2"
"1978","Cluster_3044_evm.TU.chromosome_13.3385","Cluster_3044","evm.TU.chromosome_13.3385",0,0.4,-0.5,"4","4","4","1"
"1979","Cluster_3044_evm.TU.chromosome_13.700","Cluster_3044","evm.TU.chromosome_13.700",0,0.4,-0.5,"4","4","4","1"
"1980","Cluster_3044_evm.TU.chromosome_14.402","Cluster_3044","evm.TU.chromosome_14.402",0.2,-0.210818510677892,0.5,"1","1","1","4"
"1981","Cluster_3044_evm.TU.chromosome_14.4701","Cluster_3044","evm.TU.chromosome_14.4701",0,0.2,0.5,"3","3","3","5"
"1982","Cluster_3044_evm.TU.chromosome_14.4957","Cluster_3044","evm.TU.chromosome_14.4957",-0.210818510677892,0.210818510677892,0.5,"5","5","5","2"
"1983","Cluster_3044_evm.TU.chromosome_14.5114","Cluster_3044","evm.TU.chromosome_14.5114",-0.948683298050514,-0.774596669241483,0.866025403784439,"5","5","5","2"
"1984","Cluster_3044_evm.TU.chromosome_14.5225","Cluster_3044","evm.TU.chromosome_14.5225",0.2,0.632455532033676,-0.5,"4","4","4","1"
"1985","Cluster_3044_evm.TU.chromosome_14.5617","Cluster_3044","evm.TU.chromosome_14.5617",-0.8,0.8,-1,"4","4","4","1"
"1986","Cluster_3044_evm.TU.chromosome_14.6857","Cluster_3044","evm.TU.chromosome_14.6857",0.4,0.8,-0.5,"4","4","4","1"
"1987","Cluster_3044_evm.TU.chromosome_14.6923","Cluster_3044","evm.TU.chromosome_14.6923",0,0.632455532033676,-0.5,"4","4","4","1"
"1988","Cluster_3044_evm.TU.chromosome_14.6932","Cluster_3044","evm.TU.chromosome_14.6932",-0.4,0.6,0.5,"5","5","5","2"
"1989","Cluster_3044_evm.TU.chromosome_14.971","Cluster_3044","evm.TU.chromosome_14.971",0.8,-0.6,-0.5,"2","2","2","3"
"1990","Cluster_3044_evm.TU.chromosome_2.1356","Cluster_3044","evm.TU.chromosome_2.1356",0.774596669241483,-0.737864787372622,0.866025403784439,"1","1","1","4"
"1991","Cluster_3044_evm.TU.chromosome_2.1793","Cluster_3044","evm.TU.chromosome_2.1793",0.258198889747161,-0.737864787372622,0.5,"1","1","1","4"
"1992","Cluster_3044_evm.TU.chromosome_2.311","Cluster_3044","evm.TU.chromosome_2.311",0.2,-0.6,-0.5,"2","2","2","3"
"1993","Cluster_3044_evm.TU.chromosome_2.729","Cluster_3044","evm.TU.chromosome_2.729",-0.4,0.2,0.5,"5","5","5","2"
"1994","Cluster_3044_evm.TU.chromosome_3.1163","Cluster_3044","evm.TU.chromosome_3.1163",-0.8,-0.6,-0.5,"3","3","3","5"
"1995","Cluster_3044_evm.TU.chromosome_3.1394","Cluster_3044","evm.TU.chromosome_3.1394",-0.8,0.2,-0.5,"4","4","4","1"
"1996","Cluster_3044_evm.TU.chromosome_3.1707","Cluster_3044","evm.TU.chromosome_3.1707",0,-0.8,0.5,"1","1","1","4"
"1997","Cluster_3044_evm.TU.chromosome_3.1724","Cluster_3044","evm.TU.chromosome_3.1724",0.8,-0.8,0.5,"1","1","1","4"
"1998","Cluster_3044_evm.TU.chromosome_3.241","Cluster_3044","evm.TU.chromosome_3.241",0.8,0.4,0.5,"3","3","3","5"
"1999","Cluster_3044_evm.TU.chromosome_3.46","Cluster_3044","evm.TU.chromosome_3.46",0.4,0.2,-0.5,"2","2","2","3"
"2000","Cluster_3044_evm.TU.chromosome_3.764","Cluster_3044","evm.TU.chromosome_3.764",0.8,-1,-0.5,"2","2","2","3"
"2001","Cluster_3044_evm.TU.chromosome_3.775","Cluster_3044","evm.TU.chromosome_3.775",0.8,-1,0.5,"1","1","1","4"
"2002","Cluster_3044_evm.TU.chromosome_3.887","Cluster_3044","evm.TU.chromosome_3.887",0.8,-0.8,-0.5,"2","2","2","3"
"2003","Cluster_3044_evm.TU.chromosome_3.889","Cluster_3044","evm.TU.chromosome_3.889",-0.8,-0.948683298050514,0.5,"1","1","1","4"
"2004","Cluster_3044_evm.TU.chromosome_3.915","Cluster_3044","evm.TU.chromosome_3.915",1,-0.948683298050514,-0.5,"2","2","2","3"
"2005","Cluster_3044_evm.TU.chromosome_4.1189","Cluster_3044","evm.TU.chromosome_4.1189",-0.8,0.8,-0.5,"4","4","4","1"
"2006","Cluster_3044_evm.TU.chromosome_4.1231","Cluster_3044","evm.TU.chromosome_4.1231",0.2,-0.2,-0.5,"2","2","2","3"
"2007","Cluster_3044_evm.TU.chromosome_4.1711","Cluster_3044","evm.TU.chromosome_4.1711",-0.4,0.8,-0.5,"4","4","4","1"
"2008","Cluster_3044_evm.TU.chromosome_4.19","Cluster_3044","evm.TU.chromosome_4.19",-0.2,-1,0.5,"1","1","1","4"
"2009","Cluster_3044_evm.TU.chromosome_4.1946","Cluster_3044","evm.TU.chromosome_4.1946",-0.4,-0.4,-0.5,"3","3","3","5"
"2010","Cluster_3044_evm.TU.chromosome_4.963","Cluster_3044","evm.TU.chromosome_4.963",0.4,1,-0.5,"4","4","4","1"
"2011","Cluster_3044_evm.TU.chromosome_5.1732","Cluster_3044","evm.TU.chromosome_5.1732",-0.8,-0.4,0.5,"5","5","5","2"
"2012","Cluster_3044_evm.TU.chromosome_5.2430","Cluster_3044","evm.TU.chromosome_5.2430",0.2,0.2,0.5,"3","3","3","5"
"2013","Cluster_3044_evm.TU.chromosome_5.554","Cluster_3044","evm.TU.chromosome_5.554",0.8,0.4,-0.5,"2","2","2","3"
"2014","Cluster_3044_evm.TU.chromosome_5.583","Cluster_3044","evm.TU.chromosome_5.583",-0.210818510677892,-0.6,-0.5,"3","3","3","5"
"2015","Cluster_3044_evm.TU.chromosome_6.1194","Cluster_3044","evm.TU.chromosome_6.1194",0.4,-0.4,0.866025403784439,"1","1","1","4"
"2016","Cluster_3044_evm.TU.chromosome_6.1221","Cluster_3044","evm.TU.chromosome_6.1221",0.4,0.2,-0.5,"2","2","2","3"
"2017","Cluster_3044_evm.TU.chromosome_6.1578","Cluster_3044","evm.TU.chromosome_6.1578",0.4,-0.4,-0.5,"2","2","2","3"
"2018","Cluster_3044_evm.TU.chromosome_6.1710","Cluster_3044","evm.TU.chromosome_6.1710",-0.4,-1,-0.5,"1","1","1","4"
"2019","Cluster_3044_evm.TU.chromosome_6.1796","Cluster_3044","evm.TU.chromosome_6.1796",0.8,0,-0.5,"2","2","2","3"
"2020","Cluster_3044_evm.TU.chromosome_6.2398","Cluster_3044","evm.TU.chromosome_6.2398",-0.4,-0.948683298050514,0.5,"1","1","1","4"
"2021","Cluster_3044_evm.TU.chromosome_6.43","Cluster_3044","evm.TU.chromosome_6.43",0,0.2,-0.5,"4","4","4","1"
"2022","Cluster_3044_evm.TU.chromosome_6.517","Cluster_3044","evm.TU.chromosome_6.517",-0.8,0.8,-0.5,"4","4","4","1"
"2023","Cluster_3044_evm.TU.chromosome_6.59","Cluster_3044","evm.TU.chromosome_6.59",-0.4,0.2,-0.5,"4","4","4","1"
"2024","Cluster_3044_evm.TU.chromosome_6.71","Cluster_3044","evm.TU.chromosome_6.71",-0.4,0.4,0.5,"5","5","5","2"
"2025","Cluster_3044_evm.TU.chromosome_6.858","Cluster_3044","evm.TU.chromosome_6.858",0.2,0,0.5,"3","3","3","5"
"2026","Cluster_3044_evm.TU.chromosome_7.1025","Cluster_3044","evm.TU.chromosome_7.1025",-0.4,-0.8,-0.5,"3","3","3","5"
"2027","Cluster_3044_evm.TU.chromosome_7.1670","Cluster_3044","evm.TU.chromosome_7.1670",-0.2,-0.2,0.5,"1","1","1","4"
"2028","Cluster_3044_evm.TU.chromosome_7.1751","Cluster_3044","evm.TU.chromosome_7.1751",1,0.105409255338946,-0.866025403784439,"2","2","2","3"
"2029","Cluster_3044_evm.TU.chromosome_7.1962","Cluster_3044","evm.TU.chromosome_7.1962",-0.737864787372622,0.210818510677892,0.5,"5","5","5","2"
"2030","Cluster_3044_evm.TU.chromosome_7.2192","Cluster_3044","evm.TU.chromosome_7.2192",-0.4,0,-0.5,"3","3","3","5"
"2031","Cluster_3044_evm.TU.chromosome_7.2334","Cluster_3044","evm.TU.chromosome_7.2334",-0.2,-0.2,-0.5,"3","3","3","5"
"2032","Cluster_3044_evm.TU.chromosome_7.2527","Cluster_3044","evm.TU.chromosome_7.2527",0.316227766016838,0.8,0.5,"3","3","3","5"
"2033","Cluster_3044_evm.TU.chromosome_7.2734","Cluster_3044","evm.TU.chromosome_7.2734",0.4,0.4,0.5,"3","3","3","5"
"2034","Cluster_3044_evm.TU.chromosome_7.318","Cluster_3044","evm.TU.chromosome_7.318",-0.4,-0.4,0.5,"1","1","1","4"
"2035","Cluster_3044_evm.TU.chromosome_7.843","Cluster_3044","evm.TU.chromosome_7.843",-0.2,-0.2,-0.5,"3","3","3","5"
"2036","Cluster_3044_evm.TU.chromosome_8.1090","Cluster_3044","evm.TU.chromosome_8.1090",0.2,0.4,0.5,"3","3","3","5"
"2037","Cluster_3044_evm.TU.chromosome_8.1141","Cluster_3044","evm.TU.chromosome_8.1141",-0.8,0.8,0.5,"5","5","5","2"
"2038","Cluster_3044_evm.TU.chromosome_8.129","Cluster_3044","evm.TU.chromosome_8.129",0.8,0.210818510677892,-0.866025403784439,"2","2","2","3"
"2039","Cluster_3044_evm.TU.chromosome_8.1493","Cluster_3044","evm.TU.chromosome_8.1493",-0.4,0.8,1,"5","5","5","2"
"2040","Cluster_3044_evm.TU.chromosome_8.1747","Cluster_3044","evm.TU.chromosome_8.1747",-0.8,0.8,-0.5,"4","4","4","1"
"2041","Cluster_3044_evm.TU.chromosome_8.2007","Cluster_3044","evm.TU.chromosome_8.2007",-0.8,0.2,0.5,"5","5","5","2"
"2042","Cluster_3044_evm.TU.chromosome_8.2047","Cluster_3044","evm.TU.chromosome_8.2047",0.4,0,0.5,"3","3","3","5"
"2043","Cluster_3044_evm.TU.chromosome_8.2125","Cluster_3044","evm.TU.chromosome_8.2125",-0.4,1,1,"5","5","5","2"
"2044","Cluster_3044_evm.TU.chromosome_8.2137","Cluster_3044","evm.TU.chromosome_8.2137",-0.8,0.8,0.5,"5","5","5","2"
"2045","Cluster_3044_evm.TU.chromosome_8.2184","Cluster_3044","evm.TU.chromosome_8.2184",0,-0.6,0.5,"1","1","1","4"
"2046","Cluster_3044_evm.TU.chromosome_8.2440","Cluster_3044","evm.TU.chromosome_8.2440",0.8,-0.4,0.5,"1","1","1","4"
"2047","Cluster_3044_evm.TU.chromosome_8.2658","Cluster_3044","evm.TU.chromosome_8.2658",0,0.8,-1,"4","4","4","1"
"2048","Cluster_3044_evm.TU.chromosome_8.275","Cluster_3044","evm.TU.chromosome_8.275",0.258198889747161,-0.316227766016838,0.5,"1","1","1","4"
"2049","Cluster_3044_evm.TU.chromosome_8.434","Cluster_3044","evm.TU.chromosome_8.434",0.258198889747161,0.210818510677892,-0.5,"2","2","2","3"
"2050","Cluster_3044_evm.TU.chromosome_8.660","Cluster_3044","evm.TU.chromosome_8.660",0.316227766016838,0.210818510677892,-0.5,"2","2","2","3"
"2051","Cluster_3044_evm.TU.chromosome_9.1578","Cluster_3044","evm.TU.chromosome_9.1578",-0.4,-0.8,0.5,"1","1","1","4"
"2052","Cluster_3044_evm.TU.chromosome_9.1579","Cluster_3044","evm.TU.chromosome_9.1579",-0.8,-0.8,0.5,"1","1","1","4"
"2053","Cluster_3044_evm.TU.chromosome_9.1779","Cluster_3044","evm.TU.chromosome_9.1779",0.8,0.4,0.5,"3","3","3","5"
"2054","Cluster_3044_evm.TU.chromosome_9.242","Cluster_3044","evm.TU.chromosome_9.242",-0.4,0.4,0.5,"5","5","5","2"
"2055","Cluster_3044_evm.TU.chromosome_9.461","Cluster_3044","evm.TU.chromosome_9.461",-0.4,0.4,0.5,"5","5","5","2"
"2056","Cluster_3044_evm.TU.chromosome_9.7","Cluster_3044","evm.TU.chromosome_9.7",-1,0.8,-0.5,"4","4","4","1"
"2057","Cluster_3044_evm.TU.chromosome_9.8","Cluster_3044","evm.TU.chromosome_9.8",0.4,0.6,-0.5,"4","4","4","1"
"2058","Cluster_30_evm.TU.chromosome_1.1085","Cluster_30","evm.TU.chromosome_1.1085",0.4,0.774596669241483,-0.866025403784439,"4","4","4","1"
"2059","Cluster_30_evm.TU.chromosome_1.1226","Cluster_30","evm.TU.chromosome_1.1226",0.8,-0.258198889747161,-0.5,"2","2","2","3"
"2060","Cluster_30_evm.TU.chromosome_11.2811","Cluster_30","evm.TU.chromosome_11.2811",0,0.4,-0.5,"4","4","4","1"
"2061","Cluster_30_evm.TU.chromosome_12.3815","Cluster_30","evm.TU.chromosome_12.3815",-0.632455532033676,-1,-1,"3","3","3","5"
"2062","Cluster_30_evm.TU.chromosome_13.2061","Cluster_30","evm.TU.chromosome_13.2061",-0.737864787372622,0.774596669241483,-1,"4","4","4","1"
"2063","Cluster_30_evm.TU.chromosome_13.4170","Cluster_30","evm.TU.chromosome_13.4170",-0.4,0.4,-0.5,"4","4","4","1"
"2064","Cluster_30_evm.TU.chromosome_13.703","Cluster_30","evm.TU.chromosome_13.703",-0.4,0.2,0.5,"5","5","5","2"
"2065","Cluster_30_evm.TU.chromosome_14.7255","Cluster_30","evm.TU.chromosome_14.7255",0.4,-0.8,-0.5,"2","2","2","3"
"2066","Cluster_30_evm.TU.chromosome_2.1003","Cluster_30","evm.TU.chromosome_2.1003",-0.2,-0.4,-1,"2","2","2","3"
"2067","Cluster_30_evm.TU.chromosome_2.1734","Cluster_30","evm.TU.chromosome_2.1734",-0.258198889747161,0.6,0,"3","3","3","5"
"2068","Cluster_30_evm.TU.chromosome_2.572","Cluster_30","evm.TU.chromosome_2.572",-0.6,0.2,-1,"4","4","4","1"
"2069","Cluster_30_evm.TU.chromosome_3.1687","Cluster_30","evm.TU.chromosome_3.1687",-0.8,-0.8,-1,"3","3","3","5"
"2070","Cluster_30_evm.TU.chromosome_5.1486","Cluster_30","evm.TU.chromosome_5.1486",-0.4,-0.4,-1,"3","3","3","5"
"2071","Cluster_30_evm.TU.chromosome_5.1801","Cluster_30","evm.TU.chromosome_5.1801",-0.774596669241483,-0.258198889747161,-1,"4","4","4","1"
"2072","Cluster_30_evm.TU.chromosome_5.2646","Cluster_30","evm.TU.chromosome_5.2646",-1,0.6,-1,"4","4","4","1"
"2073","Cluster_30_evm.TU.chromosome_5.2829","Cluster_30","evm.TU.chromosome_5.2829",0,0.2,-0.5,"4","4","4","1"
"2074","Cluster_30_evm.TU.chromosome_6.2365","Cluster_30","evm.TU.chromosome_6.2365",0.2,-0.2,-1,"2","2","2","3"
"2075","Cluster_30_evm.TU.chromosome_6.276","Cluster_30","evm.TU.chromosome_6.276",-0.737864787372622,0.316227766016838,-0.5,"4","4","4","1"
"2076","Cluster_30_evm.TU.chromosome_6.2899","Cluster_30","evm.TU.chromosome_6.2899",-0.258198889747161,0.4,1,"5","5","5","2"
"2077","Cluster_30_evm.TU.chromosome_6.526","Cluster_30","evm.TU.chromosome_6.526",-0.2,-0.4,1,"1","1","1","4"
"2078","Cluster_30_evm.TU.chromosome_7.1164","Cluster_30","evm.TU.chromosome_7.1164",1,0.4,-0.5,"2","2","2","3"
"2079","Cluster_30_evm.TU.chromosome_9.598","Cluster_30","evm.TU.chromosome_9.598",0.8,0.4,1,"1","1","1","4"
"2080","Cluster_3293_evm.TU.chromosome_1.1021","Cluster_3293","evm.TU.chromosome_1.1021",-0.4,0.4,-0.866025403784439,"4","4","4","1"
"2081","Cluster_3293_evm.TU.chromosome_1.1241","Cluster_3293","evm.TU.chromosome_1.1241",-0.4,-0.4,-0.5,"3","3","3","5"
"2082","Cluster_3293_evm.TU.chromosome_1.1371","Cluster_3293","evm.TU.chromosome_1.1371",-0.105409255338946,0.4,-0.866025403784439,"4","4","4","1"
"2083","Cluster_3293_evm.TU.chromosome_1.1634","Cluster_3293","evm.TU.chromosome_1.1634",0.8,0.4,0.5,"3","3","3","5"
"2084","Cluster_3293_evm.TU.chromosome_1.1657","Cluster_3293","evm.TU.chromosome_1.1657",-0.8,-0.4,-0.5,"3","3","3","5"
"2085","Cluster_3293_evm.TU.chromosome_1.1700","Cluster_3293","evm.TU.chromosome_1.1700",0.6,0,-0.5,"2","2","2","3"
"2086","Cluster_3293_evm.TU.chromosome_1.1710","Cluster_3293","evm.TU.chromosome_1.1710",-0.2,0,-1,"4","4","4","1"
"2087","Cluster_3293_evm.TU.chromosome_1.1745","Cluster_3293","evm.TU.chromosome_1.1745",0.2,0.2,1,"1","1","1","4"
"2088","Cluster_3293_evm.TU.chromosome_1.406","Cluster_3293","evm.TU.chromosome_1.406",-0.774596669241483,-0.2,-0.5,"3","3","3","5"
"2089","Cluster_3293_evm.TU.chromosome_1.576","Cluster_3293","evm.TU.chromosome_1.576",0.6,0.2,1,"1","1","1","4"
"2090","Cluster_3293_evm.TU.chromosome_1.826","Cluster_3293","evm.TU.chromosome_1.826",0.774596669241483,-0.258198889747161,-0.866025403784439,"2","2","2","3"
"2091","Cluster_3293_evm.TU.chromosome_1.90","Cluster_3293","evm.TU.chromosome_1.90",-0.2,0.774596669241483,0.5,"5","5","5","2"
"2092","Cluster_3293_evm.TU.chromosome_1.999","Cluster_3293","evm.TU.chromosome_1.999",0.8,0.8,-0.5,"4","4","4","1"
"2093","Cluster_3293_evm.TU.chromosome_10.1740","Cluster_3293","evm.TU.chromosome_10.1740",0.4,-0.8,-0.5,"2","2","2","3"
"2094","Cluster_3293_evm.TU.chromosome_10.1912","Cluster_3293","evm.TU.chromosome_10.1912",0,0.4,-1,"4","4","4","1"
"2095","Cluster_3293_evm.TU.chromosome_10.2294","Cluster_3293","evm.TU.chromosome_10.2294",-0.4,-0.2,-0.5,"3","3","3","5"
"2096","Cluster_3293_evm.TU.chromosome_10.2421","Cluster_3293","evm.TU.chromosome_10.2421",-0.4,0.6,-0.5,"4","4","4","1"
"2097","Cluster_3293_evm.TU.chromosome_10.3050","Cluster_3293","evm.TU.chromosome_10.3050",-0.4,-0.2,-0.5,"3","3","3","5"
"2098","Cluster_3293_evm.TU.chromosome_10.412","Cluster_3293","evm.TU.chromosome_10.412",0.4,0.6,-1,"4","4","4","1"
"2099","Cluster_3293_evm.TU.chromosome_10.627","Cluster_3293","evm.TU.chromosome_10.627",0.2,0.774596669241483,-0.866025403784439,"4","4","4","1"
"2100","Cluster_3293_evm.TU.chromosome_10.927","Cluster_3293","evm.TU.chromosome_10.927",-0.6,-0.4,1,"5","5","5","2"
"2101","Cluster_3293_evm.TU.chromosome_11.1434","Cluster_3293","evm.TU.chromosome_11.1434",0.4,0.2,-1,"2","2","2","3"
"2102","Cluster_3293_evm.TU.chromosome_11.1436","Cluster_3293","evm.TU.chromosome_11.1436",-0.6,0.6,-1,"4","4","4","1"
"2103","Cluster_3293_evm.TU.chromosome_11.2120","Cluster_3293","evm.TU.chromosome_11.2120",0.8,0.4,-0.5,"2","2","2","3"
"2104","Cluster_3293_evm.TU.chromosome_11.2635","Cluster_3293","evm.TU.chromosome_11.2635",-0.6,-0.8,-0.5,"3","3","3","5"
"2105","Cluster_3293_evm.TU.chromosome_11.2706","Cluster_3293","evm.TU.chromosome_11.2706",0.8,0.774596669241483,-1,"4","4","4","1"
"2106","Cluster_3293_evm.TU.chromosome_11.2837","Cluster_3293","evm.TU.chromosome_11.2837",0.8,-0.4,0.5,"1","1","1","4"
"2107","Cluster_3293_evm.TU.chromosome_11.2901","Cluster_3293","evm.TU.chromosome_11.2901",-1,0.316227766016838,-0.5,"4","4","4","1"
"2108","Cluster_3293_evm.TU.chromosome_12.1465","Cluster_3293","evm.TU.chromosome_12.1465",-0.105409255338946,0.2,-0.5,"4","4","4","1"
"2109","Cluster_3293_evm.TU.chromosome_12.1598","Cluster_3293","evm.TU.chromosome_12.1598",0.258198889747161,0.8,-0.5,"4","4","4","1"
"2110","Cluster_3293_evm.TU.chromosome_12.1980","Cluster_3293","evm.TU.chromosome_12.1980",-0.210818510677892,-0.774596669241483,-0.866025403784439,"2","2","2","3"
"2111","Cluster_3293_evm.TU.chromosome_12.2324","Cluster_3293","evm.TU.chromosome_12.2324",0.4,-0.8,1,"1","1","1","4"
"2112","Cluster_3293_evm.TU.chromosome_12.2341","Cluster_3293","evm.TU.chromosome_12.2341",-0.8,-0.8,-1,"3","3","3","5"
"2113","Cluster_3293_evm.TU.chromosome_12.2346","Cluster_3293","evm.TU.chromosome_12.2346",0.6,-1,-1,"2","2","2","3"
"2114","Cluster_3293_evm.TU.chromosome_12.2348","Cluster_3293","evm.TU.chromosome_12.2348",0,0.4,-0.866025403784439,"4","4","4","1"
"2115","Cluster_3293_evm.TU.chromosome_12.2483","Cluster_3293","evm.TU.chromosome_12.2483",0.4,-0.6,-1,"2","2","2","3"
"2116","Cluster_3293_evm.TU.chromosome_12.2510","Cluster_3293","evm.TU.chromosome_12.2510",-0.4,0.8,0.5,"5","5","5","2"
"2117","Cluster_3293_evm.TU.chromosome_12.2849","Cluster_3293","evm.TU.chromosome_12.2849",0.2,0.6,-1,"4","4","4","1"
"2118","Cluster_3293_evm.TU.chromosome_12.2956","Cluster_3293","evm.TU.chromosome_12.2956",0.6,0.6,-1,"4","4","4","1"
"2119","Cluster_3293_evm.TU.chromosome_12.3079","Cluster_3293","evm.TU.chromosome_12.3079",0,0.4,-0.5,"4","4","4","1"
"2120","Cluster_3293_evm.TU.chromosome_12.3131","Cluster_3293","evm.TU.chromosome_12.3131",0,-0.8,-1,"2","2","2","3"
"2121","Cluster_3293_evm.TU.chromosome_12.3351","Cluster_3293","evm.TU.chromosome_12.3351",-0.4,0.4,-0.5,"4","4","4","1"
"2122","Cluster_3293_evm.TU.chromosome_12.3433","Cluster_3293","evm.TU.chromosome_12.3433",1,-0.4,-0.5,"2","2","2","3"
"2123","Cluster_3293_evm.TU.chromosome_12.3693","Cluster_3293","evm.TU.chromosome_12.3693",1,0.4,1,"1","1","1","4"
"2124","Cluster_3293_evm.TU.chromosome_12.3868","Cluster_3293","evm.TU.chromosome_12.3868",0.4,0.8,0.5,"3","3","3","5"
"2125","Cluster_3293_evm.TU.chromosome_12.3880","Cluster_3293","evm.TU.chromosome_12.3880",1,0.4,-0.5,"2","2","2","3"
"2126","Cluster_3293_evm.TU.chromosome_12.4136","Cluster_3293","evm.TU.chromosome_12.4136",0.4,0.6,-0.5,"4","4","4","1"
"2127","Cluster_3293_evm.TU.chromosome_12.488","Cluster_3293","evm.TU.chromosome_12.488",-0.8,0.4,-1,"4","4","4","1"
"2128","Cluster_3293_evm.TU.chromosome_12.748","Cluster_3293","evm.TU.chromosome_12.748",-0.4,-0.2,-1,"4","4","4","1"
"2129","Cluster_3293_evm.TU.chromosome_12.972","Cluster_3293","evm.TU.chromosome_12.972",-0.4,-0.316227766016838,0,"3","3","3","5"
"2130","Cluster_3293_evm.TU.chromosome_13.1718","Cluster_3293","evm.TU.chromosome_13.1718",0.2,0,0.5,"3","3","3","5"
"2131","Cluster_3293_evm.TU.chromosome_13.1807","Cluster_3293","evm.TU.chromosome_13.1807",-0.8,0.4,0.5,"5","5","5","2"
"2132","Cluster_3293_evm.TU.chromosome_13.1812","Cluster_3293","evm.TU.chromosome_13.1812",0.2,0,0,"3","3","3","5"
"2133","Cluster_3293_evm.TU.chromosome_13.1872","Cluster_3293","evm.TU.chromosome_13.1872",1,-0.4,1,"1","1","1","4"
"2134","Cluster_3293_evm.TU.chromosome_13.1889","Cluster_3293","evm.TU.chromosome_13.1889",-0.2,-0.4,-1,"2","2","2","3"
"2135","Cluster_3293_evm.TU.chromosome_13.1895","Cluster_3293","evm.TU.chromosome_13.1895",0.258198889747161,-0.316227766016838,-1,"2","2","2","3"
"2136","Cluster_3293_evm.TU.chromosome_13.217","Cluster_3293","evm.TU.chromosome_13.217",-0.2,-0.2,-1,"4","4","4","1"
"2137","Cluster_3293_evm.TU.chromosome_13.2239","Cluster_3293","evm.TU.chromosome_13.2239",-0.4,0.2,0,"3","3","3","5"
"2138","Cluster_3293_evm.TU.chromosome_13.2272","Cluster_3293","evm.TU.chromosome_13.2272",0.2,0.948683298050514,-1,"4","4","4","1"
"2139","Cluster_3293_evm.TU.chromosome_13.2368","Cluster_3293","evm.TU.chromosome_13.2368",-0.2,-1,-1,"2","2","2","3"
"2140","Cluster_3293_evm.TU.chromosome_13.2380","Cluster_3293","evm.TU.chromosome_13.2380",0.6,-0.316227766016838,-1,"2","2","2","3"
"2141","Cluster_3293_evm.TU.chromosome_13.2543","Cluster_3293","evm.TU.chromosome_13.2543",-0.4,0.210818510677892,-1,"4","4","4","1"
"2142","Cluster_3293_evm.TU.chromosome_13.2682","Cluster_3293","evm.TU.chromosome_13.2682",-0.8,0.6,-0.5,"4","4","4","1"
"2143","Cluster_3293_evm.TU.chromosome_13.2909","Cluster_3293","evm.TU.chromosome_13.2909",0.8,0.4,-0.5,"2","2","2","3"
"2144","Cluster_3293_evm.TU.chromosome_13.3174","Cluster_3293","evm.TU.chromosome_13.3174",-0.8,-0.6,-0.5,"3","3","3","5"
"2145","Cluster_3293_evm.TU.chromosome_13.3187","Cluster_3293","evm.TU.chromosome_13.3187",1,0.4,-1,"2","2","2","3"
"2146","Cluster_3293_evm.TU.chromosome_13.3405","Cluster_3293","evm.TU.chromosome_13.3405",0.258198889747161,-0.774596669241483,0.5,"1","1","1","4"
"2147","Cluster_3293_evm.TU.chromosome_13.3557","Cluster_3293","evm.TU.chromosome_13.3557",0.8,-0.2,-0.5,"2","2","2","3"
"2148","Cluster_3293_evm.TU.chromosome_13.3644","Cluster_3293","evm.TU.chromosome_13.3644",0.4,0.6,-0.5,"4","4","4","1"
"2149","Cluster_3293_evm.TU.chromosome_13.396","Cluster_3293","evm.TU.chromosome_13.396",-0.210818510677892,0.316227766016838,-1,"4","4","4","1"
"2150","Cluster_3293_evm.TU.chromosome_13.4169","Cluster_3293","evm.TU.chromosome_13.4169",0.4,0,0.5,"3","3","3","5"
"2151","Cluster_3293_evm.TU.chromosome_13.4199","Cluster_3293","evm.TU.chromosome_13.4199",0.2,0.2,0.5,"3","3","3","5"
"2152","Cluster_3293_evm.TU.chromosome_13.774","Cluster_3293","evm.TU.chromosome_13.774",-0.8,0.8,-0.5,"4","4","4","1"
"2153","Cluster_3293_evm.TU.chromosome_13.787","Cluster_3293","evm.TU.chromosome_13.787",-0.4,0.6,-1,"4","4","4","1"
"2154","Cluster_3293_evm.TU.chromosome_13.789","Cluster_3293","evm.TU.chromosome_13.789",-0.8,0.6,-0.5,"4","4","4","1"
"2155","Cluster_3293_evm.TU.chromosome_13.797","Cluster_3293","evm.TU.chromosome_13.797",0.258198889747161,0.258198889747161,-1,"4","4","4","1"
"2156","Cluster_3293_evm.TU.chromosome_13.808","Cluster_3293","evm.TU.chromosome_13.808",-0.4,0.737864787372622,-1,"4","4","4","1"
"2157","Cluster_3293_evm.TU.chromosome_14.1380","Cluster_3293","evm.TU.chromosome_14.1380",0.4,-0.4,1,"1","1","1","4"
"2158","Cluster_3293_evm.TU.chromosome_14.1382","Cluster_3293","evm.TU.chromosome_14.1382",-0.4,-0.8,-0.5,"3","3","3","5"
"2159","Cluster_3293_evm.TU.chromosome_14.1416","Cluster_3293","evm.TU.chromosome_14.1416",-0.8,-0.8,-0.5,"3","3","3","5"
"2160","Cluster_3293_evm.TU.chromosome_14.1953","Cluster_3293","evm.TU.chromosome_14.1953",0.8,0.4,1,"1","1","1","4"
"2161","Cluster_3293_evm.TU.chromosome_14.330","Cluster_3293","evm.TU.chromosome_14.330",0.2,0.6,0.5,"3","3","3","5"
"2162","Cluster_3293_evm.TU.chromosome_14.379","Cluster_3293","evm.TU.chromosome_14.379",0.8,0.8,-1,"4","4","4","1"
"2163","Cluster_3293_evm.TU.chromosome_14.5051","Cluster_3293","evm.TU.chromosome_14.5051",-0.4,0.8,-1,"4","4","4","1"
"2164","Cluster_3293_evm.TU.chromosome_14.5400","Cluster_3293","evm.TU.chromosome_14.5400",-0.4,0.4,-0.5,"4","4","4","1"
"2165","Cluster_3293_evm.TU.chromosome_14.6057","Cluster_3293","evm.TU.chromosome_14.6057",0.105409255338946,-0.2,0.5,"1","1","1","4"
"2166","Cluster_3293_evm.TU.chromosome_14.6373","Cluster_3293","evm.TU.chromosome_14.6373",-0.6,0.4,-1,"4","4","4","1"
"2167","Cluster_3293_evm.TU.chromosome_14.6757","Cluster_3293","evm.TU.chromosome_14.6757",-0.2,0.2,-1,"4","4","4","1"
"2168","Cluster_3293_evm.TU.chromosome_14.6861","Cluster_3293","evm.TU.chromosome_14.6861",-0.4,0,-1,"4","4","4","1"
"2169","Cluster_3293_evm.TU.chromosome_14.6879","Cluster_3293","evm.TU.chromosome_14.6879",0.4,0.4,-0.5,"4","4","4","1"
"2170","Cluster_3293_evm.TU.chromosome_2.1294","Cluster_3293","evm.TU.chromosome_2.1294",0.258198889747161,-0.737864787372622,-0.5,"2","2","2","3"
"2171","Cluster_3293_evm.TU.chromosome_2.1413","Cluster_3293","evm.TU.chromosome_2.1413",-1,0.2,-1,"4","4","4","1"
"2172","Cluster_3293_evm.TU.chromosome_2.1422","Cluster_3293","evm.TU.chromosome_2.1422",-0.4,0.4,-0.5,"4","4","4","1"
"2173","Cluster_3293_evm.TU.chromosome_2.1661","Cluster_3293","evm.TU.chromosome_2.1661",-0.8,-0.2,-1,"4","4","4","1"
"2174","Cluster_3293_evm.TU.chromosome_2.1882","Cluster_3293","evm.TU.chromosome_2.1882",-0.2,0.8,-0.5,"4","4","4","1"
"2175","Cluster_3293_evm.TU.chromosome_2.2015","Cluster_3293","evm.TU.chromosome_2.2015",-0.4,0,-0.5,"3","3","3","5"
"2176","Cluster_3293_evm.TU.chromosome_2.2034","Cluster_3293","evm.TU.chromosome_2.2034",-0.4,-0.316227766016838,-0.866025403784439,"3","3","3","5"
"2177","Cluster_3293_evm.TU.chromosome_2.2051","Cluster_3293","evm.TU.chromosome_2.2051",0.4,0.4,0,"3","3","3","5"
"2178","Cluster_3293_evm.TU.chromosome_2.2055","Cluster_3293","evm.TU.chromosome_2.2055",0.774596669241483,0,-0.866025403784439,"2","2","2","3"
"2179","Cluster_3293_evm.TU.chromosome_2.2078","Cluster_3293","evm.TU.chromosome_2.2078",0.4,0.6,-0.5,"4","4","4","1"
"2180","Cluster_3293_evm.TU.chromosome_2.21_evm.TU.chromosome_2.22","Cluster_3293","evm.TU.chromosome_2.21_evm.TU.chromosome_2.22",0,-0.4,0.5,"1","1","1","4"
"2181","Cluster_3293_evm.TU.chromosome_2.383","Cluster_3293","evm.TU.chromosome_2.383",0.8,0.4,-0.5,"2","2","2","3"
"2182","Cluster_3293_evm.TU.chromosome_2.43","Cluster_3293","evm.TU.chromosome_2.43",0.8,-0.8,-0.5,"2","2","2","3"
"2183","Cluster_3293_evm.TU.chromosome_2.516","Cluster_3293","evm.TU.chromosome_2.516",-1,-0.6,-0.5,"3","3","3","5"
"2184","Cluster_3293_evm.TU.chromosome_2.538","Cluster_3293","evm.TU.chromosome_2.538",-0.4,-0.8,-1,"2","2","2","3"
"2185","Cluster_3293_evm.TU.chromosome_3.1321","Cluster_3293","evm.TU.chromosome_3.1321",0.2,0.4,-0.5,"4","4","4","1"
"2186","Cluster_3293_evm.TU.chromosome_3.155","Cluster_3293","evm.TU.chromosome_3.155",0.4,-0.6,-0.5,"2","2","2","3"
"2187","Cluster_3293_evm.TU.chromosome_3.1803","Cluster_3293","evm.TU.chromosome_3.1803",1,-0.316227766016838,-0.5,"2","2","2","3"
"2188","Cluster_3293_evm.TU.chromosome_3.1956","Cluster_3293","evm.TU.chromosome_3.1956",-0.4,-0.6,-1,"3","3","3","5"
"2189","Cluster_3293_evm.TU.chromosome_3.1963","Cluster_3293","evm.TU.chromosome_3.1963",-0.8,0.2,0.5,"5","5","5","2"
"2190","Cluster_3293_evm.TU.chromosome_3.215","Cluster_3293","evm.TU.chromosome_3.215",-0.2,0.4,-0.5,"4","4","4","1"
"2191","Cluster_3293_evm.TU.chromosome_3.295","Cluster_3293","evm.TU.chromosome_3.295",-0.105409255338946,0.2,-0.5,"4","4","4","1"
"2192","Cluster_3293_evm.TU.chromosome_3.548","Cluster_3293","evm.TU.chromosome_3.548",0,0.6,0,"3","3","3","5"
"2193","Cluster_3293_evm.TU.chromosome_3.819","Cluster_3293","evm.TU.chromosome_3.819",0.8,0.2,1,"1","1","1","4"
"2194","Cluster_3293_evm.TU.chromosome_4.1158","Cluster_3293","evm.TU.chromosome_4.1158",1,0.4,0.5,"2","2","2","3"
"2195","Cluster_3293_evm.TU.chromosome_4.1174","Cluster_3293","evm.TU.chromosome_4.1174",0.4,-0.632455532033676,-0.5,"2","2","2","3"
"2196","Cluster_3293_evm.TU.chromosome_4.1260","Cluster_3293","evm.TU.chromosome_4.1260",-0.8,0.774596669241483,-0.5,"4","4","4","1"
"2197","Cluster_3293_evm.TU.chromosome_4.1562","Cluster_3293","evm.TU.chromosome_4.1562",1,-0.316227766016838,-0.5,"2","2","2","3"
"2198","Cluster_3293_evm.TU.chromosome_4.1566","Cluster_3293","evm.TU.chromosome_4.1566",-0.2,0.2,-0.5,"4","4","4","1"
"2199","Cluster_3293_evm.TU.chromosome_4.1571","Cluster_3293","evm.TU.chromosome_4.1571",0.4,-0.8,-1,"2","2","2","3"
"2200","Cluster_3293_evm.TU.chromosome_4.1572","Cluster_3293","evm.TU.chromosome_4.1572",0.258198889747161,0.774596669241483,-1,"4","4","4","1"
"2201","Cluster_3293_evm.TU.chromosome_4.1576","Cluster_3293","evm.TU.chromosome_4.1576",-0.2,0.6,0.5,"5","5","5","2"
"2202","Cluster_3293_evm.TU.chromosome_4.1577","Cluster_3293","evm.TU.chromosome_4.1577",0.8,0.4,-1,"2","2","2","3"
"2203","Cluster_3293_evm.TU.chromosome_4.1670","Cluster_3293","evm.TU.chromosome_4.1670",-0.4,0.4,-0.5,"4","4","4","1"
"2204","Cluster_3293_evm.TU.chromosome_4.1694","Cluster_3293","evm.TU.chromosome_4.1694",-0.2,-0.8,-1,"2","2","2","3"
"2205","Cluster_3293_evm.TU.chromosome_4.1720","Cluster_3293","evm.TU.chromosome_4.1720",-0.737864787372622,0.2,0.5,"5","5","5","2"
"2206","Cluster_3293_evm.TU.chromosome_4.1739","Cluster_3293","evm.TU.chromosome_4.1739",-1,0.6,-1,"4","4","4","1"
"2207","Cluster_3293_evm.TU.chromosome_4.1771","Cluster_3293","evm.TU.chromosome_4.1771",1,-0.4,-0.866025403784439,"2","2","2","3"
"2208","Cluster_3293_evm.TU.chromosome_4.1781","Cluster_3293","evm.TU.chromosome_4.1781",-0.8,-0.4,-0.5,"3","3","3","5"
"2209","Cluster_3293_evm.TU.chromosome_4.1786","Cluster_3293","evm.TU.chromosome_4.1786",-0.4,-0.4,-0.5,"3","3","3","5"
"2210","Cluster_3293_evm.TU.chromosome_4.1787","Cluster_3293","evm.TU.chromosome_4.1787",-0.8,-0.4,-0.5,"3","3","3","5"
"2211","Cluster_3293_evm.TU.chromosome_4.1790","Cluster_3293","evm.TU.chromosome_4.1790",0,-0.4,-0.5,"3","3","3","5"
"2212","Cluster_3293_evm.TU.chromosome_4.1794","Cluster_3293","evm.TU.chromosome_4.1794",-0.4,0.4,0.5,"5","5","5","2"
"2213","Cluster_3293_evm.TU.chromosome_4.1804","Cluster_3293","evm.TU.chromosome_4.1804",0.8,0.4,0.5,"3","3","3","5"
"2214","Cluster_3293_evm.TU.chromosome_4.1813","Cluster_3293","evm.TU.chromosome_4.1813",0,-0.2,-0.5,"3","3","3","5"
"2215","Cluster_3293_evm.TU.chromosome_4.2347","Cluster_3293","evm.TU.chromosome_4.2347",0.4,0.6,0,"3","3","3","5"
"2216","Cluster_3293_evm.TU.chromosome_4.253","Cluster_3293","evm.TU.chromosome_4.253",0.4,0.2,-0.5,"2","2","2","3"
"2217","Cluster_3293_evm.TU.chromosome_4.430","Cluster_3293","evm.TU.chromosome_4.430",0.2,0.8,-0.5,"4","4","4","1"
"2218","Cluster_3293_evm.TU.chromosome_4.504","Cluster_3293","evm.TU.chromosome_4.504",1,0.316227766016838,-0.866025403784439,"2","2","2","3"
"2219","Cluster_3293_evm.TU.chromosome_4.623","Cluster_3293","evm.TU.chromosome_4.623",-0.210818510677892,-0.316227766016838,0.5,"1","1","1","4"
"2220","Cluster_3293_evm.TU.chromosome_4.960","Cluster_3293","evm.TU.chromosome_4.960",-0.4,0.8,-0.5,"4","4","4","1"
"2221","Cluster_3293_evm.TU.chromosome_5.1009","Cluster_3293","evm.TU.chromosome_5.1009",0.8,-0.2,-0.5,"2","2","2","3"
"2222","Cluster_3293_evm.TU.chromosome_5.1261","Cluster_3293","evm.TU.chromosome_5.1261",-0.8,0.948683298050514,-0.5,"4","4","4","1"
"2223","Cluster_3293_evm.TU.chromosome_5.1467","Cluster_3293","evm.TU.chromosome_5.1467",0.2,0.948683298050514,0.5,"3","3","3","5"
"2224","Cluster_3293_evm.TU.chromosome_5.1489","Cluster_3293","evm.TU.chromosome_5.1489",-0.4,-0.8,-1,"2","2","2","3"
"2225","Cluster_3293_evm.TU.chromosome_5.2422","Cluster_3293","evm.TU.chromosome_5.2422",0.4,0.948683298050514,-1,"4","4","4","1"
"2226","Cluster_3293_evm.TU.chromosome_5.2750","Cluster_3293","evm.TU.chromosome_5.2750",-0.4,0,-0.5,"3","3","3","5"
"2227","Cluster_3293_evm.TU.chromosome_5.2807","Cluster_3293","evm.TU.chromosome_5.2807",-0.2,0.4,-0.5,"4","4","4","1"
"2228","Cluster_3293_evm.TU.chromosome_5.356","Cluster_3293","evm.TU.chromosome_5.356",-1,-0.2,-0.5,"3","3","3","5"
"2229","Cluster_3293_evm.TU.chromosome_5.519","Cluster_3293","evm.TU.chromosome_5.519",0.4,-0.316227766016838,0,"3","3","3","5"
"2230","Cluster_3293_evm.TU.chromosome_5.556","Cluster_3293","evm.TU.chromosome_5.556",0.2,-0.2,0.5,"1","1","1","4"
"2231","Cluster_3293_evm.TU.chromosome_5.612","Cluster_3293","evm.TU.chromosome_5.612",0.632455532033676,0.948683298050514,-0.5,"4","4","4","1"
"2232","Cluster_3293_evm.TU.chromosome_5.613","Cluster_3293","evm.TU.chromosome_5.613",-0.258198889747161,-0.6,-1,"2","2","2","3"
"2233","Cluster_3293_evm.TU.chromosome_5.698","Cluster_3293","evm.TU.chromosome_5.698",0.4,-0.4,1,"1","1","1","4"
"2234","Cluster_3293_evm.TU.chromosome_5.700","Cluster_3293","evm.TU.chromosome_5.700",-0.2,0.4,1,"5","5","5","2"
"2235","Cluster_3293_evm.TU.chromosome_5.703","Cluster_3293","evm.TU.chromosome_5.703",-0.4,0.6,-1,"4","4","4","1"
"2236","Cluster_3293_evm.TU.chromosome_5.730","Cluster_3293","evm.TU.chromosome_5.730",-0.2,0.4,-1,"4","4","4","1"
"2237","Cluster_3293_evm.TU.chromosome_5.731","Cluster_3293","evm.TU.chromosome_5.731",0.4,-0.4,-0.5,"2","2","2","3"
"2238","Cluster_3293_evm.TU.chromosome_5.732","Cluster_3293","evm.TU.chromosome_5.732",-0.4,-0.2,1,"5","5","5","2"
"2239","Cluster_3293_evm.TU.chromosome_5.85","Cluster_3293","evm.TU.chromosome_5.85",0.8,-0.2,1,"1","1","1","4"
"2240","Cluster_3293_evm.TU.chromosome_5.86","Cluster_3293","evm.TU.chromosome_5.86",-0.4,0.2,1,"5","5","5","2"
"2241","Cluster_3293_evm.TU.chromosome_6.1455","Cluster_3293","evm.TU.chromosome_6.1455",-0.4,0,0.5,"5","5","5","2"
"2242","Cluster_3293_evm.TU.chromosome_6.2331","Cluster_3293","evm.TU.chromosome_6.2331",-0.8,-0.4,0.5,"5","5","5","2"
"2243","Cluster_3293_evm.TU.chromosome_6.2402","Cluster_3293","evm.TU.chromosome_6.2402",0.6,-0.2,-1,"2","2","2","3"
"2244","Cluster_3293_evm.TU.chromosome_6.2863","Cluster_3293","evm.TU.chromosome_6.2863",-0.8,0.4,-0.5,"4","4","4","1"
"2245","Cluster_3293_evm.TU.chromosome_6.2893","Cluster_3293","evm.TU.chromosome_6.2893",0.8,-0.4,1,"1","1","1","4"
"2246","Cluster_3293_evm.TU.chromosome_6.339","Cluster_3293","evm.TU.chromosome_6.339",-0.8,0.4,-1,"4","4","4","1"
"2247","Cluster_3293_evm.TU.chromosome_6.464","Cluster_3293","evm.TU.chromosome_6.464",0.4,0.8,-1,"4","4","4","1"
"2248","Cluster_3293_evm.TU.chromosome_6.595","Cluster_3293","evm.TU.chromosome_6.595",0,-0.4,-0.5,"3","3","3","5"
"2249","Cluster_3293_evm.TU.chromosome_7.1086","Cluster_3293","evm.TU.chromosome_7.1086",0.8,-0.4,0,"2","2","2","3"
"2250","Cluster_3293_evm.TU.chromosome_7.1248","Cluster_3293","evm.TU.chromosome_7.1248",0.4,-0.8,-1,"2","2","2","3"
"2251","Cluster_3293_evm.TU.chromosome_7.128","Cluster_3293","evm.TU.chromosome_7.128",-0.737864787372622,0.8,-1,"4","4","4","1"
"2252","Cluster_3293_evm.TU.chromosome_7.1921","Cluster_3293","evm.TU.chromosome_7.1921",0.8,-0.4,-1,"2","2","2","3"
"2253","Cluster_3293_evm.TU.chromosome_7.20","Cluster_3293","evm.TU.chromosome_7.20",-0.4,-0.6,-1,"3","3","3","5"
"2254","Cluster_3293_evm.TU.chromosome_7.2056","Cluster_3293","evm.TU.chromosome_7.2056",-0.8,0.4,-1,"4","4","4","1"
"2255","Cluster_3293_evm.TU.chromosome_7.2057","Cluster_3293","evm.TU.chromosome_7.2057",-0.4,-0.8,-1,"2","2","2","3"
"2256","Cluster_3293_evm.TU.chromosome_7.2328","Cluster_3293","evm.TU.chromosome_7.2328",-0.8,0.4,-0.5,"4","4","4","1"
"2257","Cluster_3293_evm.TU.chromosome_7.2433","Cluster_3293","evm.TU.chromosome_7.2433",0,-0.8,-0.5,"2","2","2","3"
"2258","Cluster_3293_evm.TU.chromosome_7.410","Cluster_3293","evm.TU.chromosome_7.410",-0.4,0.210818510677892,0,"3","3","3","5"
"2259","Cluster_3293_evm.TU.chromosome_7.623","Cluster_3293","evm.TU.chromosome_7.623",0,0.4,-1,"4","4","4","1"
"2260","Cluster_3293_evm.TU.chromosome_7.827","Cluster_3293","evm.TU.chromosome_7.827",-0.2,0.4,-1,"4","4","4","1"
"2261","Cluster_3293_evm.TU.chromosome_7.851","Cluster_3293","evm.TU.chromosome_7.851",0.8,0.774596669241483,-0.5,"4","4","4","1"
"2262","Cluster_3293_evm.TU.chromosome_8.14","Cluster_3293","evm.TU.chromosome_8.14",0.8,0.8,-0.5,"4","4","4","1"
"2263","Cluster_3293_evm.TU.chromosome_8.1615","Cluster_3293","evm.TU.chromosome_8.1615",-0.8,0.4,-1,"4","4","4","1"
"2264","Cluster_3293_evm.TU.chromosome_8.1715","Cluster_3293","evm.TU.chromosome_8.1715",-0.8,0.316227766016838,-0.5,"4","4","4","1"
"2265","Cluster_3293_evm.TU.chromosome_8.1722","Cluster_3293","evm.TU.chromosome_8.1722",0.8,-0.2,1,"1","1","1","4"
"2266","Cluster_3293_evm.TU.chromosome_8.2333","Cluster_3293","evm.TU.chromosome_8.2333",-1,-0.4,-1,"3","3","3","5"
"2267","Cluster_3293_evm.TU.chromosome_8.2394","Cluster_3293","evm.TU.chromosome_8.2394",-0.2,0.4,1,"5","5","5","2"
"2268","Cluster_3293_evm.TU.chromosome_8.2510","Cluster_3293","evm.TU.chromosome_8.2510",-0.4,0,-0.5,"3","3","3","5"
"2269","Cluster_3293_evm.TU.chromosome_9.1254","Cluster_3293","evm.TU.chromosome_9.1254",-0.8,0.316227766016838,-1,"4","4","4","1"
"2270","Cluster_3293_evm.TU.chromosome_9.1406","Cluster_3293","evm.TU.chromosome_9.1406",1,0.2,1,"1","1","1","4"
"2271","Cluster_3293_evm.TU.chromosome_9.1443","Cluster_3293","evm.TU.chromosome_9.1443",-0.8,0.4,-0.5,"4","4","4","1"
"2272","Cluster_3293_evm.TU.chromosome_9.1524","Cluster_3293","evm.TU.chromosome_9.1524",-0.2,0.8,0.5,"5","5","5","2"
"2273","Cluster_3293_evm.TU.chromosome_9.1595","Cluster_3293","evm.TU.chromosome_9.1595",-0.4,0.2,-1,"4","4","4","1"
"2274","Cluster_3293_evm.TU.chromosome_9.1950","Cluster_3293","evm.TU.chromosome_9.1950",-0.2,-0.8,1,"1","1","1","4"
"2275","Cluster_3293_evm.TU.chromosome_9.2222","Cluster_3293","evm.TU.chromosome_9.2222",-0.4,0.8,0.5,"5","5","5","2"
"2276","Cluster_3293_evm.TU.chromosome_9.2373","Cluster_3293","evm.TU.chromosome_9.2373",-1,0.4,-0.5,"4","4","4","1"
"2277","Cluster_3293_evm.TU.chromosome_9.2375","Cluster_3293","evm.TU.chromosome_9.2375",1,0.2,-0.5,"2","2","2","3"
"2278","Cluster_3293_evm.TU.chromosome_9.2500","Cluster_3293","evm.TU.chromosome_9.2500",-0.8,0.4,-0.5,"4","4","4","1"
"2279","Cluster_3293_evm.TU.chromosome_9.2503","Cluster_3293","evm.TU.chromosome_9.2503",-0.4,0.2,-1,"4","4","4","1"
"2280","Cluster_3293_evm.TU.chromosome_9.2755","Cluster_3293","evm.TU.chromosome_9.2755",1,0.6,-1,"2","2","2","3"
"2281","Cluster_3293_evm.TU.chromosome_9.821","Cluster_3293","evm.TU.chromosome_9.821",-1,0.774596669241483,-0.866025403784439,"4","4","4","1"
"2282","Cluster_3293_evm.TU.chromosome_9.963","Cluster_3293","evm.TU.chromosome_9.963",0.8,0.2,1,"1","1","1","4"
"2283","Cluster_3293_evm.TU.chromosome_9.966","Cluster_3293","evm.TU.chromosome_9.966",0.4,-0.316227766016838,-0.5,"2","2","2","3"
"2284","Cluster_3331_evm.TU.chromosome_1.1077","Cluster_3331","evm.TU.chromosome_1.1077",0.8,-0.8,-0.5,"2","2","2","3"
"2285","Cluster_3331_evm.TU.chromosome_1.1343","Cluster_3331","evm.TU.chromosome_1.1343",-0.105409255338946,-0.4,0.5,"1","1","1","4"
"2286","Cluster_3331_evm.TU.chromosome_1.1529","Cluster_3331","evm.TU.chromosome_1.1529",0.2,0.4,0.5,"3","3","3","5"
"2287","Cluster_3331_evm.TU.chromosome_1.1650","Cluster_3331","evm.TU.chromosome_1.1650",0.8,0.6,1,"3","3","3","5"
"2288","Cluster_3331_evm.TU.chromosome_1.1845","Cluster_3331","evm.TU.chromosome_1.1845",0.4,0.4,1,"3","3","3","5"
"2289","Cluster_3331_evm.TU.chromosome_1.275","Cluster_3331","evm.TU.chromosome_1.275",-0.6,-0.4,0,"3","3","3","5"
"2290","Cluster_3331_evm.TU.chromosome_1.340","Cluster_3331","evm.TU.chromosome_1.340",0.105409255338946,0.2,0.5,"3","3","3","5"
"2291","Cluster_3331_evm.TU.chromosome_1.907","Cluster_3331","evm.TU.chromosome_1.907",-0.8,1,1,"5","5","5","2"
"2292","Cluster_3331_evm.TU.chromosome_10.1220","Cluster_3331","evm.TU.chromosome_10.1220",0.4,0.8,-1,"4","4","4","1"
"2293","Cluster_3331_evm.TU.chromosome_10.1258","Cluster_3331","evm.TU.chromosome_10.1258",0,-0.8,1,"1","1","1","4"
"2294","Cluster_3331_evm.TU.chromosome_10.1394","Cluster_3331","evm.TU.chromosome_10.1394",0.4,0.6,-1,"4","4","4","1"
"2295","Cluster_3331_evm.TU.chromosome_10.1686","Cluster_3331","evm.TU.chromosome_10.1686",0.2,0,1,"1","1","1","4"
"2296","Cluster_3331_evm.TU.chromosome_10.2037","Cluster_3331","evm.TU.chromosome_10.2037",0,-0.2,1,"1","1","1","4"
"2297","Cluster_3331_evm.TU.chromosome_10.2126","Cluster_3331","evm.TU.chromosome_10.2126",0.4,-0.2,0.5,"1","1","1","4"
"2298","Cluster_3331_evm.TU.chromosome_10.2163","Cluster_3331","evm.TU.chromosome_10.2163",-0.6,-0.8,-0.5,"3","3","3","5"
"2299","Cluster_3331_evm.TU.chromosome_10.2177","Cluster_3331","evm.TU.chromosome_10.2177",-0.2,0.4,1,"5","5","5","2"
"2300","Cluster_3331_evm.TU.chromosome_10.443","Cluster_3331","evm.TU.chromosome_10.443",0.4,0,-1,"2","2","2","3"
"2301","Cluster_3331_evm.TU.chromosome_10.918_evm.TU.chromosome_10.906","Cluster_3331","evm.TU.chromosome_10.918_evm.TU.chromosome_10.906",0.4,-0.8,-0.5,"2","2","2","3"
"2302","Cluster_3331_evm.TU.chromosome_11.1824","Cluster_3331","evm.TU.chromosome_11.1824",0.4,0.8,0.5,"3","3","3","5"
"2303","Cluster_3331_evm.TU.chromosome_11.1863","Cluster_3331","evm.TU.chromosome_11.1863",0.2,-0.8,0.5,"1","1","1","4"
"2304","Cluster_3331_evm.TU.chromosome_11.1964","Cluster_3331","evm.TU.chromosome_11.1964",0.2,0.8,1,"5","5","5","2"
"2305","Cluster_3331_evm.TU.chromosome_11.2052","Cluster_3331","evm.TU.chromosome_11.2052",0.2,-0.4,1,"1","1","1","4"
"2306","Cluster_3331_evm.TU.chromosome_11.2121","Cluster_3331","evm.TU.chromosome_11.2121",0.4,0,0.5,"3","3","3","5"
"2307","Cluster_3331_evm.TU.chromosome_11.2233","Cluster_3331","evm.TU.chromosome_11.2233",0.2,-0.6,0.5,"1","1","1","4"
"2308","Cluster_3331_evm.TU.chromosome_11.2281","Cluster_3331","evm.TU.chromosome_11.2281",1,1,1,"3","3","3","5"
"2309","Cluster_3331_evm.TU.chromosome_11.2654","Cluster_3331","evm.TU.chromosome_11.2654",0.2,-0.774596669241483,1,"1","1","1","4"
"2310","Cluster_3331_evm.TU.chromosome_11.2770","Cluster_3331","evm.TU.chromosome_11.2770",0.8,0,0,"2","2","2","3"
"2311","Cluster_3331_evm.TU.chromosome_12.1043","Cluster_3331","evm.TU.chromosome_12.1043",-0.8,0.210818510677892,0,"5","5","5","2"
"2312","Cluster_3331_evm.TU.chromosome_12.1570","Cluster_3331","evm.TU.chromosome_12.1570",-0.8,0.4,0.5,"5","5","5","2"
"2313","Cluster_3331_evm.TU.chromosome_12.1948","Cluster_3331","evm.TU.chromosome_12.1948",0,0.8,0.5,"3","3","3","5"
"2314","Cluster_3331_evm.TU.chromosome_12.2357","Cluster_3331","evm.TU.chromosome_12.2357",0.8,-0.8,1,"1","1","1","4"
"2315","Cluster_3331_evm.TU.chromosome_12.2493","Cluster_3331","evm.TU.chromosome_12.2493",-0.4,-0.4,-0.5,"3","3","3","5"
"2316","Cluster_3331_evm.TU.chromosome_12.2678","Cluster_3331","evm.TU.chromosome_12.2678",0.2,0.8,1,"5","5","5","2"
"2317","Cluster_3331_evm.TU.chromosome_12.294","Cluster_3331","evm.TU.chromosome_12.294",0.4,0,-0.5,"2","2","2","3"
"2318","Cluster_3331_evm.TU.chromosome_12.3202","Cluster_3331","evm.TU.chromosome_12.3202",0.4,-1,-1,"2","2","2","3"
"2319","Cluster_3331_evm.TU.chromosome_12.3231","Cluster_3331","evm.TU.chromosome_12.3231",0.632455532033676,-0.8,0.866025403784439,"1","1","1","4"
"2320","Cluster_3331_evm.TU.chromosome_12.3260","Cluster_3331","evm.TU.chromosome_12.3260",0.4,0.6,-0.5,"4","4","4","1"
"2321","Cluster_3331_evm.TU.chromosome_12.3261","Cluster_3331","evm.TU.chromosome_12.3261",0,0.4,0.5,"3","3","3","5"
"2322","Cluster_3331_evm.TU.chromosome_12.3312","Cluster_3331","evm.TU.chromosome_12.3312",-0.4,0.8,1,"5","5","5","2"
"2323","Cluster_3331_evm.TU.chromosome_12.335","Cluster_3331","evm.TU.chromosome_12.335",-0.6,0.948683298050514,1,"5","5","5","2"
"2324","Cluster_3331_evm.TU.chromosome_12.3353","Cluster_3331","evm.TU.chromosome_12.3353",-0.4,0.8,1,"5","5","5","2"
"2325","Cluster_3331_evm.TU.chromosome_12.3385","Cluster_3331","evm.TU.chromosome_12.3385",0.6,-0.2,0.5,"1","1","1","4"
"2326","Cluster_3331_evm.TU.chromosome_12.3386","Cluster_3331","evm.TU.chromosome_12.3386",0,0.8,-0.5,"4","4","4","1"
"2327","Cluster_3331_evm.TU.chromosome_12.3553","Cluster_3331","evm.TU.chromosome_12.3553",-0.4,-0.8,0.5,"1","1","1","4"
"2328","Cluster_3331_evm.TU.chromosome_12.3559","Cluster_3331","evm.TU.chromosome_12.3559",0.8,0.4,-0.5,"2","2","2","3"
"2329","Cluster_3331_evm.TU.chromosome_12.3663","Cluster_3331","evm.TU.chromosome_12.3663",-0.8,0,0.5,"5","5","5","2"
"2330","Cluster_3331_evm.TU.chromosome_12.368","Cluster_3331","evm.TU.chromosome_12.368",-0.8,0.6,0.5,"5","5","5","2"
"2331","Cluster_3331_evm.TU.chromosome_12.3787","Cluster_3331","evm.TU.chromosome_12.3787",0.4,1,1,"3","3","3","5"
"2332","Cluster_3331_evm.TU.chromosome_12.3881","Cluster_3331","evm.TU.chromosome_12.3881",0.8,0.8,1,"3","3","3","5"
"2333","Cluster_3331_evm.TU.chromosome_12.3921","Cluster_3331","evm.TU.chromosome_12.3921",-0.8,-0.8,0.5,"1","1","1","4"
"2334","Cluster_3331_evm.TU.chromosome_12.500","Cluster_3331","evm.TU.chromosome_12.500",0.8,0.6,1,"3","3","3","5"
"2335","Cluster_3331_evm.TU.chromosome_12.662","Cluster_3331","evm.TU.chromosome_12.662",0.8,0.6,-1,"2","2","2","3"
"2336","Cluster_3331_evm.TU.chromosome_13.1132","Cluster_3331","evm.TU.chromosome_13.1132",0.2,-0.4,-1,"2","2","2","3"
"2337","Cluster_3331_evm.TU.chromosome_13.125","Cluster_3331","evm.TU.chromosome_13.125",0.2,0.8,0.5,"3","3","3","5"
"2338","Cluster_3331_evm.TU.chromosome_13.15","Cluster_3331","evm.TU.chromosome_13.15",-0.4,-1,-0.5,"1","1","1","4"
"2339","Cluster_3331_evm.TU.chromosome_13.1523","Cluster_3331","evm.TU.chromosome_13.1523",-0.4,0.8,1,"5","5","5","2"
"2340","Cluster_3331_evm.TU.chromosome_13.1689","Cluster_3331","evm.TU.chromosome_13.1689",0.4,-0.6,0.5,"1","1","1","4"
"2341","Cluster_3331_evm.TU.chromosome_13.1989","Cluster_3331","evm.TU.chromosome_13.1989",-0.4,-0.6,-1,"3","3","3","5"
"2342","Cluster_3331_evm.TU.chromosome_13.1992","Cluster_3331","evm.TU.chromosome_13.1992",-0.2,-0.2,1,"1","1","1","4"
"2343","Cluster_3331_evm.TU.chromosome_13.2657","Cluster_3331","evm.TU.chromosome_13.2657",-0.4,0.4,0.5,"5","5","5","2"
"2344","Cluster_3331_evm.TU.chromosome_13.3031","Cluster_3331","evm.TU.chromosome_13.3031",0.2,0.737864787372622,1,"5","5","5","2"
"2345","Cluster_3331_evm.TU.chromosome_13.340","Cluster_3331","evm.TU.chromosome_13.340",-0.4,0.8,1,"5","5","5","2"
"2346","Cluster_3331_evm.TU.chromosome_13.3481","Cluster_3331","evm.TU.chromosome_13.3481",0.4,0,1,"1","1","1","4"
"2347","Cluster_3331_evm.TU.chromosome_13.3485","Cluster_3331","evm.TU.chromosome_13.3485",0.2,0,-1,"2","2","2","3"
"2348","Cluster_3331_evm.TU.chromosome_13.3498","Cluster_3331","evm.TU.chromosome_13.3498",0.632455532033676,0.737864787372622,0.5,"3","3","3","5"
"2349","Cluster_3331_evm.TU.chromosome_13.3532","Cluster_3331","evm.TU.chromosome_13.3532",-0.2,1,1,"5","5","5","2"
"2350","Cluster_3331_evm.TU.chromosome_13.3706","Cluster_3331","evm.TU.chromosome_13.3706",-0.2,0.8,-1,"4","4","4","1"
"2351","Cluster_3331_evm.TU.chromosome_13.3735","Cluster_3331","evm.TU.chromosome_13.3735",0.8,-0.4,-0.5,"2","2","2","3"
"2352","Cluster_3331_evm.TU.chromosome_13.3939","Cluster_3331","evm.TU.chromosome_13.3939",-0.8,-0.4,-0.5,"3","3","3","5"
"2353","Cluster_3331_evm.TU.chromosome_13.3995","Cluster_3331","evm.TU.chromosome_13.3995",0.2,1,0.5,"3","3","3","5"
"2354","Cluster_3331_evm.TU.chromosome_13.4012","Cluster_3331","evm.TU.chromosome_13.4012",0.4,0.8,1,"3","3","3","5"
"2355","Cluster_3331_evm.TU.chromosome_13.4176","Cluster_3331","evm.TU.chromosome_13.4176",-0.4,0.8,-0.5,"4","4","4","1"
"2356","Cluster_3331_evm.TU.chromosome_13.56","Cluster_3331","evm.TU.chromosome_13.56",0.8,0,-0.5,"2","2","2","3"
"2357","Cluster_3331_evm.TU.chromosome_13.599","Cluster_3331","evm.TU.chromosome_13.599",-0.6,0.4,1,"5","5","5","2"
"2358","Cluster_3331_evm.TU.chromosome_13.670","Cluster_3331","evm.TU.chromosome_13.670",1,-1,-0.5,"2","2","2","3"
"2359","Cluster_3331_evm.TU.chromosome_13.920","Cluster_3331","evm.TU.chromosome_13.920",0.8,0.737864787372622,1,"3","3","3","5"
"2360","Cluster_3331_evm.TU.chromosome_14.1404","Cluster_3331","evm.TU.chromosome_14.1404",0,0.6,0.5,"3","3","3","5"
"2361","Cluster_3331_evm.TU.chromosome_14.1620","Cluster_3331","evm.TU.chromosome_14.1620",0.8,0.316227766016838,0.5,"3","3","3","5"
"2362","Cluster_3331_evm.TU.chromosome_14.1662","Cluster_3331","evm.TU.chromosome_14.1662",0.8,0,0,"2","2","2","3"
"2363","Cluster_3331_evm.TU.chromosome_14.1682","Cluster_3331","evm.TU.chromosome_14.1682",-0.8,0.6,1,"5","5","5","2"
"2364","Cluster_3331_evm.TU.chromosome_14.1748","Cluster_3331","evm.TU.chromosome_14.1748",-0.2,0.737864787372622,1,"5","5","5","2"
"2365","Cluster_3331_evm.TU.chromosome_14.1781","Cluster_3331","evm.TU.chromosome_14.1781",0.2,0.948683298050514,0.5,"3","3","3","5"
"2366","Cluster_3331_evm.TU.chromosome_14.1806","Cluster_3331","evm.TU.chromosome_14.1806",-0.6,0.4,1,"5","5","5","2"
"2367","Cluster_3331_evm.TU.chromosome_14.3184","Cluster_3331","evm.TU.chromosome_14.3184",0.632455532033676,0.948683298050514,0,"4","4","4","1"
"2368","Cluster_3331_evm.TU.chromosome_14.3530","Cluster_3331","evm.TU.chromosome_14.3530",0,0,1,"1","1","1","4"
"2369","Cluster_3331_evm.TU.chromosome_14.4082","Cluster_3331","evm.TU.chromosome_14.4082",0.2,-0.8,-1,"2","2","2","3"
"2370","Cluster_3331_evm.TU.chromosome_14.4731","Cluster_3331","evm.TU.chromosome_14.4731",-0.6,-0.4,1,"5","5","5","2"
"2371","Cluster_3331_evm.TU.chromosome_14.5096","Cluster_3331","evm.TU.chromosome_14.5096",-0.2,0.4,-1,"4","4","4","1"
"2372","Cluster_3331_evm.TU.chromosome_14.5100","Cluster_3331","evm.TU.chromosome_14.5100",1,1,1,"3","3","3","5"
"2373","Cluster_3331_evm.TU.chromosome_14.5295","Cluster_3331","evm.TU.chromosome_14.5295",0,0.4,-1,"4","4","4","1"
"2374","Cluster_3331_evm.TU.chromosome_14.5395","Cluster_3331","evm.TU.chromosome_14.5395",0.2,0.4,0,"3","3","3","5"
"2375","Cluster_3331_evm.TU.chromosome_14.5641","Cluster_3331","evm.TU.chromosome_14.5641",-0.4,0.8,0.5,"5","5","5","2"
"2376","Cluster_3331_evm.TU.chromosome_14.5700","Cluster_3331","evm.TU.chromosome_14.5700",0.4,0.8,1,"3","3","3","5"
"2377","Cluster_3331_evm.TU.chromosome_14.616","Cluster_3331","evm.TU.chromosome_14.616",0.8,0,1,"1","1","1","4"
"2378","Cluster_3331_evm.TU.chromosome_14.6208","Cluster_3331","evm.TU.chromosome_14.6208",0.2,-0.8,0.5,"1","1","1","4"
"2379","Cluster_3331_evm.TU.chromosome_14.6221","Cluster_3331","evm.TU.chromosome_14.6221",-0.4,-0.4,1,"1","1","1","4"
"2380","Cluster_3331_evm.TU.chromosome_14.6356","Cluster_3331","evm.TU.chromosome_14.6356",0,0.2,-0.5,"4","4","4","1"
"2381","Cluster_3331_evm.TU.chromosome_14.6776","Cluster_3331","evm.TU.chromosome_14.6776",-0.4,1,1,"5","5","5","2"
"2382","Cluster_3331_evm.TU.chromosome_14.6860","Cluster_3331","evm.TU.chromosome_14.6860",1,0.2,1,"1","1","1","4"
"2383","Cluster_3331_evm.TU.chromosome_14.728","Cluster_3331","evm.TU.chromosome_14.728",0.8,-0.2,0.5,"1","1","1","4"
"2384","Cluster_3331_evm.TU.chromosome_14.813","Cluster_3331","evm.TU.chromosome_14.813",0.4,-1,-0.5,"2","2","2","3"
"2385","Cluster_3331_evm.TU.chromosome_14.959","Cluster_3331","evm.TU.chromosome_14.959",0.8,0.8,1,"3","3","3","5"
"2386","Cluster_3331_evm.TU.chromosome_2.1010","Cluster_3331","evm.TU.chromosome_2.1010",-0.6,-0.6,1,"1","1","1","4"
"2387","Cluster_3331_evm.TU.chromosome_2.515","Cluster_3331","evm.TU.chromosome_2.515",0,0.4,0.5,"3","3","3","5"
"2388","Cluster_3331_evm.TU.chromosome_2.626","Cluster_3331","evm.TU.chromosome_2.626",-0.2,-0.210818510677892,0.5,"1","1","1","4"
"2389","Cluster_3331_evm.TU.chromosome_2.666","Cluster_3331","evm.TU.chromosome_2.666",-0.2,0.8,1,"5","5","5","2"
"2390","Cluster_3331_evm.TU.chromosome_2.81","Cluster_3331","evm.TU.chromosome_2.81",-0.4,-0.8,-0.5,"3","3","3","5"
"2391","Cluster_3331_evm.TU.chromosome_2.842","Cluster_3331","evm.TU.chromosome_2.842",-1,0,-0.5,"3","3","3","5"
"2392","Cluster_3331_evm.TU.chromosome_2.981","Cluster_3331","evm.TU.chromosome_2.981",0.4,-0.4,1,"1","1","1","4"
"2393","Cluster_3331_evm.TU.chromosome_3.1290","Cluster_3331","evm.TU.chromosome_3.1290",-0.8,-0.8,-1,"3","3","3","5"
"2394","Cluster_3331_evm.TU.chromosome_3.1667","Cluster_3331","evm.TU.chromosome_3.1667",-0.2,0.948683298050514,0.5,"5","5","5","2"
"2395","Cluster_3331_evm.TU.chromosome_3.182","Cluster_3331","evm.TU.chromosome_3.182",0.948683298050514,0.258198889747161,0.5,"2","2","2","3"
"2396","Cluster_3331_evm.TU.chromosome_3.1852","Cluster_3331","evm.TU.chromosome_3.1852",-0.4,-0.8,-1,"2","2","2","3"
"2397","Cluster_3331_evm.TU.chromosome_3.891","Cluster_3331","evm.TU.chromosome_3.891",0.2,0,0.5,"3","3","3","5"
"2398","Cluster_3331_evm.TU.chromosome_4.1190","Cluster_3331","evm.TU.chromosome_4.1190",-0.8,-0.4,-1,"3","3","3","5"
"2399","Cluster_3331_evm.TU.chromosome_4.132","Cluster_3331","evm.TU.chromosome_4.132",-0.258198889747161,-0.6,0.5,"1","1","1","4"
"2400","Cluster_3331_evm.TU.chromosome_4.166","Cluster_3331","evm.TU.chromosome_4.166",0.8,0,1,"1","1","1","4"
"2401","Cluster_3331_evm.TU.chromosome_4.1848","Cluster_3331","evm.TU.chromosome_4.1848",0.4,0.774596669241483,-0.5,"4","4","4","1"
"2402","Cluster_3331_evm.TU.chromosome_4.2017","Cluster_3331","evm.TU.chromosome_4.2017",-0.4,0.8,-0.5,"4","4","4","1"
"2403","Cluster_3331_evm.TU.chromosome_4.2250","Cluster_3331","evm.TU.chromosome_4.2250",0.258198889747161,0.8,0,"4","4","4","1"
"2404","Cluster_3331_evm.TU.chromosome_4.2510","Cluster_3331","evm.TU.chromosome_4.2510",0.4,-0.6,-1,"2","2","2","3"
"2405","Cluster_3331_evm.TU.chromosome_4.279","Cluster_3331","evm.TU.chromosome_4.279",0.8,0.6,0.5,"3","3","3","5"
"2406","Cluster_3331_evm.TU.chromosome_4.500","Cluster_3331","evm.TU.chromosome_4.500",0.4,-0.8,-1,"2","2","2","3"
"2407","Cluster_3331_evm.TU.chromosome_4.685","Cluster_3331","evm.TU.chromosome_4.685",-0.4,0.4,-1,"4","4","4","1"
"2408","Cluster_3331_evm.TU.chromosome_4.935","Cluster_3331","evm.TU.chromosome_4.935",-0.2,0.8,1,"5","5","5","2"
"2409","Cluster_3331_evm.TU.chromosome_5.1218","Cluster_3331","evm.TU.chromosome_5.1218",-0.8,0.8,1,"5","5","5","2"
"2410","Cluster_3331_evm.TU.chromosome_5.1385","Cluster_3331","evm.TU.chromosome_5.1385",0.8,0.6,-0.5,"2","2","2","3"
"2411","Cluster_3331_evm.TU.chromosome_5.1491","Cluster_3331","evm.TU.chromosome_5.1491",-0.8,-0.8,1,"1","1","1","4"
"2412","Cluster_3331_evm.TU.chromosome_5.1575","Cluster_3331","evm.TU.chromosome_5.1575",-0.4,0.2,0.5,"5","5","5","2"
"2413","Cluster_3331_evm.TU.chromosome_5.1684","Cluster_3331","evm.TU.chromosome_5.1684",-0.8,-0.4,-1,"3","3","3","5"
"2414","Cluster_3331_evm.TU.chromosome_5.1732","Cluster_3331","evm.TU.chromosome_5.1732",-0.4,-1,0.5,"1","1","1","4"
"2415","Cluster_3331_evm.TU.chromosome_5.1754","Cluster_3331","evm.TU.chromosome_5.1754",0.4,-0.4,1,"1","1","1","4"
"2416","Cluster_3331_evm.TU.chromosome_5.2210","Cluster_3331","evm.TU.chromosome_5.2210",0.2,0.4,1,"5","5","5","2"
"2417","Cluster_3331_evm.TU.chromosome_5.2393","Cluster_3331","evm.TU.chromosome_5.2393",-1,-0.4,0.5,"5","5","5","2"
"2418","Cluster_3331_evm.TU.chromosome_5.2488","Cluster_3331","evm.TU.chromosome_5.2488",-0.4,0.258198889747161,1,"5","5","5","2"
"2419","Cluster_3331_evm.TU.chromosome_5.2516","Cluster_3331","evm.TU.chromosome_5.2516",-0.4,1,1,"5","5","5","2"
"2420","Cluster_3331_evm.TU.chromosome_5.2597","Cluster_3331","evm.TU.chromosome_5.2597",-0.4,0.4,0.866025403784439,"5","5","5","2"
"2421","Cluster_3331_evm.TU.chromosome_5.2795","Cluster_3331","evm.TU.chromosome_5.2795",-0.737864787372622,-0.6,-0.5,"3","3","3","5"
"2422","Cluster_3331_evm.TU.chromosome_5.502","Cluster_3331","evm.TU.chromosome_5.502",-0.4,-0.2,0.5,"5","5","5","2"
"2423","Cluster_3331_evm.TU.chromosome_5.662","Cluster_3331","evm.TU.chromosome_5.662",-0.8,0.4,0,"5","5","5","2"
"2424","Cluster_3331_evm.TU.chromosome_6.1092","Cluster_3331","evm.TU.chromosome_6.1092",-1,0.737864787372622,0,"5","5","5","2"
"2425","Cluster_3331_evm.TU.chromosome_6.1096","Cluster_3331","evm.TU.chromosome_6.1096",-0.4,0.8,1,"5","5","5","2"
"2426","Cluster_3331_evm.TU.chromosome_6.115","Cluster_3331","evm.TU.chromosome_6.115",0.4,-0.2,-0.5,"2","2","2","3"
"2427","Cluster_3331_evm.TU.chromosome_6.1164","Cluster_3331","evm.TU.chromosome_6.1164",0.8,-0.210818510677892,0,"2","2","2","3"
"2428","Cluster_3331_evm.TU.chromosome_6.117","Cluster_3331","evm.TU.chromosome_6.117",-0.2,0.4,1,"5","5","5","2"
"2429","Cluster_3331_evm.TU.chromosome_6.1218","Cluster_3331","evm.TU.chromosome_6.1218",0.2,-0.774596669241483,0.5,"1","1","1","4"
"2430","Cluster_3331_evm.TU.chromosome_6.1598","Cluster_3331","evm.TU.chromosome_6.1598",0.2,0,1,"1","1","1","4"
"2431","Cluster_3331_evm.TU.chromosome_6.1643","Cluster_3331","evm.TU.chromosome_6.1643",-0.8,-0.8,1,"1","1","1","4"
"2432","Cluster_3331_evm.TU.chromosome_6.1772","Cluster_3331","evm.TU.chromosome_6.1772",-0.632455532033676,-0.105409255338946,1,"5","5","5","2"
"2433","Cluster_3331_evm.TU.chromosome_6.1941","Cluster_3331","evm.TU.chromosome_6.1941",-0.4,0.8,-0.5,"4","4","4","1"
"2434","Cluster_3331_evm.TU.chromosome_6.239","Cluster_3331","evm.TU.chromosome_6.239",1,1,1,"3","3","3","5"
"2435","Cluster_3331_evm.TU.chromosome_6.2476","Cluster_3331","evm.TU.chromosome_6.2476",0.4,0.8,-0.5,"4","4","4","1"
"2436","Cluster_3331_evm.TU.chromosome_6.2588","Cluster_3331","evm.TU.chromosome_6.2588",-0.8,0.6,1,"5","5","5","2"
"2437","Cluster_3331_evm.TU.chromosome_6.2954","Cluster_3331","evm.TU.chromosome_6.2954",0.632455532033676,0.774596669241483,0,"4","4","4","1"
"2438","Cluster_3331_evm.TU.chromosome_6.400","Cluster_3331","evm.TU.chromosome_6.400",-0.8,0.2,1,"5","5","5","2"
"2439","Cluster_3331_evm.TU.chromosome_6.575","Cluster_3331","evm.TU.chromosome_6.575",0,0,0.5,"3","3","3","5"
"2440","Cluster_3331_evm.TU.chromosome_6.610","Cluster_3331","evm.TU.chromosome_6.610",-0.4,0.2,0.5,"5","5","5","2"
"2441","Cluster_3331_evm.TU.chromosome_6.651","Cluster_3331","evm.TU.chromosome_6.651",-0.105409255338946,-0.8,1,"1","1","1","4"
"2442","Cluster_3331_evm.TU.chromosome_6.884","Cluster_3331","evm.TU.chromosome_6.884",0.774596669241483,0.774596669241483,0,"4","4","4","1"
"2443","Cluster_3331_evm.TU.chromosome_7.1449","Cluster_3331","evm.TU.chromosome_7.1449",-0.8,0.632455532033676,0.866025403784439,"5","5","5","2"
"2444","Cluster_3331_evm.TU.chromosome_7.1732","Cluster_3331","evm.TU.chromosome_7.1732",-0.948683298050514,0.737864787372622,0.866025403784439,"5","5","5","2"
"2445","Cluster_3331_evm.TU.chromosome_7.1739","Cluster_3331","evm.TU.chromosome_7.1739",0.8,1,1,"3","3","3","5"
"2446","Cluster_3331_evm.TU.chromosome_7.202","Cluster_3331","evm.TU.chromosome_7.202",1,0.2,0.5,"2","2","2","3"
"2447","Cluster_3331_evm.TU.chromosome_7.203","Cluster_3331","evm.TU.chromosome_7.203",0.4,-0.4,-0.5,"2","2","2","3"
"2448","Cluster_3331_evm.TU.chromosome_7.2352","Cluster_3331","evm.TU.chromosome_7.2352",0.8,-0.4,0.5,"1","1","1","4"
"2449","Cluster_3331_evm.TU.chromosome_7.2389","Cluster_3331","evm.TU.chromosome_7.2389",0,0.4,0.5,"3","3","3","5"
"2450","Cluster_3331_evm.TU.chromosome_7.244","Cluster_3331","evm.TU.chromosome_7.244",-0.8,-0.8,-1,"3","3","3","5"
"2451","Cluster_3331_evm.TU.chromosome_7.2463","Cluster_3331","evm.TU.chromosome_7.2463",-0.2,0.948683298050514,1,"5","5","5","2"
"2452","Cluster_3331_evm.TU.chromosome_7.255","Cluster_3331","evm.TU.chromosome_7.255",-0.4,1,0.5,"5","5","5","2"
"2453","Cluster_3331_evm.TU.chromosome_7.2793","Cluster_3331","evm.TU.chromosome_7.2793",-0.6,-0.2,0.5,"5","5","5","2"
"2454","Cluster_3331_evm.TU.chromosome_7.301","Cluster_3331","evm.TU.chromosome_7.301",0.8,0.4,-0.5,"2","2","2","3"
"2455","Cluster_3331_evm.TU.chromosome_7.39","Cluster_3331","evm.TU.chromosome_7.39",-1,-0.6,0.5,"5","5","5","2"
"2456","Cluster_3331_evm.TU.chromosome_7.439","Cluster_3331","evm.TU.chromosome_7.439",0.2,0.8,-0.5,"4","4","4","1"
"2457","Cluster_3331_evm.TU.chromosome_7.460","Cluster_3331","evm.TU.chromosome_7.460",-0.4,0.6,1,"5","5","5","2"
"2458","Cluster_3331_evm.TU.chromosome_7.94","Cluster_3331","evm.TU.chromosome_7.94",0.2,0.737864787372622,1,"5","5","5","2"
"2459","Cluster_3331_evm.TU.chromosome_7.969","Cluster_3331","evm.TU.chromosome_7.969",0.4,0.8,-0.5,"4","4","4","1"
"2460","Cluster_3331_evm.TU.chromosome_8.1127","Cluster_3331","evm.TU.chromosome_8.1127",0.4,-0.4,-1,"2","2","2","3"
"2461","Cluster_3331_evm.TU.chromosome_8.1400","Cluster_3331","evm.TU.chromosome_8.1400",-0.2,0.4,1,"5","5","5","2"
"2462","Cluster_3331_evm.TU.chromosome_8.1422","Cluster_3331","evm.TU.chromosome_8.1422",0.632455532033676,0.4,0.5,"3","3","3","5"
"2463","Cluster_3331_evm.TU.chromosome_8.1427","Cluster_3331","evm.TU.chromosome_8.1427",0.2,0.4,0.5,"3","3","3","5"
"2464","Cluster_3331_evm.TU.chromosome_8.1430","Cluster_3331","evm.TU.chromosome_8.1430",-0.316227766016838,0.948683298050514,1,"5","5","5","2"
"2465","Cluster_3331_evm.TU.chromosome_8.1433","Cluster_3331","evm.TU.chromosome_8.1433",0.2,0.6,0.5,"3","3","3","5"
"2466","Cluster_3331_evm.TU.chromosome_8.1585","Cluster_3331","evm.TU.chromosome_8.1585",-0.2,0.8,-1,"4","4","4","1"
"2467","Cluster_3331_evm.TU.chromosome_8.1735","Cluster_3331","evm.TU.chromosome_8.1735",-0.2,0.4,0.5,"5","5","5","2"
"2468","Cluster_3331_evm.TU.chromosome_8.2069","Cluster_3331","evm.TU.chromosome_8.2069",-0.8,-0.6,0.5,"5","5","5","2"
"2469","Cluster_3331_evm.TU.chromosome_8.2581","Cluster_3331","evm.TU.chromosome_8.2581",0.2,-0.2,1,"1","1","1","4"
"2470","Cluster_3331_evm.TU.chromosome_8.259","Cluster_3331","evm.TU.chromosome_8.259",0.6,0.4,0.5,"3","3","3","5"
"2471","Cluster_3331_evm.TU.chromosome_8.384","Cluster_3331","evm.TU.chromosome_8.384",-0.8,0,-0.5,"3","3","3","5"
"2472","Cluster_3331_evm.TU.chromosome_8.423","Cluster_3331","evm.TU.chromosome_8.423",-0.632455532033676,-0.774596669241483,0,"1","1","1","4"
"2473","Cluster_3331_evm.TU.chromosome_8.501","Cluster_3331","evm.TU.chromosome_8.501",0.4,0.4,0.5,"3","3","3","5"
"2474","Cluster_3331_evm.TU.chromosome_8.975","Cluster_3331","evm.TU.chromosome_8.975",-0.2,0.8,1,"5","5","5","2"
"2475","Cluster_3331_evm.TU.chromosome_9.1216","Cluster_3331","evm.TU.chromosome_9.1216",0.2,-0.8,-0.5,"2","2","2","3"
"2476","Cluster_3331_evm.TU.chromosome_9.1294","Cluster_3331","evm.TU.chromosome_9.1294",0.8,-0.2,1,"1","1","1","4"
"2477","Cluster_3331_evm.TU.chromosome_9.2066","Cluster_3331","evm.TU.chromosome_9.2066",0.2,0.8,0.5,"3","3","3","5"
"2478","Cluster_3331_evm.TU.chromosome_9.2097","Cluster_3331","evm.TU.chromosome_9.2097",0.210818510677892,0.4,1,"5","5","5","2"
"2479","Cluster_3331_evm.TU.chromosome_9.2154","Cluster_3331","evm.TU.chromosome_9.2154",0.8,-0.4,-0.5,"2","2","2","3"
"2480","Cluster_3331_evm.TU.chromosome_9.2462","Cluster_3331","evm.TU.chromosome_9.2462",0.6,-0.8,1,"1","1","1","4"
"2481","Cluster_3331_evm.TU.chromosome_9.2516","Cluster_3331","evm.TU.chromosome_9.2516",-0.8,0.4,1,"5","5","5","2"
"2482","Cluster_3331_evm.TU.chromosome_9.2807","Cluster_3331","evm.TU.chromosome_9.2807",1,0.8,0.5,"3","3","3","5"
"2483","Cluster_3331_evm.TU.chromosome_9.2825","Cluster_3331","evm.TU.chromosome_9.2825",-0.6,-0.8,0.5,"1","1","1","4"
"2484","Cluster_3331_evm.TU.chromosome_9.2837","Cluster_3331","evm.TU.chromosome_9.2837",-0.4,-0.8,-1,"2","2","2","3"
"2485","Cluster_3331_evm.TU.chromosome_9.555","Cluster_3331","evm.TU.chromosome_9.555",-0.4,0.4,-0.5,"4","4","4","1"
"2486","Cluster_3331_evm.TU.chromosome_9.6","Cluster_3331","evm.TU.chromosome_9.6",0.2,-0.4,0.5,"1","1","1","4"
"2487","Cluster_3331_evm.TU.chromosome_9.62","Cluster_3331","evm.TU.chromosome_9.62",0.4,1,1,"3","3","3","5"
"2488","Cluster_3331_evm.TU.chromosome_9.692","Cluster_3331","evm.TU.chromosome_9.692",-1,-0.8,-0.5,"3","3","3","5"
"2489","Cluster_3331_evm.TU.chromosome_9.713","Cluster_3331","evm.TU.chromosome_9.713",-0.6,-0.8,-0.5,"3","3","3","5"
"2490","Cluster_3331_evm.TU.chromosome_9.89","Cluster_3331","evm.TU.chromosome_9.89",0.2,1,0.5,"3","3","3","5"
"2491","Cluster_3331_evm.TU.chromosome_9.948","Cluster_3331","evm.TU.chromosome_9.948",-0.2,0.8,1,"5","5","5","2"
"2492","Cluster_3337_evm.TU.chromosome_1.1343","Cluster_3337","evm.TU.chromosome_1.1343",-0.544331053951817,-0.4,-0.866025403784439,"3","3","3","5"
"2493","Cluster_3337_evm.TU.chromosome_13.3498","Cluster_3337","evm.TU.chromosome_13.3498",-0.544331053951817,0.737864787372622,-0.866025403784439,"4","4","4","1"
"2494","Cluster_3337_evm.TU.chromosome_14.3184","Cluster_3337","evm.TU.chromosome_14.3184",-0.544331053951817,0.948683298050514,-0.5,"4","4","4","1"
"2495","Cluster_3337_evm.TU.chromosome_14.5395","Cluster_3337","evm.TU.chromosome_14.5395",-0.774596669241483,0.4,-0.5,"4","4","4","1"
"2496","Cluster_3337_evm.TU.chromosome_14.6208","Cluster_3337","evm.TU.chromosome_14.6208",-0.774596669241483,-0.8,-0.866025403784439,"3","3","3","5"
"2497","Cluster_3337_evm.TU.chromosome_4.132","Cluster_3337","evm.TU.chromosome_4.132",-0.333333333333333,-0.6,-0.866025403784439,"3","3","3","5"
"2498","Cluster_3337_evm.TU.chromosome_4.2250","Cluster_3337","evm.TU.chromosome_4.2250",-0.333333333333333,0.8,-0.5,"4","4","4","1"
"2499","Cluster_3337_evm.TU.chromosome_5.2795","Cluster_3337","evm.TU.chromosome_5.2795",0.272165526975909,-0.6,0.866025403784439,"1","1","1","4"
"2500","Cluster_3337_evm.TU.chromosome_6.1092","Cluster_3337","evm.TU.chromosome_6.1092",0.774596669241483,0.737864787372622,-0.5,"4","4","4","1"
"2501","Cluster_3337_evm.TU.chromosome_6.2954","Cluster_3337","evm.TU.chromosome_6.2954",-0.544331053951817,0.774596669241483,-0.5,"4","4","4","1"
"2502","Cluster_3337_evm.TU.chromosome_6.651","Cluster_3337","evm.TU.chromosome_6.651",-0.544331053951817,-0.8,-0.866025403784439,"3","3","3","5"
"2503","Cluster_3337_evm.TU.chromosome_6.884","Cluster_3337","evm.TU.chromosome_6.884",-0.333333333333333,0.774596669241483,-0.5,"4","4","4","1"
"2504","Cluster_3337_evm.TU.chromosome_7.1732","Cluster_3337","evm.TU.chromosome_7.1732",0.816496580927726,0.737864787372622,-0.5,"4","4","4","1"
"2505","Cluster_3337_evm.TU.chromosome_7.2463","Cluster_3337","evm.TU.chromosome_7.2463",0.774596669241483,0.948683298050514,-0.866025403784439,"4","4","4","1"
"2506","Cluster_3337_evm.TU.chromosome_7.94","Cluster_3337","evm.TU.chromosome_7.94",-0.774596669241483,0.737864787372622,-0.866025403784439,"4","4","4","1"
"2507","Cluster_3337_evm.TU.chromosome_8.1422","Cluster_3337","evm.TU.chromosome_8.1422",-0.544331053951817,0.4,-0.866025403784439,"4","4","4","1"
"2508","Cluster_3337_evm.TU.chromosome_8.423","Cluster_3337","evm.TU.chromosome_8.423",0.816496580927726,-0.774596669241483,-0.5,"2","2","2","3"
"2509","Cluster_3337_evm.TU.chromosome_9.2097","Cluster_3337","evm.TU.chromosome_9.2097",-0.544331053951817,0.4,-0.866025403784439,"4","4","4","1"
"2510","Cluster_3338_evm.TU.chromosome_1.1343","Cluster_3338","evm.TU.chromosome_1.1343",-0.544331053951817,-0.4,-0.866025403784439,"3","3","3","5"
"2511","Cluster_3338_evm.TU.chromosome_12.335","Cluster_3338","evm.TU.chromosome_12.335",0.258198889747161,0.948683298050514,-0.866025403784439,"4","4","4","1"
"2512","Cluster_3338_evm.TU.chromosome_13.3498","Cluster_3338","evm.TU.chromosome_13.3498",-0.544331053951817,0.737864787372622,-0.866025403784439,"4","4","4","1"
"2513","Cluster_3338_evm.TU.chromosome_14.3184","Cluster_3338","evm.TU.chromosome_14.3184",-0.544331053951817,0.948683298050514,-0.5,"4","4","4","1"
"2514","Cluster_3338_evm.TU.chromosome_14.5395","Cluster_3338","evm.TU.chromosome_14.5395",-0.774596669241483,0.4,-0.5,"4","4","4","1"
"2515","Cluster_3338_evm.TU.chromosome_14.6208","Cluster_3338","evm.TU.chromosome_14.6208",-0.774596669241483,-0.8,-0.866025403784439,"3","3","3","5"
"2516","Cluster_3338_evm.TU.chromosome_4.132","Cluster_3338","evm.TU.chromosome_4.132",-0.333333333333333,-0.6,-0.866025403784439,"3","3","3","5"
"2517","Cluster_3338_evm.TU.chromosome_4.2250","Cluster_3338","evm.TU.chromosome_4.2250",-0.333333333333333,0.8,-0.5,"4","4","4","1"
"2518","Cluster_3338_evm.TU.chromosome_5.2795","Cluster_3338","evm.TU.chromosome_5.2795",0.272165526975909,-0.6,0.866025403784439,"1","1","1","4"
"2519","Cluster_3338_evm.TU.chromosome_6.1092","Cluster_3338","evm.TU.chromosome_6.1092",0.774596669241483,0.737864787372622,-0.5,"4","4","4","1"
"2520","Cluster_3338_evm.TU.chromosome_6.2954","Cluster_3338","evm.TU.chromosome_6.2954",-0.544331053951817,0.774596669241483,-0.5,"4","4","4","1"
"2521","Cluster_3338_evm.TU.chromosome_6.651","Cluster_3338","evm.TU.chromosome_6.651",-0.544331053951817,-0.8,-0.866025403784439,"3","3","3","5"
"2522","Cluster_3338_evm.TU.chromosome_6.884","Cluster_3338","evm.TU.chromosome_6.884",-0.333333333333333,0.774596669241483,-0.5,"4","4","4","1"
"2523","Cluster_3338_evm.TU.chromosome_7.1732","Cluster_3338","evm.TU.chromosome_7.1732",0.816496580927726,0.737864787372622,-0.5,"4","4","4","1"
"2524","Cluster_3338_evm.TU.chromosome_7.2463","Cluster_3338","evm.TU.chromosome_7.2463",0.774596669241483,0.948683298050514,-0.866025403784439,"4","4","4","1"
"2525","Cluster_3338_evm.TU.chromosome_7.94","Cluster_3338","evm.TU.chromosome_7.94",-0.774596669241483,0.737864787372622,-0.866025403784439,"4","4","4","1"
"2526","Cluster_3338_evm.TU.chromosome_8.1422","Cluster_3338","evm.TU.chromosome_8.1422",-0.544331053951817,0.4,-0.866025403784439,"4","4","4","1"
"2527","Cluster_3338_evm.TU.chromosome_8.423","Cluster_3338","evm.TU.chromosome_8.423",0.816496580927726,-0.774596669241483,-0.5,"2","2","2","3"
"2528","Cluster_3338_evm.TU.chromosome_9.2097","Cluster_3338","evm.TU.chromosome_9.2097",-0.544331053951817,0.4,-0.866025403784439,"4","4","4","1"
"2529","Cluster_3406_evm.TU.chromosome_1.1119","Cluster_3406","evm.TU.chromosome_1.1119",0.105409255338946,-0.737864787372622,0.866025403784439,"1","1","1","4"
"2530","Cluster_3406_evm.TU.chromosome_1.1635","Cluster_3406","evm.TU.chromosome_1.1635",-0.4,0.4,-0.5,"4","4","4","1"
"2531","Cluster_3406_evm.TU.chromosome_1.1790","Cluster_3406","evm.TU.chromosome_1.1790",-0.4,0.774596669241483,-0.5,"4","4","4","1"
"2532","Cluster_3406_evm.TU.chromosome_1.469","Cluster_3406","evm.TU.chromosome_1.469",-0.8,-0.8,0.5,"1","1","1","4"
"2533","Cluster_3406_evm.TU.chromosome_10.1177","Cluster_3406","evm.TU.chromosome_10.1177",-0.2,-0.210818510677892,0.5,"1","1","1","4"
"2534","Cluster_3406_evm.TU.chromosome_10.1185","Cluster_3406","evm.TU.chromosome_10.1185",0.105409255338946,-0.948683298050514,-0.5,"2","2","2","3"
"2535","Cluster_3406_evm.TU.chromosome_10.2043","Cluster_3406","evm.TU.chromosome_10.2043",0.774596669241483,-0.774596669241483,-0.5,"2","2","2","3"
"2536","Cluster_3406_evm.TU.chromosome_10.2469","Cluster_3406","evm.TU.chromosome_10.2469",0.105409255338946,-0.632455532033676,-0.5,"2","2","2","3"
"2537","Cluster_3406_evm.TU.chromosome_10.2621","Cluster_3406","evm.TU.chromosome_10.2621",0,-0.4,0.5,"1","1","1","4"
"2538","Cluster_3406_evm.TU.chromosome_10.2640","Cluster_3406","evm.TU.chromosome_10.2640",0.632455532033676,-0.210818510677892,0.5,"1","1","1","4"
"2539","Cluster_3406_evm.TU.chromosome_10.273","Cluster_3406","evm.TU.chromosome_10.273",0.737864787372622,-0.948683298050514,-0.866025403784439,"2","2","2","3"
"2540","Cluster_3406_evm.TU.chromosome_10.2812","Cluster_3406","evm.TU.chromosome_10.2812",0.4,-0.8,0.5,"1","1","1","4"
"2541","Cluster_3406_evm.TU.chromosome_10.2819","Cluster_3406","evm.TU.chromosome_10.2819",-0.2,-0.8,-0.5,"3","3","3","5"
"2542","Cluster_3406_evm.TU.chromosome_10.2825","Cluster_3406","evm.TU.chromosome_10.2825",0.2,0.2,0.5,"3","3","3","5"
"2543","Cluster_3406_evm.TU.chromosome_10.298","Cluster_3406","evm.TU.chromosome_10.298",-0.4,-0.8,-0.866025403784439,"3","3","3","5"
"2544","Cluster_3406_evm.TU.chromosome_10.300","Cluster_3406","evm.TU.chromosome_10.300",-0.4,0.6,-0.5,"4","4","4","1"
"2545","Cluster_3406_evm.TU.chromosome_10.3033","Cluster_3406","evm.TU.chromosome_10.3033",0,0.4,0.5,"3","3","3","5"
"2546","Cluster_3406_evm.TU.chromosome_10.549","Cluster_3406","evm.TU.chromosome_10.549",0.8,-0.4,-0.5,"2","2","2","3"
"2547","Cluster_3406_evm.TU.chromosome_10.628","Cluster_3406","evm.TU.chromosome_10.628",-0.2,0.8,0.5,"5","5","5","2"
"2548","Cluster_3406_evm.TU.chromosome_10.674","Cluster_3406","evm.TU.chromosome_10.674",0.210818510677892,-0.737864787372622,0.5,"1","1","1","4"
"2549","Cluster_3406_evm.TU.chromosome_11.3055","Cluster_3406","evm.TU.chromosome_11.3055",0,-0.737864787372622,-0.5,"2","2","2","3"
"2550","Cluster_3406_evm.TU.chromosome_11.325","Cluster_3406","evm.TU.chromosome_11.325",0.774596669241483,1,0.866025403784439,"3","3","3","5"
"2551","Cluster_3406_evm.TU.chromosome_12.1193","Cluster_3406","evm.TU.chromosome_12.1193",0.4,-0.737864787372622,-0.5,"2","2","2","3"
"2552","Cluster_3406_evm.TU.chromosome_12.1439","Cluster_3406","evm.TU.chromosome_12.1439",-0.258198889747161,0.6,-0.5,"4","4","4","1"
"2553","Cluster_3406_evm.TU.chromosome_12.1725","Cluster_3406","evm.TU.chromosome_12.1725",0.8,-0.948683298050514,-0.5,"2","2","2","3"
"2554","Cluster_3406_evm.TU.chromosome_12.239","Cluster_3406","evm.TU.chromosome_12.239",0.105409255338946,-0.774596669241483,0.5,"1","1","1","4"
"2555","Cluster_3406_evm.TU.chromosome_12.2684","Cluster_3406","evm.TU.chromosome_12.2684",-0.4,-0.8,0.5,"1","1","1","4"
"2556","Cluster_3406_evm.TU.chromosome_12.2979","Cluster_3406","evm.TU.chromosome_12.2979",-0.4,-0.774596669241483,-0.5,"3","3","3","5"
"2557","Cluster_3406_evm.TU.chromosome_12.3490","Cluster_3406","evm.TU.chromosome_12.3490",0.737864787372622,-0.258198889747161,-0.5,"2","2","2","3"
"2558","Cluster_3406_evm.TU.chromosome_12.376","Cluster_3406","evm.TU.chromosome_12.376",-1,-0.774596669241483,-0.5,"3","3","3","5"
"2559","Cluster_3406_evm.TU.chromosome_13.3405","Cluster_3406","evm.TU.chromosome_13.3405",-0.258198889747161,-0.258198889747161,0.5,"1","1","1","4"
"2560","Cluster_3406_evm.TU.chromosome_13.3477","Cluster_3406","evm.TU.chromosome_13.3477",-0.8,-0.8,-0.5,"3","3","3","5"
"2561","Cluster_3406_evm.TU.chromosome_13.3481","Cluster_3406","evm.TU.chromosome_13.3481",0.4,-0.4,-0.5,"2","2","2","3"
"2562","Cluster_3406_evm.TU.chromosome_13.4009","Cluster_3406","evm.TU.chromosome_13.4009",0.632455532033676,0.6,0.5,"3","3","3","5"
"2563","Cluster_3406_evm.TU.chromosome_14.1645","Cluster_3406","evm.TU.chromosome_14.1645",-0.258198889747161,-0.948683298050514,0.866025403784439,"1","1","1","4"
"2564","Cluster_3406_evm.TU.chromosome_14.1836","Cluster_3406","evm.TU.chromosome_14.1836",0.4,-0.4,-0.5,"2","2","2","3"
"2565","Cluster_3406_evm.TU.chromosome_14.2073","Cluster_3406","evm.TU.chromosome_14.2073",-0.8,-0.4,0.5,"5","5","5","2"
"2566","Cluster_3406_evm.TU.chromosome_14.2081","Cluster_3406","evm.TU.chromosome_14.2081",-0.8,-0.2,-0.5,"3","3","3","5"
"2567","Cluster_3406_evm.TU.chromosome_14.3164","Cluster_3406","evm.TU.chromosome_14.3164",-0.737864787372622,-0.774596669241483,0.866025403784439,"1","1","1","4"
"2568","Cluster_3406_evm.TU.chromosome_14.3221","Cluster_3406","evm.TU.chromosome_14.3221",0,-0.4,0.5,"1","1","1","4"
"2569","Cluster_3406_evm.TU.chromosome_14.5117","Cluster_3406","evm.TU.chromosome_14.5117",0.4,-0.774596669241483,-0.5,"2","2","2","3"
"2570","Cluster_3406_evm.TU.chromosome_14.5391","Cluster_3406","evm.TU.chromosome_14.5391",-0.316227766016838,0.316227766016838,0.5,"5","5","5","2"
"2571","Cluster_3406_evm.TU.chromosome_14.5547","Cluster_3406","evm.TU.chromosome_14.5547",0.4,-0.948683298050514,0.5,"1","1","1","4"
"2572","Cluster_3406_evm.TU.chromosome_14.6213","Cluster_3406","evm.TU.chromosome_14.6213",0.632455532033676,0.105409255338946,-0.5,"2","2","2","3"
"2573","Cluster_3406_evm.TU.chromosome_14.6215","Cluster_3406","evm.TU.chromosome_14.6215",-0.258198889747161,0.4,0.5,"5","5","5","2"
"2574","Cluster_3406_evm.TU.chromosome_14.6458","Cluster_3406","evm.TU.chromosome_14.6458",0.8,-0.4,-1,"2","2","2","3"
"2575","Cluster_3406_evm.TU.chromosome_14.6903","Cluster_3406","evm.TU.chromosome_14.6903",1,-0.4,-0.5,"2","2","2","3"
"2576","Cluster_3406_evm.TU.chromosome_14.7236","Cluster_3406","evm.TU.chromosome_14.7236",0,1,0.5,"3","3","3","5"
"2577","Cluster_3406_evm.TU.chromosome_14.87","Cluster_3406","evm.TU.chromosome_14.87",0.632455532033676,-0.737864787372622,-0.5,"2","2","2","3"
"2578","Cluster_3406_evm.TU.chromosome_14.978","Cluster_3406","evm.TU.chromosome_14.978",0.316227766016838,0.4,-0.5,"4","4","4","1"
"2579","Cluster_3406_evm.TU.chromosome_2.1219","Cluster_3406","evm.TU.chromosome_2.1219",0.632455532033676,-0.737864787372622,0.5,"1","1","1","4"
"2580","Cluster_3406_evm.TU.chromosome_2.164","Cluster_3406","evm.TU.chromosome_2.164",0.4,1,0.5,"3","3","3","5"
"2581","Cluster_3406_evm.TU.chromosome_2.1733","Cluster_3406","evm.TU.chromosome_2.1733",0.8,0,0.5,"1","1","1","4"
"2582","Cluster_3406_evm.TU.chromosome_2.1987","Cluster_3406","evm.TU.chromosome_2.1987",-0.4,-0.948683298050514,0.5,"1","1","1","4"
"2583","Cluster_3406_evm.TU.chromosome_3.1209","Cluster_3406","evm.TU.chromosome_3.1209",-0.6,-0.4,0.5,"5","5","5","2"
"2584","Cluster_3406_evm.TU.chromosome_3.1256","Cluster_3406","evm.TU.chromosome_3.1256",-0.2,-0.4,-0.5,"3","3","3","5"
"2585","Cluster_3406_evm.TU.chromosome_3.1263","Cluster_3406","evm.TU.chromosome_3.1263",-0.2,0.8,0.5,"5","5","5","2"
"2586","Cluster_3406_evm.TU.chromosome_3.1312","Cluster_3406","evm.TU.chromosome_3.1312",0.210818510677892,-0.4,0.5,"1","1","1","4"
"2587","Cluster_3406_evm.TU.chromosome_3.1463","Cluster_3406","evm.TU.chromosome_3.1463",0,0.105409255338946,-0.5,"3","3","3","5"
"2588","Cluster_3406_evm.TU.chromosome_3.1540","Cluster_3406","evm.TU.chromosome_3.1540",0.2,0.316227766016838,-0.5,"4","4","4","1"
"2589","Cluster_3406_evm.TU.chromosome_3.1719","Cluster_3406","evm.TU.chromosome_3.1719",0.774596669241483,0.632455532033676,-0.866025403784439,"2","2","2","3"
"2590","Cluster_3406_evm.TU.chromosome_3.183","Cluster_3406","evm.TU.chromosome_3.183",-0.948683298050514,-0.258198889747161,-0.5,"3","3","3","5"
"2591","Cluster_3406_evm.TU.chromosome_3.899","Cluster_3406","evm.TU.chromosome_3.899",-0.4,0,-0.5,"3","3","3","5"
"2592","Cluster_3406_evm.TU.chromosome_4.116","Cluster_3406","evm.TU.chromosome_4.116",-0.6,-0.948683298050514,-0.5,"3","3","3","5"
"2593","Cluster_3406_evm.TU.chromosome_4.1182","Cluster_3406","evm.TU.chromosome_4.1182",-0.258198889747161,-0.8,0.5,"1","1","1","4"
"2594","Cluster_3406_evm.TU.chromosome_4.1191","Cluster_3406","evm.TU.chromosome_4.1191",-0.8,0.8,-0.5,"4","4","4","1"
"2595","Cluster_3406_evm.TU.chromosome_4.137","Cluster_3406","evm.TU.chromosome_4.137",0.4,-0.4,0.5,"1","1","1","4"
"2596","Cluster_3406_evm.TU.chromosome_4.1923","Cluster_3406","evm.TU.chromosome_4.1923",-0.2,-0.4,-0.866025403784439,"2","2","2","3"
"2597","Cluster_3406_evm.TU.chromosome_4.2028","Cluster_3406","evm.TU.chromosome_4.2028",-0.8,1,0.5,"5","5","5","2"
"2598","Cluster_3406_evm.TU.chromosome_4.2125","Cluster_3406","evm.TU.chromosome_4.2125",0,1,0,"4","4","4","1"
"2599","Cluster_3406_evm.TU.chromosome_4.3","Cluster_3406","evm.TU.chromosome_4.3",0,-0.774596669241483,0.5,"1","1","1","4"
"2600","Cluster_3406_evm.TU.chromosome_4.828","Cluster_3406","evm.TU.chromosome_4.828",-0.4,-0.2,-0.5,"3","3","3","5"
"2601","Cluster_3406_evm.TU.chromosome_5.1145","Cluster_3406","evm.TU.chromosome_5.1145",0.6,-0.774596669241483,0.866025403784439,"1","1","1","4"
"2602","Cluster_3406_evm.TU.chromosome_5.1777","Cluster_3406","evm.TU.chromosome_5.1777",-0.8,0.4,0.5,"5","5","5","2"
"2603","Cluster_3406_evm.TU.chromosome_5.1869","Cluster_3406","evm.TU.chromosome_5.1869",1,0.2,0.5,"2","2","2","3"
"2604","Cluster_3406_evm.TU.chromosome_5.2211","Cluster_3406","evm.TU.chromosome_5.2211",0.2,0.4,-0.5,"4","4","4","1"
"2605","Cluster_3406_evm.TU.chromosome_5.229","Cluster_3406","evm.TU.chromosome_5.229",0,0.8,-0.5,"4","4","4","1"
"2606","Cluster_3406_evm.TU.chromosome_5.2319","Cluster_3406","evm.TU.chromosome_5.2319",0.4,0.8,-0.5,"4","4","4","1"
"2607","Cluster_3406_evm.TU.chromosome_5.2489","Cluster_3406","evm.TU.chromosome_5.2489",0,0.8,0.5,"3","3","3","5"
"2608","Cluster_3406_evm.TU.chromosome_5.2734","Cluster_3406","evm.TU.chromosome_5.2734",-0.4,-0.4,-0.866025403784439,"3","3","3","5"
"2609","Cluster_3406_evm.TU.chromosome_6.1733","Cluster_3406","evm.TU.chromosome_6.1733",0.632455532033676,-0.774596669241483,-0.866025403784439,"2","2","2","3"
"2610","Cluster_3406_evm.TU.chromosome_6.314","Cluster_3406","evm.TU.chromosome_6.314",-0.4,-0.948683298050514,0.5,"1","1","1","4"
"2611","Cluster_3406_evm.TU.chromosome_6.366","Cluster_3406","evm.TU.chromosome_6.366",0.632455532033676,-0.210818510677892,-0.5,"2","2","2","3"
"2612","Cluster_3406_evm.TU.chromosome_7.1342","Cluster_3406","evm.TU.chromosome_7.1342",-0.4,-0.4,-0.5,"3","3","3","5"
"2613","Cluster_3406_evm.TU.chromosome_7.1365","Cluster_3406","evm.TU.chromosome_7.1365",0.632455532033676,-0.8,-0.5,"2","2","2","3"
"2614","Cluster_3406_evm.TU.chromosome_7.14","Cluster_3406","evm.TU.chromosome_7.14",-0.774596669241483,-0.258198889747161,0.866025403784439,"5","5","5","2"
"2615","Cluster_3406_evm.TU.chromosome_7.1474","Cluster_3406","evm.TU.chromosome_7.1474",-0.737864787372622,0,0.5,"5","5","5","2"
"2616","Cluster_3406_evm.TU.chromosome_7.1619","Cluster_3406","evm.TU.chromosome_7.1619",-0.2,-0.210818510677892,-0.5,"3","3","3","5"
"2617","Cluster_3406_evm.TU.chromosome_7.469","Cluster_3406","evm.TU.chromosome_7.469",-0.105409255338946,1,0.5,"5","5","5","2"
"2618","Cluster_3406_evm.TU.chromosome_8.1468","Cluster_3406","evm.TU.chromosome_8.1468",-0.4,-0.632455532033676,-0.5,"3","3","3","5"
"2619","Cluster_3406_evm.TU.chromosome_8.1562","Cluster_3406","evm.TU.chromosome_8.1562",0.2,-0.8,-0.5,"2","2","2","3"
"2620","Cluster_3406_evm.TU.chromosome_8.1759","Cluster_3406","evm.TU.chromosome_8.1759",0.632455532033676,0.632455532033676,-0.5,"4","4","4","1"
"2621","Cluster_3406_evm.TU.chromosome_8.2767","Cluster_3406","evm.TU.chromosome_8.2767",0.2,-0.210818510677892,-0.5,"2","2","2","3"
"2622","Cluster_3406_evm.TU.chromosome_9.1172","Cluster_3406","evm.TU.chromosome_9.1172",-0.316227766016838,-0.8,-0.5,"3","3","3","5"
"2623","Cluster_3406_evm.TU.chromosome_9.1585","Cluster_3406","evm.TU.chromosome_9.1585",0.258198889747161,-0.4,0.5,"1","1","1","4"
"2624","Cluster_3406_evm.TU.chromosome_9.2111","Cluster_3406","evm.TU.chromosome_9.2111",0.4,-0.8,-0.866025403784439,"2","2","2","3"
"2625","Cluster_3406_evm.TU.chromosome_9.2206","Cluster_3406","evm.TU.chromosome_9.2206",0.632455532033676,-0.210818510677892,0.866025403784439,"1","1","1","4"
"2626","Cluster_3406_evm.TU.chromosome_9.2291","Cluster_3406","evm.TU.chromosome_9.2291",0.4,-0.8,0.5,"1","1","1","4"
"2627","Cluster_3730_evm.TU.chromosome_1.1068","Cluster_3730","evm.TU.chromosome_1.1068",0.2,-0.8,0,"1","1","1","4"
"2628","Cluster_3730_evm.TU.chromosome_1.1254","Cluster_3730","evm.TU.chromosome_1.1254",0.4,0.4,0.5,"3","3","3","5"
"2629","Cluster_3730_evm.TU.chromosome_1.1323","Cluster_3730","evm.TU.chromosome_1.1323",0.105409255338946,-1,0,"1","1","1","4"
"2630","Cluster_3730_evm.TU.chromosome_1.1774","Cluster_3730","evm.TU.chromosome_1.1774",0.6,0.4,1,"1","1","1","4"
"2631","Cluster_3730_evm.TU.chromosome_1.221","Cluster_3730","evm.TU.chromosome_1.221",-0.2,0.4,0.5,"5","5","5","2"
"2632","Cluster_3730_evm.TU.chromosome_1.997","Cluster_3730","evm.TU.chromosome_1.997",-0.4,-0.2,-0.5,"3","3","3","5"
"2633","Cluster_3730_evm.TU.chromosome_10.165","Cluster_3730","evm.TU.chromosome_10.165",-0.6,0.4,1,"5","5","5","2"
"2634","Cluster_3730_evm.TU.chromosome_10.1667","Cluster_3730","evm.TU.chromosome_10.1667",-0.4,0.4,0.5,"5","5","5","2"
"2635","Cluster_3730_evm.TU.chromosome_10.1800","Cluster_3730","evm.TU.chromosome_10.1800",-0.8,0.4,0.5,"5","5","5","2"
"2636","Cluster_3730_evm.TU.chromosome_10.1823","Cluster_3730","evm.TU.chromosome_10.1823",0.4,-0.774596669241483,0.5,"1","1","1","4"
"2637","Cluster_3730_evm.TU.chromosome_10.1848","Cluster_3730","evm.TU.chromosome_10.1848",-0.8,0.4,1,"5","5","5","2"
"2638","Cluster_3730_evm.TU.chromosome_10.1978","Cluster_3730","evm.TU.chromosome_10.1978",0.316227766016838,0.948683298050514,0.866025403784439,"3","3","3","5"
"2639","Cluster_3730_evm.TU.chromosome_10.2051","Cluster_3730","evm.TU.chromosome_10.2051",0.4,-0.210818510677892,1,"1","1","1","4"
"2640","Cluster_3730_evm.TU.chromosome_10.2365","Cluster_3730","evm.TU.chromosome_10.2365",-0.4,0,0.5,"5","5","5","2"
"2641","Cluster_3730_evm.TU.chromosome_10.2410","Cluster_3730","evm.TU.chromosome_10.2410",0,-0.8,0,"1","1","1","4"
"2642","Cluster_3730_evm.TU.chromosome_10.2661","Cluster_3730","evm.TU.chromosome_10.2661",-0.8,0.2,1,"5","5","5","2"
"2643","Cluster_3730_evm.TU.chromosome_10.2716","Cluster_3730","evm.TU.chromosome_10.2716",0.4,-0.4,0.5,"1","1","1","4"
"2644","Cluster_3730_evm.TU.chromosome_10.2727","Cluster_3730","evm.TU.chromosome_10.2727",0.4,0.2,1,"1","1","1","4"
"2645","Cluster_3730_evm.TU.chromosome_10.2857","Cluster_3730","evm.TU.chromosome_10.2857",0.8,0.948683298050514,-1,"4","4","4","1"
"2646","Cluster_3730_evm.TU.chromosome_10.2964","Cluster_3730","evm.TU.chromosome_10.2964",-1,-0.2,0.5,"5","5","5","2"
"2647","Cluster_3730_evm.TU.chromosome_10.3175","Cluster_3730","evm.TU.chromosome_10.3175",-1,0.316227766016838,0.866025403784439,"5","5","5","2"
"2648","Cluster_3730_evm.TU.chromosome_10.370","Cluster_3730","evm.TU.chromosome_10.370",0.4,-0.4,1,"1","1","1","4"
"2649","Cluster_3730_evm.TU.chromosome_10.443","Cluster_3730","evm.TU.chromosome_10.443",-0.4,-0.8,-0.5,"3","3","3","5"
"2650","Cluster_3730_evm.TU.chromosome_10.930","Cluster_3730","evm.TU.chromosome_10.930",0.4,-0.4,0.5,"1","1","1","4"
"2651","Cluster_3730_evm.TU.chromosome_11.105","Cluster_3730","evm.TU.chromosome_11.105",0,0.4,-0.5,"4","4","4","1"
"2652","Cluster_3730_evm.TU.chromosome_11.1134","Cluster_3730","evm.TU.chromosome_11.1134",-0.2,-0.4,0.5,"1","1","1","4"
"2653","Cluster_3730_evm.TU.chromosome_11.1420","Cluster_3730","evm.TU.chromosome_11.1420",0.4,0.8,-0.5,"4","4","4","1"
"2654","Cluster_3730_evm.TU.chromosome_11.1517","Cluster_3730","evm.TU.chromosome_11.1517",-0.4,0.2,0.5,"5","5","5","2"
"2655","Cluster_3730_evm.TU.chromosome_11.1669","Cluster_3730","evm.TU.chromosome_11.1669",0.4,-0.6,-0.5,"2","2","2","3"
"2656","Cluster_3730_evm.TU.chromosome_11.1854","Cluster_3730","evm.TU.chromosome_11.1854",0.6,-1,-0.5,"2","2","2","3"
"2657","Cluster_3730_evm.TU.chromosome_11.2267","Cluster_3730","evm.TU.chromosome_11.2267",-0.2,0.8,1,"5","5","5","2"
"2658","Cluster_3730_evm.TU.chromosome_11.2386","Cluster_3730","evm.TU.chromosome_11.2386",0.8,0.4,0.5,"3","3","3","5"
"2659","Cluster_3730_evm.TU.chromosome_11.2415","Cluster_3730","evm.TU.chromosome_11.2415",-0.632455532033676,-0.8,0.866025403784439,"1","1","1","4"
"2660","Cluster_3730_evm.TU.chromosome_11.2837","Cluster_3730","evm.TU.chromosome_11.2837",0.8,0.2,-0.5,"2","2","2","3"
"2661","Cluster_3730_evm.TU.chromosome_11.3111","Cluster_3730","evm.TU.chromosome_11.3111",-0.6,-0.4,0,"3","3","3","5"
"2662","Cluster_3730_evm.TU.chromosome_11.38","Cluster_3730","evm.TU.chromosome_11.38",-1,0,0.5,"5","5","5","2"
"2663","Cluster_3730_evm.TU.chromosome_11.452","Cluster_3730","evm.TU.chromosome_11.452",-0.8,0.316227766016838,0.5,"5","5","5","2"
"2664","Cluster_3730_evm.TU.chromosome_11.70","Cluster_3730","evm.TU.chromosome_11.70",0.4,0.4,0.5,"3","3","3","5"
"2665","Cluster_3730_evm.TU.chromosome_11.884","Cluster_3730","evm.TU.chromosome_11.884",0.4,-0.4,-0.5,"2","2","2","3"
"2666","Cluster_3730_evm.TU.chromosome_12.1154","Cluster_3730","evm.TU.chromosome_12.1154",0.8,0,1,"1","1","1","4"
"2667","Cluster_3730_evm.TU.chromosome_12.1482","Cluster_3730","evm.TU.chromosome_12.1482",-0.4,-0.4,0.866025403784439,"1","1","1","4"
"2668","Cluster_3730_evm.TU.chromosome_12.1631","Cluster_3730","evm.TU.chromosome_12.1631",-0.2,-0.8,0.5,"1","1","1","4"
"2669","Cluster_3730_evm.TU.chromosome_12.1662","Cluster_3730","evm.TU.chromosome_12.1662",0.4,0.8,0.5,"3","3","3","5"
"2670","Cluster_3730_evm.TU.chromosome_12.1672","Cluster_3730","evm.TU.chromosome_12.1672",-0.4,0.4,0.5,"5","5","5","2"
"2671","Cluster_3730_evm.TU.chromosome_12.1860","Cluster_3730","evm.TU.chromosome_12.1860",0.2,0,0,"3","3","3","5"
"2672","Cluster_3730_evm.TU.chromosome_12.2434","Cluster_3730","evm.TU.chromosome_12.2434",0,0.8,0.5,"3","3","3","5"
"2673","Cluster_3730_evm.TU.chromosome_12.2487","Cluster_3730","evm.TU.chromosome_12.2487",-0.2,-0.4,-1,"2","2","2","3"
"2674","Cluster_3730_evm.TU.chromosome_12.2491","Cluster_3730","evm.TU.chromosome_12.2491",1,0.4,-1,"2","2","2","3"
"2675","Cluster_3730_evm.TU.chromosome_12.2661","Cluster_3730","evm.TU.chromosome_12.2661",-0.4,-0.6,-0.5,"3","3","3","5"
"2676","Cluster_3730_evm.TU.chromosome_12.2845","Cluster_3730","evm.TU.chromosome_12.2845",0.8,-0.4,0.5,"1","1","1","4"
"2677","Cluster_3730_evm.TU.chromosome_12.2869","Cluster_3730","evm.TU.chromosome_12.2869",0.4,-0.4,0.5,"1","1","1","4"
"2678","Cluster_3730_evm.TU.chromosome_12.2893","Cluster_3730","evm.TU.chromosome_12.2893",-0.8,-0.4,1,"5","5","5","2"
"2679","Cluster_3730_evm.TU.chromosome_12.312","Cluster_3730","evm.TU.chromosome_12.312",-0.4,-0.2,0.5,"5","5","5","2"
"2680","Cluster_3730_evm.TU.chromosome_12.3169","Cluster_3730","evm.TU.chromosome_12.3169",0.2,-0.4,0.5,"1","1","1","4"
"2681","Cluster_3730_evm.TU.chromosome_12.3475","Cluster_3730","evm.TU.chromosome_12.3475",-0.4,-0.4,0.5,"1","1","1","4"
"2682","Cluster_3730_evm.TU.chromosome_12.351","Cluster_3730","evm.TU.chromosome_12.351",0.2,-0.8,-0.5,"2","2","2","3"
"2683","Cluster_3730_evm.TU.chromosome_12.3707","Cluster_3730","evm.TU.chromosome_12.3707",-0.8,0.2,0.5,"5","5","5","2"
"2684","Cluster_3730_evm.TU.chromosome_12.3726","Cluster_3730","evm.TU.chromosome_12.3726",0.8,-0.8,-1,"2","2","2","3"
"2685","Cluster_3730_evm.TU.chromosome_12.3750","Cluster_3730","evm.TU.chromosome_12.3750",0.8,-0.8,1,"1","1","1","4"
"2686","Cluster_3730_evm.TU.chromosome_12.772","Cluster_3730","evm.TU.chromosome_12.772",-0.210818510677892,-0.8,1,"1","1","1","4"
"2687","Cluster_3730_evm.TU.chromosome_13.1069","Cluster_3730","evm.TU.chromosome_13.1069",0.2,-0.316227766016838,0.5,"1","1","1","4"
"2688","Cluster_3730_evm.TU.chromosome_13.117","Cluster_3730","evm.TU.chromosome_13.117",-0.4,-1,-1,"2","2","2","3"
"2689","Cluster_3730_evm.TU.chromosome_13.1239","Cluster_3730","evm.TU.chromosome_13.1239",0.737864787372622,-0.316227766016838,0.866025403784439,"1","1","1","4"
"2690","Cluster_3730_evm.TU.chromosome_13.1264","Cluster_3730","evm.TU.chromosome_13.1264",-0.8,-0.4,1,"5","5","5","2"
"2691","Cluster_3730_evm.TU.chromosome_13.1284","Cluster_3730","evm.TU.chromosome_13.1284",0.8,0.6,-0.5,"2","2","2","3"
"2692","Cluster_3730_evm.TU.chromosome_13.150","Cluster_3730","evm.TU.chromosome_13.150",-0.258198889747161,0.210818510677892,1,"5","5","5","2"
"2693","Cluster_3730_evm.TU.chromosome_13.1685","Cluster_3730","evm.TU.chromosome_13.1685",0.4,0.774596669241483,0.866025403784439,"3","3","3","5"
"2694","Cluster_3730_evm.TU.chromosome_13.1822","Cluster_3730","evm.TU.chromosome_13.1822",-0.2,-0.2,0.5,"1","1","1","4"
"2695","Cluster_3730_evm.TU.chromosome_13.1869","Cluster_3730","evm.TU.chromosome_13.1869",-0.2,0.8,0.5,"5","5","5","2"
"2696","Cluster_3730_evm.TU.chromosome_13.2061","Cluster_3730","evm.TU.chromosome_13.2061",-0.632455532033676,-0.774596669241483,0.5,"1","1","1","4"
"2697","Cluster_3730_evm.TU.chromosome_13.2081","Cluster_3730","evm.TU.chromosome_13.2081",-0.2,-0.737864787372622,0.5,"1","1","1","4"
"2698","Cluster_3730_evm.TU.chromosome_13.2083","Cluster_3730","evm.TU.chromosome_13.2083",-0.258198889747161,-0.258198889747161,-0.866025403784439,"3","3","3","5"
"2699","Cluster_3730_evm.TU.chromosome_13.2089","Cluster_3730","evm.TU.chromosome_13.2089",0.8,0.774596669241483,0.5,"3","3","3","5"
"2700","Cluster_3730_evm.TU.chromosome_13.2139","Cluster_3730","evm.TU.chromosome_13.2139",0,0.6,-0.5,"4","4","4","1"
"2701","Cluster_3730_evm.TU.chromosome_13.2232","Cluster_3730","evm.TU.chromosome_13.2232",0.2,-0.8,0.5,"1","1","1","4"
"2702","Cluster_3730_evm.TU.chromosome_13.2265","Cluster_3730","evm.TU.chromosome_13.2265",-0.8,0.316227766016838,0.866025403784439,"5","5","5","2"
"2703","Cluster_3730_evm.TU.chromosome_13.2282","Cluster_3730","evm.TU.chromosome_13.2282",0.4,-0.2,0.5,"1","1","1","4"
"2704","Cluster_3730_evm.TU.chromosome_13.2291","Cluster_3730","evm.TU.chromosome_13.2291",0.4,-0.6,-0.5,"2","2","2","3"
"2705","Cluster_3730_evm.TU.chromosome_13.2332","Cluster_3730","evm.TU.chromosome_13.2332",-0.4,-0.2,1,"5","5","5","2"
"2706","Cluster_3730_evm.TU.chromosome_13.2375","Cluster_3730","evm.TU.chromosome_13.2375",0.8,-0.4,0.5,"1","1","1","4"
"2707","Cluster_3730_evm.TU.chromosome_13.2379","Cluster_3730","evm.TU.chromosome_13.2379",0.2,0.6,1,"5","5","5","2"
"2708","Cluster_3730_evm.TU.chromosome_13.2404","Cluster_3730","evm.TU.chromosome_13.2404",-0.210818510677892,0,0.5,"3","3","3","5"
"2709","Cluster_3730_evm.TU.chromosome_13.2587","Cluster_3730","evm.TU.chromosome_13.2587",0.4,-0.4,0.5,"1","1","1","4"
"2710","Cluster_3730_evm.TU.chromosome_13.27","Cluster_3730","evm.TU.chromosome_13.27",0.4,-0.8,0.5,"1","1","1","4"
"2711","Cluster_3730_evm.TU.chromosome_13.2847","Cluster_3730","evm.TU.chromosome_13.2847",1,0.2,0.5,"2","2","2","3"
"2712","Cluster_3730_evm.TU.chromosome_13.2996","Cluster_3730","evm.TU.chromosome_13.2996",0.4,0.4,1,"3","3","3","5"
"2713","Cluster_3730_evm.TU.chromosome_13.305","Cluster_3730","evm.TU.chromosome_13.305",-1,0.6,0.5,"5","5","5","2"
"2714","Cluster_3730_evm.TU.chromosome_13.3086","Cluster_3730","evm.TU.chromosome_13.3086",-0.2,-0.4,-1,"2","2","2","3"
"2715","Cluster_3730_evm.TU.chromosome_13.3483","Cluster_3730","evm.TU.chromosome_13.3483",0,0,1,"1","1","1","4"
"2716","Cluster_3730_evm.TU.chromosome_13.3486","Cluster_3730","evm.TU.chromosome_13.3486",0.4,-0.4,0.5,"1","1","1","4"
"2717","Cluster_3730_evm.TU.chromosome_13.3746","Cluster_3730","evm.TU.chromosome_13.3746",-0.210818510677892,0.8,0.5,"5","5","5","2"
"2718","Cluster_3730_evm.TU.chromosome_13.3760","Cluster_3730","evm.TU.chromosome_13.3760",-0.8,0.632455532033676,0,"5","5","5","2"
"2719","Cluster_3730_evm.TU.chromosome_13.3796","Cluster_3730","evm.TU.chromosome_13.3796",0.2,-0.8,-0.5,"2","2","2","3"
"2720","Cluster_3730_evm.TU.chromosome_13.3824","Cluster_3730","evm.TU.chromosome_13.3824",-0.4,-0.4,1,"1","1","1","4"
"2721","Cluster_3730_evm.TU.chromosome_13.3866","Cluster_3730","evm.TU.chromosome_13.3866",-0.8,-0.4,0.5,"5","5","5","2"
"2722","Cluster_3730_evm.TU.chromosome_13.4089","Cluster_3730","evm.TU.chromosome_13.4089",-0.8,-0.4,0.5,"5","5","5","2"
"2723","Cluster_3730_evm.TU.chromosome_13.470","Cluster_3730","evm.TU.chromosome_13.470",-0.6,0.4,1,"5","5","5","2"
"2724","Cluster_3730_evm.TU.chromosome_13.638","Cluster_3730","evm.TU.chromosome_13.638",-0.8,0.4,0.5,"5","5","5","2"
"2725","Cluster_3730_evm.TU.chromosome_13.868","Cluster_3730","evm.TU.chromosome_13.868",0.774596669241483,-0.2,0.866025403784439,"1","1","1","4"
"2726","Cluster_3730_evm.TU.chromosome_13.95","Cluster_3730","evm.TU.chromosome_13.95",-0.6,-0.2,-0.5,"3","3","3","5"
"2727","Cluster_3730_evm.TU.chromosome_13.999","Cluster_3730","evm.TU.chromosome_13.999",0.2,0.4,-0.5,"4","4","4","1"
"2728","Cluster_3730_evm.TU.chromosome_14.1317","Cluster_3730","evm.TU.chromosome_14.1317",-1,-0.2,1,"5","5","5","2"
"2729","Cluster_3730_evm.TU.chromosome_14.1705","Cluster_3730","evm.TU.chromosome_14.1705",0.105409255338946,0.8,1,"5","5","5","2"
"2730","Cluster_3730_evm.TU.chromosome_14.1779","Cluster_3730","evm.TU.chromosome_14.1779",0.2,0.4,1,"5","5","5","2"
"2731","Cluster_3730_evm.TU.chromosome_14.1856","Cluster_3730","evm.TU.chromosome_14.1856",0,0.4,1,"5","5","5","2"
"2732","Cluster_3730_evm.TU.chromosome_14.2876","Cluster_3730","evm.TU.chromosome_14.2876",0.2,-0.8,0.866025403784439,"1","1","1","4"
"2733","Cluster_3730_evm.TU.chromosome_14.3899","Cluster_3730","evm.TU.chromosome_14.3899",0.8,-0.8,1,"1","1","1","4"
"2734","Cluster_3730_evm.TU.chromosome_14.5072","Cluster_3730","evm.TU.chromosome_14.5072",0.8,0.6,-1,"2","2","2","3"
"2735","Cluster_3730_evm.TU.chromosome_14.5312","Cluster_3730","evm.TU.chromosome_14.5312",0.4,0.8,1,"3","3","3","5"
"2736","Cluster_3730_evm.TU.chromosome_14.5316","Cluster_3730","evm.TU.chromosome_14.5316",0.4,0.4,-0.5,"4","4","4","1"
"2737","Cluster_3730_evm.TU.chromosome_14.5319","Cluster_3730","evm.TU.chromosome_14.5319",-0.4,0,-1,"4","4","4","1"
"2738","Cluster_3730_evm.TU.chromosome_14.5320","Cluster_3730","evm.TU.chromosome_14.5320",0.8,0.8,1,"3","3","3","5"
"2739","Cluster_3730_evm.TU.chromosome_14.5411","Cluster_3730","evm.TU.chromosome_14.5411",-0.4,0.4,0.5,"5","5","5","2"
"2740","Cluster_3730_evm.TU.chromosome_14.550","Cluster_3730","evm.TU.chromosome_14.550",1,-0.4,0.5,"1","1","1","4"
"2741","Cluster_3730_evm.TU.chromosome_14.5536","Cluster_3730","evm.TU.chromosome_14.5536",0.2,-1,-1,"2","2","2","3"
"2742","Cluster_3730_evm.TU.chromosome_14.5603","Cluster_3730","evm.TU.chromosome_14.5603",-0.4,0.6,0.5,"5","5","5","2"
"2743","Cluster_3730_evm.TU.chromosome_14.5929","Cluster_3730","evm.TU.chromosome_14.5929",-0.8,0.2,1,"5","5","5","2"
"2744","Cluster_3730_evm.TU.chromosome_14.6259","Cluster_3730","evm.TU.chromosome_14.6259",0.2,-0.8,-0.5,"2","2","2","3"
"2745","Cluster_3730_evm.TU.chromosome_14.628","Cluster_3730","evm.TU.chromosome_14.628",-0.8,-0.2,-0.5,"3","3","3","5"
"2746","Cluster_3730_evm.TU.chromosome_14.6424","Cluster_3730","evm.TU.chromosome_14.6424",-0.2,0,0.5,"3","3","3","5"
"2747","Cluster_3730_evm.TU.chromosome_14.6492","Cluster_3730","evm.TU.chromosome_14.6492",0.6,-0.4,0.5,"1","1","1","4"
"2748","Cluster_3730_evm.TU.chromosome_14.67","Cluster_3730","evm.TU.chromosome_14.67",0.4,0.2,1,"1","1","1","4"
"2749","Cluster_3730_evm.TU.chromosome_14.677","Cluster_3730","evm.TU.chromosome_14.677",0.8,-0.4,0.5,"1","1","1","4"
"2750","Cluster_3730_evm.TU.chromosome_14.6923","Cluster_3730","evm.TU.chromosome_14.6923",0.4,0.316227766016838,0.5,"3","3","3","5"
"2751","Cluster_3730_evm.TU.chromosome_14.6938","Cluster_3730","evm.TU.chromosome_14.6938",0.210818510677892,0.8,0.5,"3","3","3","5"
"2752","Cluster_3730_evm.TU.chromosome_14.7054","Cluster_3730","evm.TU.chromosome_14.7054",-0.8,-0.2,0.5,"5","5","5","2"
"2753","Cluster_3730_evm.TU.chromosome_14.7120","Cluster_3730","evm.TU.chromosome_14.7120",0.4,-0.4,-0.5,"2","2","2","3"
"2754","Cluster_3730_evm.TU.chromosome_14.7161","Cluster_3730","evm.TU.chromosome_14.7161",0.8,-0.316227766016838,1,"1","1","1","4"
"2755","Cluster_3730_evm.TU.chromosome_14.7190","Cluster_3730","evm.TU.chromosome_14.7190",0.8,-0.2,0.866025403784439,"1","1","1","4"
"2756","Cluster_3730_evm.TU.chromosome_14.751","Cluster_3730","evm.TU.chromosome_14.751",0.8,-0.8,1,"1","1","1","4"
"2757","Cluster_3730_evm.TU.chromosome_14.93","Cluster_3730","evm.TU.chromosome_14.93",-0.2,0.8,-1,"4","4","4","1"
"2758","Cluster_3730_evm.TU.chromosome_14.965","Cluster_3730","evm.TU.chromosome_14.965",-0.8,0.4,1,"5","5","5","2"
"2759","Cluster_3730_evm.TU.chromosome_2.1096","Cluster_3730","evm.TU.chromosome_2.1096",0.4,0.2,0.5,"3","3","3","5"
"2760","Cluster_3730_evm.TU.chromosome_2.1567","Cluster_3730","evm.TU.chromosome_2.1567",0.316227766016838,-0.4,0.866025403784439,"1","1","1","4"
"2761","Cluster_3730_evm.TU.chromosome_2.1614","Cluster_3730","evm.TU.chromosome_2.1614",0,-0.6,-0.5,"2","2","2","3"
"2762","Cluster_3730_evm.TU.chromosome_2.1626","Cluster_3730","evm.TU.chromosome_2.1626",0.2,-0.8,0.5,"1","1","1","4"
"2763","Cluster_3730_evm.TU.chromosome_2.1648","Cluster_3730","evm.TU.chromosome_2.1648",0.6,0.316227766016838,0.5,"3","3","3","5"
"2764","Cluster_3730_evm.TU.chromosome_2.1687","Cluster_3730","evm.TU.chromosome_2.1687",0.8,0.4,0.5,"3","3","3","5"
"2765","Cluster_3730_evm.TU.chromosome_2.1700","Cluster_3730","evm.TU.chromosome_2.1700",0.948683298050514,0.4,1,"1","1","1","4"
"2766","Cluster_3730_evm.TU.chromosome_2.1702","Cluster_3730","evm.TU.chromosome_2.1702",0.6,-0.4,-1,"2","2","2","3"
"2767","Cluster_3730_evm.TU.chromosome_2.1983","Cluster_3730","evm.TU.chromosome_2.1983",0.8,-0.4,0.5,"1","1","1","4"
"2768","Cluster_3730_evm.TU.chromosome_2.343","Cluster_3730","evm.TU.chromosome_2.343",-0.6,0.4,1,"5","5","5","2"
"2769","Cluster_3730_evm.TU.chromosome_2.349","Cluster_3730","evm.TU.chromosome_2.349",0.4,-0.632455532033676,0.5,"1","1","1","4"
"2770","Cluster_3730_evm.TU.chromosome_2.380","Cluster_3730","evm.TU.chromosome_2.380",-0.4,-0.6,0.5,"1","1","1","4"
"2771","Cluster_3730_evm.TU.chromosome_2.409","Cluster_3730","evm.TU.chromosome_2.409",-0.2,0.4,-0.5,"4","4","4","1"
"2772","Cluster_3730_evm.TU.chromosome_2.410","Cluster_3730","evm.TU.chromosome_2.410",0.2,1,0.5,"3","3","3","5"
"2773","Cluster_3730_evm.TU.chromosome_2.467","Cluster_3730","evm.TU.chromosome_2.467",-0.8,0.6,0.5,"5","5","5","2"
"2774","Cluster_3730_evm.TU.chromosome_2.60","Cluster_3730","evm.TU.chromosome_2.60",1,-0.4,-1,"2","2","2","3"
"2775","Cluster_3730_evm.TU.chromosome_2.683","Cluster_3730","evm.TU.chromosome_2.683",0,0.8,1,"5","5","5","2"
"2776","Cluster_3730_evm.TU.chromosome_2.753","Cluster_3730","evm.TU.chromosome_2.753",0.4,0.4,-0.5,"4","4","4","1"
"2777","Cluster_3730_evm.TU.chromosome_2.754","Cluster_3730","evm.TU.chromosome_2.754",0.105409255338946,0.258198889747161,0.5,"3","3","3","5"
"2778","Cluster_3730_evm.TU.chromosome_2.758","Cluster_3730","evm.TU.chromosome_2.758",0.4,-0.948683298050514,0.866025403784439,"1","1","1","4"
"2779","Cluster_3730_evm.TU.chromosome_2.854","Cluster_3730","evm.TU.chromosome_2.854",0.8,0.2,0.5,"3","3","3","5"
"2780","Cluster_3730_evm.TU.chromosome_3.1029","Cluster_3730","evm.TU.chromosome_3.1029",0.4,-0.6,0.5,"1","1","1","4"
"2781","Cluster_3730_evm.TU.chromosome_3.1034","Cluster_3730","evm.TU.chromosome_3.1034",-0.4,0.4,-1,"4","4","4","1"
"2782","Cluster_3730_evm.TU.chromosome_3.1251","Cluster_3730","evm.TU.chromosome_3.1251",0.8,-0.2,-0.5,"2","2","2","3"
"2783","Cluster_3730_evm.TU.chromosome_3.1603","Cluster_3730","evm.TU.chromosome_3.1603",-0.2,0.2,1,"5","5","5","2"
"2784","Cluster_3730_evm.TU.chromosome_3.1613","Cluster_3730","evm.TU.chromosome_3.1613",-1,0.316227766016838,0.5,"5","5","5","2"
"2785","Cluster_3730_evm.TU.chromosome_3.1692","Cluster_3730","evm.TU.chromosome_3.1692",-0.8,-0.6,1,"5","5","5","2"
"2786","Cluster_3730_evm.TU.chromosome_3.1813","Cluster_3730","evm.TU.chromosome_3.1813",0.4,0.6,0.866025403784439,"3","3","3","5"
"2787","Cluster_3730_evm.TU.chromosome_3.2006","Cluster_3730","evm.TU.chromosome_3.2006",-0.4,0.2,1,"5","5","5","2"
"2788","Cluster_3730_evm.TU.chromosome_3.2007","Cluster_3730","evm.TU.chromosome_3.2007",0.105409255338946,0.2,1,"1","1","1","4"
"2789","Cluster_3730_evm.TU.chromosome_3.2008","Cluster_3730","evm.TU.chromosome_3.2008",-0.2,0.6,0.5,"5","5","5","2"
"2790","Cluster_3730_evm.TU.chromosome_3.2017","Cluster_3730","evm.TU.chromosome_3.2017",0.6,-0.2,0.5,"1","1","1","4"
"2791","Cluster_3730_evm.TU.chromosome_3.241","Cluster_3730","evm.TU.chromosome_3.241",0.4,0.4,1,"3","3","3","5"
"2792","Cluster_3730_evm.TU.chromosome_3.300","Cluster_3730","evm.TU.chromosome_3.300",-0.8,0.6,1,"5","5","5","2"
"2793","Cluster_3730_evm.TU.chromosome_3.523","Cluster_3730","evm.TU.chromosome_3.523",-1,0,0.5,"5","5","5","2"
"2794","Cluster_3730_evm.TU.chromosome_3.706","Cluster_3730","evm.TU.chromosome_3.706",-0.4,0.6,0.5,"5","5","5","2"
"2795","Cluster_3730_evm.TU.chromosome_3.980","Cluster_3730","evm.TU.chromosome_3.980",1,0,0.5,"2","2","2","3"
"2796","Cluster_3730_evm.TU.chromosome_4.1011","Cluster_3730","evm.TU.chromosome_4.1011",0.4,0.8,1,"3","3","3","5"
"2797","Cluster_3730_evm.TU.chromosome_4.1355","Cluster_3730","evm.TU.chromosome_4.1355",0.4,0.737864787372622,0.5,"3","3","3","5"
"2798","Cluster_3730_evm.TU.chromosome_4.1386","Cluster_3730","evm.TU.chromosome_4.1386",0,-0.4,-0.5,"3","3","3","5"
"2799","Cluster_3730_evm.TU.chromosome_4.1508","Cluster_3730","evm.TU.chromosome_4.1508",0.8,-0.2,-0.5,"2","2","2","3"
"2800","Cluster_3730_evm.TU.chromosome_4.1509","Cluster_3730","evm.TU.chromosome_4.1509",0,-0.4,-0.5,"3","3","3","5"
"2801","Cluster_3730_evm.TU.chromosome_4.1511","Cluster_3730","evm.TU.chromosome_4.1511",0,-0.8,0.5,"1","1","1","4"
"2802","Cluster_3730_evm.TU.chromosome_4.1527","Cluster_3730","evm.TU.chromosome_4.1527",-0.4,-0.2,1,"5","5","5","2"
"2803","Cluster_3730_evm.TU.chromosome_4.1529","Cluster_3730","evm.TU.chromosome_4.1529",0,-0.8,0.5,"1","1","1","4"
"2804","Cluster_3730_evm.TU.chromosome_4.1557","Cluster_3730","evm.TU.chromosome_4.1557",-0.2,0.2,1,"5","5","5","2"
"2805","Cluster_3730_evm.TU.chromosome_4.1559","Cluster_3730","evm.TU.chromosome_4.1559",0.8,0,-0.5,"2","2","2","3"
"2806","Cluster_3730_evm.TU.chromosome_4.1573","Cluster_3730","evm.TU.chromosome_4.1573",-0.105409255338946,-0.210818510677892,-0.5,"3","3","3","5"
"2807","Cluster_3730_evm.TU.chromosome_4.1609","Cluster_3730","evm.TU.chromosome_4.1609",-0.2,0,1,"5","5","5","2"
"2808","Cluster_3730_evm.TU.chromosome_4.1869","Cluster_3730","evm.TU.chromosome_4.1869",-0.6,-0.2,1,"5","5","5","2"
"2809","Cluster_3730_evm.TU.chromosome_4.1878","Cluster_3730","evm.TU.chromosome_4.1878",0.4,-0.6,0.5,"1","1","1","4"
"2810","Cluster_3730_evm.TU.chromosome_4.2059","Cluster_3730","evm.TU.chromosome_4.2059",-0.4,0.2,1,"5","5","5","2"
"2811","Cluster_3730_evm.TU.chromosome_4.2123","Cluster_3730","evm.TU.chromosome_4.2123",-0.4,-1,-0.5,"1","1","1","4"
"2812","Cluster_3730_evm.TU.chromosome_4.2124","Cluster_3730","evm.TU.chromosome_4.2124",0.8,-0.4,1,"1","1","1","4"
"2813","Cluster_3730_evm.TU.chromosome_4.2126","Cluster_3730","evm.TU.chromosome_4.2126",0,-0.4,-1,"2","2","2","3"
"2814","Cluster_3730_evm.TU.chromosome_4.2193","Cluster_3730","evm.TU.chromosome_4.2193",-0.8,0.6,0.5,"5","5","5","2"
"2815","Cluster_3730_evm.TU.chromosome_4.233","Cluster_3730","evm.TU.chromosome_4.233",-0.8,-0.258198889747161,0.866025403784439,"5","5","5","2"
"2816","Cluster_3730_evm.TU.chromosome_4.514","Cluster_3730","evm.TU.chromosome_4.514",0.6,0.4,1,"1","1","1","4"
"2817","Cluster_3730_evm.TU.chromosome_4.628","Cluster_3730","evm.TU.chromosome_4.628",-0.4,-0.4,0.5,"1","1","1","4"
"2818","Cluster_3730_evm.TU.chromosome_4.691","Cluster_3730","evm.TU.chromosome_4.691",-0.8,0.4,1,"5","5","5","2"
"2819","Cluster_3730_evm.TU.chromosome_4.692","Cluster_3730","evm.TU.chromosome_4.692",0.6,-0.6,0,"2","2","2","3"
"2820","Cluster_3730_evm.TU.chromosome_4.731","Cluster_3730","evm.TU.chromosome_4.731",-0.8,-0.2,0.5,"5","5","5","2"
"2821","Cluster_3730_evm.TU.chromosome_4.845","Cluster_3730","evm.TU.chromosome_4.845",-0.8,-0.6,0.5,"5","5","5","2"
"2822","Cluster_3730_evm.TU.chromosome_4.896","Cluster_3730","evm.TU.chromosome_4.896",-0.4,0,1,"5","5","5","2"
"2823","Cluster_3730_evm.TU.chromosome_4.903","Cluster_3730","evm.TU.chromosome_4.903",-0.4,0.2,-0.5,"4","4","4","1"
"2824","Cluster_3730_evm.TU.chromosome_5.1558","Cluster_3730","evm.TU.chromosome_5.1558",-0.8,0,1,"5","5","5","2"
"2825","Cluster_3730_evm.TU.chromosome_5.1639","Cluster_3730","evm.TU.chromosome_5.1639",-0.8,0.2,0.5,"5","5","5","2"
"2826","Cluster_3730_evm.TU.chromosome_5.2124","Cluster_3730","evm.TU.chromosome_5.2124",-0.4,0.8,-1,"4","4","4","1"
"2827","Cluster_3730_evm.TU.chromosome_5.2131","Cluster_3730","evm.TU.chromosome_5.2131",-0.2,0.4,0.5,"5","5","5","2"
"2828","Cluster_3730_evm.TU.chromosome_5.226","Cluster_3730","evm.TU.chromosome_5.226",-0.258198889747161,-0.774596669241483,0.866025403784439,"1","1","1","4"
"2829","Cluster_3730_evm.TU.chromosome_5.2502","Cluster_3730","evm.TU.chromosome_5.2502",-1,-0.4,1,"5","5","5","2"
"2830","Cluster_3730_evm.TU.chromosome_5.383","Cluster_3730","evm.TU.chromosome_5.383",-1,-0.8,-1,"3","3","3","5"
"2831","Cluster_3730_evm.TU.chromosome_5.42","Cluster_3730","evm.TU.chromosome_5.42",-0.2,0.2,1,"5","5","5","2"
"2832","Cluster_3730_evm.TU.chromosome_5.435","Cluster_3730","evm.TU.chromosome_5.435",-0.737864787372622,-0.737864787372622,0.5,"1","1","1","4"
"2833","Cluster_3730_evm.TU.chromosome_5.438","Cluster_3730","evm.TU.chromosome_5.438",0.8,0.2,1,"1","1","1","4"
"2834","Cluster_3730_evm.TU.chromosome_5.68","Cluster_3730","evm.TU.chromosome_5.68",0.4,0,1,"1","1","1","4"
"2835","Cluster_3730_evm.TU.chromosome_6.1128","Cluster_3730","evm.TU.chromosome_6.1128",0.8,-0.2,0.5,"1","1","1","4"
"2836","Cluster_3730_evm.TU.chromosome_6.125","Cluster_3730","evm.TU.chromosome_6.125",-0.2,0,1,"5","5","5","2"
"2837","Cluster_3730_evm.TU.chromosome_6.1365","Cluster_3730","evm.TU.chromosome_6.1365",-0.4,0.4,1,"5","5","5","2"
"2838","Cluster_3730_evm.TU.chromosome_6.1529","Cluster_3730","evm.TU.chromosome_6.1529",-0.6,0.737864787372622,0.5,"5","5","5","2"
"2839","Cluster_3730_evm.TU.chromosome_6.2373","Cluster_3730","evm.TU.chromosome_6.2373",-0.8,0,0.866025403784439,"5","5","5","2"
"2840","Cluster_3730_evm.TU.chromosome_6.2379","Cluster_3730","evm.TU.chromosome_6.2379",0.2,0,1,"1","1","1","4"
"2841","Cluster_3730_evm.TU.chromosome_6.2485","Cluster_3730","evm.TU.chromosome_6.2485",0.8,-0.4,0.5,"1","1","1","4"
"2842","Cluster_3730_evm.TU.chromosome_6.2886","Cluster_3730","evm.TU.chromosome_6.2886",-0.8,0.4,0.5,"5","5","5","2"
"2843","Cluster_3730_evm.TU.chromosome_6.319","Cluster_3730","evm.TU.chromosome_6.319",0.4,-0.316227766016838,0.866025403784439,"1","1","1","4"
"2844","Cluster_3730_evm.TU.chromosome_6.37","Cluster_3730","evm.TU.chromosome_6.37",-0.8,-0.4,0.5,"5","5","5","2"
"2845","Cluster_3730_evm.TU.chromosome_6.526","Cluster_3730","evm.TU.chromosome_6.526",0.8,0.8,-0.5,"4","4","4","1"
"2846","Cluster_3730_evm.TU.chromosome_6.828","Cluster_3730","evm.TU.chromosome_6.828",-0.2,-0.4,0.5,"1","1","1","4"
"2847","Cluster_3730_evm.TU.chromosome_6.851","Cluster_3730","evm.TU.chromosome_6.851",0.4,-0.6,-0.5,"2","2","2","3"
"2848","Cluster_3730_evm.TU.chromosome_6.899","Cluster_3730","evm.TU.chromosome_6.899",-0.4,-0.2,0.5,"5","5","5","2"
"2849","Cluster_3730_evm.TU.chromosome_6.947","Cluster_3730","evm.TU.chromosome_6.947",0.2,0.4,-0.5,"4","4","4","1"
"2850","Cluster_3730_evm.TU.chromosome_6.969","Cluster_3730","evm.TU.chromosome_6.969",-0.2,-0.8,1,"1","1","1","4"
"2851","Cluster_3730_evm.TU.chromosome_7.1086","Cluster_3730","evm.TU.chromosome_7.1086",0.8,0.2,0,"2","2","2","3"
"2852","Cluster_3730_evm.TU.chromosome_7.1143","Cluster_3730","evm.TU.chromosome_7.1143",0.4,0.2,1,"1","1","1","4"
"2853","Cluster_3730_evm.TU.chromosome_7.1271","Cluster_3730","evm.TU.chromosome_7.1271",0.4,0,0.5,"3","3","3","5"
"2854","Cluster_3730_evm.TU.chromosome_7.1381","Cluster_3730","evm.TU.chromosome_7.1381",-0.8,0.8,1,"5","5","5","2"
"2855","Cluster_3730_evm.TU.chromosome_7.1617","Cluster_3730","evm.TU.chromosome_7.1617",0.8,-0.316227766016838,0.866025403784439,"1","1","1","4"
"2856","Cluster_3730_evm.TU.chromosome_7.1683","Cluster_3730","evm.TU.chromosome_7.1683",0,-0.4,0.5,"1","1","1","4"
"2857","Cluster_3730_evm.TU.chromosome_7.188","Cluster_3730","evm.TU.chromosome_7.188",0.4,0.8,0.5,"3","3","3","5"
"2858","Cluster_3730_evm.TU.chromosome_7.197","Cluster_3730","evm.TU.chromosome_7.197",0.4,-0.4,-1,"2","2","2","3"
"2859","Cluster_3730_evm.TU.chromosome_7.2109","Cluster_3730","evm.TU.chromosome_7.2109",-0.6,-0.8,-0.5,"3","3","3","5"
"2860","Cluster_3730_evm.TU.chromosome_7.2334","Cluster_3730","evm.TU.chromosome_7.2334",-0.4,-0.8,0.5,"1","1","1","4"
"2861","Cluster_3730_evm.TU.chromosome_7.2336","Cluster_3730","evm.TU.chromosome_7.2336",0.2,0,0.5,"3","3","3","5"
"2862","Cluster_3730_evm.TU.chromosome_7.243","Cluster_3730","evm.TU.chromosome_7.243",-0.4,-0.4,0.5,"1","1","1","4"
"2863","Cluster_3730_evm.TU.chromosome_7.2550","Cluster_3730","evm.TU.chromosome_7.2550",0.258198889747161,-0.316227766016838,-0.866025403784439,"2","2","2","3"
"2864","Cluster_3730_evm.TU.chromosome_7.2615","Cluster_3730","evm.TU.chromosome_7.2615",-0.8,0,-1,"4","4","4","1"
"2865","Cluster_3730_evm.TU.chromosome_7.2707","Cluster_3730","evm.TU.chromosome_7.2707",-0.4,-0.4,0.5,"1","1","1","4"
"2866","Cluster_3730_evm.TU.chromosome_7.2760","Cluster_3730","evm.TU.chromosome_7.2760",-0.2,-0.4,1,"1","1","1","4"
"2867","Cluster_3730_evm.TU.chromosome_7.2763","Cluster_3730","evm.TU.chromosome_7.2763",0,0.2,1,"5","5","5","2"
"2868","Cluster_3730_evm.TU.chromosome_7.301","Cluster_3730","evm.TU.chromosome_7.301",-0.2,-1,-1,"2","2","2","3"
"2869","Cluster_3730_evm.TU.chromosome_7.366","Cluster_3730","evm.TU.chromosome_7.366",1,0.2,0.5,"2","2","2","3"
"2870","Cluster_3730_evm.TU.chromosome_8.1090","Cluster_3730","evm.TU.chromosome_8.1090",-0.4,-0.4,1,"1","1","1","4"
"2871","Cluster_3730_evm.TU.chromosome_8.1293","Cluster_3730","evm.TU.chromosome_8.1293",-0.2,0,1,"5","5","5","2"
"2872","Cluster_3730_evm.TU.chromosome_8.1297","Cluster_3730","evm.TU.chromosome_8.1297",0.4,-0.6,1,"1","1","1","4"
"2873","Cluster_3730_evm.TU.chromosome_8.1384","Cluster_3730","evm.TU.chromosome_8.1384",0.8,0.4,0.5,"3","3","3","5"
"2874","Cluster_3730_evm.TU.chromosome_8.1529","Cluster_3730","evm.TU.chromosome_8.1529",-0.4,0.8,0.5,"5","5","5","2"
"2875","Cluster_3730_evm.TU.chromosome_8.1540","Cluster_3730","evm.TU.chromosome_8.1540",0,0.4,-0.5,"4","4","4","1"
"2876","Cluster_3730_evm.TU.chromosome_8.1549","Cluster_3730","evm.TU.chromosome_8.1549",-0.2,-0.4,-0.5,"3","3","3","5"
"2877","Cluster_3730_evm.TU.chromosome_8.1816","Cluster_3730","evm.TU.chromosome_8.1816",0.4,-0.4,1,"1","1","1","4"
"2878","Cluster_3730_evm.TU.chromosome_8.1844","Cluster_3730","evm.TU.chromosome_8.1844",0.4,0.6,1,"3","3","3","5"
"2879","Cluster_3730_evm.TU.chromosome_8.1908","Cluster_3730","evm.TU.chromosome_8.1908",-0.2,-0.4,0.5,"1","1","1","4"
"2880","Cluster_3730_evm.TU.chromosome_8.2138","Cluster_3730","evm.TU.chromosome_8.2138",-0.2,-0.4,-0.5,"3","3","3","5"
"2881","Cluster_3730_evm.TU.chromosome_8.2168","Cluster_3730","evm.TU.chromosome_8.2168",0.6,-0.4,0.5,"1","1","1","4"
"2882","Cluster_3730_evm.TU.chromosome_8.2257","Cluster_3730","evm.TU.chromosome_8.2257",-0.258198889747161,-0.2,0.866025403784439,"1","1","1","4"
"2883","Cluster_3730_evm.TU.chromosome_8.2274","Cluster_3730","evm.TU.chromosome_8.2274",0.2,-0.316227766016838,0.5,"1","1","1","4"
"2884","Cluster_3730_evm.TU.chromosome_8.2754","Cluster_3730","evm.TU.chromosome_8.2754",-0.2,0.316227766016838,0.5,"5","5","5","2"
"2885","Cluster_3730_evm.TU.chromosome_8.408","Cluster_3730","evm.TU.chromosome_8.408",1,-0.316227766016838,1,"1","1","1","4"
"2886","Cluster_3730_evm.TU.chromosome_8.499","Cluster_3730","evm.TU.chromosome_8.499",-0.4,0,0.5,"5","5","5","2"
"2887","Cluster_3730_evm.TU.chromosome_8.5","Cluster_3730","evm.TU.chromosome_8.5",-0.4,-0.6,-0.5,"3","3","3","5"
"2888","Cluster_3730_evm.TU.chromosome_8.858","Cluster_3730","evm.TU.chromosome_8.858",-0.6,0.774596669241483,0.5,"5","5","5","2"
"2889","Cluster_3730_evm.TU.chromosome_8.905","Cluster_3730","evm.TU.chromosome_8.905",-0.8,0,1,"5","5","5","2"
"2890","Cluster_3730_evm.TU.chromosome_9.1040","Cluster_3730","evm.TU.chromosome_9.1040",0.8,0.2,0.5,"3","3","3","5"
"2891","Cluster_3730_evm.TU.chromosome_9.1162","Cluster_3730","evm.TU.chromosome_9.1162",1,-0.8,-1,"2","2","2","3"
"2892","Cluster_3730_evm.TU.chromosome_9.13","Cluster_3730","evm.TU.chromosome_9.13",-0.4,-1,0.5,"1","1","1","4"
"2893","Cluster_3730_evm.TU.chromosome_9.1623","Cluster_3730","evm.TU.chromosome_9.1623",0.8,-0.4,1,"1","1","1","4"
"2894","Cluster_3730_evm.TU.chromosome_9.178","Cluster_3730","evm.TU.chromosome_9.178",0.2,-0.4,1,"1","1","1","4"
"2895","Cluster_3730_evm.TU.chromosome_9.2344","Cluster_3730","evm.TU.chromosome_9.2344",0.8,-0.4,-1,"2","2","2","3"
"2896","Cluster_3730_evm.TU.chromosome_9.2426","Cluster_3730","evm.TU.chromosome_9.2426",0.2,-0.2,0.5,"1","1","1","4"
"2897","Cluster_3730_evm.TU.chromosome_9.2528","Cluster_3730","evm.TU.chromosome_9.2528",0,-0.4,1,"1","1","1","4"
"2898","Cluster_3730_evm.TU.chromosome_9.2817","Cluster_3730","evm.TU.chromosome_9.2817",0.4,0.2,0.5,"3","3","3","5"
"2899","Cluster_3730_evm.TU.chromosome_9.288","Cluster_3730","evm.TU.chromosome_9.288",0.4,-0.6,0.5,"1","1","1","4"
"2900","Cluster_3730_evm.TU.chromosome_9.865","Cluster_3730","evm.TU.chromosome_9.865",1,0.4,-0.5,"2","2","2","3"
"2901","Cluster_3889_evm.TU.chromosome_1.102","Cluster_3889","evm.TU.chromosome_1.102",0.8,0,-0.5,"2","2","2","3"
"2902","Cluster_3889_evm.TU.chromosome_1.107","Cluster_3889","evm.TU.chromosome_1.107",1,0.8,-0.866025403784439,"2","2","2","3"
"2903","Cluster_3889_evm.TU.chromosome_1.115","Cluster_3889","evm.TU.chromosome_1.115",0.2,-0.2,-1,"2","2","2","3"
"2904","Cluster_3889_evm.TU.chromosome_1.151","Cluster_3889","evm.TU.chromosome_1.151",-1,-0.8,-0.5,"3","3","3","5"
"2905","Cluster_3889_evm.TU.chromosome_1.1595","Cluster_3889","evm.TU.chromosome_1.1595",0.8,0.632455532033676,-0.5,"2","2","2","3"
"2906","Cluster_3889_evm.TU.chromosome_1.1845","Cluster_3889","evm.TU.chromosome_1.1845",0.4,-0.4,-0.5,"2","2","2","3"
"2907","Cluster_3889_evm.TU.chromosome_1.197","Cluster_3889","evm.TU.chromosome_1.197",0.6,-0.948683298050514,-1,"2","2","2","3"
"2908","Cluster_3889_evm.TU.chromosome_1.826","Cluster_3889","evm.TU.chromosome_1.826",0.774596669241483,-0.774596669241483,-0.866025403784439,"2","2","2","3"
"2909","Cluster_3889_evm.TU.chromosome_10.136","Cluster_3889","evm.TU.chromosome_10.136",-0.8,0.8,-1,"4","4","4","1"
"2910","Cluster_3889_evm.TU.chromosome_10.1586","Cluster_3889","evm.TU.chromosome_10.1586",-0.8,-0.8,-1,"3","3","3","5"
"2911","Cluster_3889_evm.TU.chromosome_10.1983","Cluster_3889","evm.TU.chromosome_10.1983",0.4,0.4,-1,"4","4","4","1"
"2912","Cluster_3889_evm.TU.chromosome_10.2200","Cluster_3889","evm.TU.chromosome_10.2200",0.2,0.4,0.5,"3","3","3","5"
"2913","Cluster_3889_evm.TU.chromosome_10.2497","Cluster_3889","evm.TU.chromosome_10.2497",0.6,0.4,-1,"2","2","2","3"
"2914","Cluster_3889_evm.TU.chromosome_10.2499","Cluster_3889","evm.TU.chromosome_10.2499",0.8,-0.2,-1,"2","2","2","3"
"2915","Cluster_3889_evm.TU.chromosome_10.2573","Cluster_3889","evm.TU.chromosome_10.2573",0.6,-0.8,1,"1","1","1","4"
"2916","Cluster_3889_evm.TU.chromosome_10.2749","Cluster_3889","evm.TU.chromosome_10.2749",0.6,0.2,-0.5,"2","2","2","3"
"2917","Cluster_3889_evm.TU.chromosome_10.276","Cluster_3889","evm.TU.chromosome_10.276",0.4,0,-0.5,"2","2","2","3"
"2918","Cluster_3889_evm.TU.chromosome_10.2793","Cluster_3889","evm.TU.chromosome_10.2793",-0.2,0.4,-1,"4","4","4","1"
"2919","Cluster_3889_evm.TU.chromosome_10.2928","Cluster_3889","evm.TU.chromosome_10.2928",-0.2,0,-1,"4","4","4","1"
"2920","Cluster_3889_evm.TU.chromosome_10.3060","Cluster_3889","evm.TU.chromosome_10.3060",-1,0.8,-1,"4","4","4","1"
"2921","Cluster_3889_evm.TU.chromosome_10.3128","Cluster_3889","evm.TU.chromosome_10.3128",-1,0.4,-1,"4","4","4","1"
"2922","Cluster_3889_evm.TU.chromosome_10.650","Cluster_3889","evm.TU.chromosome_10.650",0.6,0.2,-0.5,"2","2","2","3"
"2923","Cluster_3889_evm.TU.chromosome_11.1163","Cluster_3889","evm.TU.chromosome_11.1163",-0.8,0.8,-1,"4","4","4","1"
"2924","Cluster_3889_evm.TU.chromosome_11.1164","Cluster_3889","evm.TU.chromosome_11.1164",-0.2,-0.2,-0.5,"3","3","3","5"
"2925","Cluster_3889_evm.TU.chromosome_11.1226","Cluster_3889","evm.TU.chromosome_11.1226",0,-0.4,-0.5,"3","3","3","5"
"2926","Cluster_3889_evm.TU.chromosome_11.1801","Cluster_3889","evm.TU.chromosome_11.1801",-0.2,0.737864787372622,-1,"4","4","4","1"
"2927","Cluster_3889_evm.TU.chromosome_11.2050","Cluster_3889","evm.TU.chromosome_11.2050",1,-0.632455532033676,-0.5,"2","2","2","3"
"2928","Cluster_3889_evm.TU.chromosome_11.2064","Cluster_3889","evm.TU.chromosome_11.2064",-0.4,-0.4,-0.5,"3","3","3","5"
"2929","Cluster_3889_evm.TU.chromosome_11.2370","Cluster_3889","evm.TU.chromosome_11.2370",0.737864787372622,-0.632455532033676,-0.5,"2","2","2","3"
"2930","Cluster_3889_evm.TU.chromosome_11.2420","Cluster_3889","evm.TU.chromosome_11.2420",-0.2,0.4,-1,"4","4","4","1"
"2931","Cluster_3889_evm.TU.chromosome_11.3087","Cluster_3889","evm.TU.chromosome_11.3087",-0.4,0.4,-1,"4","4","4","1"
"2932","Cluster_3889_evm.TU.chromosome_11.72","Cluster_3889","evm.TU.chromosome_11.72",-0.8,0.4,-0.5,"4","4","4","1"
"2933","Cluster_3889_evm.TU.chromosome_11.793_evm.TU.chromosome_11.794","Cluster_3889","evm.TU.chromosome_11.793_evm.TU.chromosome_11.794",0.4,0.8,-0.5,"4","4","4","1"
"2934","Cluster_3889_evm.TU.chromosome_11.795","Cluster_3889","evm.TU.chromosome_11.795",-0.8,0.2,-1,"4","4","4","1"
"2935","Cluster_3889_evm.TU.chromosome_12.202","Cluster_3889","evm.TU.chromosome_12.202",-1,0.948683298050514,-1,"4","4","4","1"
"2936","Cluster_3889_evm.TU.chromosome_12.2177","Cluster_3889","evm.TU.chromosome_12.2177",-0.4,0.210818510677892,-0.5,"4","4","4","1"
"2937","Cluster_3889_evm.TU.chromosome_12.2232","Cluster_3889","evm.TU.chromosome_12.2232",-1,-0.105409255338946,-0.5,"3","3","3","5"
"2938","Cluster_3889_evm.TU.chromosome_12.2764","Cluster_3889","evm.TU.chromosome_12.2764",0.4,-0.8,-0.5,"2","2","2","3"
"2939","Cluster_3889_evm.TU.chromosome_12.284","Cluster_3889","evm.TU.chromosome_12.284",-1,0.4,-1,"4","4","4","1"
"2940","Cluster_3889_evm.TU.chromosome_12.3164","Cluster_3889","evm.TU.chromosome_12.3164",0.8,1,-0.5,"4","4","4","1"
"2941","Cluster_3889_evm.TU.chromosome_12.3283","Cluster_3889","evm.TU.chromosome_12.3283",0.4,0.8,0.5,"3","3","3","5"
"2942","Cluster_3889_evm.TU.chromosome_12.375","Cluster_3889","evm.TU.chromosome_12.375",0.6,0.2,-0.5,"2","2","2","3"
"2943","Cluster_3889_evm.TU.chromosome_12.772","Cluster_3889","evm.TU.chromosome_12.772",-0.105409255338946,-0.2,-1,"2","2","2","3"
"2944","Cluster_3889_evm.TU.chromosome_12.875","Cluster_3889","evm.TU.chromosome_12.875",-0.4,0.8,0,"4","4","4","1"
"2945","Cluster_3889_evm.TU.chromosome_13.114","Cluster_3889","evm.TU.chromosome_13.114",-0.4,-0.6,-1,"3","3","3","5"
"2946","Cluster_3889_evm.TU.chromosome_13.1412","Cluster_3889","evm.TU.chromosome_13.1412",0.6,0,1,"1","1","1","4"
"2947","Cluster_3889_evm.TU.chromosome_13.2019","Cluster_3889","evm.TU.chromosome_13.2019",-0.258198889747161,0.4,-0.5,"4","4","4","1"
"2948","Cluster_3889_evm.TU.chromosome_13.202","Cluster_3889","evm.TU.chromosome_13.202",0.4,0.774596669241483,-1,"4","4","4","1"
"2949","Cluster_3889_evm.TU.chromosome_13.2167","Cluster_3889","evm.TU.chromosome_13.2167",0.316227766016838,-0.316227766016838,-0.866025403784439,"2","2","2","3"
"2950","Cluster_3889_evm.TU.chromosome_13.287","Cluster_3889","evm.TU.chromosome_13.287",-0.4,0.4,-1,"4","4","4","1"
"2951","Cluster_3889_evm.TU.chromosome_13.3356","Cluster_3889","evm.TU.chromosome_13.3356",0.8,0.8,-0.5,"4","4","4","1"
"2952","Cluster_3889_evm.TU.chromosome_13.3384","Cluster_3889","evm.TU.chromosome_13.3384",0.4,0.8,-0.5,"4","4","4","1"
"2953","Cluster_3889_evm.TU.chromosome_13.4177","Cluster_3889","evm.TU.chromosome_13.4177",0.8,-0.4,1,"1","1","1","4"
"2954","Cluster_3889_evm.TU.chromosome_13.512","Cluster_3889","evm.TU.chromosome_13.512",0.2,0.4,-0.5,"4","4","4","1"
"2955","Cluster_3889_evm.TU.chromosome_14.1059","Cluster_3889","evm.TU.chromosome_14.1059",-0.632455532033676,-0.4,-0.866025403784439,"3","3","3","5"
"2956","Cluster_3889_evm.TU.chromosome_14.1180","Cluster_3889","evm.TU.chromosome_14.1180",0.8,0.210818510677892,-1,"2","2","2","3"
"2957","Cluster_3889_evm.TU.chromosome_14.1867","Cluster_3889","evm.TU.chromosome_14.1867",-0.4,-0.8,-1,"2","2","2","3"
"2958","Cluster_3889_evm.TU.chromosome_14.1872","Cluster_3889","evm.TU.chromosome_14.1872",-0.8,-0.8,-0.5,"3","3","3","5"
"2959","Cluster_3889_evm.TU.chromosome_14.3910","Cluster_3889","evm.TU.chromosome_14.3910",0.632455532033676,-0.105409255338946,-0.5,"2","2","2","3"
"2960","Cluster_3889_evm.TU.chromosome_14.5339","Cluster_3889","evm.TU.chromosome_14.5339",-1,-0.4,-0.5,"3","3","3","5"
"2961","Cluster_3889_evm.TU.chromosome_14.5362","Cluster_3889","evm.TU.chromosome_14.5362",1,-0.8,0.5,"1","1","1","4"
"2962","Cluster_3889_evm.TU.chromosome_14.6456","Cluster_3889","evm.TU.chromosome_14.6456",0.258198889747161,-0.258198889747161,0,"3","3","3","5"
"2963","Cluster_3889_evm.TU.chromosome_14.6550","Cluster_3889","evm.TU.chromosome_14.6550",-0.632455532033676,0.737864787372622,-1,"4","4","4","1"
"2964","Cluster_3889_evm.TU.chromosome_14.6609","Cluster_3889","evm.TU.chromosome_14.6609",-0.4,0.4,-0.5,"4","4","4","1"
"2965","Cluster_3889_evm.TU.chromosome_14.6732","Cluster_3889","evm.TU.chromosome_14.6732",0,-1,-0.5,"2","2","2","3"
"2966","Cluster_3889_evm.TU.chromosome_14.677","Cluster_3889","evm.TU.chromosome_14.677",0.8,-0.4,-0.5,"2","2","2","3"
"2967","Cluster_3889_evm.TU.chromosome_14.6821","Cluster_3889","evm.TU.chromosome_14.6821",0.2,-0.4,-1,"2","2","2","3"
"2968","Cluster_3889_evm.TU.chromosome_14.6822","Cluster_3889","evm.TU.chromosome_14.6822",0.774596669241483,-0.258198889747161,-0.866025403784439,"2","2","2","3"
"2969","Cluster_3889_evm.TU.chromosome_14.6878","Cluster_3889","evm.TU.chromosome_14.6878",-0.8,-0.6,-1,"3","3","3","5"
"2970","Cluster_3889_evm.TU.chromosome_14.6966","Cluster_3889","evm.TU.chromosome_14.6966",-0.105409255338946,-0.2,-1,"2","2","2","3"
"2971","Cluster_3889_evm.TU.chromosome_14.972","Cluster_3889","evm.TU.chromosome_14.972",0.4,0.4,-0.5,"4","4","4","1"
"2972","Cluster_3889_evm.TU.chromosome_2.1126","Cluster_3889","evm.TU.chromosome_2.1126",-0.632455532033676,-0.8,0.5,"1","1","1","4"
"2973","Cluster_3889_evm.TU.chromosome_2.1655","Cluster_3889","evm.TU.chromosome_2.1655",0.948683298050514,-0.316227766016838,0,"2","2","2","3"
"2974","Cluster_3889_evm.TU.chromosome_2.1788","Cluster_3889","evm.TU.chromosome_2.1788",-0.8,0.774596669241483,-1,"4","4","4","1"
"2975","Cluster_3889_evm.TU.chromosome_2.1889","Cluster_3889","evm.TU.chromosome_2.1889",-0.4,0.4,-0.5,"4","4","4","1"
"2976","Cluster_3889_evm.TU.chromosome_2.1926","Cluster_3889","evm.TU.chromosome_2.1926",-0.2,-0.8,0.5,"1","1","1","4"
"2977","Cluster_3889_evm.TU.chromosome_2.224","Cluster_3889","evm.TU.chromosome_2.224",-0.4,0.4,-1,"4","4","4","1"
"2978","Cluster_3889_evm.TU.chromosome_2.318","Cluster_3889","evm.TU.chromosome_2.318",0.2,-0.4,1,"1","1","1","4"
"2979","Cluster_3889_evm.TU.chromosome_2.40","Cluster_3889","evm.TU.chromosome_2.40",-0.737864787372622,0.4,-0.5,"4","4","4","1"
"2980","Cluster_3889_evm.TU.chromosome_2.89","Cluster_3889","evm.TU.chromosome_2.89",0.4,0.4,-0.5,"4","4","4","1"
"2981","Cluster_3889_evm.TU.chromosome_3.1956","Cluster_3889","evm.TU.chromosome_3.1956",-0.4,-0.8,-1,"2","2","2","3"
"2982","Cluster_3889_evm.TU.chromosome_3.609","Cluster_3889","evm.TU.chromosome_3.609",-0.4,1,0.5,"5","5","5","2"
"2983","Cluster_3889_evm.TU.chromosome_4.1510","Cluster_3889","evm.TU.chromosome_4.1510",0.8,-0.4,-0.5,"2","2","2","3"
"2984","Cluster_3889_evm.TU.chromosome_4.1511","Cluster_3889","evm.TU.chromosome_4.1511",0.2,-0.2,-0.5,"2","2","2","3"
"2985","Cluster_3889_evm.TU.chromosome_4.1596","Cluster_3889","evm.TU.chromosome_4.1596",0.2,-0.2,-1,"2","2","2","3"
"2986","Cluster_3889_evm.TU.chromosome_4.1628","Cluster_3889","evm.TU.chromosome_4.1628",0.2,0.2,1,"1","1","1","4"
"2987","Cluster_3889_evm.TU.chromosome_4.2263","Cluster_3889","evm.TU.chromosome_4.2263",-0.948683298050514,-0.8,-1,"3","3","3","5"
"2988","Cluster_3889_evm.TU.chromosome_4.2476","Cluster_3889","evm.TU.chromosome_4.2476",-0.8,1,-0.5,"4","4","4","1"
"2989","Cluster_3889_evm.TU.chromosome_4.897","Cluster_3889","evm.TU.chromosome_4.897",-0.2,-0.4,1,"1","1","1","4"
"2990","Cluster_3889_evm.TU.chromosome_4.922","Cluster_3889","evm.TU.chromosome_4.922",0.8,0.632455532033676,-1,"2","2","2","3"
"2991","Cluster_3889_evm.TU.chromosome_5.1314","Cluster_3889","evm.TU.chromosome_5.1314",0.4,0.8,-1,"4","4","4","1"
"2992","Cluster_3889_evm.TU.chromosome_5.142","Cluster_3889","evm.TU.chromosome_5.142",0.2,-0.2,-0.5,"2","2","2","3"
"2993","Cluster_3889_evm.TU.chromosome_5.1533","Cluster_3889","evm.TU.chromosome_5.1533",-0.4,-0.316227766016838,-1,"4","4","4","1"
"2994","Cluster_3889_evm.TU.chromosome_5.2008","Cluster_3889","evm.TU.chromosome_5.2008",-0.2,-0.8,0.5,"1","1","1","4"
"2995","Cluster_3889_evm.TU.chromosome_5.2335","Cluster_3889","evm.TU.chromosome_5.2335",0.2,-1,-0.5,"2","2","2","3"
"2996","Cluster_3889_evm.TU.chromosome_5.2500","Cluster_3889","evm.TU.chromosome_5.2500",-0.4,0.632455532033676,-0.5,"4","4","4","1"
"2997","Cluster_3889_evm.TU.chromosome_5.415","Cluster_3889","evm.TU.chromosome_5.415",0.4,0.774596669241483,-0.5,"4","4","4","1"
"2998","Cluster_3889_evm.TU.chromosome_5.612","Cluster_3889","evm.TU.chromosome_5.612",0.316227766016838,0.948683298050514,-0.5,"4","4","4","1"
"2999","Cluster_3889_evm.TU.chromosome_5.695","Cluster_3889","evm.TU.chromosome_5.695",-0.2,0.4,-0.866025403784439,"4","4","4","1"
"3000","Cluster_3889_evm.TU.chromosome_5.832","Cluster_3889","evm.TU.chromosome_5.832",-0.8,0.6,-0.5,"4","4","4","1"
"3001","Cluster_3889_evm.TU.chromosome_6.1270","Cluster_3889","evm.TU.chromosome_6.1270",0.8,0.4,-1,"2","2","2","3"
"3002","Cluster_3889_evm.TU.chromosome_6.1524","Cluster_3889","evm.TU.chromosome_6.1524",0.4,0.2,-0.5,"2","2","2","3"
"3003","Cluster_3889_evm.TU.chromosome_6.1695","Cluster_3889","evm.TU.chromosome_6.1695",-0.4,0.2,-1,"4","4","4","1"
"3004","Cluster_3889_evm.TU.chromosome_6.2148","Cluster_3889","evm.TU.chromosome_6.2148",-0.8,-0.4,0.5,"5","5","5","2"
"3005","Cluster_3889_evm.TU.chromosome_6.2158","Cluster_3889","evm.TU.chromosome_6.2158",0.4,0.774596669241483,-1,"4","4","4","1"
"3006","Cluster_3889_evm.TU.chromosome_6.2834","Cluster_3889","evm.TU.chromosome_6.2834",0,-0.6,1,"1","1","1","4"
"3007","Cluster_3889_evm.TU.chromosome_6.2861","Cluster_3889","evm.TU.chromosome_6.2861",0.8,0.4,-1,"2","2","2","3"
"3008","Cluster_3889_evm.TU.chromosome_6.341","Cluster_3889","evm.TU.chromosome_6.341",0.8,0.632455532033676,-1,"2","2","2","3"
"3009","Cluster_3889_evm.TU.chromosome_6.499","Cluster_3889","evm.TU.chromosome_6.499",-0.4,-0.4,1,"1","1","1","4"
"3010","Cluster_3889_evm.TU.chromosome_7.1025","Cluster_3889","evm.TU.chromosome_7.1025",-0.8,0,-0.5,"3","3","3","5"
"3011","Cluster_3889_evm.TU.chromosome_7.1905","Cluster_3889","evm.TU.chromosome_7.1905",-0.4,0.8,-0.5,"4","4","4","1"
"3012","Cluster_3889_evm.TU.chromosome_7.2203","Cluster_3889","evm.TU.chromosome_7.2203",-0.4,1,-0.5,"4","4","4","1"
"3013","Cluster_3889_evm.TU.chromosome_7.481","Cluster_3889","evm.TU.chromosome_7.481",-0.8,0.2,-1,"4","4","4","1"
"3014","Cluster_3889_evm.TU.chromosome_7.910","Cluster_3889","evm.TU.chromosome_7.910",-0.4,0.210818510677892,-1,"4","4","4","1"
"3015","Cluster_3889_evm.TU.chromosome_8.1200","Cluster_3889","evm.TU.chromosome_8.1200",0.4,0.6,-0.5,"4","4","4","1"
"3016","Cluster_3889_evm.TU.chromosome_8.1238","Cluster_3889","evm.TU.chromosome_8.1238",-0.4,0.632455532033676,-1,"4","4","4","1"
"3017","Cluster_3889_evm.TU.chromosome_8.1289","Cluster_3889","evm.TU.chromosome_8.1289",-0.2,-0.4,-1,"2","2","2","3"
"3018","Cluster_3889_evm.TU.chromosome_8.1528","Cluster_3889","evm.TU.chromosome_8.1528",1,-0.737864787372622,-1,"2","2","2","3"
"3019","Cluster_3889_evm.TU.chromosome_8.1696","Cluster_3889","evm.TU.chromosome_8.1696",-0.4,-0.4,-0.5,"3","3","3","5"
"3020","Cluster_3889_evm.TU.chromosome_8.1697","Cluster_3889","evm.TU.chromosome_8.1697",0.8,0.8,-1,"4","4","4","1"
"3021","Cluster_3889_evm.TU.chromosome_8.1757","Cluster_3889","evm.TU.chromosome_8.1757",-1,-0.4,-0.5,"3","3","3","5"
"3022","Cluster_3889_evm.TU.chromosome_8.1900","Cluster_3889","evm.TU.chromosome_8.1900",-0.4,-0.2,-1,"4","4","4","1"
"3023","Cluster_3889_evm.TU.chromosome_8.1922","Cluster_3889","evm.TU.chromosome_8.1922",0,-0.2,-1,"2","2","2","3"
"3024","Cluster_3889_evm.TU.chromosome_8.1939","Cluster_3889","evm.TU.chromosome_8.1939",-0.4,-0.4,0.5,"1","1","1","4"
"3025","Cluster_3889_evm.TU.chromosome_8.2568","Cluster_3889","evm.TU.chromosome_8.2568",0.4,0.8,-0.5,"4","4","4","1"
"3026","Cluster_3889_evm.TU.chromosome_8.2581","Cluster_3889","evm.TU.chromosome_8.2581",0,0.8,-0.5,"4","4","4","1"
"3027","Cluster_3889_evm.TU.chromosome_8.434","Cluster_3889","evm.TU.chromosome_8.434",-0.258198889747161,0.632455532033676,1,"5","5","5","2"
"3028","Cluster_3889_evm.TU.chromosome_8.814","Cluster_3889","evm.TU.chromosome_8.814",-0.105409255338946,-0.632455532033676,0,"1","1","1","4"
"3029","Cluster_3889_evm.TU.chromosome_8.858","Cluster_3889","evm.TU.chromosome_8.858",-0.4,-0.258198889747161,-0.5,"3","3","3","5"
"3030","Cluster_3889_evm.TU.chromosome_8.964","Cluster_3889","evm.TU.chromosome_8.964",-0.2,0.4,-0.5,"4","4","4","1"
"3031","Cluster_3889_evm.TU.chromosome_8.971","Cluster_3889","evm.TU.chromosome_8.971",0,0.8,-1,"4","4","4","1"
"3032","Cluster_3889_evm.TU.chromosome_9.1162","Cluster_3889","evm.TU.chromosome_9.1162",0.4,0.2,1,"1","1","1","4"
"3033","Cluster_3889_evm.TU.chromosome_9.1487","Cluster_3889","evm.TU.chromosome_9.1487",-0.4,0.8,-1,"4","4","4","1"
"3034","Cluster_3889_evm.TU.chromosome_9.1962","Cluster_3889","evm.TU.chromosome_9.1962",-0.8,0.737864787372622,-1,"4","4","4","1"
"3035","Cluster_3889_evm.TU.chromosome_9.2032","Cluster_3889","evm.TU.chromosome_9.2032",-0.8,-0.2,-0.5,"3","3","3","5"
"3036","Cluster_3889_evm.TU.chromosome_9.2267","Cluster_3889","evm.TU.chromosome_9.2267",0.8,0.8,-1,"4","4","4","1"
"3037","Cluster_3889_evm.TU.chromosome_9.2477","Cluster_3889","evm.TU.chromosome_9.2477",-0.4,1,-0.5,"4","4","4","1"
"3038","Cluster_3889_evm.TU.chromosome_9.2666","Cluster_3889","evm.TU.chromosome_9.2666",0.6,0.4,-1,"2","2","2","3"
"3039","Cluster_3889_evm.TU.chromosome_9.752","Cluster_3889","evm.TU.chromosome_9.752",-0.8,-0.4,0.5,"5","5","5","2"
"3040","Cluster_3889_evm.TU.chromosome_9.753","Cluster_3889","evm.TU.chromosome_9.753",0.4,-0.4,-1,"2","2","2","3"
"3041","Cluster_3889_evm.TU.chromosome_9.908","Cluster_3889","evm.TU.chromosome_9.908",0.8,0.4,-1,"2","2","2","3"
"3042","Cluster_4044_evm.TU.chromosome_1.1066","Cluster_4044","evm.TU.chromosome_1.1066",-0.8,0.258198889747161,1,"5","5","5","2"
"3043","Cluster_4044_evm.TU.chromosome_1.1262","Cluster_4044","evm.TU.chromosome_1.1262",-0.8,-0.8,0.5,"1","1","1","4"
"3044","Cluster_4044_evm.TU.chromosome_1.485","Cluster_4044","evm.TU.chromosome_1.485",-0.8,-0.4,-1,"3","3","3","5"
"3045","Cluster_4044_evm.TU.chromosome_1.589","Cluster_4044","evm.TU.chromosome_1.589",-0.8,0.4,1,"5","5","5","2"
"3046","Cluster_4044_evm.TU.chromosome_1.626","Cluster_4044","evm.TU.chromosome_1.626",0.4,0,1,"1","1","1","4"
"3047","Cluster_4044_evm.TU.chromosome_1.629","Cluster_4044","evm.TU.chromosome_1.629",-0.2,0.4,-0.5,"4","4","4","1"
"3048","Cluster_4044_evm.TU.chromosome_1.632","Cluster_4044","evm.TU.chromosome_1.632",-0.8,0.4,1,"5","5","5","2"
"3049","Cluster_4044_evm.TU.chromosome_1.638","Cluster_4044","evm.TU.chromosome_1.638",-0.8,-0.8,0.5,"1","1","1","4"
"3050","Cluster_4044_evm.TU.chromosome_1.640","Cluster_4044","evm.TU.chromosome_1.640",-0.948683298050514,-0.258198889747161,0.5,"5","5","5","2"
"3051","Cluster_4044_evm.TU.chromosome_1.686","Cluster_4044","evm.TU.chromosome_1.686",0.8,0.8,0.5,"3","3","3","5"
"3052","Cluster_4044_evm.TU.chromosome_1.87","Cluster_4044","evm.TU.chromosome_1.87",1,0.8,0.5,"3","3","3","5"
"3053","Cluster_4044_evm.TU.chromosome_10.1275","Cluster_4044","evm.TU.chromosome_10.1275",-0.8,0.4,1,"5","5","5","2"
"3054","Cluster_4044_evm.TU.chromosome_10.1316","Cluster_4044","evm.TU.chromosome_10.1316",-0.8,0.4,0.5,"5","5","5","2"
"3055","Cluster_4044_evm.TU.chromosome_10.1482","Cluster_4044","evm.TU.chromosome_10.1482",0.2,0,0.5,"3","3","3","5"
"3056","Cluster_4044_evm.TU.chromosome_10.236","Cluster_4044","evm.TU.chromosome_10.236",0.8,0.4,1,"1","1","1","4"
"3057","Cluster_4044_evm.TU.chromosome_10.2656","Cluster_4044","evm.TU.chromosome_10.2656",-0.737864787372622,-0.4,1,"5","5","5","2"
"3058","Cluster_4044_evm.TU.chromosome_10.2996","Cluster_4044","evm.TU.chromosome_10.2996",-0.8,0.210818510677892,0.5,"5","5","5","2"
"3059","Cluster_4044_evm.TU.chromosome_10.3144","Cluster_4044","evm.TU.chromosome_10.3144",0.4,0.4,-0.5,"4","4","4","1"
"3060","Cluster_4044_evm.TU.chromosome_11.1348","Cluster_4044","evm.TU.chromosome_11.1348",0.2,-0.948683298050514,0.5,"1","1","1","4"
"3061","Cluster_4044_evm.TU.chromosome_11.1444","Cluster_4044","evm.TU.chromosome_11.1444",-0.2,-0.4,-1,"2","2","2","3"
"3062","Cluster_4044_evm.TU.chromosome_11.1699","Cluster_4044","evm.TU.chromosome_11.1699",-1,0.8,0.5,"5","5","5","2"
"3063","Cluster_4044_evm.TU.chromosome_11.1700","Cluster_4044","evm.TU.chromosome_11.1700",0.210818510677892,0.774596669241483,0.5,"3","3","3","5"
"3064","Cluster_4044_evm.TU.chromosome_11.2007","Cluster_4044","evm.TU.chromosome_11.2007",-0.8,0.2,1,"5","5","5","2"
"3065","Cluster_4044_evm.TU.chromosome_11.2589","Cluster_4044","evm.TU.chromosome_11.2589",-0.2,0.4,-0.5,"4","4","4","1"
"3066","Cluster_4044_evm.TU.chromosome_11.2594","Cluster_4044","evm.TU.chromosome_11.2594",0.8,0.8,-1,"4","4","4","1"
"3067","Cluster_4044_evm.TU.chromosome_11.3064","Cluster_4044","evm.TU.chromosome_11.3064",-0.2,-0.8,-0.5,"3","3","3","5"
"3068","Cluster_4044_evm.TU.chromosome_11.308","Cluster_4044","evm.TU.chromosome_11.308",0.8,0.8,0.5,"3","3","3","5"
"3069","Cluster_4044_evm.TU.chromosome_11.3087","Cluster_4044","evm.TU.chromosome_11.3087",-0.4,0.4,1,"5","5","5","2"
"3070","Cluster_4044_evm.TU.chromosome_11.561","Cluster_4044","evm.TU.chromosome_11.561",-0.4,0.774596669241483,-0.5,"4","4","4","1"
"3071","Cluster_4044_evm.TU.chromosome_11.681","Cluster_4044","evm.TU.chromosome_11.681",0.6,-1,-1,"2","2","2","3"
"3072","Cluster_4044_evm.TU.chromosome_11.892","Cluster_4044","evm.TU.chromosome_11.892",-0.8,1,0.5,"5","5","5","2"
"3073","Cluster_4044_evm.TU.chromosome_11.896","Cluster_4044","evm.TU.chromosome_11.896",0.4,0.2,0.5,"3","3","3","5"
"3074","Cluster_4044_evm.TU.chromosome_12.1356","Cluster_4044","evm.TU.chromosome_12.1356",-0.8,0.8,1,"5","5","5","2"
"3075","Cluster_4044_evm.TU.chromosome_12.1495","Cluster_4044","evm.TU.chromosome_12.1495",-0.4,-0.2,0,"3","3","3","5"
"3076","Cluster_4044_evm.TU.chromosome_12.2170","Cluster_4044","evm.TU.chromosome_12.2170",0.2,0.2,1,"1","1","1","4"
"3077","Cluster_4044_evm.TU.chromosome_12.2486","Cluster_4044","evm.TU.chromosome_12.2486",-1,-0.8,1,"5","5","5","2"
"3078","Cluster_4044_evm.TU.chromosome_12.252","Cluster_4044","evm.TU.chromosome_12.252",0.258198889747161,0.948683298050514,0.5,"3","3","3","5"
"3079","Cluster_4044_evm.TU.chromosome_12.2966","Cluster_4044","evm.TU.chromosome_12.2966",-1,0.632455532033676,0.5,"5","5","5","2"
"3080","Cluster_4044_evm.TU.chromosome_12.2979","Cluster_4044","evm.TU.chromosome_12.2979",-0.4,0.774596669241483,0.5,"5","5","5","2"
"3081","Cluster_4044_evm.TU.chromosome_12.2987","Cluster_4044","evm.TU.chromosome_12.2987",-0.8,-0.4,0.5,"5","5","5","2"
"3082","Cluster_4044_evm.TU.chromosome_12.2992","Cluster_4044","evm.TU.chromosome_12.2992",-0.8,-0.4,-0.5,"3","3","3","5"
"3083","Cluster_4044_evm.TU.chromosome_12.2994","Cluster_4044","evm.TU.chromosome_12.2994",-0.8,0.774596669241483,0.5,"5","5","5","2"
"3084","Cluster_4044_evm.TU.chromosome_12.3074","Cluster_4044","evm.TU.chromosome_12.3074",1,0.632455532033676,0.5,"3","3","3","5"
"3085","Cluster_4044_evm.TU.chromosome_12.3490","Cluster_4044","evm.TU.chromosome_12.3490",0.316227766016838,-0.258198889747161,0.5,"1","1","1","4"
"3086","Cluster_4044_evm.TU.chromosome_12.3847","Cluster_4044","evm.TU.chromosome_12.3847",0.2,-0.4,-0.5,"2","2","2","3"
"3087","Cluster_4044_evm.TU.chromosome_12.3900","Cluster_4044","evm.TU.chromosome_12.3900",-0.2,1,-1,"4","4","4","1"
"3088","Cluster_4044_evm.TU.chromosome_12.509","Cluster_4044","evm.TU.chromosome_12.509",-0.8,0.632455532033676,0.5,"5","5","5","2"
"3089","Cluster_4044_evm.TU.chromosome_12.605","Cluster_4044","evm.TU.chromosome_12.605",0.632455532033676,-0.774596669241483,1,"1","1","1","4"
"3090","Cluster_4044_evm.TU.chromosome_13.1465","Cluster_4044","evm.TU.chromosome_13.1465",0.8,0,-0.5,"2","2","2","3"
"3091","Cluster_4044_evm.TU.chromosome_13.1560","Cluster_4044","evm.TU.chromosome_13.1560",0.2,-0.4,0.5,"1","1","1","4"
"3092","Cluster_4044_evm.TU.chromosome_13.2045","Cluster_4044","evm.TU.chromosome_13.2045",0.8,0,0.5,"1","1","1","4"
"3093","Cluster_4044_evm.TU.chromosome_13.217","Cluster_4044","evm.TU.chromosome_13.217",0.8,0.4,1,"1","1","1","4"
"3094","Cluster_4044_evm.TU.chromosome_13.2402","Cluster_4044","evm.TU.chromosome_13.2402",0,-0.4,0.5,"1","1","1","4"
"3095","Cluster_4044_evm.TU.chromosome_13.2403","Cluster_4044","evm.TU.chromosome_13.2403",0.8,-0.4,0.5,"1","1","1","4"
"3096","Cluster_4044_evm.TU.chromosome_13.2404","Cluster_4044","evm.TU.chromosome_13.2404",-0.105409255338946,-0.8,0.5,"1","1","1","4"
"3097","Cluster_4044_evm.TU.chromosome_13.2405","Cluster_4044","evm.TU.chromosome_13.2405",0.105409255338946,-0.2,1,"1","1","1","4"
"3098","Cluster_4044_evm.TU.chromosome_13.2406","Cluster_4044","evm.TU.chromosome_13.2406",0.105409255338946,-0.2,0.5,"1","1","1","4"
"3099","Cluster_4044_evm.TU.chromosome_13.2407","Cluster_4044","evm.TU.chromosome_13.2407",-0.105409255338946,0.4,0.5,"3","3","3","5"
"3100","Cluster_4044_evm.TU.chromosome_13.2409","Cluster_4044","evm.TU.chromosome_13.2409",0.4,0.2,-1,"2","2","2","3"
"3101","Cluster_4044_evm.TU.chromosome_13.2419","Cluster_4044","evm.TU.chromosome_13.2419",-0.8,-0.4,-0.5,"3","3","3","5"
"3102","Cluster_4044_evm.TU.chromosome_13.2420","Cluster_4044","evm.TU.chromosome_13.2420",-1,-0.737864787372622,0,"5","5","5","2"
"3103","Cluster_4044_evm.TU.chromosome_13.2426","Cluster_4044","evm.TU.chromosome_13.2426",-0.2,0.774596669241483,0.5,"5","5","5","2"
"3104","Cluster_4044_evm.TU.chromosome_13.2430","Cluster_4044","evm.TU.chromosome_13.2430",-0.4,-0.4,0.5,"1","1","1","4"
"3105","Cluster_4044_evm.TU.chromosome_13.2431","Cluster_4044","evm.TU.chromosome_13.2431",-0.2,0.8,0.5,"5","5","5","2"
"3106","Cluster_4044_evm.TU.chromosome_13.2433","Cluster_4044","evm.TU.chromosome_13.2433",-0.8,-0.316227766016838,0,"5","5","5","2"
"3107","Cluster_4044_evm.TU.chromosome_13.2434","Cluster_4044","evm.TU.chromosome_13.2434",-0.2,0.4,0.5,"5","5","5","2"
"3108","Cluster_4044_evm.TU.chromosome_13.2435","Cluster_4044","evm.TU.chromosome_13.2435",-0.4,0.316227766016838,0.5,"5","5","5","2"
"3109","Cluster_4044_evm.TU.chromosome_13.2437","Cluster_4044","evm.TU.chromosome_13.2437",0.8,0.4,1,"1","1","1","4"
"3110","Cluster_4044_evm.TU.chromosome_13.2438","Cluster_4044","evm.TU.chromosome_13.2438",-0.6,0.2,-1,"4","4","4","1"
"3111","Cluster_4044_evm.TU.chromosome_13.2468","Cluster_4044","evm.TU.chromosome_13.2468",0.8,-0.258198889747161,0.5,"1","1","1","4"
"3112","Cluster_4044_evm.TU.chromosome_13.257","Cluster_4044","evm.TU.chromosome_13.257",-0.2,0.8,0,"4","4","4","1"
"3113","Cluster_4044_evm.TU.chromosome_13.2589","Cluster_4044","evm.TU.chromosome_13.2589",0.6,0.8,0.5,"3","3","3","5"
"3114","Cluster_4044_evm.TU.chromosome_13.271","Cluster_4044","evm.TU.chromosome_13.271",0.8,-0.4,0.5,"1","1","1","4"
"3115","Cluster_4044_evm.TU.chromosome_13.2793","Cluster_4044","evm.TU.chromosome_13.2793",-0.2,-0.8,0.5,"1","1","1","4"
"3116","Cluster_4044_evm.TU.chromosome_13.3185","Cluster_4044","evm.TU.chromosome_13.3185",0.2,0.8,1,"5","5","5","2"
"3117","Cluster_4044_evm.TU.chromosome_13.321","Cluster_4044","evm.TU.chromosome_13.321",0.8,-0.4,0.5,"1","1","1","4"
"3118","Cluster_4044_evm.TU.chromosome_13.3481","Cluster_4044","evm.TU.chromosome_13.3481",-1,0.2,0.5,"5","5","5","2"
"3119","Cluster_4044_evm.TU.chromosome_13.463","Cluster_4044","evm.TU.chromosome_13.463",-0.4,-0.4,-0.5,"3","3","3","5"
"3120","Cluster_4044_evm.TU.chromosome_13.781","Cluster_4044","evm.TU.chromosome_13.781",0.2,-0.8,0.5,"1","1","1","4"
"3121","Cluster_4044_evm.TU.chromosome_13.85","Cluster_4044","evm.TU.chromosome_13.85",-0.4,-0.4,0.866025403784439,"1","1","1","4"
"3122","Cluster_4044_evm.TU.chromosome_13.938","Cluster_4044","evm.TU.chromosome_13.938",-0.6,0.4,0.5,"5","5","5","2"
"3123","Cluster_4044_evm.TU.chromosome_14.2185","Cluster_4044","evm.TU.chromosome_14.2185",1,-0.4,-0.5,"2","2","2","3"
"3124","Cluster_4044_evm.TU.chromosome_14.4830","Cluster_4044","evm.TU.chromosome_14.4830",1,0.4,-0.5,"2","2","2","3"
"3125","Cluster_4044_evm.TU.chromosome_14.5319","Cluster_4044","evm.TU.chromosome_14.5319",-1,0.8,-1,"4","4","4","1"
"3126","Cluster_4044_evm.TU.chromosome_14.6046","Cluster_4044","evm.TU.chromosome_14.6046",-0.8,0.8,0.5,"5","5","5","2"
"3127","Cluster_4044_evm.TU.chromosome_14.653","Cluster_4044","evm.TU.chromosome_14.653",-0.8,0.2,0,"5","5","5","2"
"3128","Cluster_4044_evm.TU.chromosome_14.6541","Cluster_4044","evm.TU.chromosome_14.6541",1,0.4,0.5,"2","2","2","3"
"3129","Cluster_4044_evm.TU.chromosome_14.6791","Cluster_4044","evm.TU.chromosome_14.6791",0.8,-0.4,-1,"2","2","2","3"
"3130","Cluster_4044_evm.TU.chromosome_2.1561","Cluster_4044","evm.TU.chromosome_2.1561",-0.105409255338946,0.774596669241483,0.866025403784439,"5","5","5","2"
"3131","Cluster_4044_evm.TU.chromosome_2.1562","Cluster_4044","evm.TU.chromosome_2.1562",-0.4,1,0.5,"5","5","5","2"
"3132","Cluster_4044_evm.TU.chromosome_2.1603","Cluster_4044","evm.TU.chromosome_2.1603",0.2,0.4,1,"5","5","5","2"
"3133","Cluster_4044_evm.TU.chromosome_2.45","Cluster_4044","evm.TU.chromosome_2.45",-0.8,0.2,1,"5","5","5","2"
"3134","Cluster_4044_evm.TU.chromosome_2.523","Cluster_4044","evm.TU.chromosome_2.523",0.258198889747161,-0.774596669241483,0.5,"1","1","1","4"
"3135","Cluster_4044_evm.TU.chromosome_2.591","Cluster_4044","evm.TU.chromosome_2.591",0.4,-0.4,-0.5,"2","2","2","3"
"3136","Cluster_4044_evm.TU.chromosome_3.1212","Cluster_4044","evm.TU.chromosome_3.1212",0.4,1,0.5,"3","3","3","5"
"3137","Cluster_4044_evm.TU.chromosome_3.1213","Cluster_4044","evm.TU.chromosome_3.1213",0.4,-0.2,0.5,"1","1","1","4"
"3138","Cluster_4044_evm.TU.chromosome_3.1982","Cluster_4044","evm.TU.chromosome_3.1982",1,0,0.5,"2","2","2","3"
"3139","Cluster_4044_evm.TU.chromosome_3.957","Cluster_4044","evm.TU.chromosome_3.957",0.8,1,0.5,"3","3","3","5"
"3140","Cluster_4044_evm.TU.chromosome_4.1134","Cluster_4044","evm.TU.chromosome_4.1134",0.8,0,0.5,"1","1","1","4"
"3141","Cluster_4044_evm.TU.chromosome_4.1135","Cluster_4044","evm.TU.chromosome_4.1135",0,0,0.5,"3","3","3","5"
"3142","Cluster_4044_evm.TU.chromosome_4.1641","Cluster_4044","evm.TU.chromosome_4.1641",0.4,0.8,-1,"4","4","4","1"
"3143","Cluster_4044_evm.TU.chromosome_4.1739","Cluster_4044","evm.TU.chromosome_4.1739",-0.4,0.8,1,"5","5","5","2"
"3144","Cluster_4044_evm.TU.chromosome_4.2271","Cluster_4044","evm.TU.chromosome_4.2271",0.8,0.8,1,"3","3","3","5"
"3145","Cluster_4044_evm.TU.chromosome_4.464","Cluster_4044","evm.TU.chromosome_4.464",0.6,-0.4,0.5,"1","1","1","4"
"3146","Cluster_4044_evm.TU.chromosome_4.465","Cluster_4044","evm.TU.chromosome_4.465",-0.8,0.8,1,"5","5","5","2"
"3147","Cluster_4044_evm.TU.chromosome_4.743","Cluster_4044","evm.TU.chromosome_4.743",0.316227766016838,0.2,1,"1","1","1","4"
"3148","Cluster_4044_evm.TU.chromosome_4.792","Cluster_4044","evm.TU.chromosome_4.792",-0.8,-0.2,-0.5,"3","3","3","5"
"3149","Cluster_4044_evm.TU.chromosome_5.1427","Cluster_4044","evm.TU.chromosome_5.1427",-0.2,0,0.5,"3","3","3","5"
"3150","Cluster_4044_evm.TU.chromosome_5.1835","Cluster_4044","evm.TU.chromosome_5.1835",0.4,-0.8,1,"1","1","1","4"
"3151","Cluster_4044_evm.TU.chromosome_5.1985","Cluster_4044","evm.TU.chromosome_5.1985",1,0,0.5,"2","2","2","3"
"3152","Cluster_4044_evm.TU.chromosome_5.1987","Cluster_4044","evm.TU.chromosome_5.1987",1,0.2,-1,"2","2","2","3"
"3153","Cluster_4044_evm.TU.chromosome_5.2175","Cluster_4044","evm.TU.chromosome_5.2175",0,0.4,0.5,"3","3","3","5"
"3154","Cluster_4044_evm.TU.chromosome_5.2206","Cluster_4044","evm.TU.chromosome_5.2206",-0.4,-0.4,0.5,"1","1","1","4"
"3155","Cluster_4044_evm.TU.chromosome_5.2563","Cluster_4044","evm.TU.chromosome_5.2563",-0.4,0.4,-0.5,"4","4","4","1"
"3156","Cluster_4044_evm.TU.chromosome_5.2565","Cluster_4044","evm.TU.chromosome_5.2565",0,-0.4,0.5,"1","1","1","4"
"3157","Cluster_4044_evm.TU.chromosome_5.591","Cluster_4044","evm.TU.chromosome_5.591",0.4,0.8,-0.5,"4","4","4","1"
"3158","Cluster_4044_evm.TU.chromosome_5.659","Cluster_4044","evm.TU.chromosome_5.659",-0.2,0.737864787372622,-0.5,"4","4","4","1"
"3159","Cluster_4044_evm.TU.chromosome_5.699","Cluster_4044","evm.TU.chromosome_5.699",0.8,0,0.5,"1","1","1","4"
"3160","Cluster_4044_evm.TU.chromosome_6.1068","Cluster_4044","evm.TU.chromosome_6.1068",1,0.4,1,"1","1","1","4"
"3161","Cluster_4044_evm.TU.chromosome_6.1256","Cluster_4044","evm.TU.chromosome_6.1256",-0.4,0.4,-0.5,"4","4","4","1"
"3162","Cluster_4044_evm.TU.chromosome_6.2137","Cluster_4044","evm.TU.chromosome_6.2137",0.2,0.8,-1,"4","4","4","1"
"3163","Cluster_4044_evm.TU.chromosome_6.2174","Cluster_4044","evm.TU.chromosome_6.2174",0.8,-0.8,0.5,"1","1","1","4"
"3164","Cluster_4044_evm.TU.chromosome_6.221","Cluster_4044","evm.TU.chromosome_6.221",-0.8,0.6,-1,"4","4","4","1"
"3165","Cluster_4044_evm.TU.chromosome_6.237","Cluster_4044","evm.TU.chromosome_6.237",0.8,-0.2,0.5,"1","1","1","4"
"3166","Cluster_4044_evm.TU.chromosome_6.2638","Cluster_4044","evm.TU.chromosome_6.2638",0.4,0.2,1,"1","1","1","4"
"3167","Cluster_4044_evm.TU.chromosome_6.319","Cluster_4044","evm.TU.chromosome_6.319",-0.6,0.632455532033676,0.866025403784439,"5","5","5","2"
"3168","Cluster_4044_evm.TU.chromosome_7.1016","Cluster_4044","evm.TU.chromosome_7.1016",0,0.4,0,"3","3","3","5"
"3169","Cluster_4044_evm.TU.chromosome_7.1049","Cluster_4044","evm.TU.chromosome_7.1049",-0.4,0.632455532033676,0.5,"5","5","5","2"
"3170","Cluster_4044_evm.TU.chromosome_7.1317","Cluster_4044","evm.TU.chromosome_7.1317",-0.948683298050514,-0.316227766016838,0.5,"5","5","5","2"
"3171","Cluster_4044_evm.TU.chromosome_7.1398","Cluster_4044","evm.TU.chromosome_7.1398",0.6,0.632455532033676,0,"3","3","3","5"
"3172","Cluster_4044_evm.TU.chromosome_7.1549","Cluster_4044","evm.TU.chromosome_7.1549",0.8,-0.8,0.866025403784439,"1","1","1","4"
"3173","Cluster_4044_evm.TU.chromosome_7.2277","Cluster_4044","evm.TU.chromosome_7.2277",0.4,-0.6,0.5,"1","1","1","4"
"3174","Cluster_4044_evm.TU.chromosome_7.2301","Cluster_4044","evm.TU.chromosome_7.2301",0.4,-0.6,1,"1","1","1","4"
"3175","Cluster_4044_evm.TU.chromosome_7.2382","Cluster_4044","evm.TU.chromosome_7.2382",-0.737864787372622,0.210818510677892,1,"5","5","5","2"
"3176","Cluster_4044_evm.TU.chromosome_7.2383","Cluster_4044","evm.TU.chromosome_7.2383",-0.4,-0.4,1,"1","1","1","4"
"3177","Cluster_4044_evm.TU.chromosome_7.2387","Cluster_4044","evm.TU.chromosome_7.2387",-0.2,0.2,1,"5","5","5","2"
"3178","Cluster_4044_evm.TU.chromosome_7.2763","Cluster_4044","evm.TU.chromosome_7.2763",0.2,0,1,"1","1","1","4"
"3179","Cluster_4044_evm.TU.chromosome_7.600","Cluster_4044","evm.TU.chromosome_7.600",0.8,0.8,1,"3","3","3","5"
"3180","Cluster_4044_evm.TU.chromosome_7.601","Cluster_4044","evm.TU.chromosome_7.601",0.8,0.8,1,"3","3","3","5"
"3181","Cluster_4044_evm.TU.chromosome_7.617","Cluster_4044","evm.TU.chromosome_7.617",0.8,0.8,0.5,"3","3","3","5"
"3182","Cluster_4044_evm.TU.chromosome_7.62","Cluster_4044","evm.TU.chromosome_7.62",-0.8,1,1,"5","5","5","2"
"3183","Cluster_4044_evm.TU.chromosome_7.759","Cluster_4044","evm.TU.chromosome_7.759",0.8,0.632455532033676,0.5,"3","3","3","5"
"3184","Cluster_4044_evm.TU.chromosome_8.1352","Cluster_4044","evm.TU.chromosome_8.1352",0.8,-0.2,0.5,"1","1","1","4"
"3185","Cluster_4044_evm.TU.chromosome_8.1508","Cluster_4044","evm.TU.chromosome_8.1508",0.8,-0.316227766016838,-1,"2","2","2","3"
"3186","Cluster_4044_evm.TU.chromosome_8.2005","Cluster_4044","evm.TU.chromosome_8.2005",0,0.4,1,"5","5","5","2"
"3187","Cluster_4044_evm.TU.chromosome_8.2535","Cluster_4044","evm.TU.chromosome_8.2535",1,-0.8,0.5,"1","1","1","4"
"3188","Cluster_4044_evm.TU.chromosome_8.2688","Cluster_4044","evm.TU.chromosome_8.2688",0.4,0.6,0.5,"3","3","3","5"
"3189","Cluster_4044_evm.TU.chromosome_8.378","Cluster_4044","evm.TU.chromosome_8.378",0.4,0.2,0.5,"3","3","3","5"
"3190","Cluster_4044_evm.TU.chromosome_8.382","Cluster_4044","evm.TU.chromosome_8.382",0.2,0.8,1,"5","5","5","2"
"3191","Cluster_4044_evm.TU.chromosome_8.410","Cluster_4044","evm.TU.chromosome_8.410",-0.774596669241483,0.774596669241483,1,"5","5","5","2"
"3192","Cluster_4044_evm.TU.chromosome_8.660","Cluster_4044","evm.TU.chromosome_8.660",0.316227766016838,0.632455532033676,0.5,"3","3","3","5"
"3193","Cluster_4044_evm.TU.chromosome_8.984","Cluster_4044","evm.TU.chromosome_8.984",0.4,0.8,1,"3","3","3","5"
"3194","Cluster_4044_evm.TU.chromosome_9.1325","Cluster_4044","evm.TU.chromosome_9.1325",0.4,-0.8,1,"1","1","1","4"
"3195","Cluster_4044_evm.TU.chromosome_9.1337","Cluster_4044","evm.TU.chromosome_9.1337",-0.4,0.4,1,"5","5","5","2"
"3196","Cluster_4044_evm.TU.chromosome_9.1478","Cluster_4044","evm.TU.chromosome_9.1478",-1,0.632455532033676,0,"5","5","5","2"
"3197","Cluster_4044_evm.TU.chromosome_9.1482","Cluster_4044","evm.TU.chromosome_9.1482",-0.6,-0.4,1,"5","5","5","2"
"3198","Cluster_4044_evm.TU.chromosome_9.206","Cluster_4044","evm.TU.chromosome_9.206",0.2,0.4,-1,"4","4","4","1"
"3199","Cluster_4044_evm.TU.chromosome_9.2804","Cluster_4044","evm.TU.chromosome_9.2804",0.2,0.4,0.5,"3","3","3","5"
"3200","Cluster_4425_evm.TU.chromosome_1.1085","Cluster_4425","evm.TU.chromosome_1.1085",-0.4,-0.774596669241483,-0.866025403784439,"3","3","3","5"
"3201","Cluster_4425_evm.TU.chromosome_1.1165","Cluster_4425","evm.TU.chromosome_1.1165",0.737864787372622,-0.210818510677892,-0.5,"2","2","2","3"
"3202","Cluster_4425_evm.TU.chromosome_1.122","Cluster_4425","evm.TU.chromosome_1.122",0.258198889747161,-0.948683298050514,-0.5,"2","2","2","3"
"3203","Cluster_4425_evm.TU.chromosome_1.1285","Cluster_4425","evm.TU.chromosome_1.1285",0.4,-0.8,0.5,"1","1","1","4"
"3204","Cluster_4425_evm.TU.chromosome_1.1444","Cluster_4425","evm.TU.chromosome_1.1444",0.4,0.8,-1,"4","4","4","1"
"3205","Cluster_4425_evm.TU.chromosome_1.1725","Cluster_4425","evm.TU.chromosome_1.1725",0,-0.948683298050514,-1,"2","2","2","3"
"3206","Cluster_4425_evm.TU.chromosome_1.181","Cluster_4425","evm.TU.chromosome_1.181",0.2,-0.8,0,"1","1","1","4"
"3207","Cluster_4425_evm.TU.chromosome_1.546","Cluster_4425","evm.TU.chromosome_1.546",0.4,0.4,-1,"4","4","4","1"
"3208","Cluster_4425_evm.TU.chromosome_1.94","Cluster_4425","evm.TU.chromosome_1.94",-0.6,-0.8,-0.5,"3","3","3","5"
"3209","Cluster_4425_evm.TU.chromosome_10.1318","Cluster_4425","evm.TU.chromosome_10.1318",0.632455532033676,-0.737864787372622,-0.5,"2","2","2","3"
"3210","Cluster_4425_evm.TU.chromosome_10.1485","Cluster_4425","evm.TU.chromosome_10.1485",0,-0.2,0,"3","3","3","5"
"3211","Cluster_4425_evm.TU.chromosome_10.1553","Cluster_4425","evm.TU.chromosome_10.1553",0.8,0.4,-1,"2","2","2","3"
"3212","Cluster_4425_evm.TU.chromosome_10.1864","Cluster_4425","evm.TU.chromosome_10.1864",0,0.774596669241483,-1,"4","4","4","1"
"3213","Cluster_4425_evm.TU.chromosome_10.1986","Cluster_4425","evm.TU.chromosome_10.1986",0.8,0.8,-1,"4","4","4","1"
"3214","Cluster_4425_evm.TU.chromosome_10.2038","Cluster_4425","evm.TU.chromosome_10.2038",-0.4,-0.2,-0.866025403784439,"4","4","4","1"
"3215","Cluster_4425_evm.TU.chromosome_10.2290","Cluster_4425","evm.TU.chromosome_10.2290",-0.4,-1,0.5,"1","1","1","4"
"3216","Cluster_4425_evm.TU.chromosome_10.2525","Cluster_4425","evm.TU.chromosome_10.2525",0.2,-0.4,-1,"2","2","2","3"
"3217","Cluster_4425_evm.TU.chromosome_10.2749","Cluster_4425","evm.TU.chromosome_10.2749",-0.4,-1,0.5,"1","1","1","4"
"3218","Cluster_4425_evm.TU.chromosome_10.2825","Cluster_4425","evm.TU.chromosome_10.2825",-0.8,-0.8,-0.5,"3","3","3","5"
"3219","Cluster_4425_evm.TU.chromosome_10.3188","Cluster_4425","evm.TU.chromosome_10.3188",0,-0.4,-0.5,"3","3","3","5"
"3220","Cluster_4425_evm.TU.chromosome_10.3273","Cluster_4425","evm.TU.chromosome_10.3273",0.210818510677892,-0.4,0.5,"1","1","1","4"
"3221","Cluster_4425_evm.TU.chromosome_10.622","Cluster_4425","evm.TU.chromosome_10.622",0.2,-0.4,-1,"2","2","2","3"
"3222","Cluster_4425_evm.TU.chromosome_10.650","Cluster_4425","evm.TU.chromosome_10.650",-0.4,-1,0.5,"1","1","1","4"
"3223","Cluster_4425_evm.TU.chromosome_10.771","Cluster_4425","evm.TU.chromosome_10.771",-0.6,-0.6,1,"1","1","1","4"
"3224","Cluster_4425_evm.TU.chromosome_10.962","Cluster_4425","evm.TU.chromosome_10.962",0.8,0.6,-0.5,"2","2","2","3"
"3225","Cluster_4425_evm.TU.chromosome_11.1088","Cluster_4425","evm.TU.chromosome_11.1088",0.4,0,-1,"2","2","2","3"
"3226","Cluster_4425_evm.TU.chromosome_11.1181","Cluster_4425","evm.TU.chromosome_11.1181",-0.2,-0.4,-1,"2","2","2","3"
"3227","Cluster_4425_evm.TU.chromosome_11.1369","Cluster_4425","evm.TU.chromosome_11.1369",-0.4,0.6,-0.866025403784439,"4","4","4","1"
"3228","Cluster_4425_evm.TU.chromosome_11.1658","Cluster_4425","evm.TU.chromosome_11.1658",0.6,-0.105409255338946,0,"2","2","2","3"
"3229","Cluster_4425_evm.TU.chromosome_11.1806","Cluster_4425","evm.TU.chromosome_11.1806",0.8,-0.737864787372622,0,"2","2","2","3"
"3230","Cluster_4425_evm.TU.chromosome_11.1845","Cluster_4425","evm.TU.chromosome_11.1845",0.2,-0.4,-1,"2","2","2","3"
"3231","Cluster_4425_evm.TU.chromosome_11.2064","Cluster_4425","evm.TU.chromosome_11.2064",-0.6,-0.8,-1,"3","3","3","5"
"3232","Cluster_4425_evm.TU.chromosome_11.2492","Cluster_4425","evm.TU.chromosome_11.2492",-0.8,-0.4,-0.5,"3","3","3","5"
"3233","Cluster_4425_evm.TU.chromosome_11.2656","Cluster_4425","evm.TU.chromosome_11.2656",0.948683298050514,-0.737864787372622,-0.866025403784439,"2","2","2","3"
"3234","Cluster_4425_evm.TU.chromosome_11.2862","Cluster_4425","evm.TU.chromosome_11.2862",0.8,-0.4,0.5,"1","1","1","4"
"3235","Cluster_4425_evm.TU.chromosome_11.2866","Cluster_4425","evm.TU.chromosome_11.2866",-0.8,-0.8,-1,"3","3","3","5"
"3236","Cluster_4425_evm.TU.chromosome_11.2869","Cluster_4425","evm.TU.chromosome_11.2869",0.6,-0.6,-0.5,"2","2","2","3"
"3237","Cluster_4425_evm.TU.chromosome_11.3070","Cluster_4425","evm.TU.chromosome_11.3070",-0.8,-0.210818510677892,-1,"4","4","4","1"
"3238","Cluster_4425_evm.TU.chromosome_11.314","Cluster_4425","evm.TU.chromosome_11.314",-0.8,0,0.5,"5","5","5","2"
"3239","Cluster_4425_evm.TU.chromosome_11.530","Cluster_4425","evm.TU.chromosome_11.530",-0.8,0.8,-0.5,"4","4","4","1"
"3240","Cluster_4425_evm.TU.chromosome_11.572","Cluster_4425","evm.TU.chromosome_11.572",-0.737864787372622,-0.6,0,"5","5","5","2"
"3241","Cluster_4425_evm.TU.chromosome_11.722","Cluster_4425","evm.TU.chromosome_11.722",0.2,-0.2,0.5,"1","1","1","4"
"3242","Cluster_4425_evm.TU.chromosome_11.844","Cluster_4425","evm.TU.chromosome_11.844",-0.737864787372622,-0.8,-0.866025403784439,"3","3","3","5"
"3243","Cluster_4425_evm.TU.chromosome_12.1372","Cluster_4425","evm.TU.chromosome_12.1372",-0.737864787372622,0.4,-0.5,"4","4","4","1"
"3244","Cluster_4425_evm.TU.chromosome_12.1410","Cluster_4425","evm.TU.chromosome_12.1410",0.2,0.8,-0.5,"4","4","4","1"
"3245","Cluster_4425_evm.TU.chromosome_12.1628","Cluster_4425","evm.TU.chromosome_12.1628",-0.8,-1,-1,"3","3","3","5"
"3246","Cluster_4425_evm.TU.chromosome_12.170","Cluster_4425","evm.TU.chromosome_12.170",-0.316227766016838,-0.105409255338946,0.5,"5","5","5","2"
"3247","Cluster_4425_evm.TU.chromosome_12.1939","Cluster_4425","evm.TU.chromosome_12.1939",-0.6,0.4,-0.5,"4","4","4","1"
"3248","Cluster_4425_evm.TU.chromosome_12.1992","Cluster_4425","evm.TU.chromosome_12.1992",0.8,-0.2,-0.5,"2","2","2","3"
"3249","Cluster_4425_evm.TU.chromosome_12.2176","Cluster_4425","evm.TU.chromosome_12.2176",0.8,-0.632455532033676,-0.5,"2","2","2","3"
"3250","Cluster_4425_evm.TU.chromosome_12.2849","Cluster_4425","evm.TU.chromosome_12.2849",-0.2,0.4,-0.5,"4","4","4","1"
"3251","Cluster_4425_evm.TU.chromosome_12.3491","Cluster_4425","evm.TU.chromosome_12.3491",1,-0.632455532033676,-1,"2","2","2","3"
"3252","Cluster_4425_evm.TU.chromosome_12.3757","Cluster_4425","evm.TU.chromosome_12.3757",-0.6,0.6,-1,"4","4","4","1"
"3253","Cluster_4425_evm.TU.chromosome_12.389","Cluster_4425","evm.TU.chromosome_12.389",-0.774596669241483,-0.2,-1,"4","4","4","1"
"3254","Cluster_4425_evm.TU.chromosome_12.3938","Cluster_4425","evm.TU.chromosome_12.3938",-0.4,0.6,-1,"4","4","4","1"
"3255","Cluster_4425_evm.TU.chromosome_12.3939","Cluster_4425","evm.TU.chromosome_12.3939",-0.8,-0.316227766016838,-0.5,"3","3","3","5"
"3256","Cluster_4425_evm.TU.chromosome_12.4062","Cluster_4425","evm.TU.chromosome_12.4062",-0.8,0,1,"5","5","5","2"
"3257","Cluster_4425_evm.TU.chromosome_12.416","Cluster_4425","evm.TU.chromosome_12.416",0.6,-0.4,-0.5,"2","2","2","3"
"3258","Cluster_4425_evm.TU.chromosome_12.433","Cluster_4425","evm.TU.chromosome_12.433",-0.2,0.8,-0.5,"4","4","4","1"
"3259","Cluster_4425_evm.TU.chromosome_12.453","Cluster_4425","evm.TU.chromosome_12.453",-0.4,0.8,-0.5,"4","4","4","1"
"3260","Cluster_4425_evm.TU.chromosome_12.644","Cluster_4425","evm.TU.chromosome_12.644",0.4,-0.2,-0.5,"2","2","2","3"
"3261","Cluster_4425_evm.TU.chromosome_12.797","Cluster_4425","evm.TU.chromosome_12.797",0.8,-0.2,-1,"2","2","2","3"
"3262","Cluster_4425_evm.TU.chromosome_13.1494","Cluster_4425","evm.TU.chromosome_13.1494",0,-0.737864787372622,-1,"2","2","2","3"
"3263","Cluster_4425_evm.TU.chromosome_13.1590","Cluster_4425","evm.TU.chromosome_13.1590",0.4,-0.774596669241483,-0.866025403784439,"2","2","2","3"
"3264","Cluster_4425_evm.TU.chromosome_13.2153","Cluster_4425","evm.TU.chromosome_13.2153",0.2,-0.4,-0.5,"2","2","2","3"
"3265","Cluster_4425_evm.TU.chromosome_13.2190","Cluster_4425","evm.TU.chromosome_13.2190",-0.4,0,-0.5,"3","3","3","5"
"3266","Cluster_4425_evm.TU.chromosome_13.2235","Cluster_4425","evm.TU.chromosome_13.2235",0.2,-0.8,-0.5,"2","2","2","3"
"3267","Cluster_4425_evm.TU.chromosome_13.2485","Cluster_4425","evm.TU.chromosome_13.2485",0,0,0.5,"3","3","3","5"
"3268","Cluster_4425_evm.TU.chromosome_13.2582","Cluster_4425","evm.TU.chromosome_13.2582",-0.8,-0.6,-0.5,"3","3","3","5"
"3269","Cluster_4425_evm.TU.chromosome_13.2793","Cluster_4425","evm.TU.chromosome_13.2793",0,-0.4,-1,"2","2","2","3"
"3270","Cluster_4425_evm.TU.chromosome_13.282","Cluster_4425","evm.TU.chromosome_13.282",-0.6,-0.632455532033676,-1,"3","3","3","5"
"3271","Cluster_4425_evm.TU.chromosome_13.285","Cluster_4425","evm.TU.chromosome_13.285",-0.210818510677892,0.316227766016838,-1,"4","4","4","1"
"3272","Cluster_4425_evm.TU.chromosome_13.2985","Cluster_4425","evm.TU.chromosome_13.2985",0.4,0.8,-0.5,"4","4","4","1"
"3273","Cluster_4425_evm.TU.chromosome_13.315","Cluster_4425","evm.TU.chromosome_13.315",0.4,-1,-0.5,"2","2","2","3"
"3274","Cluster_4425_evm.TU.chromosome_13.3171","Cluster_4425","evm.TU.chromosome_13.3171",0.8,-0.4,-0.5,"2","2","2","3"
"3275","Cluster_4425_evm.TU.chromosome_13.3599","Cluster_4425","evm.TU.chromosome_13.3599",-0.8,-0.2,-0.5,"3","3","3","5"
"3276","Cluster_4425_evm.TU.chromosome_13.3739","Cluster_4425","evm.TU.chromosome_13.3739",0.6,-0.4,-1,"2","2","2","3"
"3277","Cluster_4425_evm.TU.chromosome_13.3744","Cluster_4425","evm.TU.chromosome_13.3744",0.774596669241483,0.632455532033676,-0.5,"2","2","2","3"
"3278","Cluster_4425_evm.TU.chromosome_13.3939","Cluster_4425","evm.TU.chromosome_13.3939",-0.2,0.2,0.5,"5","5","5","2"
"3279","Cluster_4425_evm.TU.chromosome_13.3947","Cluster_4425","evm.TU.chromosome_13.3947",0.8,-0.774596669241483,0,"2","2","2","3"
"3280","Cluster_4425_evm.TU.chromosome_13.4027","Cluster_4425","evm.TU.chromosome_13.4027",-0.105409255338946,-0.316227766016838,-0.866025403784439,"2","2","2","3"
"3281","Cluster_4425_evm.TU.chromosome_13.498","Cluster_4425","evm.TU.chromosome_13.498",1,-0.2,-1,"2","2","2","3"
"3282","Cluster_4425_evm.TU.chromosome_13.759","Cluster_4425","evm.TU.chromosome_13.759",0.632455532033676,0.4,-1,"2","2","2","3"
"3283","Cluster_4425_evm.TU.chromosome_13.94","Cluster_4425","evm.TU.chromosome_13.94",0.4,-0.2,-0.5,"2","2","2","3"
"3284","Cluster_4425_evm.TU.chromosome_14.1291","Cluster_4425","evm.TU.chromosome_14.1291",0,-0.6,-0.5,"2","2","2","3"
"3285","Cluster_4425_evm.TU.chromosome_14.1634","Cluster_4425","evm.TU.chromosome_14.1634",0.105409255338946,-0.774596669241483,0,"1","1","1","4"
"3286","Cluster_4425_evm.TU.chromosome_14.1680","Cluster_4425","evm.TU.chromosome_14.1680",-0.4,0,-0.5,"3","3","3","5"
"3287","Cluster_4425_evm.TU.chromosome_14.1743","Cluster_4425","evm.TU.chromosome_14.1743",-0.4,-0.210818510677892,-0.5,"3","3","3","5"
"3288","Cluster_4425_evm.TU.chromosome_14.1782","Cluster_4425","evm.TU.chromosome_14.1782",-0.4,0.8,1,"5","5","5","2"
"3289","Cluster_4425_evm.TU.chromosome_14.2137","Cluster_4425","evm.TU.chromosome_14.2137",0,-0.2,0.5,"1","1","1","4"
"3290","Cluster_4425_evm.TU.chromosome_14.2738","Cluster_4425","evm.TU.chromosome_14.2738",-0.2,0,-1,"4","4","4","1"
"3291","Cluster_4425_evm.TU.chromosome_14.2788","Cluster_4425","evm.TU.chromosome_14.2788",0.737864787372622,-0.6,-1,"2","2","2","3"
"3292","Cluster_4425_evm.TU.chromosome_14.2984","Cluster_4425","evm.TU.chromosome_14.2984",0,-0.2,0.5,"1","1","1","4"
"3293","Cluster_4425_evm.TU.chromosome_14.3515","Cluster_4425","evm.TU.chromosome_14.3515",0.4,-0.8,0.5,"1","1","1","4"
"3294","Cluster_4425_evm.TU.chromosome_14.3983","Cluster_4425","evm.TU.chromosome_14.3983",0.8,-0.8,-0.5,"2","2","2","3"
"3295","Cluster_4425_evm.TU.chromosome_14.407","Cluster_4425","evm.TU.chromosome_14.407",-0.4,0.4,-0.5,"4","4","4","1"
"3296","Cluster_4425_evm.TU.chromosome_14.4214","Cluster_4425","evm.TU.chromosome_14.4214",0.4,1,0.5,"3","3","3","5"
"3297","Cluster_4425_evm.TU.chromosome_14.4234","Cluster_4425","evm.TU.chromosome_14.4234",-0.210818510677892,-0.774596669241483,-0.5,"3","3","3","5"
"3298","Cluster_4425_evm.TU.chromosome_14.5059","Cluster_4425","evm.TU.chromosome_14.5059",0,-0.210818510677892,-0.5,"3","3","3","5"
"3299","Cluster_4425_evm.TU.chromosome_14.5639","Cluster_4425","evm.TU.chromosome_14.5639",-0.8,-0.2,-0.5,"3","3","3","5"
"3300","Cluster_4425_evm.TU.chromosome_14.622","Cluster_4425","evm.TU.chromosome_14.622",0.6,0.4,-0.5,"2","2","2","3"
"3301","Cluster_4425_evm.TU.chromosome_14.6730","Cluster_4425","evm.TU.chromosome_14.6730",0,-0.632455532033676,-0.866025403784439,"2","2","2","3"
"3302","Cluster_4425_evm.TU.chromosome_14.683","Cluster_4425","evm.TU.chromosome_14.683",-0.2,-1,-0.866025403784439,"2","2","2","3"
"3303","Cluster_4425_evm.TU.chromosome_14.6858","Cluster_4425","evm.TU.chromosome_14.6858",-0.2,-0.2,-0.5,"3","3","3","5"
"3304","Cluster_4425_evm.TU.chromosome_14.6976","Cluster_4425","evm.TU.chromosome_14.6976",0.8,0,-1,"2","2","2","3"
"3305","Cluster_4425_evm.TU.chromosome_14.767","Cluster_4425","evm.TU.chromosome_14.767",0.8,0.4,0.5,"3","3","3","5"
"3306","Cluster_4425_evm.TU.chromosome_14.844","Cluster_4425","evm.TU.chromosome_14.844",0.632455532033676,-0.8,-0.5,"2","2","2","3"
"3307","Cluster_4425_evm.TU.chromosome_14.910","Cluster_4425","evm.TU.chromosome_14.910",0.4,-0.4,-1,"2","2","2","3"
"3308","Cluster_4425_evm.TU.chromosome_2.1003","Cluster_4425","evm.TU.chromosome_2.1003",-0.8,1,-1,"4","4","4","1"
"3309","Cluster_4425_evm.TU.chromosome_2.1208","Cluster_4425","evm.TU.chromosome_2.1208",1,-0.632455532033676,-0.866025403784439,"2","2","2","3"
"3310","Cluster_4425_evm.TU.chromosome_2.1328","Cluster_4425","evm.TU.chromosome_2.1328",-0.774596669241483,-0.210818510677892,-1,"4","4","4","1"
"3311","Cluster_4425_evm.TU.chromosome_2.1644","Cluster_4425","evm.TU.chromosome_2.1644",0,-0.4,-1,"2","2","2","3"
"3312","Cluster_4425_evm.TU.chromosome_2.1646","Cluster_4425","evm.TU.chromosome_2.1646",0.2,-0.2,-1,"2","2","2","3"
"3313","Cluster_4425_evm.TU.chromosome_2.1702","Cluster_4425","evm.TU.chromosome_2.1702",1,0,0.5,"2","2","2","3"
"3314","Cluster_4425_evm.TU.chromosome_2.1997","Cluster_4425","evm.TU.chromosome_2.1997",0,-0.2,0.5,"1","1","1","4"
"3315","Cluster_4425_evm.TU.chromosome_2.2051","Cluster_4425","evm.TU.chromosome_2.2051",0.4,-0.6,-0.866025403784439,"2","2","2","3"
"3316","Cluster_4425_evm.TU.chromosome_2.276","Cluster_4425","evm.TU.chromosome_2.276",0.8,0.6,-0.5,"2","2","2","3"
"3317","Cluster_4425_evm.TU.chromosome_2.415","Cluster_4425","evm.TU.chromosome_2.415",0.4,-0.8,-1,"2","2","2","3"
"3318","Cluster_4425_evm.TU.chromosome_2.460","Cluster_4425","evm.TU.chromosome_2.460",-0.2,-0.632455532033676,-1,"2","2","2","3"
"3319","Cluster_4425_evm.TU.chromosome_2.521","Cluster_4425","evm.TU.chromosome_2.521",-0.737864787372622,-0.4,0.5,"5","5","5","2"
"3320","Cluster_4425_evm.TU.chromosome_2.660","Cluster_4425","evm.TU.chromosome_2.660",0.8,-0.8,-0.5,"2","2","2","3"
"3321","Cluster_4425_evm.TU.chromosome_2.696","Cluster_4425","evm.TU.chromosome_2.696",0,-0.8,-0.866025403784439,"2","2","2","3"
"3322","Cluster_4425_evm.TU.chromosome_2.699","Cluster_4425","evm.TU.chromosome_2.699",-0.2,1,0.5,"5","5","5","2"
"3323","Cluster_4425_evm.TU.chromosome_2.788","Cluster_4425","evm.TU.chromosome_2.788",-0.4,0,0.5,"5","5","5","2"
"3324","Cluster_4425_evm.TU.chromosome_2.863","Cluster_4425","evm.TU.chromosome_2.863",0.8,-0.2,-1,"2","2","2","3"
"3325","Cluster_4425_evm.TU.chromosome_2.880","Cluster_4425","evm.TU.chromosome_2.880",-0.4,0.737864787372622,-1,"4","4","4","1"
"3326","Cluster_4425_evm.TU.chromosome_3.1013","Cluster_4425","evm.TU.chromosome_3.1013",0.8,-0.774596669241483,0,"2","2","2","3"
"3327","Cluster_4425_evm.TU.chromosome_3.113","Cluster_4425","evm.TU.chromosome_3.113",0,0.8,-1,"4","4","4","1"
"3328","Cluster_4425_evm.TU.chromosome_3.1463","Cluster_4425","evm.TU.chromosome_3.1463",0.2,0.948683298050514,-1,"4","4","4","1"
"3329","Cluster_4425_evm.TU.chromosome_3.1503","Cluster_4425","evm.TU.chromosome_3.1503",-0.774596669241483,0.8,0,"5","5","5","2"
"3330","Cluster_4425_evm.TU.chromosome_3.1701","Cluster_4425","evm.TU.chromosome_3.1701",0.8,0.2,-0.5,"2","2","2","3"
"3331","Cluster_4425_evm.TU.chromosome_3.1719","Cluster_4425","evm.TU.chromosome_3.1719",-0.774596669241483,-0.105409255338946,-0.866025403784439,"4","4","4","1"
"3332","Cluster_4425_evm.TU.chromosome_3.1789","Cluster_4425","evm.TU.chromosome_3.1789",0.8,-0.8,-1,"2","2","2","3"
"3333","Cluster_4425_evm.TU.chromosome_3.1876","Cluster_4425","evm.TU.chromosome_3.1876",0,0,-0.5,"3","3","3","5"
"3334","Cluster_4425_evm.TU.chromosome_3.2062","Cluster_4425","evm.TU.chromosome_3.2062",0.4,-0.105409255338946,0.5,"1","1","1","4"
"3335","Cluster_4425_evm.TU.chromosome_3.469","Cluster_4425","evm.TU.chromosome_3.469",0,-0.210818510677892,-0.5,"3","3","3","5"
"3336","Cluster_4425_evm.TU.chromosome_3.556","Cluster_4425","evm.TU.chromosome_3.556",1,-0.210818510677892,-1,"2","2","2","3"
"3337","Cluster_4425_evm.TU.chromosome_4.1062","Cluster_4425","evm.TU.chromosome_4.1062",-0.737864787372622,-0.774596669241483,-0.5,"3","3","3","5"
"3338","Cluster_4425_evm.TU.chromosome_4.1136","Cluster_4425","evm.TU.chromosome_4.1136",-1,-0.4,-0.5,"3","3","3","5"
"3339","Cluster_4425_evm.TU.chromosome_4.116","Cluster_4425","evm.TU.chromosome_4.116",0.4,-0.632455532033676,-1,"2","2","2","3"
"3340","Cluster_4425_evm.TU.chromosome_4.1272","Cluster_4425","evm.TU.chromosome_4.1272",-0.4,0.2,-1,"4","4","4","1"
"3341","Cluster_4425_evm.TU.chromosome_4.1336","Cluster_4425","evm.TU.chromosome_4.1336",0.4,-0.210818510677892,-1,"2","2","2","3"
"3342","Cluster_4425_evm.TU.chromosome_4.137","Cluster_4425","evm.TU.chromosome_4.137",-0.4,0.4,-0.5,"4","4","4","1"
"3343","Cluster_4425_evm.TU.chromosome_4.1443","Cluster_4425","evm.TU.chromosome_4.1443",0,0.4,-1,"4","4","4","1"
"3344","Cluster_4425_evm.TU.chromosome_4.1536","Cluster_4425","evm.TU.chromosome_4.1536",0.8,0.4,-1,"2","2","2","3"
"3345","Cluster_4425_evm.TU.chromosome_4.1544","Cluster_4425","evm.TU.chromosome_4.1544",0.8,-0.2,0.5,"1","1","1","4"
"3346","Cluster_4425_evm.TU.chromosome_4.1713","Cluster_4425","evm.TU.chromosome_4.1713",-0.8,0.8,-0.5,"4","4","4","1"
"3347","Cluster_4425_evm.TU.chromosome_4.491","Cluster_4425","evm.TU.chromosome_4.491",-0.6,0,-0.5,"3","3","3","5"
"3348","Cluster_4425_evm.TU.chromosome_4.693","Cluster_4425","evm.TU.chromosome_4.693",0.4,-0.2,-1,"2","2","2","3"
"3349","Cluster_4425_evm.TU.chromosome_4.855_evm.TU.chromosome_4.856","Cluster_4425","evm.TU.chromosome_4.855_evm.TU.chromosome_4.856",0.2,-0.4,0,"3","3","3","5"
"3350","Cluster_4425_evm.TU.chromosome_4.858","Cluster_4425","evm.TU.chromosome_4.858",-0.2,-0.737864787372622,0,"1","1","1","4"
"3351","Cluster_4425_evm.TU.chromosome_5.1001","Cluster_4425","evm.TU.chromosome_5.1001",1,-1,0,"2","2","2","3"
"3352","Cluster_4425_evm.TU.chromosome_5.1085","Cluster_4425","evm.TU.chromosome_5.1085",-0.2,-0.737864787372622,0,"1","1","1","4"
"3353","Cluster_4425_evm.TU.chromosome_5.1215","Cluster_4425","evm.TU.chromosome_5.1215",-0.8,0.737864787372622,-0.866025403784439,"4","4","4","1"
"3354","Cluster_4425_evm.TU.chromosome_5.1499","Cluster_4425","evm.TU.chromosome_5.1499",1,-1,-0.5,"2","2","2","3"
"3355","Cluster_4425_evm.TU.chromosome_5.1511","Cluster_4425","evm.TU.chromosome_5.1511",-0.4,-0.6,-1,"3","3","3","5"
"3356","Cluster_4425_evm.TU.chromosome_5.1992","Cluster_4425","evm.TU.chromosome_5.1992",0.4,0.4,-0.5,"4","4","4","1"
"3357","Cluster_4425_evm.TU.chromosome_5.2572","Cluster_4425","evm.TU.chromosome_5.2572",0.8,0.316227766016838,0,"2","2","2","3"
"3358","Cluster_4425_evm.TU.chromosome_5.301","Cluster_4425","evm.TU.chromosome_5.301",-0.4,0.8,-0.5,"4","4","4","1"
"3359","Cluster_4425_evm.TU.chromosome_5.45","Cluster_4425","evm.TU.chromosome_5.45",-0.258198889747161,-0.774596669241483,-0.5,"3","3","3","5"
"3360","Cluster_4425_evm.TU.chromosome_5.591","Cluster_4425","evm.TU.chromosome_5.591",0.6,-0.4,1,"1","1","1","4"
"3361","Cluster_4425_evm.TU.chromosome_5.91","Cluster_4425","evm.TU.chromosome_5.91",-0.258198889747161,-0.4,-0.866025403784439,"3","3","3","5"
"3362","Cluster_4425_evm.TU.chromosome_5.982","Cluster_4425","evm.TU.chromosome_5.982",-0.4,0.4,-0.5,"4","4","4","1"
"3363","Cluster_4425_evm.TU.chromosome_6.1309","Cluster_4425","evm.TU.chromosome_6.1309",0,0.105409255338946,1,"1","1","1","4"
"3364","Cluster_4425_evm.TU.chromosome_6.1317","Cluster_4425","evm.TU.chromosome_6.1317",0,-0.2,-1,"2","2","2","3"
"3365","Cluster_4425_evm.TU.chromosome_6.1719","Cluster_4425","evm.TU.chromosome_6.1719",0.774596669241483,0.8,0,"4","4","4","1"
"3366","Cluster_4425_evm.TU.chromosome_6.1805","Cluster_4425","evm.TU.chromosome_6.1805",-0.6,0,-0.866025403784439,"4","4","4","1"
"3367","Cluster_4425_evm.TU.chromosome_6.1943","Cluster_4425","evm.TU.chromosome_6.1943",0,0.4,-1,"4","4","4","1"
"3368","Cluster_4425_evm.TU.chromosome_6.2000","Cluster_4425","evm.TU.chromosome_6.2000",-1,0.6,0.5,"5","5","5","2"
"3369","Cluster_4425_evm.TU.chromosome_6.2331","Cluster_4425","evm.TU.chromosome_6.2331",-0.8,-0.4,1,"5","5","5","2"
"3370","Cluster_4425_evm.TU.chromosome_6.453","Cluster_4425","evm.TU.chromosome_6.453",-0.737864787372622,-0.737864787372622,-0.866025403784439,"3","3","3","5"
"3371","Cluster_4425_evm.TU.chromosome_6.559","Cluster_4425","evm.TU.chromosome_6.559",0.2,-0.4,-0.5,"2","2","2","3"
"3372","Cluster_4425_evm.TU.chromosome_6.710","Cluster_4425","evm.TU.chromosome_6.710",0.4,0.105409255338946,-1,"2","2","2","3"
"3373","Cluster_4425_evm.TU.chromosome_6.746","Cluster_4425","evm.TU.chromosome_6.746",0.8,0.210818510677892,-0.5,"2","2","2","3"
"3374","Cluster_4425_evm.TU.chromosome_6.757","Cluster_4425","evm.TU.chromosome_6.757",0,-0.2,-0.866025403784439,"2","2","2","3"
"3375","Cluster_4425_evm.TU.chromosome_6.843","Cluster_4425","evm.TU.chromosome_6.843",0.2,-0.8,1,"1","1","1","4"
"3376","Cluster_4425_evm.TU.chromosome_7.1035","Cluster_4425","evm.TU.chromosome_7.1035",0.8,0.8,-1,"4","4","4","1"
"3377","Cluster_4425_evm.TU.chromosome_7.1118","Cluster_4425","evm.TU.chromosome_7.1118",1,0,-1,"2","2","2","3"
"3378","Cluster_4425_evm.TU.chromosome_7.1224","Cluster_4425","evm.TU.chromosome_7.1224",-1,0.105409255338946,-1,"4","4","4","1"
"3379","Cluster_4425_evm.TU.chromosome_7.1661","Cluster_4425","evm.TU.chromosome_7.1661",0.258198889747161,0.258198889747161,0,"3","3","3","5"
"3380","Cluster_4425_evm.TU.chromosome_7.1909","Cluster_4425","evm.TU.chromosome_7.1909",-0.4,0,-1,"4","4","4","1"
"3381","Cluster_4425_evm.TU.chromosome_7.1963","Cluster_4425","evm.TU.chromosome_7.1963",0.2,-0.8,-1,"2","2","2","3"
"3382","Cluster_4425_evm.TU.chromosome_7.2141","Cluster_4425","evm.TU.chromosome_7.2141",-0.774596669241483,0.4,0,"5","5","5","2"
"3383","Cluster_4425_evm.TU.chromosome_7.2144","Cluster_4425","evm.TU.chromosome_7.2144",-0.737864787372622,1,-0.5,"4","4","4","1"
"3384","Cluster_4425_evm.TU.chromosome_7.2368","Cluster_4425","evm.TU.chromosome_7.2368",0,1,1,"5","5","5","2"
"3385","Cluster_4425_evm.TU.chromosome_7.2397","Cluster_4425","evm.TU.chromosome_7.2397",-0.8,-0.8,0.5,"1","1","1","4"
"3386","Cluster_4425_evm.TU.chromosome_7.2530","Cluster_4425","evm.TU.chromosome_7.2530",-0.6,-0.632455532033676,-1,"3","3","3","5"
"3387","Cluster_4425_evm.TU.chromosome_7.2785","Cluster_4425","evm.TU.chromosome_7.2785",-0.8,-0.105409255338946,0.5,"5","5","5","2"
"3388","Cluster_4425_evm.TU.chromosome_7.571","Cluster_4425","evm.TU.chromosome_7.571",0.4,-0.210818510677892,0,"3","3","3","5"
"3389","Cluster_4425_evm.TU.chromosome_7.657","Cluster_4425","evm.TU.chromosome_7.657",0.4,0,-1,"2","2","2","3"
"3390","Cluster_4425_evm.TU.chromosome_7.81","Cluster_4425","evm.TU.chromosome_7.81",0,-0.2,-1,"2","2","2","3"
"3391","Cluster_4425_evm.TU.chromosome_8.1011","Cluster_4425","evm.TU.chromosome_8.1011",-0.8,-0.8,-1,"3","3","3","5"
"3392","Cluster_4425_evm.TU.chromosome_8.1380","Cluster_4425","evm.TU.chromosome_8.1380",0.4,-0.774596669241483,-0.5,"2","2","2","3"
"3393","Cluster_4425_evm.TU.chromosome_8.1491","Cluster_4425","evm.TU.chromosome_8.1491",0,0.737864787372622,-0.5,"4","4","4","1"
"3394","Cluster_4425_evm.TU.chromosome_8.1686","Cluster_4425","evm.TU.chromosome_8.1686",-1,-0.2,-1,"4","4","4","1"
"3395","Cluster_4425_evm.TU.chromosome_8.1852","Cluster_4425","evm.TU.chromosome_8.1852",-0.2,0.774596669241483,1,"5","5","5","2"
"3396","Cluster_4425_evm.TU.chromosome_8.1929","Cluster_4425","evm.TU.chromosome_8.1929",-0.4,0.6,-0.5,"4","4","4","1"
"3397","Cluster_4425_evm.TU.chromosome_8.2246","Cluster_4425","evm.TU.chromosome_8.2246",-0.2,0.4,-1,"4","4","4","1"
"3398","Cluster_4425_evm.TU.chromosome_8.2502","Cluster_4425","evm.TU.chromosome_8.2502",0.316227766016838,0.4,0.5,"3","3","3","5"
"3399","Cluster_4425_evm.TU.chromosome_8.334","Cluster_4425","evm.TU.chromosome_8.334",-0.774596669241483,0,0,"5","5","5","2"
"3400","Cluster_4425_evm.TU.chromosome_8.408","Cluster_4425","evm.TU.chromosome_8.408",0.6,-0.632455532033676,-0.5,"2","2","2","3"
"3401","Cluster_4425_evm.TU.chromosome_8.410","Cluster_4425","evm.TU.chromosome_8.410",-0.774596669241483,-0.774596669241483,-0.5,"3","3","3","5"
"3402","Cluster_4425_evm.TU.chromosome_8.599","Cluster_4425","evm.TU.chromosome_8.599",0.258198889747161,-0.210818510677892,-0.866025403784439,"2","2","2","3"
"3403","Cluster_4425_evm.TU.chromosome_8.613","Cluster_4425","evm.TU.chromosome_8.613",-0.6,-0.2,-0.866025403784439,"4","4","4","1"
"3404","Cluster_4425_evm.TU.chromosome_8.660","Cluster_4425","evm.TU.chromosome_8.660",-0.210818510677892,-0.632455532033676,-1,"2","2","2","3"
"3405","Cluster_4425_evm.TU.chromosome_8.814","Cluster_4425","evm.TU.chromosome_8.814",0.632455532033676,0.210818510677892,-0.866025403784439,"2","2","2","3"
"3406","Cluster_4425_evm.TU.chromosome_8.971","Cluster_4425","evm.TU.chromosome_8.971",-0.8,-0.4,-0.5,"3","3","3","5"
"3407","Cluster_4425_evm.TU.chromosome_9.1153","Cluster_4425","evm.TU.chromosome_9.1153",-0.4,0.2,0.5,"5","5","5","2"
"3408","Cluster_4425_evm.TU.chromosome_9.1173","Cluster_4425","evm.TU.chromosome_9.1173",-0.4,-0.774596669241483,-0.5,"3","3","3","5"
"3409","Cluster_4425_evm.TU.chromosome_9.1440","Cluster_4425","evm.TU.chromosome_9.1440",0.4,-0.8,-0.5,"2","2","2","3"
"3410","Cluster_4425_evm.TU.chromosome_9.1524","Cluster_4425","evm.TU.chromosome_9.1524",0.2,-0.2,1,"1","1","1","4"
"3411","Cluster_4425_evm.TU.chromosome_9.1673","Cluster_4425","evm.TU.chromosome_9.1673",-1,-0.2,-1,"4","4","4","1"
"3412","Cluster_4425_evm.TU.chromosome_9.1801","Cluster_4425","evm.TU.chromosome_9.1801",-0.4,-0.4,-0.5,"3","3","3","5"
"3413","Cluster_4425_evm.TU.chromosome_9.1872","Cluster_4425","evm.TU.chromosome_9.1872",-0.8,0.316227766016838,-1,"4","4","4","1"
"3414","Cluster_4425_evm.TU.chromosome_9.2287","Cluster_4425","evm.TU.chromosome_9.2287",0.2,0.4,-1,"4","4","4","1"
"3415","Cluster_4425_evm.TU.chromosome_9.2395","Cluster_4425","evm.TU.chromosome_9.2395",-0.2,0.4,0,"3","3","3","5"
"3416","Cluster_4425_evm.TU.chromosome_9.2586","Cluster_4425","evm.TU.chromosome_9.2586",-1,-0.2,-0.5,"3","3","3","5"
"3417","Cluster_4425_evm.TU.chromosome_9.2666","Cluster_4425","evm.TU.chromosome_9.2666",-0.4,-0.8,-0.5,"3","3","3","5"
"3418","Cluster_4425_evm.TU.chromosome_9.272","Cluster_4425","evm.TU.chromosome_9.272",0.8,-0.4,-0.5,"2","2","2","3"
"3419","Cluster_4425_evm.TU.chromosome_9.307","Cluster_4425","evm.TU.chromosome_9.307",-0.6,0,-0.5,"3","3","3","5"
"3420","Cluster_4425_evm.TU.chromosome_9.787","Cluster_4425","evm.TU.chromosome_9.787",0.2,-0.4,-0.866025403784439,"2","2","2","3"
"3421","Cluster_4425_evm.TU.chromosome_9.877","Cluster_4425","evm.TU.chromosome_9.877",-0.4,-0.210818510677892,-1,"4","4","4","1"
"3422","Cluster_4425_evm.TU.chromosome_9.956","Cluster_4425","evm.TU.chromosome_9.956",-0.6,-0.4,-0.5,"3","3","3","5"
"3423","Cluster_4425_evm.TU.chromosome_9.998","Cluster_4425","evm.TU.chromosome_9.998",-0.2,0.2,0.5,"5","5","5","2"
"3424","Cluster_449_evm.TU.chromosome_1.423","Cluster_449","evm.TU.chromosome_1.423",-0.8,0.2,-0.5,"4","4","4","1"
"3425","Cluster_449_evm.TU.chromosome_11.1708","Cluster_449","evm.TU.chromosome_11.1708",0.8,-0.316227766016838,0.866025403784439,"1","1","1","4"
"3426","Cluster_449_evm.TU.chromosome_11.1711","Cluster_449","evm.TU.chromosome_11.1711",0.4,-0.4,0.5,"1","1","1","4"
"3427","Cluster_449_evm.TU.chromosome_11.2007","Cluster_449","evm.TU.chromosome_11.2007",0.8,0.2,0.5,"3","3","3","5"
"3428","Cluster_449_evm.TU.chromosome_11.256","Cluster_449","evm.TU.chromosome_11.256",-0.2,0.8,0.5,"5","5","5","2"
"3429","Cluster_449_evm.TU.chromosome_12.2474","Cluster_449","evm.TU.chromosome_12.2474",-0.2,0.774596669241483,0.5,"5","5","5","2"
"3430","Cluster_449_evm.TU.chromosome_12.3298","Cluster_449","evm.TU.chromosome_12.3298",0.8,-0.8,-0.866025403784439,"2","2","2","3"
"3431","Cluster_449_evm.TU.chromosome_13.2216","Cluster_449","evm.TU.chromosome_13.2216",-0.4,-0.2,0.5,"5","5","5","2"
"3432","Cluster_449_evm.TU.chromosome_13.303","Cluster_449","evm.TU.chromosome_13.303",0.948683298050514,0.4,-0.5,"2","2","2","3"
"3433","Cluster_449_evm.TU.chromosome_14.6796","Cluster_449","evm.TU.chromosome_14.6796",0,0.2,-0.5,"4","4","4","1"
"3434","Cluster_449_evm.TU.chromosome_2.1908","Cluster_449","evm.TU.chromosome_2.1908",0.632455532033676,-0.8,0.5,"1","1","1","4"
"3435","Cluster_449_evm.TU.chromosome_6.1381","Cluster_449","evm.TU.chromosome_6.1381",0,-0.2,-0.5,"3","3","3","5"
"3436","Cluster_449_evm.TU.chromosome_6.1911","Cluster_449","evm.TU.chromosome_6.1911",0.2,0.632455532033676,0.5,"3","3","3","5"
"3437","Cluster_4640_evm.TU.chromosome_1.1339","Cluster_4640","evm.TU.chromosome_1.1339",-1,-0.4,-0.5,"3","3","3","5"
"3438","Cluster_4640_evm.TU.chromosome_1.1716","Cluster_4640","evm.TU.chromosome_1.1716",-0.2,1,-1,"4","4","4","1"
"3439","Cluster_4640_evm.TU.chromosome_1.1833","Cluster_4640","evm.TU.chromosome_1.1833",-0.8,-0.6,0.5,"5","5","5","2"
"3440","Cluster_4640_evm.TU.chromosome_1.1837","Cluster_4640","evm.TU.chromosome_1.1837",-0.8,-0.4,0.5,"5","5","5","2"
"3441","Cluster_4640_evm.TU.chromosome_1.1841","Cluster_4640","evm.TU.chromosome_1.1841",-0.4,-0.4,-1,"3","3","3","5"
"3442","Cluster_4640_evm.TU.chromosome_1.1855","Cluster_4640","evm.TU.chromosome_1.1855",0.8,-0.8,-0.5,"2","2","2","3"
"3443","Cluster_4640_evm.TU.chromosome_1.322","Cluster_4640","evm.TU.chromosome_1.322",-0.4,-0.4,-1,"3","3","3","5"
"3444","Cluster_4640_evm.TU.chromosome_1.620","Cluster_4640","evm.TU.chromosome_1.620",0.4,-0.8,-1,"2","2","2","3"
"3445","Cluster_4640_evm.TU.chromosome_1.889","Cluster_4640","evm.TU.chromosome_1.889",-0.6,0.8,1,"5","5","5","2"
"3446","Cluster_4640_evm.TU.chromosome_10.1223","Cluster_4640","evm.TU.chromosome_10.1223",0.4,0,0.5,"3","3","3","5"
"3447","Cluster_4640_evm.TU.chromosome_10.1295","Cluster_4640","evm.TU.chromosome_10.1295",-0.4,0,-1,"4","4","4","1"
"3448","Cluster_4640_evm.TU.chromosome_10.1573","Cluster_4640","evm.TU.chromosome_10.1573",0.4,0.2,0.5,"3","3","3","5"
"3449","Cluster_4640_evm.TU.chromosome_10.1893","Cluster_4640","evm.TU.chromosome_10.1893",0.4,0.4,0,"3","3","3","5"
"3450","Cluster_4640_evm.TU.chromosome_10.2012","Cluster_4640","evm.TU.chromosome_10.2012",0.4,0,-1,"2","2","2","3"
"3451","Cluster_4640_evm.TU.chromosome_10.2037","Cluster_4640","evm.TU.chromosome_10.2037",1,0.4,-1,"2","2","2","3"
"3452","Cluster_4640_evm.TU.chromosome_10.2038","Cluster_4640","evm.TU.chromosome_10.2038",-0.8,-0.2,-0.866025403784439,"4","4","4","1"
"3453","Cluster_4640_evm.TU.chromosome_10.2184","Cluster_4640","evm.TU.chromosome_10.2184",0.2,0.258198889747161,-0.866025403784439,"4","4","4","1"
"3454","Cluster_4640_evm.TU.chromosome_10.2371","Cluster_4640","evm.TU.chromosome_10.2371",1,0,-1,"2","2","2","3"
"3455","Cluster_4640_evm.TU.chromosome_10.2449","Cluster_4640","evm.TU.chromosome_10.2449",0.2,-0.4,-0.5,"2","2","2","3"
"3456","Cluster_4640_evm.TU.chromosome_10.2492","Cluster_4640","evm.TU.chromosome_10.2492",-0.4,0,-0.5,"3","3","3","5"
"3457","Cluster_4640_evm.TU.chromosome_10.2896","Cluster_4640","evm.TU.chromosome_10.2896",0.737864787372622,0.948683298050514,-0.5,"4","4","4","1"
"3458","Cluster_4640_evm.TU.chromosome_10.2997","Cluster_4640","evm.TU.chromosome_10.2997",-0.2,-0.632455532033676,-1,"2","2","2","3"
"3459","Cluster_4640_evm.TU.chromosome_10.3208","Cluster_4640","evm.TU.chromosome_10.3208",0.8,-0.6,-0.5,"2","2","2","3"
"3460","Cluster_4640_evm.TU.chromosome_10.3226","Cluster_4640","evm.TU.chromosome_10.3226",-0.4,0,-0.5,"3","3","3","5"
"3461","Cluster_4640_evm.TU.chromosome_10.459","Cluster_4640","evm.TU.chromosome_10.459",-0.8,0.948683298050514,-0.866025403784439,"4","4","4","1"
"3462","Cluster_4640_evm.TU.chromosome_10.779","Cluster_4640","evm.TU.chromosome_10.779",1,0.6,-0.5,"2","2","2","3"
"3463","Cluster_4640_evm.TU.chromosome_10.780","Cluster_4640","evm.TU.chromosome_10.780",0.8,0,-0.5,"2","2","2","3"
"3464","Cluster_4640_evm.TU.chromosome_11.1232","Cluster_4640","evm.TU.chromosome_11.1232",0,0.2,-1,"4","4","4","1"
"3465","Cluster_4640_evm.TU.chromosome_11.1470","Cluster_4640","evm.TU.chromosome_11.1470",-0.4,0.4,-1,"4","4","4","1"
"3466","Cluster_4640_evm.TU.chromosome_11.2861","Cluster_4640","evm.TU.chromosome_11.2861",0.4,-0.4,-0.5,"2","2","2","3"
"3467","Cluster_4640_evm.TU.chromosome_11.39","Cluster_4640","evm.TU.chromosome_11.39",-0.2,0.258198889747161,-0.5,"4","4","4","1"
"3468","Cluster_4640_evm.TU.chromosome_11.415","Cluster_4640","evm.TU.chromosome_11.415",-0.4,-0.6,1,"1","1","1","4"
"3469","Cluster_4640_evm.TU.chromosome_11.430","Cluster_4640","evm.TU.chromosome_11.430",-0.4,0.4,1,"5","5","5","2"
"3470","Cluster_4640_evm.TU.chromosome_11.605","Cluster_4640","evm.TU.chromosome_11.605",-0.948683298050514,0.948683298050514,0,"5","5","5","2"
"3471","Cluster_4640_evm.TU.chromosome_11.640","Cluster_4640","evm.TU.chromosome_11.640",0.6,0.6,-1,"4","4","4","1"
"3472","Cluster_4640_evm.TU.chromosome_12.1582","Cluster_4640","evm.TU.chromosome_12.1582",0.8,-0.4,-1,"2","2","2","3"
"3473","Cluster_4640_evm.TU.chromosome_12.2094","Cluster_4640","evm.TU.chromosome_12.2094",-0.8,0.258198889747161,0.866025403784439,"5","5","5","2"
"3474","Cluster_4640_evm.TU.chromosome_12.2124","Cluster_4640","evm.TU.chromosome_12.2124",0.4,0.8,0.5,"3","3","3","5"
"3475","Cluster_4640_evm.TU.chromosome_12.2148","Cluster_4640","evm.TU.chromosome_12.2148",0.2,-0.105409255338946,-0.5,"2","2","2","3"
"3476","Cluster_4640_evm.TU.chromosome_12.2156","Cluster_4640","evm.TU.chromosome_12.2156",-0.316227766016838,0.316227766016838,-0.5,"4","4","4","1"
"3477","Cluster_4640_evm.TU.chromosome_12.2157","Cluster_4640","evm.TU.chromosome_12.2157",0.4,0.6,-0.5,"4","4","4","1"
"3478","Cluster_4640_evm.TU.chromosome_12.2389","Cluster_4640","evm.TU.chromosome_12.2389",0.8,-0.2,-1,"2","2","2","3"
"3479","Cluster_4640_evm.TU.chromosome_12.241","Cluster_4640","evm.TU.chromosome_12.241",-0.6,-0.8,-1,"3","3","3","5"
"3480","Cluster_4640_evm.TU.chromosome_12.2795","Cluster_4640","evm.TU.chromosome_12.2795",0,0.2,-0.5,"4","4","4","1"
"3481","Cluster_4640_evm.TU.chromosome_12.3633","Cluster_4640","evm.TU.chromosome_12.3633",0.4,-0.2,-1,"2","2","2","3"
"3482","Cluster_4640_evm.TU.chromosome_12.3924","Cluster_4640","evm.TU.chromosome_12.3924",0,-0.4,0,"3","3","3","5"
"3483","Cluster_4640_evm.TU.chromosome_12.474","Cluster_4640","evm.TU.chromosome_12.474",-0.4,0.8,-1,"4","4","4","1"
"3484","Cluster_4640_evm.TU.chromosome_12.979","Cluster_4640","evm.TU.chromosome_12.979",0.2,0,-0.5,"2","2","2","3"
"3485","Cluster_4640_evm.TU.chromosome_13.1045","Cluster_4640","evm.TU.chromosome_13.1045",-0.8,0.8,1,"5","5","5","2"
"3486","Cluster_4640_evm.TU.chromosome_13.1690","Cluster_4640","evm.TU.chromosome_13.1690",0.4,0.4,0.5,"3","3","3","5"
"3487","Cluster_4640_evm.TU.chromosome_13.1834","Cluster_4640","evm.TU.chromosome_13.1834",0.316227766016838,-0.316227766016838,-1,"2","2","2","3"
"3488","Cluster_4640_evm.TU.chromosome_13.1956","Cluster_4640","evm.TU.chromosome_13.1956",-1,0.8,-1,"4","4","4","1"
"3489","Cluster_4640_evm.TU.chromosome_13.2022","Cluster_4640","evm.TU.chromosome_13.2022",-0.4,0.4,-0.5,"4","4","4","1"
"3490","Cluster_4640_evm.TU.chromosome_13.203","Cluster_4640","evm.TU.chromosome_13.203",-0.2,-0.4,-1,"2","2","2","3"
"3491","Cluster_4640_evm.TU.chromosome_13.2079","Cluster_4640","evm.TU.chromosome_13.2079",-0.2,-0.210818510677892,-0.5,"3","3","3","5"
"3492","Cluster_4640_evm.TU.chromosome_13.2119","Cluster_4640","evm.TU.chromosome_13.2119",0.4,0.4,0.5,"3","3","3","5"
"3493","Cluster_4640_evm.TU.chromosome_13.2147","Cluster_4640","evm.TU.chromosome_13.2147",0.4,-0.8,0,"1","1","1","4"
"3494","Cluster_4640_evm.TU.chromosome_13.2225","Cluster_4640","evm.TU.chromosome_13.2225",-0.4,0.4,-1,"4","4","4","1"
"3495","Cluster_4640_evm.TU.chromosome_13.2237","Cluster_4640","evm.TU.chromosome_13.2237",-0.4,0,-1,"4","4","4","1"
"3496","Cluster_4640_evm.TU.chromosome_13.2285","Cluster_4640","evm.TU.chromosome_13.2285",0.6,-0.4,-0.5,"2","2","2","3"
"3497","Cluster_4640_evm.TU.chromosome_13.2379","Cluster_4640","evm.TU.chromosome_13.2379",-1,0.8,-0.5,"4","4","4","1"
"3498","Cluster_4640_evm.TU.chromosome_13.2719","Cluster_4640","evm.TU.chromosome_13.2719",-1,0.4,-0.5,"4","4","4","1"
"3499","Cluster_4640_evm.TU.chromosome_13.3","Cluster_4640","evm.TU.chromosome_13.3",0.4,0.258198889747161,-1,"2","2","2","3"
"3500","Cluster_4640_evm.TU.chromosome_13.3453","Cluster_4640","evm.TU.chromosome_13.3453",0.4,0.4,-0.5,"4","4","4","1"
"3501","Cluster_4640_evm.TU.chromosome_13.3551","Cluster_4640","evm.TU.chromosome_13.3551",0.4,0.4,0,"3","3","3","5"
"3502","Cluster_4640_evm.TU.chromosome_13.524","Cluster_4640","evm.TU.chromosome_13.524",-0.4,-0.4,-1,"3","3","3","5"
"3503","Cluster_4640_evm.TU.chromosome_13.615","Cluster_4640","evm.TU.chromosome_13.615",-0.6,0.316227766016838,-0.5,"4","4","4","1"
"3504","Cluster_4640_evm.TU.chromosome_13.87","Cluster_4640","evm.TU.chromosome_13.87",-0.4,-0.4,-0.5,"3","3","3","5"
"3505","Cluster_4640_evm.TU.chromosome_13.94","Cluster_4640","evm.TU.chromosome_13.94",0,-0.2,-0.5,"3","3","3","5"
"3506","Cluster_4640_evm.TU.chromosome_14.1291","Cluster_4640","evm.TU.chromosome_14.1291",-0.4,-0.6,-0.5,"3","3","3","5"
"3507","Cluster_4640_evm.TU.chromosome_14.1304","Cluster_4640","evm.TU.chromosome_14.1304",-0.4,-0.632455532033676,-1,"3","3","3","5"
"3508","Cluster_4640_evm.TU.chromosome_14.1421","Cluster_4640","evm.TU.chromosome_14.1421",-0.4,0,-1,"4","4","4","1"
"3509","Cluster_4640_evm.TU.chromosome_14.1586","Cluster_4640","evm.TU.chromosome_14.1586",-0.2,0.316227766016838,-0.5,"4","4","4","1"
"3510","Cluster_4640_evm.TU.chromosome_14.1733","Cluster_4640","evm.TU.chromosome_14.1733",-0.6,0.8,1,"5","5","5","2"
"3511","Cluster_4640_evm.TU.chromosome_14.2948","Cluster_4640","evm.TU.chromosome_14.2948",0,-0.6,-0.5,"2","2","2","3"
"3512","Cluster_4640_evm.TU.chromosome_14.4761","Cluster_4640","evm.TU.chromosome_14.4761",0.4,-0.8,-1,"2","2","2","3"
"3513","Cluster_4640_evm.TU.chromosome_14.4765","Cluster_4640","evm.TU.chromosome_14.4765",0.4,-0.4,-0.5,"2","2","2","3"
"3514","Cluster_4640_evm.TU.chromosome_14.5119","Cluster_4640","evm.TU.chromosome_14.5119",0.6,0,-0.5,"2","2","2","3"
"3515","Cluster_4640_evm.TU.chromosome_14.5211","Cluster_4640","evm.TU.chromosome_14.5211",-0.210818510677892,0.4,-0.5,"4","4","4","1"
"3516","Cluster_4640_evm.TU.chromosome_14.5362","Cluster_4640","evm.TU.chromosome_14.5362",0.8,0.4,1,"1","1","1","4"
"3517","Cluster_4640_evm.TU.chromosome_14.5363","Cluster_4640","evm.TU.chromosome_14.5363",0.2,0.774596669241483,-0.866025403784439,"4","4","4","1"
"3518","Cluster_4640_evm.TU.chromosome_14.5364","Cluster_4640","evm.TU.chromosome_14.5364",-0.4,-0.4,-1,"3","3","3","5"
"3519","Cluster_4640_evm.TU.chromosome_14.5395","Cluster_4640","evm.TU.chromosome_14.5395",-0.4,-0.8,0,"1","1","1","4"
"3520","Cluster_4640_evm.TU.chromosome_14.5403","Cluster_4640","evm.TU.chromosome_14.5403",0.4,-0.632455532033676,-1,"2","2","2","3"
"3521","Cluster_4640_evm.TU.chromosome_14.5993","Cluster_4640","evm.TU.chromosome_14.5993",0.4,-0.2,-1,"2","2","2","3"
"3522","Cluster_4640_evm.TU.chromosome_14.6176","Cluster_4640","evm.TU.chromosome_14.6176",-0.8,-0.105409255338946,-0.5,"3","3","3","5"
"3523","Cluster_4640_evm.TU.chromosome_14.6177","Cluster_4640","evm.TU.chromosome_14.6177",-0.8,-0.2,-1,"4","4","4","1"
"3524","Cluster_4640_evm.TU.chromosome_14.6215","Cluster_4640","evm.TU.chromosome_14.6215",-0.258198889747161,-0.6,-0.5,"3","3","3","5"
"3525","Cluster_4640_evm.TU.chromosome_14.6281","Cluster_4640","evm.TU.chromosome_14.6281",0.6,-0.6,-0.866025403784439,"2","2","2","3"
"3526","Cluster_4640_evm.TU.chromosome_14.6359","Cluster_4640","evm.TU.chromosome_14.6359",-0.4,-0.4,-1,"3","3","3","5"
"3527","Cluster_4640_evm.TU.chromosome_14.6584","Cluster_4640","evm.TU.chromosome_14.6584",-0.4,0.2,-1,"4","4","4","1"
"3528","Cluster_4640_evm.TU.chromosome_14.6763","Cluster_4640","evm.TU.chromosome_14.6763",0,-0.8,-1,"2","2","2","3"
"3529","Cluster_4640_evm.TU.chromosome_14.7191","Cluster_4640","evm.TU.chromosome_14.7191",0.4,0.2,0,"3","3","3","5"
"3530","Cluster_4640_evm.TU.chromosome_14.813","Cluster_4640","evm.TU.chromosome_14.813",-0.8,0.8,0.5,"5","5","5","2"
"3531","Cluster_4640_evm.TU.chromosome_14.92","Cluster_4640","evm.TU.chromosome_14.92",0.8,0.4,-1,"2","2","2","3"
"3532","Cluster_4640_evm.TU.chromosome_2.1041","Cluster_4640","evm.TU.chromosome_2.1041",-0.948683298050514,0.316227766016838,-0.5,"4","4","4","1"
"3533","Cluster_4640_evm.TU.chromosome_2.1224","Cluster_4640","evm.TU.chromosome_2.1224",0,0.8,0.5,"3","3","3","5"
"3534","Cluster_4640_evm.TU.chromosome_2.1301","Cluster_4640","evm.TU.chromosome_2.1301",-0.4,-0.737864787372622,1,"1","1","1","4"
"3535","Cluster_4640_evm.TU.chromosome_2.197","Cluster_4640","evm.TU.chromosome_2.197",0.4,-0.4,-0.5,"2","2","2","3"
"3536","Cluster_4640_evm.TU.chromosome_2.2028","Cluster_4640","evm.TU.chromosome_2.2028",-0.2,-0.4,-0.5,"3","3","3","5"
"3537","Cluster_4640_evm.TU.chromosome_2.210","Cluster_4640","evm.TU.chromosome_2.210",0.4,-0.8,-0.5,"2","2","2","3"
"3538","Cluster_4640_evm.TU.chromosome_2.457","Cluster_4640","evm.TU.chromosome_2.457",-0.258198889747161,-0.774596669241483,0,"1","1","1","4"
"3539","Cluster_4640_evm.TU.chromosome_2.709","Cluster_4640","evm.TU.chromosome_2.709",-0.8,0.316227766016838,-0.5,"4","4","4","1"
"3540","Cluster_4640_evm.TU.chromosome_3.1060","Cluster_4640","evm.TU.chromosome_3.1060",0.4,-0.2,-1,"2","2","2","3"
"3541","Cluster_4640_evm.TU.chromosome_3.1392","Cluster_4640","evm.TU.chromosome_3.1392",0.2,-0.8,0.5,"1","1","1","4"
"3542","Cluster_4640_evm.TU.chromosome_3.1763","Cluster_4640","evm.TU.chromosome_3.1763",-0.4,-0.8,-1,"2","2","2","3"
"3543","Cluster_4640_evm.TU.chromosome_3.1893","Cluster_4640","evm.TU.chromosome_3.1893",0.6,-0.2,-1,"2","2","2","3"
"3544","Cluster_4640_evm.TU.chromosome_3.2023","Cluster_4640","evm.TU.chromosome_3.2023",0.4,0,-1,"2","2","2","3"
"3545","Cluster_4640_evm.TU.chromosome_3.23","Cluster_4640","evm.TU.chromosome_3.23",0.4,-0.2,-0.5,"2","2","2","3"
"3546","Cluster_4640_evm.TU.chromosome_3.37","Cluster_4640","evm.TU.chromosome_3.37",-0.4,0.8,-0.866025403784439,"4","4","4","1"
"3547","Cluster_4640_evm.TU.chromosome_3.710","Cluster_4640","evm.TU.chromosome_3.710",-1,0.6,-1,"4","4","4","1"
"3548","Cluster_4640_evm.TU.chromosome_3.755","Cluster_4640","evm.TU.chromosome_3.755",-0.2,0.8,-0.5,"4","4","4","1"
"3549","Cluster_4640_evm.TU.chromosome_3.829","Cluster_4640","evm.TU.chromosome_3.829",-0.4,-1,0.5,"1","1","1","4"
"3550","Cluster_4640_evm.TU.chromosome_4.1539","Cluster_4640","evm.TU.chromosome_4.1539",-0.4,0.4,-0.5,"4","4","4","1"
"3551","Cluster_4640_evm.TU.chromosome_4.180","Cluster_4640","evm.TU.chromosome_4.180",0.4,0.4,-0.5,"4","4","4","1"
"3552","Cluster_4640_evm.TU.chromosome_4.2217","Cluster_4640","evm.TU.chromosome_4.2217",-0.774596669241483,0.4,1,"5","5","5","2"
"3553","Cluster_4640_evm.TU.chromosome_4.383","Cluster_4640","evm.TU.chromosome_4.383",-0.4,-0.6,0.5,"1","1","1","4"
"3554","Cluster_4640_evm.TU.chromosome_4.442","Cluster_4640","evm.TU.chromosome_4.442",-0.8,-0.4,-0.5,"3","3","3","5"
"3555","Cluster_4640_evm.TU.chromosome_4.756","Cluster_4640","evm.TU.chromosome_4.756",-0.4,-0.4,-1,"3","3","3","5"
"3556","Cluster_4640_evm.TU.chromosome_4.770","Cluster_4640","evm.TU.chromosome_4.770",0,-0.210818510677892,-0.5,"3","3","3","5"
"3557","Cluster_4640_evm.TU.chromosome_4.905","Cluster_4640","evm.TU.chromosome_4.905",-0.210818510677892,-0.774596669241483,-1,"2","2","2","3"
"3558","Cluster_4640_evm.TU.chromosome_5.1301","Cluster_4640","evm.TU.chromosome_5.1301",0,0.8,-0.5,"4","4","4","1"
"3559","Cluster_4640_evm.TU.chromosome_5.1413","Cluster_4640","evm.TU.chromosome_5.1413",0,0,0.5,"3","3","3","5"
"3560","Cluster_4640_evm.TU.chromosome_5.1490","Cluster_4640","evm.TU.chromosome_5.1490",-0.4,0.316227766016838,-0.5,"4","4","4","1"
"3561","Cluster_4640_evm.TU.chromosome_5.1621","Cluster_4640","evm.TU.chromosome_5.1621",-0.2,-0.8,-1,"2","2","2","3"
"3562","Cluster_4640_evm.TU.chromosome_5.1843","Cluster_4640","evm.TU.chromosome_5.1843",-0.8,0,-1,"4","4","4","1"
"3563","Cluster_4640_evm.TU.chromosome_5.1943","Cluster_4640","evm.TU.chromosome_5.1943",-0.4,0.8,-0.5,"4","4","4","1"
"3564","Cluster_4640_evm.TU.chromosome_5.2211","Cluster_4640","evm.TU.chromosome_5.2211",-0.4,-0.6,-1,"3","3","3","5"
"3565","Cluster_4640_evm.TU.chromosome_5.2583","Cluster_4640","evm.TU.chromosome_5.2583",-0.8,0,1,"5","5","5","2"
"3566","Cluster_4640_evm.TU.chromosome_5.2607","Cluster_4640","evm.TU.chromosome_5.2607",0.8,-0.4,-0.5,"2","2","2","3"
"3567","Cluster_4640_evm.TU.chromosome_5.768","Cluster_4640","evm.TU.chromosome_5.768",-0.2,-0.2,-0.5,"3","3","3","5"
"3568","Cluster_4640_evm.TU.chromosome_5.825","Cluster_4640","evm.TU.chromosome_5.825",0.2,-0.2,-1,"2","2","2","3"
"3569","Cluster_4640_evm.TU.chromosome_6.1582","Cluster_4640","evm.TU.chromosome_6.1582",0.6,-0.774596669241483,-1,"2","2","2","3"
"3570","Cluster_4640_evm.TU.chromosome_6.2252","Cluster_4640","evm.TU.chromosome_6.2252",0.4,-0.8,-0.5,"2","2","2","3"
"3571","Cluster_4640_evm.TU.chromosome_6.2673","Cluster_4640","evm.TU.chromosome_6.2673",-0.948683298050514,0.4,-0.5,"4","4","4","1"
"3572","Cluster_4640_evm.TU.chromosome_6.2813","Cluster_4640","evm.TU.chromosome_6.2813",-0.4,0,0,"3","3","3","5"
"3573","Cluster_4640_evm.TU.chromosome_6.328","Cluster_4640","evm.TU.chromosome_6.328",0,0.4,1,"5","5","5","2"
"3574","Cluster_4640_evm.TU.chromosome_6.385","Cluster_4640","evm.TU.chromosome_6.385",0.4,0.8,-0.5,"4","4","4","1"
"3575","Cluster_4640_evm.TU.chromosome_6.402","Cluster_4640","evm.TU.chromosome_6.402",0.4,-0.4,-0.5,"2","2","2","3"
"3576","Cluster_4640_evm.TU.chromosome_6.845","Cluster_4640","evm.TU.chromosome_6.845",-0.737864787372622,0.316227766016838,1,"5","5","5","2"
"3577","Cluster_4640_evm.TU.chromosome_7.105","Cluster_4640","evm.TU.chromosome_7.105",-0.6,-0.632455532033676,-1,"3","3","3","5"
"3578","Cluster_4640_evm.TU.chromosome_7.1231","Cluster_4640","evm.TU.chromosome_7.1231",0.4,0.4,0.5,"3","3","3","5"
"3579","Cluster_4640_evm.TU.chromosome_7.198","Cluster_4640","evm.TU.chromosome_7.198",0.4,0,-1,"2","2","2","3"
"3580","Cluster_4640_evm.TU.chromosome_7.2266","Cluster_4640","evm.TU.chromosome_7.2266",0.8,-0.4,0,"2","2","2","3"
"3581","Cluster_4640_evm.TU.chromosome_7.2395","Cluster_4640","evm.TU.chromosome_7.2395",-0.2,0.8,-0.5,"4","4","4","1"
"3582","Cluster_4640_evm.TU.chromosome_7.247","Cluster_4640","evm.TU.chromosome_7.247",0.4,0,-0.5,"2","2","2","3"
"3583","Cluster_4640_evm.TU.chromosome_7.264","Cluster_4640","evm.TU.chromosome_7.264",0.2,-0.632455532033676,-0.5,"2","2","2","3"
"3584","Cluster_4640_evm.TU.chromosome_7.40","Cluster_4640","evm.TU.chromosome_7.40",-0.8,-1,-1,"3","3","3","5"
"3585","Cluster_4640_evm.TU.chromosome_7.6","Cluster_4640","evm.TU.chromosome_7.6",-0.4,-0.2,-1,"4","4","4","1"
"3586","Cluster_4640_evm.TU.chromosome_7.641","Cluster_4640","evm.TU.chromosome_7.641",-0.6,-1,-1,"3","3","3","5"
"3587","Cluster_4640_evm.TU.chromosome_7.8","Cluster_4640","evm.TU.chromosome_7.8",0.4,0.2,-0.5,"2","2","2","3"
"3588","Cluster_4640_evm.TU.chromosome_7.887","Cluster_4640","evm.TU.chromosome_7.887",-0.948683298050514,-0.2,-0.866025403784439,"4","4","4","1"
"3589","Cluster_4640_evm.TU.chromosome_8.1113","Cluster_4640","evm.TU.chromosome_8.1113",0.8,-0.4,-1,"2","2","2","3"
"3590","Cluster_4640_evm.TU.chromosome_8.1563","Cluster_4640","evm.TU.chromosome_8.1563",-0.4,0.737864787372622,-0.5,"4","4","4","1"
"3591","Cluster_4640_evm.TU.chromosome_8.1818","Cluster_4640","evm.TU.chromosome_8.1818",0.4,-0.8,1,"1","1","1","4"
"3592","Cluster_4640_evm.TU.chromosome_8.2434","Cluster_4640","evm.TU.chromosome_8.2434",0.4,0.8,-0.5,"4","4","4","1"
"3593","Cluster_4640_evm.TU.chromosome_8.975","Cluster_4640","evm.TU.chromosome_8.975",0.4,-0.4,-1,"2","2","2","3"
"3594","Cluster_4640_evm.TU.chromosome_9.1262","Cluster_4640","evm.TU.chromosome_9.1262",-0.2,-0.8,-0.5,"3","3","3","5"
"3595","Cluster_4640_evm.TU.chromosome_9.1263","Cluster_4640","evm.TU.chromosome_9.1263",-0.8,-0.4,-0.5,"3","3","3","5"
"3596","Cluster_4640_evm.TU.chromosome_9.1441","Cluster_4640","evm.TU.chromosome_9.1441",-0.4,0.6,-1,"4","4","4","1"
"3597","Cluster_4640_evm.TU.chromosome_9.1590","Cluster_4640","evm.TU.chromosome_9.1590",-0.4,-0.2,-0.5,"3","3","3","5"
"3598","Cluster_4640_evm.TU.chromosome_9.1621","Cluster_4640","evm.TU.chromosome_9.1621",0,-1,1,"1","1","1","4"
"3599","Cluster_4640_evm.TU.chromosome_9.1722","Cluster_4640","evm.TU.chromosome_9.1722",0.4,-0.8,-1,"2","2","2","3"
"3600","Cluster_4640_evm.TU.chromosome_9.217","Cluster_4640","evm.TU.chromosome_9.217",-0.4,0.8,-0.5,"4","4","4","1"
"3601","Cluster_4640_evm.TU.chromosome_9.2268","Cluster_4640","evm.TU.chromosome_9.2268",-0.6,-0.6,1,"1","1","1","4"
"3602","Cluster_4640_evm.TU.chromosome_9.2410","Cluster_4640","evm.TU.chromosome_9.2410",0.4,0.737864787372622,-0.5,"4","4","4","1"
"3603","Cluster_4640_evm.TU.chromosome_9.2490","Cluster_4640","evm.TU.chromosome_9.2490",0.8,-0.4,-1,"2","2","2","3"
"3604","Cluster_4640_evm.TU.chromosome_9.397","Cluster_4640","evm.TU.chromosome_9.397",0.4,0.4,-0.5,"4","4","4","1"
"3605","Cluster_4640_evm.TU.chromosome_9.555","Cluster_4640","evm.TU.chromosome_9.555",0.8,-0.2,0.5,"1","1","1","4"
"3606","Cluster_4646_evm.TU.chromosome_1.1072","Cluster_4646","evm.TU.chromosome_1.1072",-0.8,-0.2,-1,"4","4","4","1"
"3607","Cluster_4646_evm.TU.chromosome_1.1114","Cluster_4646","evm.TU.chromosome_1.1114",0.4,0.8,-1,"4","4","4","1"
"3608","Cluster_4646_evm.TU.chromosome_1.1189","Cluster_4646","evm.TU.chromosome_1.1189",-0.8,-0.258198889747161,-0.5,"3","3","3","5"
"3609","Cluster_4646_evm.TU.chromosome_1.1464","Cluster_4646","evm.TU.chromosome_1.1464",-0.4,0.2,0.5,"5","5","5","2"
"3610","Cluster_4646_evm.TU.chromosome_1.1735","Cluster_4646","evm.TU.chromosome_1.1735",0.4,0.4,-1,"4","4","4","1"
"3611","Cluster_4646_evm.TU.chromosome_1.1736","Cluster_4646","evm.TU.chromosome_1.1736",0.4,-0.8,-0.5,"2","2","2","3"
"3612","Cluster_4646_evm.TU.chromosome_1.221","Cluster_4646","evm.TU.chromosome_1.221",0.8,0.4,-1,"2","2","2","3"
"3613","Cluster_4646_evm.TU.chromosome_1.295","Cluster_4646","evm.TU.chromosome_1.295",-0.2,0.2,-1,"4","4","4","1"
"3614","Cluster_4646_evm.TU.chromosome_1.413","Cluster_4646","evm.TU.chromosome_1.413",-0.2,0.4,-0.5,"4","4","4","1"
"3615","Cluster_4646_evm.TU.chromosome_1.463","Cluster_4646","evm.TU.chromosome_1.463",0.2,-0.105409255338946,-0.5,"2","2","2","3"
"3616","Cluster_4646_evm.TU.chromosome_1.465","Cluster_4646","evm.TU.chromosome_1.465",0.2,-0.4,-0.5,"2","2","2","3"
"3617","Cluster_4646_evm.TU.chromosome_1.480","Cluster_4646","evm.TU.chromosome_1.480",-0.2,0.2,-0.5,"4","4","4","1"
"3618","Cluster_4646_evm.TU.chromosome_1.974","Cluster_4646","evm.TU.chromosome_1.974",-0.948683298050514,0.4,0,"5","5","5","2"
"3619","Cluster_4646_evm.TU.chromosome_10.105","Cluster_4646","evm.TU.chromosome_10.105",-0.4,-1,-0.5,"1","1","1","4"
"3620","Cluster_4646_evm.TU.chromosome_10.1234","Cluster_4646","evm.TU.chromosome_10.1234",0.4,-0.4,-1,"2","2","2","3"
"3621","Cluster_4646_evm.TU.chromosome_10.1321","Cluster_4646","evm.TU.chromosome_10.1321",0.2,1,-1,"4","4","4","1"
"3622","Cluster_4646_evm.TU.chromosome_10.1413","Cluster_4646","evm.TU.chromosome_10.1413",-1,-0.4,-1,"3","3","3","5"
"3623","Cluster_4646_evm.TU.chromosome_10.2134","Cluster_4646","evm.TU.chromosome_10.2134",0.4,-0.6,0.5,"1","1","1","4"
"3624","Cluster_4646_evm.TU.chromosome_10.2312","Cluster_4646","evm.TU.chromosome_10.2312",-0.2,0.2,-0.5,"4","4","4","1"
"3625","Cluster_4646_evm.TU.chromosome_10.2425","Cluster_4646","evm.TU.chromosome_10.2425",-0.4,-0.8,-1,"2","2","2","3"
"3626","Cluster_4646_evm.TU.chromosome_10.2434","Cluster_4646","evm.TU.chromosome_10.2434",0.4,0.4,-1,"4","4","4","1"
"3627","Cluster_4646_evm.TU.chromosome_10.2744","Cluster_4646","evm.TU.chromosome_10.2744",-0.4,-0.8,-1,"2","2","2","3"
"3628","Cluster_4646_evm.TU.chromosome_10.2781","Cluster_4646","evm.TU.chromosome_10.2781",0.4,0.105409255338946,-1,"2","2","2","3"
"3629","Cluster_4646_evm.TU.chromosome_10.2851","Cluster_4646","evm.TU.chromosome_10.2851",0,0.4,0.5,"3","3","3","5"
"3630","Cluster_4646_evm.TU.chromosome_10.2867","Cluster_4646","evm.TU.chromosome_10.2867",-0.4,-0.4,0.5,"1","1","1","4"
"3631","Cluster_4646_evm.TU.chromosome_10.651","Cluster_4646","evm.TU.chromosome_10.651",-1,0.4,-1,"4","4","4","1"
"3632","Cluster_4646_evm.TU.chromosome_10.664","Cluster_4646","evm.TU.chromosome_10.664",-0.737864787372622,-0.258198889747161,-0.5,"3","3","3","5"
"3633","Cluster_4646_evm.TU.chromosome_10.90","Cluster_4646","evm.TU.chromosome_10.90",-0.2,-0.4,-0.866025403784439,"2","2","2","3"
"3634","Cluster_4646_evm.TU.chromosome_10.990","Cluster_4646","evm.TU.chromosome_10.990",-0.4,0,-0.5,"3","3","3","5"
"3635","Cluster_4646_evm.TU.chromosome_11.1103","Cluster_4646","evm.TU.chromosome_11.1103",0.4,0,-0.5,"2","2","2","3"
"3636","Cluster_4646_evm.TU.chromosome_11.1614","Cluster_4646","evm.TU.chromosome_11.1614",-0.2,-0.4,-0.5,"3","3","3","5"
"3637","Cluster_4646_evm.TU.chromosome_11.1854","Cluster_4646","evm.TU.chromosome_11.1854",0.4,-0.6,1,"1","1","1","4"
"3638","Cluster_4646_evm.TU.chromosome_11.1869","Cluster_4646","evm.TU.chromosome_11.1869",-0.4,-0.2,1,"5","5","5","2"
"3639","Cluster_4646_evm.TU.chromosome_11.2121","Cluster_4646","evm.TU.chromosome_11.2121",-1,-0.8,-0.5,"3","3","3","5"
"3640","Cluster_4646_evm.TU.chromosome_11.2330","Cluster_4646","evm.TU.chromosome_11.2330",-0.4,-0.4,-1,"3","3","3","5"
"3641","Cluster_4646_evm.TU.chromosome_11.2502","Cluster_4646","evm.TU.chromosome_11.2502",-0.4,1,-0.5,"4","4","4","1"
"3642","Cluster_4646_evm.TU.chromosome_11.2637","Cluster_4646","evm.TU.chromosome_11.2637",0.2,0.4,1,"5","5","5","2"
"3643","Cluster_4646_evm.TU.chromosome_11.2726","Cluster_4646","evm.TU.chromosome_11.2726",0.6,-0.4,-1,"2","2","2","3"
"3644","Cluster_4646_evm.TU.chromosome_11.2770","Cluster_4646","evm.TU.chromosome_11.2770",-0.2,-0.8,0,"1","1","1","4"
"3645","Cluster_4646_evm.TU.chromosome_11.2900","Cluster_4646","evm.TU.chromosome_11.2900",-0.2,0.8,-0.5,"4","4","4","1"
"3646","Cluster_4646_evm.TU.chromosome_11.3157","Cluster_4646","evm.TU.chromosome_11.3157",0.8,-1,-1,"2","2","2","3"
"3647","Cluster_4646_evm.TU.chromosome_11.346","Cluster_4646","evm.TU.chromosome_11.346",-0.2,1,1,"5","5","5","2"
"3648","Cluster_4646_evm.TU.chromosome_11.415","Cluster_4646","evm.TU.chromosome_11.415",0,-0.8,1,"1","1","1","4"
"3649","Cluster_4646_evm.TU.chromosome_11.458","Cluster_4646","evm.TU.chromosome_11.458",-0.105409255338946,-0.2,-0.5,"3","3","3","5"
"3650","Cluster_4646_evm.TU.chromosome_11.530","Cluster_4646","evm.TU.chromosome_11.530",-0.2,1,-0.5,"4","4","4","1"
"3651","Cluster_4646_evm.TU.chromosome_11.631","Cluster_4646","evm.TU.chromosome_11.631",-0.8,0.2,0.5,"5","5","5","2"
"3652","Cluster_4646_evm.TU.chromosome_11.826","Cluster_4646","evm.TU.chromosome_11.826",-0.8,-0.4,-0.5,"3","3","3","5"
"3653","Cluster_4646_evm.TU.chromosome_12.1240","Cluster_4646","evm.TU.chromosome_12.1240",-0.8,-0.4,-0.5,"3","3","3","5"
"3654","Cluster_4646_evm.TU.chromosome_12.1570","Cluster_4646","evm.TU.chromosome_12.1570",0.2,-1,-0.5,"2","2","2","3"
"3655","Cluster_4646_evm.TU.chromosome_12.17","Cluster_4646","evm.TU.chromosome_12.17",0,-0.4,-0.5,"3","3","3","5"
"3656","Cluster_4646_evm.TU.chromosome_12.1827","Cluster_4646","evm.TU.chromosome_12.1827",-0.2,-0.8,-0.5,"3","3","3","5"
"3657","Cluster_4646_evm.TU.chromosome_12.1935","Cluster_4646","evm.TU.chromosome_12.1935",-0.8,1,0.5,"5","5","5","2"
"3658","Cluster_4646_evm.TU.chromosome_12.2143","Cluster_4646","evm.TU.chromosome_12.2143",0.8,0.4,1,"1","1","1","4"
"3659","Cluster_4646_evm.TU.chromosome_12.2385","Cluster_4646","evm.TU.chromosome_12.2385",0.4,0.2,0.5,"3","3","3","5"
"3660","Cluster_4646_evm.TU.chromosome_12.2571","Cluster_4646","evm.TU.chromosome_12.2571",-0.2,-0.2,-0.5,"3","3","3","5"
"3661","Cluster_4646_evm.TU.chromosome_12.2585","Cluster_4646","evm.TU.chromosome_12.2585",-0.632455532033676,-0.4,-0.5,"3","3","3","5"
"3662","Cluster_4646_evm.TU.chromosome_12.2923","Cluster_4646","evm.TU.chromosome_12.2923",-0.8,-0.105409255338946,-0.5,"3","3","3","5"
"3663","Cluster_4646_evm.TU.chromosome_12.3903","Cluster_4646","evm.TU.chromosome_12.3903",-1,0.4,-0.5,"4","4","4","1"
"3664","Cluster_4646_evm.TU.chromosome_12.3968","Cluster_4646","evm.TU.chromosome_12.3968",0.2,0.4,-1,"4","4","4","1"
"3665","Cluster_4646_evm.TU.chromosome_12.687","Cluster_4646","evm.TU.chromosome_12.687",0.4,0,-1,"2","2","2","3"
"3666","Cluster_4646_evm.TU.chromosome_12.690","Cluster_4646","evm.TU.chromosome_12.690",0.316227766016838,0.8,-1,"4","4","4","1"
"3667","Cluster_4646_evm.TU.chromosome_12.750","Cluster_4646","evm.TU.chromosome_12.750",-0.316227766016838,-0.4,0,"3","3","3","5"
"3668","Cluster_4646_evm.TU.chromosome_12.811","Cluster_4646","evm.TU.chromosome_12.811",0.8,0.8,0.5,"3","3","3","5"
"3669","Cluster_4646_evm.TU.chromosome_12.935","Cluster_4646","evm.TU.chromosome_12.935",-1,0.2,-0.5,"4","4","4","1"
"3670","Cluster_4646_evm.TU.chromosome_13.134","Cluster_4646","evm.TU.chromosome_13.134",-0.4,-0.8,-1,"2","2","2","3"
"3671","Cluster_4646_evm.TU.chromosome_13.1370","Cluster_4646","evm.TU.chromosome_13.1370",-0.4,-0.8,0.5,"1","1","1","4"
"3672","Cluster_4646_evm.TU.chromosome_13.1504","Cluster_4646","evm.TU.chromosome_13.1504",0,-1,-0.5,"2","2","2","3"
"3673","Cluster_4646_evm.TU.chromosome_13.2127","Cluster_4646","evm.TU.chromosome_13.2127",0.8,0.4,-1,"2","2","2","3"
"3674","Cluster_4646_evm.TU.chromosome_13.2311","Cluster_4646","evm.TU.chromosome_13.2311",-0.8,0.4,1,"5","5","5","2"
"3675","Cluster_4646_evm.TU.chromosome_13.2364","Cluster_4646","evm.TU.chromosome_13.2364",-0.6,-0.4,-1,"3","3","3","5"
"3676","Cluster_4646_evm.TU.chromosome_13.2365","Cluster_4646","evm.TU.chromosome_13.2365",0.4,-0.4,1,"1","1","1","4"
"3677","Cluster_4646_evm.TU.chromosome_13.2679","Cluster_4646","evm.TU.chromosome_13.2679",-0.4,0.4,0,"3","3","3","5"
"3678","Cluster_4646_evm.TU.chromosome_13.2805","Cluster_4646","evm.TU.chromosome_13.2805",-0.8,0.4,-0.5,"4","4","4","1"
"3679","Cluster_4646_evm.TU.chromosome_13.3040","Cluster_4646","evm.TU.chromosome_13.3040",-0.2,-0.4,-0.866025403784439,"2","2","2","3"
"3680","Cluster_4646_evm.TU.chromosome_13.3317","Cluster_4646","evm.TU.chromosome_13.3317",-1,-0.2,0.5,"5","5","5","2"
"3681","Cluster_4646_evm.TU.chromosome_13.3417","Cluster_4646","evm.TU.chromosome_13.3417",-0.6,-0.4,-1,"3","3","3","5"
"3682","Cluster_4646_evm.TU.chromosome_13.3579","Cluster_4646","evm.TU.chromosome_13.3579",0.8,0.105409255338946,-0.866025403784439,"2","2","2","3"
"3683","Cluster_4646_evm.TU.chromosome_13.3703","Cluster_4646","evm.TU.chromosome_13.3703",0.8,-1,-1,"2","2","2","3"
"3684","Cluster_4646_evm.TU.chromosome_13.3793","Cluster_4646","evm.TU.chromosome_13.3793",0,0.2,-1,"4","4","4","1"
"3685","Cluster_4646_evm.TU.chromosome_13.3823","Cluster_4646","evm.TU.chromosome_13.3823",-0.2,-0.6,-1,"2","2","2","3"
"3686","Cluster_4646_evm.TU.chromosome_13.396","Cluster_4646","evm.TU.chromosome_13.396",-0.105409255338946,-0.105409255338946,-0.5,"3","3","3","5"
"3687","Cluster_4646_evm.TU.chromosome_13.460","Cluster_4646","evm.TU.chromosome_13.460",0,0.2,-0.5,"4","4","4","1"
"3688","Cluster_4646_evm.TU.chromosome_13.463","Cluster_4646","evm.TU.chromosome_13.463",-0.4,0.4,1,"5","5","5","2"
"3689","Cluster_4646_evm.TU.chromosome_13.465","Cluster_4646","evm.TU.chromosome_13.465",0.2,0.4,-0.5,"4","4","4","1"
"3690","Cluster_4646_evm.TU.chromosome_13.549","Cluster_4646","evm.TU.chromosome_13.549",0.4,0.2,-1,"2","2","2","3"
"3691","Cluster_4646_evm.TU.chromosome_14.1308","Cluster_4646","evm.TU.chromosome_14.1308",-0.8,0.6,0.5,"5","5","5","2"
"3692","Cluster_4646_evm.TU.chromosome_14.1358","Cluster_4646","evm.TU.chromosome_14.1358",0.4,-0.4,-1,"2","2","2","3"
"3693","Cluster_4646_evm.TU.chromosome_14.1755","Cluster_4646","evm.TU.chromosome_14.1755",-0.258198889747161,1,-0.5,"4","4","4","1"
"3694","Cluster_4646_evm.TU.chromosome_14.2255","Cluster_4646","evm.TU.chromosome_14.2255",0.4,0.105409255338946,-0.5,"2","2","2","3"
"3695","Cluster_4646_evm.TU.chromosome_14.4140","Cluster_4646","evm.TU.chromosome_14.4140",0.6,0.105409255338946,-1,"2","2","2","3"
"3696","Cluster_4646_evm.TU.chromosome_14.4759","Cluster_4646","evm.TU.chromosome_14.4759",0.4,0,1,"1","1","1","4"
"3697","Cluster_4646_evm.TU.chromosome_14.4818","Cluster_4646","evm.TU.chromosome_14.4818",-0.6,0.2,-1,"4","4","4","1"
"3698","Cluster_4646_evm.TU.chromosome_14.5159","Cluster_4646","evm.TU.chromosome_14.5159",-0.8,0.4,1,"5","5","5","2"
"3699","Cluster_4646_evm.TU.chromosome_14.5205","Cluster_4646","evm.TU.chromosome_14.5205",-1,-1,-1,"3","3","3","5"
"3700","Cluster_4646_evm.TU.chromosome_14.5216","Cluster_4646","evm.TU.chromosome_14.5216",-0.4,-0.4,-0.5,"3","3","3","5"
"3701","Cluster_4646_evm.TU.chromosome_14.5286","Cluster_4646","evm.TU.chromosome_14.5286",-0.4,-0.8,-0.5,"3","3","3","5"
"3702","Cluster_4646_evm.TU.chromosome_14.534","Cluster_4646","evm.TU.chromosome_14.534",0.4,1,-0.5,"4","4","4","1"
"3703","Cluster_4646_evm.TU.chromosome_14.544","Cluster_4646","evm.TU.chromosome_14.544",0,0.2,1,"5","5","5","2"
"3704","Cluster_4646_evm.TU.chromosome_14.545","Cluster_4646","evm.TU.chromosome_14.545",-0.4,-0.2,-1,"4","4","4","1"
"3705","Cluster_4646_evm.TU.chromosome_14.5473","Cluster_4646","evm.TU.chromosome_14.5473",0.6,-0.4,0.5,"1","1","1","4"
"3706","Cluster_4646_evm.TU.chromosome_14.5653","Cluster_4646","evm.TU.chromosome_14.5653",-0.8,-0.4,-1,"3","3","3","5"
"3707","Cluster_4646_evm.TU.chromosome_14.579","Cluster_4646","evm.TU.chromosome_14.579",0.8,0.4,0.5,"3","3","3","5"
"3708","Cluster_4646_evm.TU.chromosome_14.5810","Cluster_4646","evm.TU.chromosome_14.5810",0.4,0.8,0.5,"3","3","3","5"
"3709","Cluster_4646_evm.TU.chromosome_14.5928","Cluster_4646","evm.TU.chromosome_14.5928",-0.4,0.2,0.5,"5","5","5","2"
"3710","Cluster_4646_evm.TU.chromosome_14.6095","Cluster_4646","evm.TU.chromosome_14.6095",-0.2,0.4,0,"3","3","3","5"
"3711","Cluster_4646_evm.TU.chromosome_14.6161","Cluster_4646","evm.TU.chromosome_14.6161",0.8,0.2,-1,"2","2","2","3"
"3712","Cluster_4646_evm.TU.chromosome_14.6162","Cluster_4646","evm.TU.chromosome_14.6162",-0.8,0.2,-1,"4","4","4","1"
"3713","Cluster_4646_evm.TU.chromosome_14.6373","Cluster_4646","evm.TU.chromosome_14.6373",-0.4,0.2,-0.5,"4","4","4","1"
"3714","Cluster_4646_evm.TU.chromosome_14.6529","Cluster_4646","evm.TU.chromosome_14.6529",0,0.4,-0.5,"4","4","4","1"
"3715","Cluster_4646_evm.TU.chromosome_14.6577","Cluster_4646","evm.TU.chromosome_14.6577",0.4,-0.8,0.5,"1","1","1","4"
"3716","Cluster_4646_evm.TU.chromosome_14.6635","Cluster_4646","evm.TU.chromosome_14.6635",-0.2,-0.8,-1,"2","2","2","3"
"3717","Cluster_4646_evm.TU.chromosome_14.6738","Cluster_4646","evm.TU.chromosome_14.6738",-0.4,-1,0.5,"1","1","1","4"
"3718","Cluster_4646_evm.TU.chromosome_14.6793","Cluster_4646","evm.TU.chromosome_14.6793",0.6,0.8,-1,"4","4","4","1"
"3719","Cluster_4646_evm.TU.chromosome_14.7014","Cluster_4646","evm.TU.chromosome_14.7014",0.2,-0.4,-1,"2","2","2","3"
"3720","Cluster_4646_evm.TU.chromosome_14.7058","Cluster_4646","evm.TU.chromosome_14.7058",-1,0.8,0.5,"5","5","5","2"
"3721","Cluster_4646_evm.TU.chromosome_14.7168","Cluster_4646","evm.TU.chromosome_14.7168",0.4,0.4,-0.5,"4","4","4","1"
"3722","Cluster_4646_evm.TU.chromosome_14.725","Cluster_4646","evm.TU.chromosome_14.725",-0.4,0.8,0.5,"5","5","5","2"
"3723","Cluster_4646_evm.TU.chromosome_14.7261","Cluster_4646","evm.TU.chromosome_14.7261",-0.8,-0.4,-0.5,"3","3","3","5"
"3724","Cluster_4646_evm.TU.chromosome_14.742","Cluster_4646","evm.TU.chromosome_14.742",-0.2,-0.8,-1,"2","2","2","3"
"3725","Cluster_4646_evm.TU.chromosome_2.1021","Cluster_4646","evm.TU.chromosome_2.1021",-0.8,-0.6,0.5,"5","5","5","2"
"3726","Cluster_4646_evm.TU.chromosome_2.1023","Cluster_4646","evm.TU.chromosome_2.1023",-0.4,0.8,-1,"4","4","4","1"
"3727","Cluster_4646_evm.TU.chromosome_2.1054","Cluster_4646","evm.TU.chromosome_2.1054",-0.210818510677892,0.4,1,"5","5","5","2"
"3728","Cluster_4646_evm.TU.chromosome_2.1301","Cluster_4646","evm.TU.chromosome_2.1301",0.2,-0.948683298050514,1,"1","1","1","4"
"3729","Cluster_4646_evm.TU.chromosome_2.1405","Cluster_4646","evm.TU.chromosome_2.1405",0,-0.4,0.5,"1","1","1","4"
"3730","Cluster_4646_evm.TU.chromosome_2.1748","Cluster_4646","evm.TU.chromosome_2.1748",0.4,-0.2,-1,"2","2","2","3"
"3731","Cluster_4646_evm.TU.chromosome_2.1782","Cluster_4646","evm.TU.chromosome_2.1782",0.4,0.2,-1,"2","2","2","3"
"3732","Cluster_4646_evm.TU.chromosome_2.1928","Cluster_4646","evm.TU.chromosome_2.1928",-0.2,0.737864787372622,1,"5","5","5","2"
"3733","Cluster_4646_evm.TU.chromosome_2.1945","Cluster_4646","evm.TU.chromosome_2.1945",-0.8,-0.2,-0.5,"3","3","3","5"
"3734","Cluster_4646_evm.TU.chromosome_2.299","Cluster_4646","evm.TU.chromosome_2.299",-0.632455532033676,-0.258198889747161,0,"3","3","3","5"
"3735","Cluster_4646_evm.TU.chromosome_2.304","Cluster_4646","evm.TU.chromosome_2.304",-0.6,0.2,-0.866025403784439,"4","4","4","1"
"3736","Cluster_4646_evm.TU.chromosome_2.330","Cluster_4646","evm.TU.chromosome_2.330",-0.8,0.4,-1,"4","4","4","1"
"3737","Cluster_4646_evm.TU.chromosome_2.431","Cluster_4646","evm.TU.chromosome_2.431",0.4,0.2,-0.866025403784439,"2","2","2","3"
"3738","Cluster_4646_evm.TU.chromosome_2.517","Cluster_4646","evm.TU.chromosome_2.517",0.4,-0.2,0.5,"1","1","1","4"
"3739","Cluster_4646_evm.TU.chromosome_2.589","Cluster_4646","evm.TU.chromosome_2.589",-0.6,-0.4,-1,"3","3","3","5"
"3740","Cluster_4646_evm.TU.chromosome_2.62","Cluster_4646","evm.TU.chromosome_2.62",-0.8,0.4,1,"5","5","5","2"
"3741","Cluster_4646_evm.TU.chromosome_2.744","Cluster_4646","evm.TU.chromosome_2.744",0.6,0.8,-1,"4","4","4","1"
"3742","Cluster_4646_evm.TU.chromosome_3.1022","Cluster_4646","evm.TU.chromosome_3.1022",-0.4,1,-1,"4","4","4","1"
"3743","Cluster_4646_evm.TU.chromosome_3.1209","Cluster_4646","evm.TU.chromosome_3.1209",-0.4,0.8,-0.5,"4","4","4","1"
"3744","Cluster_4646_evm.TU.chromosome_3.130","Cluster_4646","evm.TU.chromosome_3.130",-0.4,-0.2,1,"5","5","5","2"
"3745","Cluster_4646_evm.TU.chromosome_3.1475","Cluster_4646","evm.TU.chromosome_3.1475",0.2,-0.105409255338946,-1,"2","2","2","3"
"3746","Cluster_4646_evm.TU.chromosome_3.1595","Cluster_4646","evm.TU.chromosome_3.1595",-0.8,-0.4,-1,"3","3","3","5"
"3747","Cluster_4646_evm.TU.chromosome_3.1687","Cluster_4646","evm.TU.chromosome_3.1687",0.2,0.6,-1,"4","4","4","1"
"3748","Cluster_4646_evm.TU.chromosome_3.1689","Cluster_4646","evm.TU.chromosome_3.1689",1,-0.2,-1,"2","2","2","3"
"3749","Cluster_4646_evm.TU.chromosome_3.1707","Cluster_4646","evm.TU.chromosome_3.1707",0.6,0,1,"1","1","1","4"
"3750","Cluster_4646_evm.TU.chromosome_3.1713","Cluster_4646","evm.TU.chromosome_3.1713",0.8,0.4,-1,"2","2","2","3"
"3751","Cluster_4646_evm.TU.chromosome_3.1903","Cluster_4646","evm.TU.chromosome_3.1903",0.8,1,1,"3","3","3","5"
"3752","Cluster_4646_evm.TU.chromosome_3.1914","Cluster_4646","evm.TU.chromosome_3.1914",0.6,-0.2,-0.5,"2","2","2","3"
"3753","Cluster_4646_evm.TU.chromosome_3.2012","Cluster_4646","evm.TU.chromosome_3.2012",-0.2,-0.2,-1,"4","4","4","1"
"3754","Cluster_4646_evm.TU.chromosome_3.2031","Cluster_4646","evm.TU.chromosome_3.2031",-1,-0.4,-1,"3","3","3","5"
"3755","Cluster_4646_evm.TU.chromosome_3.389","Cluster_4646","evm.TU.chromosome_3.389",-0.8,-0.8,-0.5,"3","3","3","5"
"3756","Cluster_4646_evm.TU.chromosome_3.413","Cluster_4646","evm.TU.chromosome_3.413",1,1,0.5,"3","3","3","5"
"3757","Cluster_4646_evm.TU.chromosome_3.55","Cluster_4646","evm.TU.chromosome_3.55",-0.2,0.8,-0.5,"4","4","4","1"
"3758","Cluster_4646_evm.TU.chromosome_3.753","Cluster_4646","evm.TU.chromosome_3.753",0.2,0.105409255338946,-1,"2","2","2","3"
"3759","Cluster_4646_evm.TU.chromosome_3.957","Cluster_4646","evm.TU.chromosome_3.957",0.8,0.4,-1,"2","2","2","3"
"3760","Cluster_4646_evm.TU.chromosome_4.1437","Cluster_4646","evm.TU.chromosome_4.1437",0.2,-0.4,-0.5,"2","2","2","3"
"3761","Cluster_4646_evm.TU.chromosome_4.1441","Cluster_4646","evm.TU.chromosome_4.1441",-0.4,0.2,-1,"4","4","4","1"
"3762","Cluster_4646_evm.TU.chromosome_4.1712","Cluster_4646","evm.TU.chromosome_4.1712",-0.4,-0.8,0.5,"1","1","1","4"
"3763","Cluster_4646_evm.TU.chromosome_4.18","Cluster_4646","evm.TU.chromosome_4.18",-0.8,-0.258198889747161,1,"5","5","5","2"
"3764","Cluster_4646_evm.TU.chromosome_4.1846","Cluster_4646","evm.TU.chromosome_4.1846",-0.8,0.2,1,"5","5","5","2"
"3765","Cluster_4646_evm.TU.chromosome_4.2111","Cluster_4646","evm.TU.chromosome_4.2111",-0.6,-0.4,-1,"3","3","3","5"
"3766","Cluster_4646_evm.TU.chromosome_4.2435","Cluster_4646","evm.TU.chromosome_4.2435",-0.2,1,-0.5,"4","4","4","1"
"3767","Cluster_4646_evm.TU.chromosome_4.251","Cluster_4646","evm.TU.chromosome_4.251",0,-0.2,-1,"2","2","2","3"
"3768","Cluster_4646_evm.TU.chromosome_4.2512","Cluster_4646","evm.TU.chromosome_4.2512",0.4,-0.4,-0.5,"2","2","2","3"
"3769","Cluster_4646_evm.TU.chromosome_4.403","Cluster_4646","evm.TU.chromosome_4.403",0.316227766016838,0.2,-0.866025403784439,"2","2","2","3"
"3770","Cluster_4646_evm.TU.chromosome_4.602","Cluster_4646","evm.TU.chromosome_4.602",0.4,-0.4,-1,"2","2","2","3"
"3771","Cluster_4646_evm.TU.chromosome_4.766","Cluster_4646","evm.TU.chromosome_4.766",0.8,0.8,-0.5,"4","4","4","1"
"3772","Cluster_4646_evm.TU.chromosome_4.905","Cluster_4646","evm.TU.chromosome_4.905",0.316227766016838,-0.258198889747161,-1,"2","2","2","3"
"3773","Cluster_4646_evm.TU.chromosome_5.1108","Cluster_4646","evm.TU.chromosome_5.1108",0.8,0.8,-1,"4","4","4","1"
"3774","Cluster_4646_evm.TU.chromosome_5.1109","Cluster_4646","evm.TU.chromosome_5.1109",1,0.948683298050514,-1,"4","4","4","1"
"3775","Cluster_4646_evm.TU.chromosome_5.1554","Cluster_4646","evm.TU.chromosome_5.1554",-0.2,0.8,-0.5,"4","4","4","1"
"3776","Cluster_4646_evm.TU.chromosome_5.1678","Cluster_4646","evm.TU.chromosome_5.1678",0.2,0.4,0,"3","3","3","5"
"3777","Cluster_4646_evm.TU.chromosome_5.2430","Cluster_4646","evm.TU.chromosome_5.2430",0.4,-0.8,-0.5,"2","2","2","3"
"3778","Cluster_4646_evm.TU.chromosome_5.2574","Cluster_4646","evm.TU.chromosome_5.2574",0.4,0.8,-1,"4","4","4","1"
"3779","Cluster_4646_evm.TU.chromosome_5.466","Cluster_4646","evm.TU.chromosome_5.466",0.2,0,0.5,"3","3","3","5"
"3780","Cluster_4646_evm.TU.chromosome_5.499","Cluster_4646","evm.TU.chromosome_5.499",0.8,-0.4,-1,"2","2","2","3"
"3781","Cluster_4646_evm.TU.chromosome_5.535","Cluster_4646","evm.TU.chromosome_5.535",0.4,-0.4,-0.5,"2","2","2","3"
"3782","Cluster_4646_evm.TU.chromosome_5.612","Cluster_4646","evm.TU.chromosome_5.612",0.316227766016838,0.210818510677892,-1,"2","2","2","3"
"3783","Cluster_4646_evm.TU.chromosome_5.655","Cluster_4646","evm.TU.chromosome_5.655",-0.105409255338946,0.4,-1,"4","4","4","1"
"3784","Cluster_4646_evm.TU.chromosome_5.812","Cluster_4646","evm.TU.chromosome_5.812",0.8,-0.105409255338946,-0.5,"2","2","2","3"
"3785","Cluster_4646_evm.TU.chromosome_6.1017","Cluster_4646","evm.TU.chromosome_6.1017",-1,-0.2,-0.5,"3","3","3","5"
"3786","Cluster_4646_evm.TU.chromosome_6.117","Cluster_4646","evm.TU.chromosome_6.117",0.8,-0.4,-1,"2","2","2","3"
"3787","Cluster_4646_evm.TU.chromosome_6.1317","Cluster_4646","evm.TU.chromosome_6.1317",-0.2,-0.4,-1,"2","2","2","3"
"3788","Cluster_4646_evm.TU.chromosome_6.1479","Cluster_4646","evm.TU.chromosome_6.1479",1,1,1,"3","3","3","5"
"3789","Cluster_4646_evm.TU.chromosome_6.1735","Cluster_4646","evm.TU.chromosome_6.1735",0.4,-0.8,0,"1","1","1","4"
"3790","Cluster_4646_evm.TU.chromosome_6.1982","Cluster_4646","evm.TU.chromosome_6.1982",0.258198889747161,0.8,0,"4","4","4","1"
"3791","Cluster_4646_evm.TU.chromosome_6.2729","Cluster_4646","evm.TU.chromosome_6.2729",-0.8,0.632455532033676,-0.5,"4","4","4","1"
"3792","Cluster_4646_evm.TU.chromosome_6.2730","Cluster_4646","evm.TU.chromosome_6.2730",-0.4,1,-0.5,"4","4","4","1"
"3793","Cluster_4646_evm.TU.chromosome_6.277","Cluster_4646","evm.TU.chromosome_6.277",-0.4,-0.8,-1,"2","2","2","3"
"3794","Cluster_4646_evm.TU.chromosome_6.2951","Cluster_4646","evm.TU.chromosome_6.2951",0.4,0.2,-1,"2","2","2","3"
"3795","Cluster_4646_evm.TU.chromosome_6.840","Cluster_4646","evm.TU.chromosome_6.840",1,1,1,"3","3","3","5"
"3796","Cluster_4646_evm.TU.chromosome_6.863","Cluster_4646","evm.TU.chromosome_6.863",-1,-1,-1,"3","3","3","5"
"3797","Cluster_4646_evm.TU.chromosome_6.947","Cluster_4646","evm.TU.chromosome_6.947",0.8,0.4,-0.5,"2","2","2","3"
"3798","Cluster_4646_evm.TU.chromosome_7.103","Cluster_4646","evm.TU.chromosome_7.103",0,0.4,-1,"4","4","4","1"
"3799","Cluster_4646_evm.TU.chromosome_7.1288","Cluster_4646","evm.TU.chromosome_7.1288",0,0.8,1,"5","5","5","2"
"3800","Cluster_4646_evm.TU.chromosome_7.1336","Cluster_4646","evm.TU.chromosome_7.1336",-0.105409255338946,0.258198889747161,-1,"4","4","4","1"
"3801","Cluster_4646_evm.TU.chromosome_7.1340","Cluster_4646","evm.TU.chromosome_7.1340",-0.8,0.105409255338946,-0.5,"4","4","4","1"
"3802","Cluster_4646_evm.TU.chromosome_7.1474","Cluster_4646","evm.TU.chromosome_7.1474",-0.105409255338946,-0.4,-0.5,"3","3","3","5"
"3803","Cluster_4646_evm.TU.chromosome_7.1936","Cluster_4646","evm.TU.chromosome_7.1936",-0.8,-0.948683298050514,-0.5,"3","3","3","5"
"3804","Cluster_4646_evm.TU.chromosome_7.1937","Cluster_4646","evm.TU.chromosome_7.1937",0.8,-0.6,-0.866025403784439,"2","2","2","3"
"3805","Cluster_4646_evm.TU.chromosome_7.2114","Cluster_4646","evm.TU.chromosome_7.2114",0.8,0.210818510677892,-0.5,"2","2","2","3"
"3806","Cluster_4646_evm.TU.chromosome_7.2479","Cluster_4646","evm.TU.chromosome_7.2479",-0.4,-0.4,-1,"3","3","3","5"
"3807","Cluster_4646_evm.TU.chromosome_7.2807","Cluster_4646","evm.TU.chromosome_7.2807",-0.948683298050514,-0.105409255338946,-0.5,"3","3","3","5"
"3808","Cluster_4646_evm.TU.chromosome_7.398","Cluster_4646","evm.TU.chromosome_7.398",-0.8,-0.105409255338946,1,"5","5","5","2"
"3809","Cluster_4646_evm.TU.chromosome_7.45","Cluster_4646","evm.TU.chromosome_7.45",-1,-0.2,-0.5,"3","3","3","5"
"3810","Cluster_4646_evm.TU.chromosome_7.579","Cluster_4646","evm.TU.chromosome_7.579",-0.8,-0.4,-0.5,"3","3","3","5"
"3811","Cluster_4646_evm.TU.chromosome_7.594","Cluster_4646","evm.TU.chromosome_7.594",-0.8,-0.4,-1,"3","3","3","5"
"3812","Cluster_4646_evm.TU.chromosome_7.897","Cluster_4646","evm.TU.chromosome_7.897",0.8,0.8,-0.5,"4","4","4","1"
"3813","Cluster_4646_evm.TU.chromosome_7.969","Cluster_4646","evm.TU.chromosome_7.969",-1,-0.2,0.5,"5","5","5","2"
"3814","Cluster_4646_evm.TU.chromosome_7.974","Cluster_4646","evm.TU.chromosome_7.974",-0.8,-0.6,0.5,"5","5","5","2"
"3815","Cluster_4646_evm.TU.chromosome_8.1032","Cluster_4646","evm.TU.chromosome_8.1032",0.4,-0.258198889747161,-0.866025403784439,"2","2","2","3"
"3816","Cluster_4646_evm.TU.chromosome_8.1196","Cluster_4646","evm.TU.chromosome_8.1196",1,-0.4,-0.5,"2","2","2","3"
"3817","Cluster_4646_evm.TU.chromosome_8.133","Cluster_4646","evm.TU.chromosome_8.133",0.6,-0.2,1,"1","1","1","4"
"3818","Cluster_4646_evm.TU.chromosome_8.1384","Cluster_4646","evm.TU.chromosome_8.1384",0.8,-0.4,-1,"2","2","2","3"
"3819","Cluster_4646_evm.TU.chromosome_8.1473","Cluster_4646","evm.TU.chromosome_8.1473",0.8,0.105409255338946,-0.5,"2","2","2","3"
"3820","Cluster_4646_evm.TU.chromosome_8.1530","Cluster_4646","evm.TU.chromosome_8.1530",-0.2,0.105409255338946,-0.866025403784439,"4","4","4","1"
"3821","Cluster_4646_evm.TU.chromosome_8.1539","Cluster_4646","evm.TU.chromosome_8.1539",-0.8,-0.258198889747161,-0.5,"3","3","3","5"
"3822","Cluster_4646_evm.TU.chromosome_8.1551","Cluster_4646","evm.TU.chromosome_8.1551",-0.8,0.4,0.5,"5","5","5","2"
"3823","Cluster_4646_evm.TU.chromosome_8.170","Cluster_4646","evm.TU.chromosome_8.170",0.8,0.4,-0.5,"2","2","2","3"
"3824","Cluster_4646_evm.TU.chromosome_8.1758","Cluster_4646","evm.TU.chromosome_8.1758",-0.258198889747161,-0.4,-1,"2","2","2","3"
"3825","Cluster_4646_evm.TU.chromosome_8.1808","Cluster_4646","evm.TU.chromosome_8.1808",0.2,-0.2,-1,"2","2","2","3"
"3826","Cluster_4646_evm.TU.chromosome_8.1925","Cluster_4646","evm.TU.chromosome_8.1925",-0.737864787372622,0.2,-0.5,"4","4","4","1"
"3827","Cluster_4646_evm.TU.chromosome_8.1997","Cluster_4646","evm.TU.chromosome_8.1997",-1,-0.4,-0.5,"3","3","3","5"
"3828","Cluster_4646_evm.TU.chromosome_8.2007","Cluster_4646","evm.TU.chromosome_8.2007",-1,-0.8,1,"5","5","5","2"
"3829","Cluster_4646_evm.TU.chromosome_8.2174","Cluster_4646","evm.TU.chromosome_8.2174",-0.2,-1,-0.5,"1","1","1","4"
"3830","Cluster_4646_evm.TU.chromosome_8.2389","Cluster_4646","evm.TU.chromosome_8.2389",-0.8,0.737864787372622,-1,"4","4","4","1"
"3831","Cluster_4646_evm.TU.chromosome_8.2627","Cluster_4646","evm.TU.chromosome_8.2627",0.8,-0.2,-0.5,"2","2","2","3"
"3832","Cluster_4646_evm.TU.chromosome_8.2679","Cluster_4646","evm.TU.chromosome_8.2679",-0.4,1,-0.5,"4","4","4","1"
"3833","Cluster_4646_evm.TU.chromosome_8.275","Cluster_4646","evm.TU.chromosome_8.275",-0.258198889747161,0.948683298050514,-0.5,"4","4","4","1"
"3834","Cluster_4646_evm.TU.chromosome_8.2751","Cluster_4646","evm.TU.chromosome_8.2751",0.4,-0.2,-1,"2","2","2","3"
"3835","Cluster_4646_evm.TU.chromosome_8.298","Cluster_4646","evm.TU.chromosome_8.298",0.4,0.4,0.5,"3","3","3","5"
"3836","Cluster_4646_evm.TU.chromosome_8.75","Cluster_4646","evm.TU.chromosome_8.75",-0.737864787372622,0.8,-0.5,"4","4","4","1"
"3837","Cluster_4646_evm.TU.chromosome_9.1040","Cluster_4646","evm.TU.chromosome_9.1040",0.2,-0.2,0.5,"1","1","1","4"
"3838","Cluster_4646_evm.TU.chromosome_9.1065","Cluster_4646","evm.TU.chromosome_9.1065",0,-0.4,-0.5,"3","3","3","5"
"3839","Cluster_4646_evm.TU.chromosome_9.118","Cluster_4646","evm.TU.chromosome_9.118",1,-0.4,-1,"2","2","2","3"
"3840","Cluster_4646_evm.TU.chromosome_9.1194","Cluster_4646","evm.TU.chromosome_9.1194",0.4,-0.2,0.5,"1","1","1","4"
"3841","Cluster_4646_evm.TU.chromosome_9.1266","Cluster_4646","evm.TU.chromosome_9.1266",-0.8,1,0.5,"5","5","5","2"
"3842","Cluster_4646_evm.TU.chromosome_9.1359","Cluster_4646","evm.TU.chromosome_9.1359",0,1,-0.5,"4","4","4","1"
"3843","Cluster_4646_evm.TU.chromosome_9.1474","Cluster_4646","evm.TU.chromosome_9.1474",0.4,-0.4,-1,"2","2","2","3"
"3844","Cluster_4646_evm.TU.chromosome_9.1723","Cluster_4646","evm.TU.chromosome_9.1723",-0.8,-0.2,-1,"4","4","4","1"
"3845","Cluster_4646_evm.TU.chromosome_9.2102","Cluster_4646","evm.TU.chromosome_9.2102",0.2,0.4,-0.5,"4","4","4","1"
"3846","Cluster_4646_evm.TU.chromosome_9.2112","Cluster_4646","evm.TU.chromosome_9.2112",1,-0.4,-1,"2","2","2","3"
"3847","Cluster_4646_evm.TU.chromosome_9.2169","Cluster_4646","evm.TU.chromosome_9.2169",0.4,0.4,-0.5,"4","4","4","1"
"3848","Cluster_4646_evm.TU.chromosome_9.2385","Cluster_4646","evm.TU.chromosome_9.2385",-0.774596669241483,0.258198889747161,-1,"4","4","4","1"
"3849","Cluster_4646_evm.TU.chromosome_9.2628","Cluster_4646","evm.TU.chromosome_9.2628",0.2,1,-0.5,"4","4","4","1"
"3850","Cluster_4646_evm.TU.chromosome_9.2637","Cluster_4646","evm.TU.chromosome_9.2637",-0.4,-0.8,0.5,"1","1","1","4"
"3851","Cluster_4646_evm.TU.chromosome_9.352","Cluster_4646","evm.TU.chromosome_9.352",-0.2,0.8,0.5,"5","5","5","2"
"3852","Cluster_4646_evm.TU.chromosome_9.415","Cluster_4646","evm.TU.chromosome_9.415",-0.948683298050514,0.2,-0.866025403784439,"4","4","4","1"
"3853","Cluster_4646_evm.TU.chromosome_9.457","Cluster_4646","evm.TU.chromosome_9.457",0.8,-0.2,1,"1","1","1","4"
"3854","Cluster_4646_evm.TU.chromosome_9.574","Cluster_4646","evm.TU.chromosome_9.574",-0.2,-0.2,1,"1","1","1","4"
"3855","Cluster_4646_evm.TU.chromosome_9.618","Cluster_4646","evm.TU.chromosome_9.618",-0.8,-0.4,0,"5","5","5","2"
"3856","Cluster_4696_evm.TU.chromosome_1.330","Cluster_4696","evm.TU.chromosome_1.330",0.8,0.774596669241483,0.866025403784439,"3","3","3","5"
"3857","Cluster_4696_evm.TU.chromosome_1.400","Cluster_4696","evm.TU.chromosome_1.400",-0.8,0.948683298050514,-0.866025403784439,"4","4","4","1"
"3858","Cluster_4696_evm.TU.chromosome_10.1998","Cluster_4696","evm.TU.chromosome_10.1998",0.258198889747161,-0.258198889747161,0.5,"1","1","1","4"
"3859","Cluster_4696_evm.TU.chromosome_10.377","Cluster_4696","evm.TU.chromosome_10.377",0.105409255338946,1,0.5,"3","3","3","5"
"3860","Cluster_4696_evm.TU.chromosome_10.569","Cluster_4696","evm.TU.chromosome_10.569",-0.4,0.2,-0.5,"4","4","4","1"
"3861","Cluster_4696_evm.TU.chromosome_11.1103","Cluster_4696","evm.TU.chromosome_11.1103",0.2,-0.4,0.5,"1","1","1","4"
"3862","Cluster_4696_evm.TU.chromosome_11.654","Cluster_4696","evm.TU.chromosome_11.654",0.6,0.210818510677892,-0.866025403784439,"2","2","2","3"
"3863","Cluster_4696_evm.TU.chromosome_12.1309","Cluster_4696","evm.TU.chromosome_12.1309",0.6,-0.4,0.866025403784439,"1","1","1","4"
"3864","Cluster_4696_evm.TU.chromosome_12.1310","Cluster_4696","evm.TU.chromosome_12.1310",-0.316227766016838,0,0.866025403784439,"5","5","5","2"
"3865","Cluster_4696_evm.TU.chromosome_12.2532","Cluster_4696","evm.TU.chromosome_12.2532",-0.8,0.774596669241483,-0.5,"4","4","4","1"
"3866","Cluster_4696_evm.TU.chromosome_12.2979","Cluster_4696","evm.TU.chromosome_12.2979",-0.2,0.774596669241483,-0.5,"4","4","4","1"
"3867","Cluster_4696_evm.TU.chromosome_12.3704","Cluster_4696","evm.TU.chromosome_12.3704",0.105409255338946,0.737864787372622,0.5,"3","3","3","5"
"3868","Cluster_4696_evm.TU.chromosome_12.617","Cluster_4696","evm.TU.chromosome_12.617",-0.2,0.737864787372622,-0.866025403784439,"4","4","4","1"
"3869","Cluster_4696_evm.TU.chromosome_13.2416","Cluster_4696","evm.TU.chromosome_13.2416",0.258198889747161,0.774596669241483,0.866025403784439,"3","3","3","5"
"3870","Cluster_4696_evm.TU.chromosome_13.2475","Cluster_4696","evm.TU.chromosome_13.2475",0,0.4,0.5,"3","3","3","5"
"3871","Cluster_4696_evm.TU.chromosome_13.2525","Cluster_4696","evm.TU.chromosome_13.2525",0.6,-0.258198889747161,-0.866025403784439,"2","2","2","3"
"3872","Cluster_4696_evm.TU.chromosome_13.2822","Cluster_4696","evm.TU.chromosome_13.2822",0.258198889747161,0.948683298050514,-0.866025403784439,"4","4","4","1"
"3873","Cluster_4696_evm.TU.chromosome_13.3515","Cluster_4696","evm.TU.chromosome_13.3515",0.8,-0.316227766016838,-0.5,"2","2","2","3"
"3874","Cluster_4696_evm.TU.chromosome_13.3844","Cluster_4696","evm.TU.chromosome_13.3844",-0.258198889747161,0.948683298050514,0.5,"5","5","5","2"
"3875","Cluster_4696_evm.TU.chromosome_13.617","Cluster_4696","evm.TU.chromosome_13.617",0.2,0.210818510677892,0.5,"3","3","3","5"
"3876","Cluster_4696_evm.TU.chromosome_14.1318","Cluster_4696","evm.TU.chromosome_14.1318",0.737864787372622,0.8,0.866025403784439,"3","3","3","5"
"3877","Cluster_4696_evm.TU.chromosome_14.193","Cluster_4696","evm.TU.chromosome_14.193",0.774596669241483,-0.258198889747161,0.866025403784439,"1","1","1","4"
"3878","Cluster_4696_evm.TU.chromosome_14.294","Cluster_4696","evm.TU.chromosome_14.294",-0.4,0,-0.5,"3","3","3","5"
"3879","Cluster_4696_evm.TU.chromosome_14.3117","Cluster_4696","evm.TU.chromosome_14.3117",-0.210818510677892,0.4,0.866025403784439,"5","5","5","2"
"3880","Cluster_4696_evm.TU.chromosome_14.4107","Cluster_4696","evm.TU.chromosome_14.4107",0.4,-0.8,-0.5,"2","2","2","3"
"3881","Cluster_4696_evm.TU.chromosome_14.4966","Cluster_4696","evm.TU.chromosome_14.4966",0.2,-0.210818510677892,0.5,"1","1","1","4"
"3882","Cluster_4696_evm.TU.chromosome_14.6734","Cluster_4696","evm.TU.chromosome_14.6734",0.948683298050514,0.258198889747161,0.5,"2","2","2","3"
"3883","Cluster_4696_evm.TU.chromosome_14.7310","Cluster_4696","evm.TU.chromosome_14.7310",-0.8,0.8,-0.5,"4","4","4","1"
"3884","Cluster_4696_evm.TU.chromosome_14.7358","Cluster_4696","evm.TU.chromosome_14.7358",1,0.737864787372622,-0.5,"2","2","2","3"
"3885","Cluster_4696_evm.TU.chromosome_3.1082","Cluster_4696","evm.TU.chromosome_3.1082",0.6,-0.316227766016838,0.5,"1","1","1","4"
"3886","Cluster_4696_evm.TU.chromosome_3.1752","Cluster_4696","evm.TU.chromosome_3.1752",-0.4,0.8,0.5,"5","5","5","2"
"3887","Cluster_4696_evm.TU.chromosome_3.683","Cluster_4696","evm.TU.chromosome_3.683",0.4,0.258198889747161,0.5,"3","3","3","5"
"3888","Cluster_4696_evm.TU.chromosome_4.1559","Cluster_4696","evm.TU.chromosome_4.1559",-0.4,0.4,0.5,"5","5","5","2"
"3889","Cluster_4696_evm.TU.chromosome_4.527","Cluster_4696","evm.TU.chromosome_4.527",0.316227766016838,-0.316227766016838,-0.866025403784439,"2","2","2","3"
"3890","Cluster_4696_evm.TU.chromosome_5.17","Cluster_4696","evm.TU.chromosome_5.17",0.8,0.8,0.5,"3","3","3","5"
"3891","Cluster_4696_evm.TU.chromosome_6.2846","Cluster_4696","evm.TU.chromosome_6.2846",-0.774596669241483,0.4,-0.5,"4","4","4","1"
"3892","Cluster_4696_evm.TU.chromosome_6.501","Cluster_4696","evm.TU.chromosome_6.501",0.4,0,0.5,"3","3","3","5"
"3893","Cluster_4696_evm.TU.chromosome_6.627","Cluster_4696","evm.TU.chromosome_6.627",0.6,0.8,-0.5,"4","4","4","1"
"3894","Cluster_4696_evm.TU.chromosome_7.1041","Cluster_4696","evm.TU.chromosome_7.1041",0.6,0.4,-0.5,"2","2","2","3"
"3895","Cluster_4696_evm.TU.chromosome_7.1206","Cluster_4696","evm.TU.chromosome_7.1206",-0.210818510677892,0.210818510677892,-0.5,"4","4","4","1"
"3896","Cluster_4696_evm.TU.chromosome_7.1370","Cluster_4696","evm.TU.chromosome_7.1370",0.4,-0.2,-0.5,"2","2","2","3"
"3897","Cluster_4696_evm.TU.chromosome_7.2258","Cluster_4696","evm.TU.chromosome_7.2258",0.258198889747161,0.774596669241483,0.866025403784439,"3","3","3","5"
"3898","Cluster_4696_evm.TU.chromosome_7.2532","Cluster_4696","evm.TU.chromosome_7.2532",0.4,-0.632455532033676,-0.5,"2","2","2","3"
"3899","Cluster_4696_evm.TU.chromosome_7.2605","Cluster_4696","evm.TU.chromosome_7.2605",1,0.4,0.5,"2","2","2","3"
"3900","Cluster_4696_evm.TU.chromosome_9.2129","Cluster_4696","evm.TU.chromosome_9.2129",-0.632455532033676,-0.4,0.5,"5","5","5","2"
"3901","Cluster_4754_evm.TU.chromosome_10.2043","Cluster_4754","evm.TU.chromosome_10.2043",0.774596669241483,-0.774596669241483,0.5,"1","1","1","4"
"3902","Cluster_4754_evm.TU.chromosome_10.2226","Cluster_4754","evm.TU.chromosome_10.2226",-0.6,0.4,0.5,"5","5","5","2"
"3903","Cluster_4754_evm.TU.chromosome_10.2414","Cluster_4754","evm.TU.chromosome_10.2414",-0.2,0.210818510677892,-0.866025403784439,"4","4","4","1"
"3904","Cluster_4754_evm.TU.chromosome_12.2674","Cluster_4754","evm.TU.chromosome_12.2674",0.6,-0.774596669241483,0.5,"1","1","1","4"
"3905","Cluster_4754_evm.TU.chromosome_13.3254","Cluster_4754","evm.TU.chromosome_13.3254",0.4,-0.4,-0.5,"2","2","2","3"
"3906","Cluster_4754_evm.TU.chromosome_14.2904","Cluster_4754","evm.TU.chromosome_14.2904",0.4,-0.210818510677892,-0.5,"2","2","2","3"
"3907","Cluster_4754_evm.TU.chromosome_14.393","Cluster_4754","evm.TU.chromosome_14.393",-0.2,-0.4,-0.5,"3","3","3","5"
"3908","Cluster_4754_evm.TU.chromosome_14.7289","Cluster_4754","evm.TU.chromosome_14.7289",0,-0.210818510677892,0.5,"1","1","1","4"
"3909","Cluster_4754_evm.TU.chromosome_3.170","Cluster_4754","evm.TU.chromosome_3.170",-0.4,-0.258198889747161,0.866025403784439,"5","5","5","2"
"3910","Cluster_4754_evm.TU.chromosome_3.1911","Cluster_4754","evm.TU.chromosome_3.1911",0.8,0.4,-0.5,"2","2","2","3"
"3911","Cluster_4754_evm.TU.chromosome_4.793","Cluster_4754","evm.TU.chromosome_4.793",0.2,0,-0.5,"2","2","2","3"
"3912","Cluster_4754_evm.TU.chromosome_5.41","Cluster_4754","evm.TU.chromosome_5.41",-0.4,-0.4,0.866025403784439,"1","1","1","4"
"3913","Cluster_4754_evm.TU.chromosome_6.1268","Cluster_4754","evm.TU.chromosome_6.1268",-0.774596669241483,-0.2,0.5,"5","5","5","2"
"3914","Cluster_4754_evm.TU.chromosome_6.2667","Cluster_4754","evm.TU.chromosome_6.2667",-0.8,-0.8,-0.5,"3","3","3","5"
"3915","Cluster_4754_evm.TU.chromosome_6.676","Cluster_4754","evm.TU.chromosome_6.676",0.4,0.4,-0.5,"4","4","4","1"
"3916","Cluster_4754_evm.TU.chromosome_7.466","Cluster_4754","evm.TU.chromosome_7.466",0.2,0.4,0.5,"3","3","3","5"
"3917","Cluster_4754_evm.TU.chromosome_7.582","Cluster_4754","evm.TU.chromosome_7.582",0.4,-0.2,-0.5,"2","2","2","3"
"3918","Cluster_4754_evm.TU.chromosome_8.2202","Cluster_4754","evm.TU.chromosome_8.2202",0.774596669241483,0.258198889747161,-0.5,"2","2","2","3"
"3919","Cluster_4754_evm.TU.chromosome_9.307","Cluster_4754","evm.TU.chromosome_9.307",0.8,0,-0.5,"2","2","2","3"
"3920","Cluster_4754_evm.TU.chromosome_9.782","Cluster_4754","evm.TU.chromosome_9.782",1,0.316227766016838,-0.5,"2","2","2","3"
"3921","Cluster_4806_evm.TU.chromosome_1.1609","Cluster_4806","evm.TU.chromosome_1.1609",-0.8,0,0,"5","5","5","2"
"3922","Cluster_4806_evm.TU.chromosome_1.609","Cluster_4806","evm.TU.chromosome_1.609",0.774596669241483,0.632455532033676,-1,"4","4","4","1"
"3923","Cluster_4806_evm.TU.chromosome_1.902","Cluster_4806","evm.TU.chromosome_1.902",0.4,0.8,-1,"4","4","4","1"
"3924","Cluster_4806_evm.TU.chromosome_10.1947","Cluster_4806","evm.TU.chromosome_10.1947",0.948683298050514,-0.258198889747161,0,"2","2","2","3"
"3925","Cluster_4806_evm.TU.chromosome_10.1959","Cluster_4806","evm.TU.chromosome_10.1959",0.632455532033676,-0.737864787372622,-0.866025403784439,"2","2","2","3"
"3926","Cluster_4806_evm.TU.chromosome_10.2971","Cluster_4806","evm.TU.chromosome_10.2971",-0.316227766016838,-0.258198889747161,0,"3","3","3","5"
"3927","Cluster_4806_evm.TU.chromosome_10.850","Cluster_4806","evm.TU.chromosome_10.850",1,-0.258198889747161,-1,"2","2","2","3"
"3928","Cluster_4806_evm.TU.chromosome_12.798","Cluster_4806","evm.TU.chromosome_12.798",0.105409255338946,0,-0.866025403784439,"2","2","2","3"
"3929","Cluster_4806_evm.TU.chromosome_13.2125","Cluster_4806","evm.TU.chromosome_13.2125",0.774596669241483,0.632455532033676,0,"2","2","2","3"
"3930","Cluster_4806_evm.TU.chromosome_13.2534","Cluster_4806","evm.TU.chromosome_13.2534",0.8,0.210818510677892,-1,"2","2","2","3"
"3931","Cluster_4806_evm.TU.chromosome_13.2619","Cluster_4806","evm.TU.chromosome_13.2619",-0.948683298050514,0.6,-1,"4","4","4","1"
"3932","Cluster_4806_evm.TU.chromosome_13.285","Cluster_4806","evm.TU.chromosome_13.285",0.105409255338946,-0.948683298050514,-1,"2","2","2","3"
"3933","Cluster_4806_evm.TU.chromosome_14.2081","Cluster_4806","evm.TU.chromosome_14.2081",-0.4,-0.4,-1,"3","3","3","5"
"3934","Cluster_4806_evm.TU.chromosome_14.6822","Cluster_4806","evm.TU.chromosome_14.6822",0.258198889747161,0.774596669241483,0,"4","4","4","1"
"3935","Cluster_4806_evm.TU.chromosome_2.496","Cluster_4806","evm.TU.chromosome_2.496",-0.258198889747161,-0.258198889747161,-0.866025403784439,"3","3","3","5"
"3936","Cluster_4806_evm.TU.chromosome_3.548","Cluster_4806","evm.TU.chromosome_3.548",-0.4,-0.8,-0.866025403784439,"3","3","3","5"
"3937","Cluster_4806_evm.TU.chromosome_8.1570","Cluster_4806","evm.TU.chromosome_8.1570",0,-0.948683298050514,0,"1","1","1","4"
"3938","Cluster_4806_evm.TU.chromosome_8.1765","Cluster_4806","evm.TU.chromosome_8.1765",0.2,0.210818510677892,-0.866025403784439,"4","4","4","1"
"3939","Cluster_4831_evm.TU.chromosome_1.1017","Cluster_4831","evm.TU.chromosome_1.1017",0.210818510677892,-0.774596669241483,0.5,"1","1","1","4"
"3940","Cluster_4831_evm.TU.chromosome_1.1372","Cluster_4831","evm.TU.chromosome_1.1372",1,0.8,0.866025403784439,"3","3","3","5"
"3941","Cluster_4831_evm.TU.chromosome_1.14","Cluster_4831","evm.TU.chromosome_1.14",-0.4,0.6,0.5,"5","5","5","2"
"3942","Cluster_4831_evm.TU.chromosome_1.1596","Cluster_4831","evm.TU.chromosome_1.1596",0.8,-0.4,0.866025403784439,"1","1","1","4"
"3943","Cluster_4831_evm.TU.chromosome_1.296","Cluster_4831","evm.TU.chromosome_1.296",0.4,0.8,1,"3","3","3","5"
"3944","Cluster_4831_evm.TU.chromosome_1.314","Cluster_4831","evm.TU.chromosome_1.314",0.2,0.8,1,"5","5","5","2"
"3945","Cluster_4831_evm.TU.chromosome_1.336","Cluster_4831","evm.TU.chromosome_1.336",-0.105409255338946,0.774596669241483,-0.5,"4","4","4","1"
"3946","Cluster_4831_evm.TU.chromosome_1.53","Cluster_4831","evm.TU.chromosome_1.53",0.6,-0.2,1,"1","1","1","4"
"3947","Cluster_4831_evm.TU.chromosome_1.607","Cluster_4831","evm.TU.chromosome_1.607",0.2,0.2,-1,"4","4","4","1"
"3948","Cluster_4831_evm.TU.chromosome_1.689","Cluster_4831","evm.TU.chromosome_1.689",0.4,0.8,1,"3","3","3","5"
"3949","Cluster_4831_evm.TU.chromosome_1.848","Cluster_4831","evm.TU.chromosome_1.848",-0.2,0.4,-0.5,"4","4","4","1"
"3950","Cluster_4831_evm.TU.chromosome_1.959","Cluster_4831","evm.TU.chromosome_1.959",-0.8,-0.2,0.5,"5","5","5","2"
"3951","Cluster_4831_evm.TU.chromosome_10.1263","Cluster_4831","evm.TU.chromosome_10.1263",-1,-0.4,0.5,"5","5","5","2"
"3952","Cluster_4831_evm.TU.chromosome_10.1441","Cluster_4831","evm.TU.chromosome_10.1441",0.8,0.105409255338946,1,"1","1","1","4"
"3953","Cluster_4831_evm.TU.chromosome_10.1525","Cluster_4831","evm.TU.chromosome_10.1525",0.8,0,1,"1","1","1","4"
"3954","Cluster_4831_evm.TU.chromosome_10.1596","Cluster_4831","evm.TU.chromosome_10.1596",1,-0.4,0.5,"1","1","1","4"
"3955","Cluster_4831_evm.TU.chromosome_10.1599","Cluster_4831","evm.TU.chromosome_10.1599",0.4,-0.4,-0.5,"2","2","2","3"
"3956","Cluster_4831_evm.TU.chromosome_10.1638","Cluster_4831","evm.TU.chromosome_10.1638",-1,0.6,-1,"4","4","4","1"
"3957","Cluster_4831_evm.TU.chromosome_10.1706","Cluster_4831","evm.TU.chromosome_10.1706",0.258198889747161,-0.948683298050514,1,"1","1","1","4"
"3958","Cluster_4831_evm.TU.chromosome_10.1730","Cluster_4831","evm.TU.chromosome_10.1730",-0.4,0.8,-1,"4","4","4","1"
"3959","Cluster_4831_evm.TU.chromosome_10.2039","Cluster_4831","evm.TU.chromosome_10.2039",0.8,0.4,1,"1","1","1","4"
"3960","Cluster_4831_evm.TU.chromosome_10.2127","Cluster_4831","evm.TU.chromosome_10.2127",-0.8,-0.2,-1,"4","4","4","1"
"3961","Cluster_4831_evm.TU.chromosome_10.2175","Cluster_4831","evm.TU.chromosome_10.2175",-0.4,-0.2,1,"5","5","5","2"
"3962","Cluster_4831_evm.TU.chromosome_10.2230","Cluster_4831","evm.TU.chromosome_10.2230",0.4,-0.4,0.5,"1","1","1","4"
"3963","Cluster_4831_evm.TU.chromosome_10.2257","Cluster_4831","evm.TU.chromosome_10.2257",-0.316227766016838,0.210818510677892,-1,"4","4","4","1"
"3964","Cluster_4831_evm.TU.chromosome_10.2362","Cluster_4831","evm.TU.chromosome_10.2362",0.8,0.4,0.5,"3","3","3","5"
"3965","Cluster_4831_evm.TU.chromosome_10.2504","Cluster_4831","evm.TU.chromosome_10.2504",-0.8,-0.4,1,"5","5","5","2"
"3966","Cluster_4831_evm.TU.chromosome_10.255","Cluster_4831","evm.TU.chromosome_10.255",0.4,-0.8,1,"1","1","1","4"
"3967","Cluster_4831_evm.TU.chromosome_10.2553","Cluster_4831","evm.TU.chromosome_10.2553",0.8,-0.2,1,"1","1","1","4"
"3968","Cluster_4831_evm.TU.chromosome_10.2566","Cluster_4831","evm.TU.chromosome_10.2566",0.4,0.4,1,"3","3","3","5"
"3969","Cluster_4831_evm.TU.chromosome_10.2604","Cluster_4831","evm.TU.chromosome_10.2604",0.2,-0.4,1,"1","1","1","4"
"3970","Cluster_4831_evm.TU.chromosome_10.2638","Cluster_4831","evm.TU.chromosome_10.2638",0.6,-0.632455532033676,1,"1","1","1","4"
"3971","Cluster_4831_evm.TU.chromosome_10.2801","Cluster_4831","evm.TU.chromosome_10.2801",0.4,0.4,0.5,"3","3","3","5"
"3972","Cluster_4831_evm.TU.chromosome_10.2807","Cluster_4831","evm.TU.chromosome_10.2807",0,-0.4,-0.5,"3","3","3","5"
"3973","Cluster_4831_evm.TU.chromosome_10.2829","Cluster_4831","evm.TU.chromosome_10.2829",-0.4,-0.4,1,"1","1","1","4"
"3974","Cluster_4831_evm.TU.chromosome_10.3096","Cluster_4831","evm.TU.chromosome_10.3096",-1,-0.4,0.5,"5","5","5","2"
"3975","Cluster_4831_evm.TU.chromosome_10.3224","Cluster_4831","evm.TU.chromosome_10.3224",0.6,0.2,-0.5,"2","2","2","3"
"3976","Cluster_4831_evm.TU.chromosome_10.454","Cluster_4831","evm.TU.chromosome_10.454",0,-0.8,-0.5,"2","2","2","3"
"3977","Cluster_4831_evm.TU.chromosome_10.455","Cluster_4831","evm.TU.chromosome_10.455",0.8,-1,-1,"2","2","2","3"
"3978","Cluster_4831_evm.TU.chromosome_10.577","Cluster_4831","evm.TU.chromosome_10.577",-0.8,0.8,0.5,"5","5","5","2"
"3979","Cluster_4831_evm.TU.chromosome_10.879","Cluster_4831","evm.TU.chromosome_10.879",-0.948683298050514,-0.8,0.866025403784439,"1","1","1","4"
"3980","Cluster_4831_evm.TU.chromosome_10.920","Cluster_4831","evm.TU.chromosome_10.920",-0.8,0.8,-1,"4","4","4","1"
"3981","Cluster_4831_evm.TU.chromosome_10.945","Cluster_4831","evm.TU.chromosome_10.945",0.8,0.2,1,"1","1","1","4"
"3982","Cluster_4831_evm.TU.chromosome_11.1031","Cluster_4831","evm.TU.chromosome_11.1031",-0.4,-0.105409255338946,1,"5","5","5","2"
"3983","Cluster_4831_evm.TU.chromosome_11.1243","Cluster_4831","evm.TU.chromosome_11.1243",-0.4,-1,0.5,"1","1","1","4"
"3984","Cluster_4831_evm.TU.chromosome_11.1266","Cluster_4831","evm.TU.chromosome_11.1266",-0.4,0.8,1,"5","5","5","2"
"3985","Cluster_4831_evm.TU.chromosome_11.1326","Cluster_4831","evm.TU.chromosome_11.1326",-0.4,-0.4,1,"1","1","1","4"
"3986","Cluster_4831_evm.TU.chromosome_11.1407","Cluster_4831","evm.TU.chromosome_11.1407",-1,-0.4,0.5,"5","5","5","2"
"3987","Cluster_4831_evm.TU.chromosome_11.1584","Cluster_4831","evm.TU.chromosome_11.1584",0.8,0.8,0.5,"3","3","3","5"
"3988","Cluster_4831_evm.TU.chromosome_11.1761","Cluster_4831","evm.TU.chromosome_11.1761",-1,1,0.5,"5","5","5","2"
"3989","Cluster_4831_evm.TU.chromosome_11.1968","Cluster_4831","evm.TU.chromosome_11.1968",0.737864787372622,0.737864787372622,0.866025403784439,"3","3","3","5"
"3990","Cluster_4831_evm.TU.chromosome_11.1984","Cluster_4831","evm.TU.chromosome_11.1984",0.4,-0.4,0.5,"1","1","1","4"
"3991","Cluster_4831_evm.TU.chromosome_11.1985","Cluster_4831","evm.TU.chromosome_11.1985",0.8,0.737864787372622,0.866025403784439,"3","3","3","5"
"3992","Cluster_4831_evm.TU.chromosome_11.2094","Cluster_4831","evm.TU.chromosome_11.2094",0.4,-0.4,-1,"2","2","2","3"
"3993","Cluster_4831_evm.TU.chromosome_11.2128","Cluster_4831","evm.TU.chromosome_11.2128",-0.4,0.4,0.5,"5","5","5","2"
"3994","Cluster_4831_evm.TU.chromosome_11.2194","Cluster_4831","evm.TU.chromosome_11.2194",-0.8,-1,0.5,"1","1","1","4"
"3995","Cluster_4831_evm.TU.chromosome_11.2219","Cluster_4831","evm.TU.chromosome_11.2219",0.4,-0.948683298050514,0.866025403784439,"1","1","1","4"
"3996","Cluster_4831_evm.TU.chromosome_11.2229","Cluster_4831","evm.TU.chromosome_11.2229",0.8,0.4,1,"1","1","1","4"
"3997","Cluster_4831_evm.TU.chromosome_11.2278","Cluster_4831","evm.TU.chromosome_11.2278",0.4,1,-0.5,"4","4","4","1"
"3998","Cluster_4831_evm.TU.chromosome_11.2363","Cluster_4831","evm.TU.chromosome_11.2363",0.6,-0.8,-0.5,"2","2","2","3"
"3999","Cluster_4831_evm.TU.chromosome_11.2423","Cluster_4831","evm.TU.chromosome_11.2423",0.4,-0.8,1,"1","1","1","4"
"4000","Cluster_4831_evm.TU.chromosome_11.2425","Cluster_4831","evm.TU.chromosome_11.2425",0.8,0.948683298050514,-0.5,"4","4","4","1"
"4001","Cluster_4831_evm.TU.chromosome_11.2583","Cluster_4831","evm.TU.chromosome_11.2583",0,0.105409255338946,0.866025403784439,"5","5","5","2"
"4002","Cluster_4831_evm.TU.chromosome_11.266","Cluster_4831","evm.TU.chromosome_11.266",0.4,-0.8,-0.5,"2","2","2","3"
"4003","Cluster_4831_evm.TU.chromosome_11.2716","Cluster_4831","evm.TU.chromosome_11.2716",0.8,0.8,1,"3","3","3","5"
"4004","Cluster_4831_evm.TU.chromosome_11.2796","Cluster_4831","evm.TU.chromosome_11.2796",0.4,0,0.5,"3","3","3","5"
"4005","Cluster_4831_evm.TU.chromosome_11.2933","Cluster_4831","evm.TU.chromosome_11.2933",-0.4,-0.2,1,"5","5","5","2"
"4006","Cluster_4831_evm.TU.chromosome_11.3017","Cluster_4831","evm.TU.chromosome_11.3017",-0.8,0.6,0.5,"5","5","5","2"
"4007","Cluster_4831_evm.TU.chromosome_11.3019","Cluster_4831","evm.TU.chromosome_11.3019",1,0.6,-1,"2","2","2","3"
"4008","Cluster_4831_evm.TU.chromosome_11.3083","Cluster_4831","evm.TU.chromosome_11.3083",-0.4,0.4,0.5,"5","5","5","2"
"4009","Cluster_4831_evm.TU.chromosome_11.3105","Cluster_4831","evm.TU.chromosome_11.3105",-0.4,0.4,-1,"4","4","4","1"
"4010","Cluster_4831_evm.TU.chromosome_11.3147","Cluster_4831","evm.TU.chromosome_11.3147",-0.8,0.8,0.5,"5","5","5","2"
"4011","Cluster_4831_evm.TU.chromosome_11.605","Cluster_4831","evm.TU.chromosome_11.605",0.105409255338946,0.210818510677892,0.866025403784439,"5","5","5","2"
"4012","Cluster_4831_evm.TU.chromosome_11.613","Cluster_4831","evm.TU.chromosome_11.613",-0.258198889747161,0.2,1,"5","5","5","2"
"4013","Cluster_4831_evm.TU.chromosome_11.932","Cluster_4831","evm.TU.chromosome_11.932",0.8,0.258198889747161,0.866025403784439,"1","1","1","4"
"4014","Cluster_4831_evm.TU.chromosome_11.967","Cluster_4831","evm.TU.chromosome_11.967",-0.6,0,1,"5","5","5","2"
"4015","Cluster_4831_evm.TU.chromosome_12.1036","Cluster_4831","evm.TU.chromosome_12.1036",0.2,0.8,1,"5","5","5","2"
"4016","Cluster_4831_evm.TU.chromosome_12.1569","Cluster_4831","evm.TU.chromosome_12.1569",1,0.4,1,"1","1","1","4"
"4017","Cluster_4831_evm.TU.chromosome_12.1596","Cluster_4831","evm.TU.chromosome_12.1596",0.316227766016838,-0.4,0,"3","3","3","5"
"4018","Cluster_4831_evm.TU.chromosome_12.1618","Cluster_4831","evm.TU.chromosome_12.1618",0.8,0.2,-0.5,"2","2","2","3"
"4019","Cluster_4831_evm.TU.chromosome_12.1662","Cluster_4831","evm.TU.chromosome_12.1662",-0.4,0.2,0.5,"5","5","5","2"
"4020","Cluster_4831_evm.TU.chromosome_12.1676","Cluster_4831","evm.TU.chromosome_12.1676",-0.2,-1,-1,"2","2","2","3"
"4021","Cluster_4831_evm.TU.chromosome_12.184","Cluster_4831","evm.TU.chromosome_12.184",0.105409255338946,-1,1,"1","1","1","4"
"4022","Cluster_4831_evm.TU.chromosome_12.1878","Cluster_4831","evm.TU.chromosome_12.1878",-0.4,0.2,-0.5,"4","4","4","1"
"4023","Cluster_4831_evm.TU.chromosome_12.1910","Cluster_4831","evm.TU.chromosome_12.1910",-0.2,-1,-0.5,"1","1","1","4"
"4024","Cluster_4831_evm.TU.chromosome_12.1936","Cluster_4831","evm.TU.chromosome_12.1936",-0.8,1,0.5,"5","5","5","2"
"4025","Cluster_4831_evm.TU.chromosome_12.1967","Cluster_4831","evm.TU.chromosome_12.1967",0.4,-0.2,0.5,"1","1","1","4"
"4026","Cluster_4831_evm.TU.chromosome_12.1985","Cluster_4831","evm.TU.chromosome_12.1985",-0.4,0.6,0.5,"5","5","5","2"
"4027","Cluster_4831_evm.TU.chromosome_12.2020","Cluster_4831","evm.TU.chromosome_12.2020",0.2,0.632455532033676,0,"4","4","4","1"
"4028","Cluster_4831_evm.TU.chromosome_12.2127","Cluster_4831","evm.TU.chromosome_12.2127",-0.6,0.4,-0.5,"4","4","4","1"
"4029","Cluster_4831_evm.TU.chromosome_12.2196","Cluster_4831","evm.TU.chromosome_12.2196",0.4,0.4,-0.5,"4","4","4","1"
"4030","Cluster_4831_evm.TU.chromosome_12.2318","Cluster_4831","evm.TU.chromosome_12.2318",-0.8,-0.8,1,"1","1","1","4"
"4031","Cluster_4831_evm.TU.chromosome_12.2459","Cluster_4831","evm.TU.chromosome_12.2459",-0.8,-0.8,-0.5,"3","3","3","5"
"4032","Cluster_4831_evm.TU.chromosome_12.2580","Cluster_4831","evm.TU.chromosome_12.2580",-0.6,0.8,-0.5,"4","4","4","1"
"4033","Cluster_4831_evm.TU.chromosome_12.2678","Cluster_4831","evm.TU.chromosome_12.2678",-0.8,0.8,0.5,"5","5","5","2"
"4034","Cluster_4831_evm.TU.chromosome_12.2811","Cluster_4831","evm.TU.chromosome_12.2811",-0.8,0.737864787372622,1,"5","5","5","2"
"4035","Cluster_4831_evm.TU.chromosome_12.2924","Cluster_4831","evm.TU.chromosome_12.2924",1,-0.210818510677892,1,"1","1","1","4"
"4036","Cluster_4831_evm.TU.chromosome_12.2957","Cluster_4831","evm.TU.chromosome_12.2957",0,-0.4,1,"1","1","1","4"
"4037","Cluster_4831_evm.TU.chromosome_12.2958","Cluster_4831","evm.TU.chromosome_12.2958",1,-0.8,-1,"2","2","2","3"
"4038","Cluster_4831_evm.TU.chromosome_12.3204","Cluster_4831","evm.TU.chromosome_12.3204",-0.4,1,0.5,"5","5","5","2"
"4039","Cluster_4831_evm.TU.chromosome_12.3353","Cluster_4831","evm.TU.chromosome_12.3353",-1,0.8,0.5,"5","5","5","2"
"4040","Cluster_4831_evm.TU.chromosome_12.3379","Cluster_4831","evm.TU.chromosome_12.3379",-0.105409255338946,0.2,0.5,"3","3","3","5"
"4041","Cluster_4831_evm.TU.chromosome_12.3603","Cluster_4831","evm.TU.chromosome_12.3603",0.4,-1,1,"1","1","1","4"
"4042","Cluster_4831_evm.TU.chromosome_12.3903","Cluster_4831","evm.TU.chromosome_12.3903",0.4,0.4,1,"3","3","3","5"
"4043","Cluster_4831_evm.TU.chromosome_12.4018","Cluster_4831","evm.TU.chromosome_12.4018",-0.4,0,0.5,"5","5","5","2"
"4044","Cluster_4831_evm.TU.chromosome_12.4069","Cluster_4831","evm.TU.chromosome_12.4069",0.774596669241483,0.948683298050514,0.866025403784439,"3","3","3","5"
"4045","Cluster_4831_evm.TU.chromosome_12.479","Cluster_4831","evm.TU.chromosome_12.479",-0.8,0.6,0.5,"5","5","5","2"
"4046","Cluster_4831_evm.TU.chromosome_12.481","Cluster_4831","evm.TU.chromosome_12.481",-0.4,0.737864787372622,0.866025403784439,"5","5","5","2"
"4047","Cluster_4831_evm.TU.chromosome_12.781","Cluster_4831","evm.TU.chromosome_12.781",1,-0.8,-0.5,"2","2","2","3"
"4048","Cluster_4831_evm.TU.chromosome_12.807","Cluster_4831","evm.TU.chromosome_12.807",1,0.4,0.5,"2","2","2","3"
"4049","Cluster_4831_evm.TU.chromosome_12.86","Cluster_4831","evm.TU.chromosome_12.86",-0.8,0.8,1,"5","5","5","2"
"4050","Cluster_4831_evm.TU.chromosome_12.96","Cluster_4831","evm.TU.chromosome_12.96",1,0,1,"1","1","1","4"
"4051","Cluster_4831_evm.TU.chromosome_12.97","Cluster_4831","evm.TU.chromosome_12.97",0.316227766016838,-0.4,0.5,"1","1","1","4"
"4052","Cluster_4831_evm.TU.chromosome_13.107","Cluster_4831","evm.TU.chromosome_13.107",-0.8,-0.8,0.5,"1","1","1","4"
"4053","Cluster_4831_evm.TU.chromosome_13.1133","Cluster_4831","evm.TU.chromosome_13.1133",1,0.2,0.866025403784439,"1","1","1","4"
"4054","Cluster_4831_evm.TU.chromosome_13.1284","Cluster_4831","evm.TU.chromosome_13.1284",-0.8,0.4,-0.5,"4","4","4","1"
"4055","Cluster_4831_evm.TU.chromosome_13.1318","Cluster_4831","evm.TU.chromosome_13.1318",0.2,0.774596669241483,0.866025403784439,"5","5","5","2"
"4056","Cluster_4831_evm.TU.chromosome_13.1415","Cluster_4831","evm.TU.chromosome_13.1415",-0.8,0.8,1,"5","5","5","2"
"4057","Cluster_4831_evm.TU.chromosome_13.1627","Cluster_4831","evm.TU.chromosome_13.1627",0.2,0.258198889747161,1,"1","1","1","4"
"4058","Cluster_4831_evm.TU.chromosome_13.1631","Cluster_4831","evm.TU.chromosome_13.1631",-0.4,-0.8,0.5,"1","1","1","4"
"4059","Cluster_4831_evm.TU.chromosome_13.1710","Cluster_4831","evm.TU.chromosome_13.1710",-0.6,-0.4,0.5,"5","5","5","2"
"4060","Cluster_4831_evm.TU.chromosome_13.1832","Cluster_4831","evm.TU.chromosome_13.1832",-0.6,-0.2,0.5,"5","5","5","2"
"4061","Cluster_4831_evm.TU.chromosome_13.1837","Cluster_4831","evm.TU.chromosome_13.1837",-0.4,0.4,0.5,"5","5","5","2"
"4062","Cluster_4831_evm.TU.chromosome_13.1858","Cluster_4831","evm.TU.chromosome_13.1858",0,0.8,-0.5,"4","4","4","1"
"4063","Cluster_4831_evm.TU.chromosome_13.1949","Cluster_4831","evm.TU.chromosome_13.1949",0.8,0.948683298050514,0,"4","4","4","1"
"4064","Cluster_4831_evm.TU.chromosome_13.2022","Cluster_4831","evm.TU.chromosome_13.2022",-0.8,-0.8,1,"1","1","1","4"
"4065","Cluster_4831_evm.TU.chromosome_13.2083","Cluster_4831","evm.TU.chromosome_13.2083",0.258198889747161,-0.774596669241483,-0.866025403784439,"2","2","2","3"
"4066","Cluster_4831_evm.TU.chromosome_13.2121","Cluster_4831","evm.TU.chromosome_13.2121",0.2,0.774596669241483,0,"4","4","4","1"
"4067","Cluster_4831_evm.TU.chromosome_13.217","Cluster_4831","evm.TU.chromosome_13.217",0.2,1,1,"5","5","5","2"
"4068","Cluster_4831_evm.TU.chromosome_13.225","Cluster_4831","evm.TU.chromosome_13.225",0.8,0.8,-0.5,"4","4","4","1"
"4069","Cluster_4831_evm.TU.chromosome_13.226","Cluster_4831","evm.TU.chromosome_13.226",1,0.8,-1,"2","2","2","3"
"4070","Cluster_4831_evm.TU.chromosome_13.2755","Cluster_4831","evm.TU.chromosome_13.2755",-0.6,0.6,0.5,"5","5","5","2"
"4071","Cluster_4831_evm.TU.chromosome_13.2821","Cluster_4831","evm.TU.chromosome_13.2821",-0.258198889747161,0.948683298050514,0.866025403784439,"5","5","5","2"
"4072","Cluster_4831_evm.TU.chromosome_13.2890","Cluster_4831","evm.TU.chromosome_13.2890",1,0.8,1,"3","3","3","5"
"4073","Cluster_4831_evm.TU.chromosome_13.2896","Cluster_4831","evm.TU.chromosome_13.2896",0.2,-0.8,0.5,"1","1","1","4"
"4074","Cluster_4831_evm.TU.chromosome_13.2907","Cluster_4831","evm.TU.chromosome_13.2907",-0.2,0.737864787372622,0.866025403784439,"5","5","5","2"
"4075","Cluster_4831_evm.TU.chromosome_13.2972","Cluster_4831","evm.TU.chromosome_13.2972",1,0.6,1,"3","3","3","5"
"4076","Cluster_4831_evm.TU.chromosome_13.2974","Cluster_4831","evm.TU.chromosome_13.2974",0.4,0.4,1,"3","3","3","5"
"4077","Cluster_4831_evm.TU.chromosome_13.2995","Cluster_4831","evm.TU.chromosome_13.2995",-0.6,0.4,0.5,"5","5","5","2"
"4078","Cluster_4831_evm.TU.chromosome_13.3024","Cluster_4831","evm.TU.chromosome_13.3024",0.4,-0.4,0.5,"1","1","1","4"
"4079","Cluster_4831_evm.TU.chromosome_13.3057","Cluster_4831","evm.TU.chromosome_13.3057",0.774596669241483,-0.105409255338946,0.866025403784439,"1","1","1","4"
"4080","Cluster_4831_evm.TU.chromosome_13.3238","Cluster_4831","evm.TU.chromosome_13.3238",-0.4,-0.2,0.5,"5","5","5","2"
"4081","Cluster_4831_evm.TU.chromosome_13.3252","Cluster_4831","evm.TU.chromosome_13.3252",0.4,0.4,0.5,"3","3","3","5"
"4082","Cluster_4831_evm.TU.chromosome_13.340","Cluster_4831","evm.TU.chromosome_13.340",-1,0.8,0.5,"5","5","5","2"
"4083","Cluster_4831_evm.TU.chromosome_13.3488","Cluster_4831","evm.TU.chromosome_13.3488",0.4,-0.4,0.5,"1","1","1","4"
"4084","Cluster_4831_evm.TU.chromosome_13.3651","Cluster_4831","evm.TU.chromosome_13.3651",-0.2,0.6,1,"5","5","5","2"
"4085","Cluster_4831_evm.TU.chromosome_13.3666","Cluster_4831","evm.TU.chromosome_13.3666",1,-0.774596669241483,0.866025403784439,"1","1","1","4"
"4086","Cluster_4831_evm.TU.chromosome_13.3674","Cluster_4831","evm.TU.chromosome_13.3674",0.8,0,-0.5,"2","2","2","3"
"4087","Cluster_4831_evm.TU.chromosome_13.3720","Cluster_4831","evm.TU.chromosome_13.3720",-0.4,0.4,-0.5,"4","4","4","1"
"4088","Cluster_4831_evm.TU.chromosome_13.3725","Cluster_4831","evm.TU.chromosome_13.3725",-0.8,-0.8,-1,"3","3","3","5"
"4089","Cluster_4831_evm.TU.chromosome_13.374","Cluster_4831","evm.TU.chromosome_13.374",-0.105409255338946,-0.632455532033676,0.866025403784439,"1","1","1","4"
"4090","Cluster_4831_evm.TU.chromosome_13.3747","Cluster_4831","evm.TU.chromosome_13.3747",-0.4,0.948683298050514,0.866025403784439,"5","5","5","2"
"4091","Cluster_4831_evm.TU.chromosome_13.3790","Cluster_4831","evm.TU.chromosome_13.3790",-0.4,-0.4,1,"1","1","1","4"
"4092","Cluster_4831_evm.TU.chromosome_13.3900","Cluster_4831","evm.TU.chromosome_13.3900",-0.2,0.8,-1,"4","4","4","1"
"4093","Cluster_4831_evm.TU.chromosome_13.4093","Cluster_4831","evm.TU.chromosome_13.4093",0,0.2,-0.5,"4","4","4","1"
"4094","Cluster_4831_evm.TU.chromosome_13.4108","Cluster_4831","evm.TU.chromosome_13.4108",0.4,0.8,0.5,"3","3","3","5"
"4095","Cluster_4831_evm.TU.chromosome_13.4170","Cluster_4831","evm.TU.chromosome_13.4170",0.4,0,1,"1","1","1","4"
"4096","Cluster_4831_evm.TU.chromosome_13.4190","Cluster_4831","evm.TU.chromosome_13.4190",-0.8,-0.4,1,"5","5","5","2"
"4097","Cluster_4831_evm.TU.chromosome_13.435","Cluster_4831","evm.TU.chromosome_13.435",-1,-0.8,0.5,"5","5","5","2"
"4098","Cluster_4831_evm.TU.chromosome_13.490","Cluster_4831","evm.TU.chromosome_13.490",-0.4,0.8,1,"5","5","5","2"
"4099","Cluster_4831_evm.TU.chromosome_13.495","Cluster_4831","evm.TU.chromosome_13.495",0,-1,1,"1","1","1","4"
"4100","Cluster_4831_evm.TU.chromosome_13.659","Cluster_4831","evm.TU.chromosome_13.659",-0.8,0.6,1,"5","5","5","2"
"4101","Cluster_4831_evm.TU.chromosome_13.763","Cluster_4831","evm.TU.chromosome_13.763",-0.258198889747161,-0.316227766016838,0.866025403784439,"1","1","1","4"
"4102","Cluster_4831_evm.TU.chromosome_13.817","Cluster_4831","evm.TU.chromosome_13.817",0.210818510677892,-0.316227766016838,0,"3","3","3","5"
"4103","Cluster_4831_evm.TU.chromosome_13.877","Cluster_4831","evm.TU.chromosome_13.877",-0.2,0,0.5,"3","3","3","5"
"4104","Cluster_4831_evm.TU.chromosome_13.986","Cluster_4831","evm.TU.chromosome_13.986",-0.105409255338946,0.4,0.866025403784439,"5","5","5","2"
"4105","Cluster_4831_evm.TU.chromosome_14.1081","Cluster_4831","evm.TU.chromosome_14.1081",-0.8,0,1,"5","5","5","2"
"4106","Cluster_4831_evm.TU.chromosome_14.1084","Cluster_4831","evm.TU.chromosome_14.1084",-0.4,0.774596669241483,0.866025403784439,"5","5","5","2"
"4107","Cluster_4831_evm.TU.chromosome_14.1116","Cluster_4831","evm.TU.chromosome_14.1116",-0.210818510677892,0.737864787372622,0,"4","4","4","1"
"4108","Cluster_4831_evm.TU.chromosome_14.1180","Cluster_4831","evm.TU.chromosome_14.1180",-0.8,0.948683298050514,1,"5","5","5","2"
"4109","Cluster_4831_evm.TU.chromosome_14.1267","Cluster_4831","evm.TU.chromosome_14.1267",-0.4,0.210818510677892,0.5,"5","5","5","2"
"4110","Cluster_4831_evm.TU.chromosome_14.1310","Cluster_4831","evm.TU.chromosome_14.1310",1,0.948683298050514,0.5,"3","3","3","5"
"4111","Cluster_4831_evm.TU.chromosome_14.1487","Cluster_4831","evm.TU.chromosome_14.1487",0.8,1,0.5,"3","3","3","5"
"4112","Cluster_4831_evm.TU.chromosome_14.1556","Cluster_4831","evm.TU.chromosome_14.1556",-0.8,0.8,-1,"4","4","4","1"
"4113","Cluster_4831_evm.TU.chromosome_14.1561","Cluster_4831","evm.TU.chromosome_14.1561",-0.2,0.8,1,"5","5","5","2"
"4114","Cluster_4831_evm.TU.chromosome_14.1613","Cluster_4831","evm.TU.chromosome_14.1613",0.4,0.4,-0.5,"4","4","4","1"
"4115","Cluster_4831_evm.TU.chromosome_14.1875","Cluster_4831","evm.TU.chromosome_14.1875",0.6,-0.632455532033676,1,"1","1","1","4"
"4116","Cluster_4831_evm.TU.chromosome_14.19","Cluster_4831","evm.TU.chromosome_14.19",0.8,0.2,-0.5,"2","2","2","3"
"4117","Cluster_4831_evm.TU.chromosome_14.2351","Cluster_4831","evm.TU.chromosome_14.2351",0.2,0.258198889747161,0.866025403784439,"3","3","3","5"
"4118","Cluster_4831_evm.TU.chromosome_14.268","Cluster_4831","evm.TU.chromosome_14.268",-0.6,1,0.5,"5","5","5","2"
"4119","Cluster_4831_evm.TU.chromosome_14.3114","Cluster_4831","evm.TU.chromosome_14.3114",-0.4,-0.4,0.866025403784439,"1","1","1","4"
"4120","Cluster_4831_evm.TU.chromosome_14.3435","Cluster_4831","evm.TU.chromosome_14.3435",0.8,-0.632455532033676,0.866025403784439,"1","1","1","4"
"4121","Cluster_4831_evm.TU.chromosome_14.4720","Cluster_4831","evm.TU.chromosome_14.4720",0,0.737864787372622,-1,"4","4","4","1"
"4122","Cluster_4831_evm.TU.chromosome_14.5007","Cluster_4831","evm.TU.chromosome_14.5007",-0.8,0.4,-0.5,"4","4","4","1"
"4123","Cluster_4831_evm.TU.chromosome_14.5061","Cluster_4831","evm.TU.chromosome_14.5061",-0.210818510677892,0.4,0.5,"5","5","5","2"
"4124","Cluster_4831_evm.TU.chromosome_14.527","Cluster_4831","evm.TU.chromosome_14.527",-0.4,-0.8,-0.5,"3","3","3","5"
"4125","Cluster_4831_evm.TU.chromosome_14.534","Cluster_4831","evm.TU.chromosome_14.534",0.4,0.4,1,"3","3","3","5"
"4126","Cluster_4831_evm.TU.chromosome_14.5349","Cluster_4831","evm.TU.chromosome_14.5349",0.4,-0.2,0,"3","3","3","5"
"4127","Cluster_4831_evm.TU.chromosome_14.5404","Cluster_4831","evm.TU.chromosome_14.5404",-0.8,0.8,-0.5,"4","4","4","1"
"4128","Cluster_4831_evm.TU.chromosome_14.5522","Cluster_4831","evm.TU.chromosome_14.5522",-0.6,-0.2,0,"3","3","3","5"
"4129","Cluster_4831_evm.TU.chromosome_14.5722","Cluster_4831","evm.TU.chromosome_14.5722",0.2,0.4,-1,"4","4","4","1"
"4130","Cluster_4831_evm.TU.chromosome_14.5787","Cluster_4831","evm.TU.chromosome_14.5787",0.8,-0.4,0.5,"1","1","1","4"
"4131","Cluster_4831_evm.TU.chromosome_14.5863","Cluster_4831","evm.TU.chromosome_14.5863",-0.8,0.8,0.5,"5","5","5","2"
"4132","Cluster_4831_evm.TU.chromosome_14.5865","Cluster_4831","evm.TU.chromosome_14.5865",0.8,0.8,1,"3","3","3","5"
"4133","Cluster_4831_evm.TU.chromosome_14.5929","Cluster_4831","evm.TU.chromosome_14.5929",0.8,-0.8,1,"1","1","1","4"
"4134","Cluster_4831_evm.TU.chromosome_14.5961","Cluster_4831","evm.TU.chromosome_14.5961",-0.8,0.4,1,"5","5","5","2"
"4135","Cluster_4831_evm.TU.chromosome_14.5982","Cluster_4831","evm.TU.chromosome_14.5982",0.632455532033676,-0.105409255338946,0.5,"1","1","1","4"
"4136","Cluster_4831_evm.TU.chromosome_14.6173","Cluster_4831","evm.TU.chromosome_14.6173",-0.4,-0.105409255338946,0.5,"5","5","5","2"
"4137","Cluster_4831_evm.TU.chromosome_14.6174","Cluster_4831","evm.TU.chromosome_14.6174",-0.8,-0.4,0.5,"5","5","5","2"
"4138","Cluster_4831_evm.TU.chromosome_14.6209","Cluster_4831","evm.TU.chromosome_14.6209",0.8,-0.8,1,"1","1","1","4"
"4139","Cluster_4831_evm.TU.chromosome_14.629","Cluster_4831","evm.TU.chromosome_14.629",0,0.6,0.5,"3","3","3","5"
"4140","Cluster_4831_evm.TU.chromosome_14.638","Cluster_4831","evm.TU.chromosome_14.638",-0.8,0.4,-1,"4","4","4","1"
"4141","Cluster_4831_evm.TU.chromosome_14.6387","Cluster_4831","evm.TU.chromosome_14.6387",-0.8,-0.2,1,"5","5","5","2"
"4142","Cluster_4831_evm.TU.chromosome_14.6531","Cluster_4831","evm.TU.chromosome_14.6531",0.4,0.2,1,"1","1","1","4"
"4143","Cluster_4831_evm.TU.chromosome_14.6607","Cluster_4831","evm.TU.chromosome_14.6607",0.2,-0.2,0.5,"1","1","1","4"
"4144","Cluster_4831_evm.TU.chromosome_14.6609","Cluster_4831","evm.TU.chromosome_14.6609",-0.4,1,0.5,"5","5","5","2"
"4145","Cluster_4831_evm.TU.chromosome_14.6741","Cluster_4831","evm.TU.chromosome_14.6741",0.8,-0.8,-0.5,"2","2","2","3"
"4146","Cluster_4831_evm.TU.chromosome_14.6757","Cluster_4831","evm.TU.chromosome_14.6757",0.2,0.6,1,"5","5","5","2"
"4147","Cluster_4831_evm.TU.chromosome_14.6771","Cluster_4831","evm.TU.chromosome_14.6771",-0.8,0.8,0.5,"5","5","5","2"
"4148","Cluster_4831_evm.TU.chromosome_14.6790","Cluster_4831","evm.TU.chromosome_14.6790",-0.4,-0.8,0.5,"1","1","1","4"
"4149","Cluster_4831_evm.TU.chromosome_14.6844","Cluster_4831","evm.TU.chromosome_14.6844",-0.4,0.8,-1,"4","4","4","1"
"4150","Cluster_4831_evm.TU.chromosome_14.7041","Cluster_4831","evm.TU.chromosome_14.7041",0,-0.4,0.5,"1","1","1","4"
"4151","Cluster_4831_evm.TU.chromosome_14.7122","Cluster_4831","evm.TU.chromosome_14.7122",-0.2,-0.8,-1,"2","2","2","3"
"4152","Cluster_4831_evm.TU.chromosome_14.7246","Cluster_4831","evm.TU.chromosome_14.7246",0,-0.105409255338946,-0.5,"3","3","3","5"
"4153","Cluster_4831_evm.TU.chromosome_14.7279","Cluster_4831","evm.TU.chromosome_14.7279",0.8,0,0.5,"1","1","1","4"
"4154","Cluster_4831_evm.TU.chromosome_14.803","Cluster_4831","evm.TU.chromosome_14.803",0.8,-0.2,1,"1","1","1","4"
"4155","Cluster_4831_evm.TU.chromosome_14.972","Cluster_4831","evm.TU.chromosome_14.972",-0.6,0.4,0.5,"5","5","5","2"
"4156","Cluster_4831_evm.TU.chromosome_2.1109","Cluster_4831","evm.TU.chromosome_2.1109",0.105409255338946,-0.2,0,"3","3","3","5"
"4157","Cluster_4831_evm.TU.chromosome_2.1372","Cluster_4831","evm.TU.chromosome_2.1372",0.4,-0.4,1,"1","1","1","4"
"4158","Cluster_4831_evm.TU.chromosome_2.1448","Cluster_4831","evm.TU.chromosome_2.1448",0.6,-0.632455532033676,1,"1","1","1","4"
"4159","Cluster_4831_evm.TU.chromosome_2.1669","Cluster_4831","evm.TU.chromosome_2.1669",0.774596669241483,0.948683298050514,0.866025403784439,"3","3","3","5"
"4160","Cluster_4831_evm.TU.chromosome_2.1674","Cluster_4831","evm.TU.chromosome_2.1674",0,0.4,0.5,"3","3","3","5"
"4161","Cluster_4831_evm.TU.chromosome_2.1834","Cluster_4831","evm.TU.chromosome_2.1834",0.2,0.8,0.5,"3","3","3","5"
"4162","Cluster_4831_evm.TU.chromosome_2.1849","Cluster_4831","evm.TU.chromosome_2.1849",-0.4,0.737864787372622,1,"5","5","5","2"
"4163","Cluster_4831_evm.TU.chromosome_2.1964","Cluster_4831","evm.TU.chromosome_2.1964",-0.4,-0.105409255338946,1,"5","5","5","2"
"4164","Cluster_4831_evm.TU.chromosome_2.2078","Cluster_4831","evm.TU.chromosome_2.2078",-0.4,0.2,0.5,"5","5","5","2"
"4165","Cluster_4831_evm.TU.chromosome_2.232","Cluster_4831","evm.TU.chromosome_2.232",0.8,1,0.5,"3","3","3","5"
"4166","Cluster_4831_evm.TU.chromosome_2.30","Cluster_4831","evm.TU.chromosome_2.30",0.2,0.2,1,"1","1","1","4"
"4167","Cluster_4831_evm.TU.chromosome_2.319","Cluster_4831","evm.TU.chromosome_2.319",0.4,0.8,0.5,"3","3","3","5"
"4168","Cluster_4831_evm.TU.chromosome_2.381","Cluster_4831","evm.TU.chromosome_2.381",0.8,0.8,1,"3","3","3","5"
"4169","Cluster_4831_evm.TU.chromosome_2.659","Cluster_4831","evm.TU.chromosome_2.659",-0.316227766016838,-0.6,0.5,"1","1","1","4"
"4170","Cluster_4831_evm.TU.chromosome_2.689","Cluster_4831","evm.TU.chromosome_2.689",-0.737864787372622,0,0.5,"5","5","5","2"
"4171","Cluster_4831_evm.TU.chromosome_2.722","Cluster_4831","evm.TU.chromosome_2.722",0.2,-0.210818510677892,0.866025403784439,"1","1","1","4"
"4172","Cluster_4831_evm.TU.chromosome_2.918","Cluster_4831","evm.TU.chromosome_2.918",-0.4,0.4,0.5,"5","5","5","2"
"4173","Cluster_4831_evm.TU.chromosome_3.1276","Cluster_4831","evm.TU.chromosome_3.1276",0.2,0.6,1,"5","5","5","2"
"4174","Cluster_4831_evm.TU.chromosome_3.1361","Cluster_4831","evm.TU.chromosome_3.1361",0.4,0.8,0.5,"3","3","3","5"
"4175","Cluster_4831_evm.TU.chromosome_3.1502","Cluster_4831","evm.TU.chromosome_3.1502",0.8,-0.2,0.5,"1","1","1","4"
"4176","Cluster_4831_evm.TU.chromosome_3.1503","Cluster_4831","evm.TU.chromosome_3.1503",0.258198889747161,0.4,0.866025403784439,"3","3","3","5"
"4177","Cluster_4831_evm.TU.chromosome_3.1562","Cluster_4831","evm.TU.chromosome_3.1562",0.4,0.4,1,"3","3","3","5"
"4178","Cluster_4831_evm.TU.chromosome_3.1575","Cluster_4831","evm.TU.chromosome_3.1575",0.8,-0.4,0.5,"1","1","1","4"
"4179","Cluster_4831_evm.TU.chromosome_3.1632","Cluster_4831","evm.TU.chromosome_3.1632",0.8,-1,1,"1","1","1","4"
"4180","Cluster_4831_evm.TU.chromosome_3.1635","Cluster_4831","evm.TU.chromosome_3.1635",-0.8,-0.4,-0.5,"3","3","3","5"
"4181","Cluster_4831_evm.TU.chromosome_3.170","Cluster_4831","evm.TU.chromosome_3.170",-0.8,-0.774596669241483,0,"1","1","1","4"
"4182","Cluster_4831_evm.TU.chromosome_3.1738","Cluster_4831","evm.TU.chromosome_3.1738",1,-0.2,0.5,"1","1","1","4"
"4183","Cluster_4831_evm.TU.chromosome_3.184","Cluster_4831","evm.TU.chromosome_3.184",0.4,0.6,0.5,"3","3","3","5"
"4184","Cluster_4831_evm.TU.chromosome_3.1902","Cluster_4831","evm.TU.chromosome_3.1902",-0.4,0.2,0.5,"5","5","5","2"
"4185","Cluster_4831_evm.TU.chromosome_3.304","Cluster_4831","evm.TU.chromosome_3.304",0.4,-0.2,-0.5,"2","2","2","3"
"4186","Cluster_4831_evm.TU.chromosome_3.305","Cluster_4831","evm.TU.chromosome_3.305",0,-0.8,1,"1","1","1","4"
"4187","Cluster_4831_evm.TU.chromosome_3.380","Cluster_4831","evm.TU.chromosome_3.380",-0.4,-0.2,1,"5","5","5","2"
"4188","Cluster_4831_evm.TU.chromosome_3.412","Cluster_4831","evm.TU.chromosome_3.412",0,1,1,"5","5","5","2"
"4189","Cluster_4831_evm.TU.chromosome_3.446","Cluster_4831","evm.TU.chromosome_3.446",-0.4,0.8,0.5,"5","5","5","2"
"4190","Cluster_4831_evm.TU.chromosome_3.46","Cluster_4831","evm.TU.chromosome_3.46",-0.2,0,0.5,"3","3","3","5"
"4191","Cluster_4831_evm.TU.chromosome_3.575","Cluster_4831","evm.TU.chromosome_3.575",-0.4,0.8,-0.5,"4","4","4","1"
"4192","Cluster_4831_evm.TU.chromosome_3.851","Cluster_4831","evm.TU.chromosome_3.851",0.4,1,-0.5,"4","4","4","1"
"4193","Cluster_4831_evm.TU.chromosome_4.1030","Cluster_4831","evm.TU.chromosome_4.1030",0.8,0.737864787372622,0.5,"3","3","3","5"
"4194","Cluster_4831_evm.TU.chromosome_4.1046","Cluster_4831","evm.TU.chromosome_4.1046",0,0.8,0.5,"3","3","3","5"
"4195","Cluster_4831_evm.TU.chromosome_4.1103","Cluster_4831","evm.TU.chromosome_4.1103",0.6,-0.6,1,"1","1","1","4"
"4196","Cluster_4831_evm.TU.chromosome_4.1232","Cluster_4831","evm.TU.chromosome_4.1232",0.4,1,0.5,"3","3","3","5"
"4197","Cluster_4831_evm.TU.chromosome_4.13","Cluster_4831","evm.TU.chromosome_4.13",0.4,-0.4,1,"1","1","1","4"
"4198","Cluster_4831_evm.TU.chromosome_4.1335","Cluster_4831","evm.TU.chromosome_4.1335",0.4,-0.4,-1,"2","2","2","3"
"4199","Cluster_4831_evm.TU.chromosome_4.1484","Cluster_4831","evm.TU.chromosome_4.1484",-0.4,0.8,-1,"4","4","4","1"
"4200","Cluster_4831_evm.TU.chromosome_4.1601","Cluster_4831","evm.TU.chromosome_4.1601",-0.2,-1,-1,"2","2","2","3"
"4201","Cluster_4831_evm.TU.chromosome_4.1618","Cluster_4831","evm.TU.chromosome_4.1618",-0.2,0.737864787372622,0.5,"5","5","5","2"
"4202","Cluster_4831_evm.TU.chromosome_4.1622","Cluster_4831","evm.TU.chromosome_4.1622",-0.4,-0.8,-0.5,"3","3","3","5"
"4203","Cluster_4831_evm.TU.chromosome_4.1854","Cluster_4831","evm.TU.chromosome_4.1854",0,0,0.5,"3","3","3","5"
"4204","Cluster_4831_evm.TU.chromosome_4.2236","Cluster_4831","evm.TU.chromosome_4.2236",-0.4,1,1,"5","5","5","2"
"4205","Cluster_4831_evm.TU.chromosome_4.2268","Cluster_4831","evm.TU.chromosome_4.2268",0,0.8,1,"5","5","5","2"
"4206","Cluster_4831_evm.TU.chromosome_4.2368","Cluster_4831","evm.TU.chromosome_4.2368",-0.8,0.8,0.5,"5","5","5","2"
"4207","Cluster_4831_evm.TU.chromosome_4.323","Cluster_4831","evm.TU.chromosome_4.323",0.6,-1,-0.5,"2","2","2","3"
"4208","Cluster_4831_evm.TU.chromosome_4.398","Cluster_4831","evm.TU.chromosome_4.398",-0.6,0.8,0.5,"5","5","5","2"
"4209","Cluster_4831_evm.TU.chromosome_4.442","Cluster_4831","evm.TU.chromosome_4.442",0.4,-0.2,1,"1","1","1","4"
"4210","Cluster_4831_evm.TU.chromosome_4.463","Cluster_4831","evm.TU.chromosome_4.463",-0.2,-0.8,-0.5,"3","3","3","5"
"4211","Cluster_4831_evm.TU.chromosome_4.563","Cluster_4831","evm.TU.chromosome_4.563",-0.2,0.4,0.5,"5","5","5","2"
"4212","Cluster_4831_evm.TU.chromosome_4.583","Cluster_4831","evm.TU.chromosome_4.583",-0.105409255338946,0.948683298050514,1,"5","5","5","2"
"4213","Cluster_4831_evm.TU.chromosome_4.642","Cluster_4831","evm.TU.chromosome_4.642",-0.4,-0.8,0.5,"1","1","1","4"
"4214","Cluster_4831_evm.TU.chromosome_4.826","Cluster_4831","evm.TU.chromosome_4.826",-1,0.6,0.5,"5","5","5","2"
"4215","Cluster_4831_evm.TU.chromosome_4.841","Cluster_4831","evm.TU.chromosome_4.841",-1,-0.4,1,"5","5","5","2"
"4216","Cluster_4831_evm.TU.chromosome_4.877","Cluster_4831","evm.TU.chromosome_4.877",-0.6,0.8,0.5,"5","5","5","2"
"4217","Cluster_4831_evm.TU.chromosome_4.90","Cluster_4831","evm.TU.chromosome_4.90",0,0,0.5,"3","3","3","5"
"4218","Cluster_4831_evm.TU.chromosome_4.922","Cluster_4831","evm.TU.chromosome_4.922",-0.2,0.737864787372622,1,"5","5","5","2"
"4219","Cluster_4831_evm.TU.chromosome_4.948","Cluster_4831","evm.TU.chromosome_4.948",0.4,0.6,0.5,"3","3","3","5"
"4220","Cluster_4831_evm.TU.chromosome_5.1038","Cluster_4831","evm.TU.chromosome_5.1038",0.210818510677892,-0.8,1,"1","1","1","4"
"4221","Cluster_4831_evm.TU.chromosome_5.1043","Cluster_4831","evm.TU.chromosome_5.1043",0.6,-0.2,0.5,"1","1","1","4"
"4222","Cluster_4831_evm.TU.chromosome_5.1151","Cluster_4831","evm.TU.chromosome_5.1151",-0.105409255338946,0.737864787372622,0,"4","4","4","1"
"4223","Cluster_4831_evm.TU.chromosome_5.1264","Cluster_4831","evm.TU.chromosome_5.1264",-0.8,0.8,0.5,"5","5","5","2"
"4224","Cluster_4831_evm.TU.chromosome_5.1555","Cluster_4831","evm.TU.chromosome_5.1555",0,-0.4,0.5,"1","1","1","4"
"4225","Cluster_4831_evm.TU.chromosome_5.160","Cluster_4831","evm.TU.chromosome_5.160",-0.2,0.737864787372622,0.5,"5","5","5","2"
"4226","Cluster_4831_evm.TU.chromosome_5.1819","Cluster_4831","evm.TU.chromosome_5.1819",0.4,0,-0.5,"2","2","2","3"
"4227","Cluster_4831_evm.TU.chromosome_5.1853","Cluster_4831","evm.TU.chromosome_5.1853",-0.8,-1,0.5,"1","1","1","4"
"4228","Cluster_4831_evm.TU.chromosome_5.196","Cluster_4831","evm.TU.chromosome_5.196",-0.4,0.2,-0.866025403784439,"4","4","4","1"
"4229","Cluster_4831_evm.TU.chromosome_5.2034","Cluster_4831","evm.TU.chromosome_5.2034",0.4,0.948683298050514,0,"4","4","4","1"
"4230","Cluster_4831_evm.TU.chromosome_5.2070","Cluster_4831","evm.TU.chromosome_5.2070",0,1,-0.5,"4","4","4","1"
"4231","Cluster_4831_evm.TU.chromosome_5.2224","Cluster_4831","evm.TU.chromosome_5.2224",-0.4,0.8,0.5,"5","5","5","2"
"4232","Cluster_4831_evm.TU.chromosome_5.2233","Cluster_4831","evm.TU.chromosome_5.2233",0.8,-0.8,0.5,"1","1","1","4"
"4233","Cluster_4831_evm.TU.chromosome_5.2284","Cluster_4831","evm.TU.chromosome_5.2284",-0.8,-0.8,0.5,"1","1","1","4"
"4234","Cluster_4831_evm.TU.chromosome_5.2404","Cluster_4831","evm.TU.chromosome_5.2404",-0.8,0.258198889747161,0.866025403784439,"5","5","5","2"
"4235","Cluster_4831_evm.TU.chromosome_5.2405","Cluster_4831","evm.TU.chromosome_5.2405",0.2,-0.8,-0.5,"2","2","2","3"
"4236","Cluster_4831_evm.TU.chromosome_5.243","Cluster_4831","evm.TU.chromosome_5.243",0.8,-0.8,0.5,"1","1","1","4"
"4237","Cluster_4831_evm.TU.chromosome_5.267","Cluster_4831","evm.TU.chromosome_5.267",-0.8,0.4,-1,"4","4","4","1"
"4238","Cluster_4831_evm.TU.chromosome_5.360","Cluster_4831","evm.TU.chromosome_5.360",0.4,0.2,-0.5,"2","2","2","3"
"4239","Cluster_4831_evm.TU.chromosome_5.373","Cluster_4831","evm.TU.chromosome_5.373",-1,-0.8,1,"5","5","5","2"
"4240","Cluster_4831_evm.TU.chromosome_5.549","Cluster_4831","evm.TU.chromosome_5.549",-0.4,0.2,1,"5","5","5","2"
"4241","Cluster_4831_evm.TU.chromosome_5.554","Cluster_4831","evm.TU.chromosome_5.554",-1,0.6,0.5,"5","5","5","2"
"4242","Cluster_4831_evm.TU.chromosome_5.643","Cluster_4831","evm.TU.chromosome_5.643",0.2,0.8,0.5,"3","3","3","5"
"4243","Cluster_4831_evm.TU.chromosome_5.76","Cluster_4831","evm.TU.chromosome_5.76",0.4,0,0.5,"3","3","3","5"
"4244","Cluster_4831_evm.TU.chromosome_5.93","Cluster_4831","evm.TU.chromosome_5.93",-0.2,1,0.5,"5","5","5","2"
"4245","Cluster_4831_evm.TU.chromosome_6.1059","Cluster_4831","evm.TU.chromosome_6.1059",0.8,0.258198889747161,0.866025403784439,"1","1","1","4"
"4246","Cluster_4831_evm.TU.chromosome_6.1191","Cluster_4831","evm.TU.chromosome_6.1191",-0.4,-0.8,0.5,"1","1","1","4"
"4247","Cluster_4831_evm.TU.chromosome_6.1265","Cluster_4831","evm.TU.chromosome_6.1265",-0.4,0.948683298050514,0,"4","4","4","1"
"4248","Cluster_4831_evm.TU.chromosome_6.1692","Cluster_4831","evm.TU.chromosome_6.1692",0.4,0.737864787372622,-1,"4","4","4","1"
"4249","Cluster_4831_evm.TU.chromosome_6.1842","Cluster_4831","evm.TU.chromosome_6.1842",0.8,-0.105409255338946,-0.5,"2","2","2","3"
"4250","Cluster_4831_evm.TU.chromosome_6.2248","Cluster_4831","evm.TU.chromosome_6.2248",0,-0.2,-1,"2","2","2","3"
"4251","Cluster_4831_evm.TU.chromosome_6.2388","Cluster_4831","evm.TU.chromosome_6.2388",0.4,-0.2,1,"1","1","1","4"
"4252","Cluster_4831_evm.TU.chromosome_6.2492","Cluster_4831","evm.TU.chromosome_6.2492",0.2,-0.8,-0.5,"2","2","2","3"
"4253","Cluster_4831_evm.TU.chromosome_6.2522","Cluster_4831","evm.TU.chromosome_6.2522",0.4,0.8,1,"3","3","3","5"
"4254","Cluster_4831_evm.TU.chromosome_6.2625","Cluster_4831","evm.TU.chromosome_6.2625",0.8,0,1,"1","1","1","4"
"4255","Cluster_4831_evm.TU.chromosome_6.2626","Cluster_4831","evm.TU.chromosome_6.2626",0.4,1,0.866025403784439,"3","3","3","5"
"4256","Cluster_4831_evm.TU.chromosome_6.2644","Cluster_4831","evm.TU.chromosome_6.2644",0.8,-1,0.5,"1","1","1","4"
"4257","Cluster_4831_evm.TU.chromosome_6.289","Cluster_4831","evm.TU.chromosome_6.289",-0.8,-0.4,0.5,"5","5","5","2"
"4258","Cluster_4831_evm.TU.chromosome_6.447","Cluster_4831","evm.TU.chromosome_6.447",-0.258198889747161,0.632455532033676,-0.5,"4","4","4","1"
"4259","Cluster_4831_evm.TU.chromosome_6.493","Cluster_4831","evm.TU.chromosome_6.493",-0.4,1,0.5,"5","5","5","2"
"4260","Cluster_4831_evm.TU.chromosome_6.516","Cluster_4831","evm.TU.chromosome_6.516",-0.4,0.8,1,"5","5","5","2"
"4261","Cluster_4831_evm.TU.chromosome_6.536","Cluster_4831","evm.TU.chromosome_6.536",0.8,0.6,0.5,"3","3","3","5"
"4262","Cluster_4831_evm.TU.chromosome_6.577","Cluster_4831","evm.TU.chromosome_6.577",0.4,0.4,0,"3","3","3","5"
"4263","Cluster_4831_evm.TU.chromosome_6.591","Cluster_4831","evm.TU.chromosome_6.591",0.8,0.8,0.866025403784439,"3","3","3","5"
"4264","Cluster_4831_evm.TU.chromosome_6.651","Cluster_4831","evm.TU.chromosome_6.651",0.737864787372622,-0.8,0.5,"1","1","1","4"
"4265","Cluster_4831_evm.TU.chromosome_6.652","Cluster_4831","evm.TU.chromosome_6.652",-0.2,-1,-1,"2","2","2","3"
"4266","Cluster_4831_evm.TU.chromosome_6.801","Cluster_4831","evm.TU.chromosome_6.801",0.6,-0.8,0.5,"1","1","1","4"
"4267","Cluster_4831_evm.TU.chromosome_6.802","Cluster_4831","evm.TU.chromosome_6.802",1,0.105409255338946,-0.866025403784439,"2","2","2","3"
"4268","Cluster_4831_evm.TU.chromosome_6.910","Cluster_4831","evm.TU.chromosome_6.910",-0.4,0.774596669241483,0.866025403784439,"5","5","5","2"
"4269","Cluster_4831_evm.TU.chromosome_6.920","Cluster_4831","evm.TU.chromosome_6.920",0.4,0.8,0.5,"3","3","3","5"
"4270","Cluster_4831_evm.TU.chromosome_7.1248","Cluster_4831","evm.TU.chromosome_7.1248",-0.4,-0.4,1,"1","1","1","4"
"4271","Cluster_4831_evm.TU.chromosome_7.1254","Cluster_4831","evm.TU.chromosome_7.1254",0.4,-0.2,1,"1","1","1","4"
"4272","Cluster_4831_evm.TU.chromosome_7.1316","Cluster_4831","evm.TU.chromosome_7.1316",0,1,-1,"4","4","4","1"
"4273","Cluster_4831_evm.TU.chromosome_7.1353","Cluster_4831","evm.TU.chromosome_7.1353",0.2,0.6,-0.5,"4","4","4","1"
"4274","Cluster_4831_evm.TU.chromosome_7.1357","Cluster_4831","evm.TU.chromosome_7.1357",-0.8,0.6,-0.5,"4","4","4","1"
"4275","Cluster_4831_evm.TU.chromosome_7.1392","Cluster_4831","evm.TU.chromosome_7.1392",-0.4,-0.2,1,"5","5","5","2"
"4276","Cluster_4831_evm.TU.chromosome_7.1510","Cluster_4831","evm.TU.chromosome_7.1510",-0.6,0.6,-1,"4","4","4","1"
"4277","Cluster_4831_evm.TU.chromosome_7.158","Cluster_4831","evm.TU.chromosome_7.158",0.2,-0.4,0.5,"1","1","1","4"
"4278","Cluster_4831_evm.TU.chromosome_7.1675","Cluster_4831","evm.TU.chromosome_7.1675",0.8,0.4,-0.5,"2","2","2","3"
"4279","Cluster_4831_evm.TU.chromosome_7.1920","Cluster_4831","evm.TU.chromosome_7.1920",-0.2,0.4,0.5,"5","5","5","2"
"4280","Cluster_4831_evm.TU.chromosome_7.2087","Cluster_4831","evm.TU.chromosome_7.2087",0.4,0.8,0.5,"3","3","3","5"
"4281","Cluster_4831_evm.TU.chromosome_7.2117","Cluster_4831","evm.TU.chromosome_7.2117",-0.2,0.2,0.5,"5","5","5","2"
"4282","Cluster_4831_evm.TU.chromosome_7.2234","Cluster_4831","evm.TU.chromosome_7.2234",0.8,-0.8,1,"1","1","1","4"
"4283","Cluster_4831_evm.TU.chromosome_7.2363","Cluster_4831","evm.TU.chromosome_7.2363",0.8,-0.8,-1,"2","2","2","3"
"4284","Cluster_4831_evm.TU.chromosome_7.2390","Cluster_4831","evm.TU.chromosome_7.2390",-0.4,1,-1,"4","4","4","1"
"4285","Cluster_4831_evm.TU.chromosome_7.2402","Cluster_4831","evm.TU.chromosome_7.2402",0.6,0.2,1,"1","1","1","4"
"4286","Cluster_4831_evm.TU.chromosome_7.2520","Cluster_4831","evm.TU.chromosome_7.2520",-0.6,-0.8,-0.5,"3","3","3","5"
"4287","Cluster_4831_evm.TU.chromosome_7.253","Cluster_4831","evm.TU.chromosome_7.253",0.8,-1,1,"1","1","1","4"
"4288","Cluster_4831_evm.TU.chromosome_7.2556","Cluster_4831","evm.TU.chromosome_7.2556",-0.6,-0.4,1,"5","5","5","2"
"4289","Cluster_4831_evm.TU.chromosome_7.268","Cluster_4831","evm.TU.chromosome_7.268",-0.6,-0.8,1,"1","1","1","4"
"4290","Cluster_4831_evm.TU.chromosome_7.2790","Cluster_4831","evm.TU.chromosome_7.2790",-0.2,-0.2,0.5,"1","1","1","4"
"4291","Cluster_4831_evm.TU.chromosome_7.281","Cluster_4831","evm.TU.chromosome_7.281",-0.8,0.6,0.5,"5","5","5","2"
"4292","Cluster_4831_evm.TU.chromosome_7.2818","Cluster_4831","evm.TU.chromosome_7.2818",0.8,-0.4,-0.5,"2","2","2","3"
"4293","Cluster_4831_evm.TU.chromosome_7.33","Cluster_4831","evm.TU.chromosome_7.33",-0.4,-0.8,1,"1","1","1","4"
"4294","Cluster_4831_evm.TU.chromosome_7.498","Cluster_4831","evm.TU.chromosome_7.498",0.8,-0.8,-0.5,"2","2","2","3"
"4295","Cluster_4831_evm.TU.chromosome_7.540","Cluster_4831","evm.TU.chromosome_7.540",0.737864787372622,0.4,0.5,"3","3","3","5"
"4296","Cluster_4831_evm.TU.chromosome_7.566","Cluster_4831","evm.TU.chromosome_7.566",0.6,-0.8,1,"1","1","1","4"
"4297","Cluster_4831_evm.TU.chromosome_7.571","Cluster_4831","evm.TU.chromosome_7.571",0.4,0.948683298050514,0.866025403784439,"3","3","3","5"
"4298","Cluster_4831_evm.TU.chromosome_7.678","Cluster_4831","evm.TU.chromosome_7.678",-1,0.8,0.5,"5","5","5","2"
"4299","Cluster_4831_evm.TU.chromosome_7.730","Cluster_4831","evm.TU.chromosome_7.730",0.8,0,0.5,"1","1","1","4"
"4300","Cluster_4831_evm.TU.chromosome_7.861","Cluster_4831","evm.TU.chromosome_7.861",0.2,0.8,-1,"4","4","4","1"
"4301","Cluster_4831_evm.TU.chromosome_7.880","Cluster_4831","evm.TU.chromosome_7.880",0.2,0.2,1,"1","1","1","4"
"4302","Cluster_4831_evm.TU.chromosome_8.1089","Cluster_4831","evm.TU.chromosome_8.1089",0.632455532033676,0.258198889747161,0.866025403784439,"1","1","1","4"
"4303","Cluster_4831_evm.TU.chromosome_8.1101","Cluster_4831","evm.TU.chromosome_8.1101",0.4,-0.6,1,"1","1","1","4"
"4304","Cluster_4831_evm.TU.chromosome_8.1177","Cluster_4831","evm.TU.chromosome_8.1177",-1,0.4,-1,"4","4","4","1"
"4305","Cluster_4831_evm.TU.chromosome_8.1201","Cluster_4831","evm.TU.chromosome_8.1201",0.8,0.2,0.5,"3","3","3","5"
"4306","Cluster_4831_evm.TU.chromosome_8.125","Cluster_4831","evm.TU.chromosome_8.125",-0.4,-0.258198889747161,1,"5","5","5","2"
"4307","Cluster_4831_evm.TU.chromosome_8.1297","Cluster_4831","evm.TU.chromosome_8.1297",-0.4,-0.4,1,"1","1","1","4"
"4308","Cluster_4831_evm.TU.chromosome_8.1416","Cluster_4831","evm.TU.chromosome_8.1416",0.4,0.8,1,"3","3","3","5"
"4309","Cluster_4831_evm.TU.chromosome_8.1555","Cluster_4831","evm.TU.chromosome_8.1555",1,0.4,0.5,"2","2","2","3"
"4310","Cluster_4831_evm.TU.chromosome_8.1556","Cluster_4831","evm.TU.chromosome_8.1556",0.8,-0.8,-1,"2","2","2","3"
"4311","Cluster_4831_evm.TU.chromosome_8.1613","Cluster_4831","evm.TU.chromosome_8.1613",0.2,0.737864787372622,0.5,"3","3","3","5"
"4312","Cluster_4831_evm.TU.chromosome_8.1810","Cluster_4831","evm.TU.chromosome_8.1810",-1,0.6,0.5,"5","5","5","2"
"4313","Cluster_4831_evm.TU.chromosome_8.2157","Cluster_4831","evm.TU.chromosome_8.2157",-0.8,0.6,0.5,"5","5","5","2"
"4314","Cluster_4831_evm.TU.chromosome_8.2267","Cluster_4831","evm.TU.chromosome_8.2267",-0.6,0.4,1,"5","5","5","2"
"4315","Cluster_4831_evm.TU.chromosome_8.2391","Cluster_4831","evm.TU.chromosome_8.2391",-0.2,-0.4,0.5,"1","1","1","4"
"4316","Cluster_4831_evm.TU.chromosome_8.2573","Cluster_4831","evm.TU.chromosome_8.2573",-0.4,0.948683298050514,1,"5","5","5","2"
"4317","Cluster_4831_evm.TU.chromosome_8.2638","Cluster_4831","evm.TU.chromosome_8.2638",-0.8,0.8,1,"5","5","5","2"
"4318","Cluster_4831_evm.TU.chromosome_8.27","Cluster_4831","evm.TU.chromosome_8.27",0,-0.4,-1,"2","2","2","3"
"4319","Cluster_4831_evm.TU.chromosome_8.491","Cluster_4831","evm.TU.chromosome_8.491",-0.4,-0.2,0,"3","3","3","5"
"4320","Cluster_4831_evm.TU.chromosome_8.700","Cluster_4831","evm.TU.chromosome_8.700",-0.258198889747161,0.258198889747161,0.866025403784439,"5","5","5","2"
"4321","Cluster_4831_evm.TU.chromosome_8.751","Cluster_4831","evm.TU.chromosome_8.751",-0.258198889747161,0.258198889747161,0,"3","3","3","5"
"4322","Cluster_4831_evm.TU.chromosome_8.84","Cluster_4831","evm.TU.chromosome_8.84",-0.8,-0.8,-0.5,"3","3","3","5"
"4323","Cluster_4831_evm.TU.chromosome_9.105","Cluster_4831","evm.TU.chromosome_9.105",1,0.8,0.5,"3","3","3","5"
"4324","Cluster_4831_evm.TU.chromosome_9.1061","Cluster_4831","evm.TU.chromosome_9.1061",-0.4,-0.4,0.5,"1","1","1","4"
"4325","Cluster_4831_evm.TU.chromosome_9.1111","Cluster_4831","evm.TU.chromosome_9.1111",0.8,-0.8,-0.5,"2","2","2","3"
"4326","Cluster_4831_evm.TU.chromosome_9.1180","Cluster_4831","evm.TU.chromosome_9.1180",0.6,0.2,0.5,"3","3","3","5"
"4327","Cluster_4831_evm.TU.chromosome_9.1216","Cluster_4831","evm.TU.chromosome_9.1216",-0.8,-0.8,-1,"3","3","3","5"
"4328","Cluster_4831_evm.TU.chromosome_9.1519","Cluster_4831","evm.TU.chromosome_9.1519",-0.8,0.6,0.5,"5","5","5","2"
"4329","Cluster_4831_evm.TU.chromosome_9.1541","Cluster_4831","evm.TU.chromosome_9.1541",0.8,-0.8,-0.5,"2","2","2","3"
"4330","Cluster_4831_evm.TU.chromosome_9.1605","Cluster_4831","evm.TU.chromosome_9.1605",-0.2,-0.2,-0.5,"3","3","3","5"
"4331","Cluster_4831_evm.TU.chromosome_9.1778","Cluster_4831","evm.TU.chromosome_9.1778",-0.8,0.6,0.5,"5","5","5","2"
"4332","Cluster_4831_evm.TU.chromosome_9.1838","Cluster_4831","evm.TU.chromosome_9.1838",0.8,0.948683298050514,0.866025403784439,"3","3","3","5"
"4333","Cluster_4831_evm.TU.chromosome_9.2026","Cluster_4831","evm.TU.chromosome_9.2026",-0.6,0.737864787372622,1,"5","5","5","2"
"4334","Cluster_4831_evm.TU.chromosome_9.2165","Cluster_4831","evm.TU.chromosome_9.2165",-0.2,-0.8,-0.5,"3","3","3","5"
"4335","Cluster_4831_evm.TU.chromosome_9.2262","Cluster_4831","evm.TU.chromosome_9.2262",-0.2,0.2,1,"5","5","5","2"
"4336","Cluster_4831_evm.TU.chromosome_9.2266","Cluster_4831","evm.TU.chromosome_9.2266",-0.8,0.774596669241483,0.866025403784439,"5","5","5","2"
"4337","Cluster_4831_evm.TU.chromosome_9.2410","Cluster_4831","evm.TU.chromosome_9.2410",-0.8,0.632455532033676,1,"5","5","5","2"
"4338","Cluster_4831_evm.TU.chromosome_9.250","Cluster_4831","evm.TU.chromosome_9.250",0.4,-0.4,0.5,"1","1","1","4"
"4339","Cluster_4831_evm.TU.chromosome_9.2639","Cluster_4831","evm.TU.chromosome_9.2639",0.4,0.948683298050514,0.5,"3","3","3","5"
"4340","Cluster_4831_evm.TU.chromosome_9.2667","Cluster_4831","evm.TU.chromosome_9.2667",0.8,0,0.5,"1","1","1","4"
"4341","Cluster_4831_evm.TU.chromosome_9.2669","Cluster_4831","evm.TU.chromosome_9.2669",0.4,-1,0.5,"1","1","1","4"
"4342","Cluster_4831_evm.TU.chromosome_9.2818","Cluster_4831","evm.TU.chromosome_9.2818",0.4,-0.2,0.5,"1","1","1","4"
"4343","Cluster_4831_evm.TU.chromosome_9.2909","Cluster_4831","evm.TU.chromosome_9.2909",-0.8,0.737864787372622,0.5,"5","5","5","2"
"4344","Cluster_4831_evm.TU.chromosome_9.2910","Cluster_4831","evm.TU.chromosome_9.2910",-0.2,0.6,1,"5","5","5","2"
"4345","Cluster_4831_evm.TU.chromosome_9.2928","Cluster_4831","evm.TU.chromosome_9.2928",0.6,-0.8,1,"1","1","1","4"
"4346","Cluster_4831_evm.TU.chromosome_9.377","Cluster_4831","evm.TU.chromosome_9.377",0.2,0.6,0.5,"3","3","3","5"
"4347","Cluster_4831_evm.TU.chromosome_9.49","Cluster_4831","evm.TU.chromosome_9.49",-0.4,0.8,0.5,"5","5","5","2"
"4348","Cluster_4831_evm.TU.chromosome_9.524","Cluster_4831","evm.TU.chromosome_9.524",0,-0.8,1,"1","1","1","4"
"4349","Cluster_4831_evm.TU.chromosome_9.784","Cluster_4831","evm.TU.chromosome_9.784",-0.4,0,-1,"4","4","4","1"
"4350","Cluster_4831_evm.TU.chromosome_9.823","Cluster_4831","evm.TU.chromosome_9.823",-0.2,-0.8,-1,"2","2","2","3"
"4351","Cluster_4831_evm.TU.chromosome_9.866","Cluster_4831","evm.TU.chromosome_9.866",0.105409255338946,0.4,0,"3","3","3","5"
"4352","Cluster_4831_evm.TU.chromosome_9.946","Cluster_4831","evm.TU.chromosome_9.946",0.4,0.6,-1,"4","4","4","1"
"4353","Cluster_492_evm.TU.chromosome_1.1024","Cluster_492","evm.TU.chromosome_1.1024",1,1,1,"3","3","3","5"
"4354","Cluster_492_evm.TU.chromosome_1.1107","Cluster_492","evm.TU.chromosome_1.1107",0.8,0.8,1,"3","3","3","5"
"4355","Cluster_492_evm.TU.chromosome_1.1159","Cluster_492","evm.TU.chromosome_1.1159",0.2,0.8,1,"5","5","5","2"
"4356","Cluster_492_evm.TU.chromosome_1.1226","Cluster_492","evm.TU.chromosome_1.1226",-0.8,-0.258198889747161,0.5,"5","5","5","2"
"4357","Cluster_492_evm.TU.chromosome_1.1346","Cluster_492","evm.TU.chromosome_1.1346",1,-0.4,1,"1","1","1","4"
"4358","Cluster_492_evm.TU.chromosome_1.1347","Cluster_492","evm.TU.chromosome_1.1347",0.8,-0.4,1,"1","1","1","4"
"4359","Cluster_492_evm.TU.chromosome_1.1355","Cluster_492","evm.TU.chromosome_1.1355",-0.210818510677892,-0.632455532033676,1,"1","1","1","4"
"4360","Cluster_492_evm.TU.chromosome_1.1455","Cluster_492","evm.TU.chromosome_1.1455",-0.4,0.4,-0.5,"4","4","4","1"
"4361","Cluster_492_evm.TU.chromosome_1.1527","Cluster_492","evm.TU.chromosome_1.1527",-0.2,0.4,-1,"4","4","4","1"
"4362","Cluster_492_evm.TU.chromosome_1.1666","Cluster_492","evm.TU.chromosome_1.1666",0.4,-0.2,0.5,"1","1","1","4"
"4363","Cluster_492_evm.TU.chromosome_1.1670","Cluster_492","evm.TU.chromosome_1.1670",1,1,1,"3","3","3","5"
"4364","Cluster_492_evm.TU.chromosome_1.1671","Cluster_492","evm.TU.chromosome_1.1671",0.4,0.8,0.5,"3","3","3","5"
"4365","Cluster_492_evm.TU.chromosome_1.212","Cluster_492","evm.TU.chromosome_1.212",-1,-0.774596669241483,0.5,"5","5","5","2"
"4366","Cluster_492_evm.TU.chromosome_1.422","Cluster_492","evm.TU.chromosome_1.422",0.4,1,1,"3","3","3","5"
"4367","Cluster_492_evm.TU.chromosome_1.428","Cluster_492","evm.TU.chromosome_1.428",-1,0.4,0.5,"5","5","5","2"
"4368","Cluster_492_evm.TU.chromosome_1.680","Cluster_492","evm.TU.chromosome_1.680",0.2,0.8,-0.5,"4","4","4","1"
"4369","Cluster_492_evm.TU.chromosome_1.702","Cluster_492","evm.TU.chromosome_1.702",0,-0.632455532033676,0.866025403784439,"1","1","1","4"
"4370","Cluster_492_evm.TU.chromosome_1.728","Cluster_492","evm.TU.chromosome_1.728",0.4,1,0.5,"3","3","3","5"
"4371","Cluster_492_evm.TU.chromosome_1.786","Cluster_492","evm.TU.chromosome_1.786",0.4,0.948683298050514,0.866025403784439,"3","3","3","5"
"4372","Cluster_492_evm.TU.chromosome_1.971","Cluster_492","evm.TU.chromosome_1.971",0.4,1,-0.5,"4","4","4","1"
"4373","Cluster_492_evm.TU.chromosome_10.1101","Cluster_492","evm.TU.chromosome_10.1101",0.4,-0.2,1,"1","1","1","4"
"4374","Cluster_492_evm.TU.chromosome_10.1129","Cluster_492","evm.TU.chromosome_10.1129",-0.2,-0.8,-1,"2","2","2","3"
"4375","Cluster_492_evm.TU.chromosome_10.1149","Cluster_492","evm.TU.chromosome_10.1149",0.8,0.948683298050514,0.866025403784439,"3","3","3","5"
"4376","Cluster_492_evm.TU.chromosome_10.117","Cluster_492","evm.TU.chromosome_10.117",0.8,-0.4,-1,"2","2","2","3"
"4377","Cluster_492_evm.TU.chromosome_10.1289","Cluster_492","evm.TU.chromosome_10.1289",0.8,0.6,1,"3","3","3","5"
"4378","Cluster_492_evm.TU.chromosome_10.1306","Cluster_492","evm.TU.chromosome_10.1306",0.4,0.8,1,"3","3","3","5"
"4379","Cluster_492_evm.TU.chromosome_10.1313","Cluster_492","evm.TU.chromosome_10.1313",0.8,0.8,1,"3","3","3","5"
"4380","Cluster_492_evm.TU.chromosome_10.137","Cluster_492","evm.TU.chromosome_10.137",0,0.2,-1,"4","4","4","1"
"4381","Cluster_492_evm.TU.chromosome_10.14","Cluster_492","evm.TU.chromosome_10.14",0,0.8,1,"5","5","5","2"
"4382","Cluster_492_evm.TU.chromosome_10.1454","Cluster_492","evm.TU.chromosome_10.1454",0.6,-0.6,1,"1","1","1","4"
"4383","Cluster_492_evm.TU.chromosome_10.1653","Cluster_492","evm.TU.chromosome_10.1653",-0.2,0.6,0.5,"5","5","5","2"
"4384","Cluster_492_evm.TU.chromosome_10.1854","Cluster_492","evm.TU.chromosome_10.1854",-0.4,0.6,1,"5","5","5","2"
"4385","Cluster_492_evm.TU.chromosome_10.2145","Cluster_492","evm.TU.chromosome_10.2145",0,0.8,0.5,"3","3","3","5"
"4386","Cluster_492_evm.TU.chromosome_10.2175","Cluster_492","evm.TU.chromosome_10.2175",-0.6,0.2,0.5,"5","5","5","2"
"4387","Cluster_492_evm.TU.chromosome_10.2221","Cluster_492","evm.TU.chromosome_10.2221",0.4,0,-0.5,"2","2","2","3"
"4388","Cluster_492_evm.TU.chromosome_10.2287","Cluster_492","evm.TU.chromosome_10.2287",-0.8,-1,-1,"3","3","3","5"
"4389","Cluster_492_evm.TU.chromosome_10.2391","Cluster_492","evm.TU.chromosome_10.2391",0.8,0.8,0.5,"3","3","3","5"
"4390","Cluster_492_evm.TU.chromosome_10.2450","Cluster_492","evm.TU.chromosome_10.2450",-0.4,0.8,-0.5,"4","4","4","1"
"4391","Cluster_492_evm.TU.chromosome_10.2586","Cluster_492","evm.TU.chromosome_10.2586",-0.4,-0.6,-0.5,"3","3","3","5"
"4392","Cluster_492_evm.TU.chromosome_10.267","Cluster_492","evm.TU.chromosome_10.267",-0.2,0.6,1,"5","5","5","2"
"4393","Cluster_492_evm.TU.chromosome_10.2705","Cluster_492","evm.TU.chromosome_10.2705",0.2,0.737864787372622,1,"5","5","5","2"
"4394","Cluster_492_evm.TU.chromosome_10.2748","Cluster_492","evm.TU.chromosome_10.2748",0.6,-0.4,0.5,"1","1","1","4"
"4395","Cluster_492_evm.TU.chromosome_10.2783","Cluster_492","evm.TU.chromosome_10.2783",0.8,0.4,1,"1","1","1","4"
"4396","Cluster_492_evm.TU.chromosome_10.2797","Cluster_492","evm.TU.chromosome_10.2797",0.4,0.8,0.5,"3","3","3","5"
"4397","Cluster_492_evm.TU.chromosome_10.2907","Cluster_492","evm.TU.chromosome_10.2907",-0.8,-0.6,-0.5,"3","3","3","5"
"4398","Cluster_492_evm.TU.chromosome_10.2924","Cluster_492","evm.TU.chromosome_10.2924",0.6,1,1,"3","3","3","5"
"4399","Cluster_492_evm.TU.chromosome_10.3051","Cluster_492","evm.TU.chromosome_10.3051",0,1,-0.5,"4","4","4","1"
"4400","Cluster_492_evm.TU.chromosome_10.3112","Cluster_492","evm.TU.chromosome_10.3112",-0.4,1,0.5,"5","5","5","2"
"4401","Cluster_492_evm.TU.chromosome_10.3172","Cluster_492","evm.TU.chromosome_10.3172",0.4,0,1,"1","1","1","4"
"4402","Cluster_492_evm.TU.chromosome_10.3222","Cluster_492","evm.TU.chromosome_10.3222",-1,0.8,0,"5","5","5","2"
"4403","Cluster_492_evm.TU.chromosome_10.3269","Cluster_492","evm.TU.chromosome_10.3269",0.4,-0.4,-0.5,"2","2","2","3"
"4404","Cluster_492_evm.TU.chromosome_10.402","Cluster_492","evm.TU.chromosome_10.402",1,0.8,0.5,"3","3","3","5"
"4405","Cluster_492_evm.TU.chromosome_10.691","Cluster_492","evm.TU.chromosome_10.691",0.8,0.6,1,"3","3","3","5"
"4406","Cluster_492_evm.TU.chromosome_10.808","Cluster_492","evm.TU.chromosome_10.808",0.4,-0.4,0.5,"1","1","1","4"
"4407","Cluster_492_evm.TU.chromosome_11.1068","Cluster_492","evm.TU.chromosome_11.1068",-0.4,0.4,-0.5,"4","4","4","1"
"4408","Cluster_492_evm.TU.chromosome_11.1146","Cluster_492","evm.TU.chromosome_11.1146",-0.4,0.4,1,"5","5","5","2"
"4409","Cluster_492_evm.TU.chromosome_11.1169","Cluster_492","evm.TU.chromosome_11.1169",-0.4,0.8,0.5,"5","5","5","2"
"4410","Cluster_492_evm.TU.chromosome_11.1274","Cluster_492","evm.TU.chromosome_11.1274",-0.4,0.6,0.5,"5","5","5","2"
"4411","Cluster_492_evm.TU.chromosome_11.1326","Cluster_492","evm.TU.chromosome_11.1326",-0.6,-0.4,0.5,"5","5","5","2"
"4412","Cluster_492_evm.TU.chromosome_11.1371","Cluster_492","evm.TU.chromosome_11.1371",-0.632455532033676,-0.774596669241483,0.5,"1","1","1","4"
"4413","Cluster_492_evm.TU.chromosome_11.1401","Cluster_492","evm.TU.chromosome_11.1401",-0.8,0.8,0.5,"5","5","5","2"
"4414","Cluster_492_evm.TU.chromosome_11.1412","Cluster_492","evm.TU.chromosome_11.1412",-0.8,-0.8,1,"1","1","1","4"
"4415","Cluster_492_evm.TU.chromosome_11.1443","Cluster_492","evm.TU.chromosome_11.1443",0,-0.8,1,"1","1","1","4"
"4416","Cluster_492_evm.TU.chromosome_11.1495","Cluster_492","evm.TU.chromosome_11.1495",-0.8,0,0.5,"5","5","5","2"
"4417","Cluster_492_evm.TU.chromosome_11.1548","Cluster_492","evm.TU.chromosome_11.1548",0.4,0.2,1,"1","1","1","4"
"4418","Cluster_492_evm.TU.chromosome_11.1595","Cluster_492","evm.TU.chromosome_11.1595",1,0.4,0.5,"2","2","2","3"
"4419","Cluster_492_evm.TU.chromosome_11.1624","Cluster_492","evm.TU.chromosome_11.1624",0.4,0.4,-1,"4","4","4","1"
"4420","Cluster_492_evm.TU.chromosome_11.1636","Cluster_492","evm.TU.chromosome_11.1636",-0.4,-0.774596669241483,0,"1","1","1","4"
"4421","Cluster_492_evm.TU.chromosome_11.1779","Cluster_492","evm.TU.chromosome_11.1779",-0.737864787372622,-0.105409255338946,0.5,"5","5","5","2"
"4422","Cluster_492_evm.TU.chromosome_11.1909","Cluster_492","evm.TU.chromosome_11.1909",0.6,0.2,-1,"2","2","2","3"
"4423","Cluster_492_evm.TU.chromosome_11.2044","Cluster_492","evm.TU.chromosome_11.2044",-0.737864787372622,-0.774596669241483,0,"1","1","1","4"
"4424","Cluster_492_evm.TU.chromosome_11.2146","Cluster_492","evm.TU.chromosome_11.2146",0.2,-0.4,0.5,"1","1","1","4"
"4425","Cluster_492_evm.TU.chromosome_11.2285","Cluster_492","evm.TU.chromosome_11.2285",0,0.8,1,"5","5","5","2"
"4426","Cluster_492_evm.TU.chromosome_11.2472","Cluster_492","evm.TU.chromosome_11.2472",0.4,-0.8,-1,"2","2","2","3"
"4427","Cluster_492_evm.TU.chromosome_11.2491","Cluster_492","evm.TU.chromosome_11.2491",-0.8,-0.258198889747161,1,"5","5","5","2"
"4428","Cluster_492_evm.TU.chromosome_11.2704","Cluster_492","evm.TU.chromosome_11.2704",0.4,0.8,-0.5,"4","4","4","1"
"4429","Cluster_492_evm.TU.chromosome_11.2733","Cluster_492","evm.TU.chromosome_11.2733",-0.4,1,0.5,"5","5","5","2"
"4430","Cluster_492_evm.TU.chromosome_11.2853","Cluster_492","evm.TU.chromosome_11.2853",-0.8,-0.8,0.5,"1","1","1","4"
"4431","Cluster_492_evm.TU.chromosome_11.2907","Cluster_492","evm.TU.chromosome_11.2907",0,0.8,1,"5","5","5","2"
"4432","Cluster_492_evm.TU.chromosome_11.2930","Cluster_492","evm.TU.chromosome_11.2930",-0.8,-0.8,-1,"3","3","3","5"
"4433","Cluster_492_evm.TU.chromosome_11.2951","Cluster_492","evm.TU.chromosome_11.2951",-0.105409255338946,0.774596669241483,0.866025403784439,"5","5","5","2"
"4434","Cluster_492_evm.TU.chromosome_11.3036","Cluster_492","evm.TU.chromosome_11.3036",0.4,1,0.5,"3","3","3","5"
"4435","Cluster_492_evm.TU.chromosome_11.3065","Cluster_492","evm.TU.chromosome_11.3065",-0.4,-0.8,-1,"2","2","2","3"
"4436","Cluster_492_evm.TU.chromosome_11.3113","Cluster_492","evm.TU.chromosome_11.3113",0.2,0.8,0.5,"3","3","3","5"
"4437","Cluster_492_evm.TU.chromosome_11.316","Cluster_492","evm.TU.chromosome_11.316",-0.4,0.8,1,"5","5","5","2"
"4438","Cluster_492_evm.TU.chromosome_11.408","Cluster_492","evm.TU.chromosome_11.408",-0.8,-0.6,-0.5,"3","3","3","5"
"4439","Cluster_492_evm.TU.chromosome_11.49","Cluster_492","evm.TU.chromosome_11.49",-0.4,0.737864787372622,0.5,"5","5","5","2"
"4440","Cluster_492_evm.TU.chromosome_11.491","Cluster_492","evm.TU.chromosome_11.491",1,0.2,-1,"2","2","2","3"
"4441","Cluster_492_evm.TU.chromosome_11.549","Cluster_492","evm.TU.chromosome_11.549",0.4,0,1,"1","1","1","4"
"4442","Cluster_492_evm.TU.chromosome_11.558","Cluster_492","evm.TU.chromosome_11.558",-0.2,0,0.5,"3","3","3","5"
"4443","Cluster_492_evm.TU.chromosome_11.572","Cluster_492","evm.TU.chromosome_11.572",0.316227766016838,0,0,"3","3","3","5"
"4444","Cluster_492_evm.TU.chromosome_11.590","Cluster_492","evm.TU.chromosome_11.590",-0.4,0.316227766016838,1,"5","5","5","2"
"4445","Cluster_492_evm.TU.chromosome_11.71","Cluster_492","evm.TU.chromosome_11.71",-0.8,0.2,1,"5","5","5","2"
"4446","Cluster_492_evm.TU.chromosome_11.789","Cluster_492","evm.TU.chromosome_11.789",-1,0.4,0.5,"5","5","5","2"
"4447","Cluster_492_evm.TU.chromosome_12.1038","Cluster_492","evm.TU.chromosome_12.1038",-0.6,-0.8,-1,"3","3","3","5"
"4448","Cluster_492_evm.TU.chromosome_12.1068","Cluster_492","evm.TU.chromosome_12.1068",-0.8,-0.2,-1,"4","4","4","1"
"4449","Cluster_492_evm.TU.chromosome_12.1338","Cluster_492","evm.TU.chromosome_12.1338",0,0.8,1,"5","5","5","2"
"4450","Cluster_492_evm.TU.chromosome_12.1412","Cluster_492","evm.TU.chromosome_12.1412",-0.4,0.6,-1,"4","4","4","1"
"4451","Cluster_492_evm.TU.chromosome_12.1419","Cluster_492","evm.TU.chromosome_12.1419",-0.2,0.6,0.5,"5","5","5","2"
"4452","Cluster_492_evm.TU.chromosome_12.1714","Cluster_492","evm.TU.chromosome_12.1714",0.6,0.774596669241483,0.866025403784439,"3","3","3","5"
"4453","Cluster_492_evm.TU.chromosome_12.1730","Cluster_492","evm.TU.chromosome_12.1730",-0.2,-0.4,0.5,"1","1","1","4"
"4454","Cluster_492_evm.TU.chromosome_12.1741","Cluster_492","evm.TU.chromosome_12.1741",-0.6,-0.316227766016838,0.5,"5","5","5","2"
"4455","Cluster_492_evm.TU.chromosome_12.1788","Cluster_492","evm.TU.chromosome_12.1788",0.4,0.4,1,"3","3","3","5"
"4456","Cluster_492_evm.TU.chromosome_12.182","Cluster_492","evm.TU.chromosome_12.182",-0.2,-0.4,1,"1","1","1","4"
"4457","Cluster_492_evm.TU.chromosome_12.1826","Cluster_492","evm.TU.chromosome_12.1826",-0.4,1,1,"5","5","5","2"
"4458","Cluster_492_evm.TU.chromosome_12.1854","Cluster_492","evm.TU.chromosome_12.1854",-0.6,-0.8,-0.5,"3","3","3","5"
"4459","Cluster_492_evm.TU.chromosome_12.1991","Cluster_492","evm.TU.chromosome_12.1991",0.4,0.4,1,"3","3","3","5"
"4460","Cluster_492_evm.TU.chromosome_12.2038","Cluster_492","evm.TU.chromosome_12.2038",-0.8,1,1,"5","5","5","2"
"4461","Cluster_492_evm.TU.chromosome_12.2051","Cluster_492","evm.TU.chromosome_12.2051",-0.6,0,1,"5","5","5","2"
"4462","Cluster_492_evm.TU.chromosome_12.2135","Cluster_492","evm.TU.chromosome_12.2135",-0.8,-0.8,-1,"3","3","3","5"
"4463","Cluster_492_evm.TU.chromosome_12.2141","Cluster_492","evm.TU.chromosome_12.2141",-0.2,0.4,1,"5","5","5","2"
"4464","Cluster_492_evm.TU.chromosome_12.2236","Cluster_492","evm.TU.chromosome_12.2236",-0.8,-0.316227766016838,1,"5","5","5","2"
"4465","Cluster_492_evm.TU.chromosome_12.2255","Cluster_492","evm.TU.chromosome_12.2255",1,0.2,0.5,"2","2","2","3"
"4466","Cluster_492_evm.TU.chromosome_12.2380","Cluster_492","evm.TU.chromosome_12.2380",0.4,0.4,1,"3","3","3","5"
"4467","Cluster_492_evm.TU.chromosome_12.2419","Cluster_492","evm.TU.chromosome_12.2419",0,-0.4,0.5,"1","1","1","4"
"4468","Cluster_492_evm.TU.chromosome_12.2482","Cluster_492","evm.TU.chromosome_12.2482",0.8,0.4,-1,"2","2","2","3"
"4469","Cluster_492_evm.TU.chromosome_12.2491","Cluster_492","evm.TU.chromosome_12.2491",-0.4,0.4,-0.5,"4","4","4","1"
"4470","Cluster_492_evm.TU.chromosome_12.2517","Cluster_492","evm.TU.chromosome_12.2517",0.6,0.737864787372622,1,"3","3","3","5"
"4471","Cluster_492_evm.TU.chromosome_12.2539","Cluster_492","evm.TU.chromosome_12.2539",0.2,0.8,1,"5","5","5","2"
"4472","Cluster_492_evm.TU.chromosome_12.2563","Cluster_492","evm.TU.chromosome_12.2563",-0.316227766016838,0.774596669241483,0,"4","4","4","1"
"4473","Cluster_492_evm.TU.chromosome_12.2680","Cluster_492","evm.TU.chromosome_12.2680",-0.6,0.4,1,"5","5","5","2"
"4474","Cluster_492_evm.TU.chromosome_12.3030","Cluster_492","evm.TU.chromosome_12.3030",1,0.8,0.5,"3","3","3","5"
"4475","Cluster_492_evm.TU.chromosome_12.3112","Cluster_492","evm.TU.chromosome_12.3112",0,0.4,1,"5","5","5","2"
"4476","Cluster_492_evm.TU.chromosome_12.3113","Cluster_492","evm.TU.chromosome_12.3113",0.8,0.8,1,"3","3","3","5"
"4477","Cluster_492_evm.TU.chromosome_12.3225","Cluster_492","evm.TU.chromosome_12.3225",0.4,0.2,-0.5,"2","2","2","3"
"4478","Cluster_492_evm.TU.chromosome_12.3261","Cluster_492","evm.TU.chromosome_12.3261",-0.8,0.4,0.5,"5","5","5","2"
"4479","Cluster_492_evm.TU.chromosome_12.3337","Cluster_492","evm.TU.chromosome_12.3337",-0.210818510677892,-0.210818510677892,1,"1","1","1","4"
"4480","Cluster_492_evm.TU.chromosome_12.339","Cluster_492","evm.TU.chromosome_12.339",-0.4,0.4,1,"5","5","5","2"
"4481","Cluster_492_evm.TU.chromosome_12.3397","Cluster_492","evm.TU.chromosome_12.3397",0.6,0.6,1,"3","3","3","5"
"4482","Cluster_492_evm.TU.chromosome_12.3560","Cluster_492","evm.TU.chromosome_12.3560",0,0.6,1,"5","5","5","2"
"4483","Cluster_492_evm.TU.chromosome_12.3584","Cluster_492","evm.TU.chromosome_12.3584",-0.2,-0.4,0.5,"1","1","1","4"
"4484","Cluster_492_evm.TU.chromosome_12.3709","Cluster_492","evm.TU.chromosome_12.3709",0.4,0.8,1,"3","3","3","5"
"4485","Cluster_492_evm.TU.chromosome_12.3757","Cluster_492","evm.TU.chromosome_12.3757",0.4,0,1,"1","1","1","4"
"4486","Cluster_492_evm.TU.chromosome_12.3783","Cluster_492","evm.TU.chromosome_12.3783",-0.2,-1,0.5,"1","1","1","4"
"4487","Cluster_492_evm.TU.chromosome_12.3794","Cluster_492","evm.TU.chromosome_12.3794",0.8,-0.6,0.5,"1","1","1","4"
"4488","Cluster_492_evm.TU.chromosome_12.3814","Cluster_492","evm.TU.chromosome_12.3814",-0.2,-0.2,1,"1","1","1","4"
"4489","Cluster_492_evm.TU.chromosome_12.3815","Cluster_492","evm.TU.chromosome_12.3815",-0.210818510677892,-0.2,1,"1","1","1","4"
"4490","Cluster_492_evm.TU.chromosome_12.3915","Cluster_492","evm.TU.chromosome_12.3915",-0.4,0.2,-0.5,"4","4","4","1"
"4491","Cluster_492_evm.TU.chromosome_12.3928","Cluster_492","evm.TU.chromosome_12.3928",0.8,0.4,0.5,"3","3","3","5"
"4492","Cluster_492_evm.TU.chromosome_12.3929","Cluster_492","evm.TU.chromosome_12.3929",-0.2,-0.4,-0.5,"3","3","3","5"
"4493","Cluster_492_evm.TU.chromosome_12.3964","Cluster_492","evm.TU.chromosome_12.3964",-0.2,0,0.5,"3","3","3","5"
"4494","Cluster_492_evm.TU.chromosome_12.4050","Cluster_492","evm.TU.chromosome_12.4050",-0.4,-0.8,-1,"2","2","2","3"
"4495","Cluster_492_evm.TU.chromosome_12.4091","Cluster_492","evm.TU.chromosome_12.4091",0.4,-0.4,0.5,"1","1","1","4"
"4496","Cluster_492_evm.TU.chromosome_12.446","Cluster_492","evm.TU.chromosome_12.446",0.8,0.4,0.5,"3","3","3","5"
"4497","Cluster_492_evm.TU.chromosome_12.447","Cluster_492","evm.TU.chromosome_12.447",1,0.4,-0.5,"2","2","2","3"
"4498","Cluster_492_evm.TU.chromosome_12.487","Cluster_492","evm.TU.chromosome_12.487",0.6,-1,0,"1","1","1","4"
"4499","Cluster_492_evm.TU.chromosome_12.592","Cluster_492","evm.TU.chromosome_12.592",0.316227766016838,-0.6,0,"1","1","1","4"
"4500","Cluster_492_evm.TU.chromosome_12.594","Cluster_492","evm.TU.chromosome_12.594",-0.8,-0.4,1,"5","5","5","2"
"4501","Cluster_492_evm.TU.chromosome_12.677","Cluster_492","evm.TU.chromosome_12.677",-0.4,0.6,1,"5","5","5","2"
"4502","Cluster_492_evm.TU.chromosome_12.680","Cluster_492","evm.TU.chromosome_12.680",-0.4,1,0.5,"5","5","5","2"
"4503","Cluster_492_evm.TU.chromosome_12.691","Cluster_492","evm.TU.chromosome_12.691",-1,-1,0.5,"1","1","1","4"
"4504","Cluster_492_evm.TU.chromosome_12.77","Cluster_492","evm.TU.chromosome_12.77",-0.4,0,0.5,"5","5","5","2"
"4505","Cluster_492_evm.TU.chromosome_12.799","Cluster_492","evm.TU.chromosome_12.799",0.4,-0.4,-1,"2","2","2","3"
"4506","Cluster_492_evm.TU.chromosome_12.923","Cluster_492","evm.TU.chromosome_12.923",0,-1,1,"1","1","1","4"
"4507","Cluster_492_evm.TU.chromosome_12.928","Cluster_492","evm.TU.chromosome_12.928",-0.4,-0.4,1,"1","1","1","4"
"4508","Cluster_492_evm.TU.chromosome_13.1026","Cluster_492","evm.TU.chromosome_13.1026",-0.105409255338946,-0.316227766016838,1,"1","1","1","4"
"4509","Cluster_492_evm.TU.chromosome_13.1105","Cluster_492","evm.TU.chromosome_13.1105",-0.632455532033676,0.4,1,"5","5","5","2"
"4510","Cluster_492_evm.TU.chromosome_13.1108","Cluster_492","evm.TU.chromosome_13.1108",-0.105409255338946,0.737864787372622,0.5,"5","5","5","2"
"4511","Cluster_492_evm.TU.chromosome_13.1268","Cluster_492","evm.TU.chromosome_13.1268",-0.4,0.8,0.5,"5","5","5","2"
"4512","Cluster_492_evm.TU.chromosome_13.1488","Cluster_492","evm.TU.chromosome_13.1488",-0.4,0.4,0.5,"5","5","5","2"
"4513","Cluster_492_evm.TU.chromosome_13.1682","Cluster_492","evm.TU.chromosome_13.1682",-0.2,1,-0.5,"4","4","4","1"
"4514","Cluster_492_evm.TU.chromosome_13.1687","Cluster_492","evm.TU.chromosome_13.1687",-0.6,0.948683298050514,0.5,"5","5","5","2"
"4515","Cluster_492_evm.TU.chromosome_13.1710","Cluster_492","evm.TU.chromosome_13.1710",0.4,-0.4,1,"1","1","1","4"
"4516","Cluster_492_evm.TU.chromosome_13.1755","Cluster_492","evm.TU.chromosome_13.1755",0,0,0.866025403784439,"1","1","1","4"
"4517","Cluster_492_evm.TU.chromosome_13.1917","Cluster_492","evm.TU.chromosome_13.1917",0.2,0.2,0.5,"3","3","3","5"
"4518","Cluster_492_evm.TU.chromosome_13.2030","Cluster_492","evm.TU.chromosome_13.2030",0,0,0.5,"3","3","3","5"
"4519","Cluster_492_evm.TU.chromosome_13.2121","Cluster_492","evm.TU.chromosome_13.2121",0,0.258198889747161,0.866025403784439,"5","5","5","2"
"4520","Cluster_492_evm.TU.chromosome_13.2131","Cluster_492","evm.TU.chromosome_13.2131",0.2,0.774596669241483,1,"5","5","5","2"
"4521","Cluster_492_evm.TU.chromosome_13.2191","Cluster_492","evm.TU.chromosome_13.2191",-0.2,-0.2,0.5,"1","1","1","4"
"4522","Cluster_492_evm.TU.chromosome_13.2232","Cluster_492","evm.TU.chromosome_13.2232",-0.8,0.8,1,"5","5","5","2"
"4523","Cluster_492_evm.TU.chromosome_13.2357","Cluster_492","evm.TU.chromosome_13.2357",-0.4,0.8,1,"5","5","5","2"
"4524","Cluster_492_evm.TU.chromosome_13.2358","Cluster_492","evm.TU.chromosome_13.2358",-0.2,0.737864787372622,-1,"4","4","4","1"
"4525","Cluster_492_evm.TU.chromosome_13.2442","Cluster_492","evm.TU.chromosome_13.2442",-0.105409255338946,0.210818510677892,0,"3","3","3","5"
"4526","Cluster_492_evm.TU.chromosome_13.2650","Cluster_492","evm.TU.chromosome_13.2650",-0.2,-0.8,1,"1","1","1","4"
"4527","Cluster_492_evm.TU.chromosome_13.2743","Cluster_492","evm.TU.chromosome_13.2743",0.8,0.6,1,"3","3","3","5"
"4528","Cluster_492_evm.TU.chromosome_13.2747","Cluster_492","evm.TU.chromosome_13.2747",-0.2,0.6,0.5,"5","5","5","2"
"4529","Cluster_492_evm.TU.chromosome_13.2753","Cluster_492","evm.TU.chromosome_13.2753",-0.6,-0.6,-0.5,"3","3","3","5"
"4530","Cluster_492_evm.TU.chromosome_13.276","Cluster_492","evm.TU.chromosome_13.276",0.4,-0.6,-1,"2","2","2","3"
"4531","Cluster_492_evm.TU.chromosome_13.2919","Cluster_492","evm.TU.chromosome_13.2919",1,0.2,0.5,"2","2","2","3"
"4532","Cluster_492_evm.TU.chromosome_13.3008","Cluster_492","evm.TU.chromosome_13.3008",-0.4,-0.6,-1,"3","3","3","5"
"4533","Cluster_492_evm.TU.chromosome_13.3030","Cluster_492","evm.TU.chromosome_13.3030",0.4,0.8,-1,"4","4","4","1"
"4534","Cluster_492_evm.TU.chromosome_13.3048","Cluster_492","evm.TU.chromosome_13.3048",0.2,0.6,0,"3","3","3","5"
"4535","Cluster_492_evm.TU.chromosome_13.3068","Cluster_492","evm.TU.chromosome_13.3068",0.2,1,1,"5","5","5","2"
"4536","Cluster_492_evm.TU.chromosome_13.3299","Cluster_492","evm.TU.chromosome_13.3299",-0.4,-0.8,-0.5,"3","3","3","5"
"4537","Cluster_492_evm.TU.chromosome_13.3454","Cluster_492","evm.TU.chromosome_13.3454",1,0.8,1,"3","3","3","5"
"4538","Cluster_492_evm.TU.chromosome_13.3478","Cluster_492","evm.TU.chromosome_13.3478",-0.4,-0.774596669241483,1,"1","1","1","4"
"4539","Cluster_492_evm.TU.chromosome_13.3571","Cluster_492","evm.TU.chromosome_13.3571",-0.4,0.8,1,"5","5","5","2"
"4540","Cluster_492_evm.TU.chromosome_13.362","Cluster_492","evm.TU.chromosome_13.362",0.2,0.8,-0.5,"4","4","4","1"
"4541","Cluster_492_evm.TU.chromosome_13.3663","Cluster_492","evm.TU.chromosome_13.3663",0.2,-0.2,1,"1","1","1","4"
"4542","Cluster_492_evm.TU.chromosome_13.3759","Cluster_492","evm.TU.chromosome_13.3759",-0.2,0,0.5,"3","3","3","5"
"4543","Cluster_492_evm.TU.chromosome_13.3791","Cluster_492","evm.TU.chromosome_13.3791",-0.6,-0.2,0.5,"5","5","5","2"
"4544","Cluster_492_evm.TU.chromosome_13.3853","Cluster_492","evm.TU.chromosome_13.3853",-1,-0.2,1,"5","5","5","2"
"4545","Cluster_492_evm.TU.chromosome_13.3854","Cluster_492","evm.TU.chromosome_13.3854",-0.2,0,1,"5","5","5","2"
"4546","Cluster_492_evm.TU.chromosome_13.3872","Cluster_492","evm.TU.chromosome_13.3872",0.2,-0.6,0.5,"1","1","1","4"
"4547","Cluster_492_evm.TU.chromosome_13.388","Cluster_492","evm.TU.chromosome_13.388",0.2,0.774596669241483,0.866025403784439,"5","5","5","2"
"4548","Cluster_492_evm.TU.chromosome_13.394","Cluster_492","evm.TU.chromosome_13.394",0.8,0.8,0.5,"3","3","3","5"
"4549","Cluster_492_evm.TU.chromosome_13.4084","Cluster_492","evm.TU.chromosome_13.4084",0.4,-0.8,-0.5,"2","2","2","3"
"4550","Cluster_492_evm.TU.chromosome_13.4134","Cluster_492","evm.TU.chromosome_13.4134",-0.8,0.948683298050514,1,"5","5","5","2"
"4551","Cluster_492_evm.TU.chromosome_13.429","Cluster_492","evm.TU.chromosome_13.429",-0.4,-0.6,-1,"3","3","3","5"
"4552","Cluster_492_evm.TU.chromosome_13.43","Cluster_492","evm.TU.chromosome_13.43",-0.258198889747161,-0.6,0.5,"1","1","1","4"
"4553","Cluster_492_evm.TU.chromosome_13.55","Cluster_492","evm.TU.chromosome_13.55",-0.4,0.8,1,"5","5","5","2"
"4554","Cluster_492_evm.TU.chromosome_13.7","Cluster_492","evm.TU.chromosome_13.7",0.316227766016838,0.4,0.866025403784439,"3","3","3","5"
"4555","Cluster_492_evm.TU.chromosome_13.733","Cluster_492","evm.TU.chromosome_13.733",-0.8,-0.2,-0.5,"3","3","3","5"
"4556","Cluster_492_evm.TU.chromosome_13.83","Cluster_492","evm.TU.chromosome_13.83",-0.4,0.2,0,"3","3","3","5"
"4557","Cluster_492_evm.TU.chromosome_13.847","Cluster_492","evm.TU.chromosome_13.847",-0.4,-0.4,-0.5,"3","3","3","5"
"4558","Cluster_492_evm.TU.chromosome_13.89","Cluster_492","evm.TU.chromosome_13.89",0.105409255338946,-0.774596669241483,0.5,"1","1","1","4"
"4559","Cluster_492_evm.TU.chromosome_14.1094","Cluster_492","evm.TU.chromosome_14.1094",0.4,0.2,-1,"2","2","2","3"
"4560","Cluster_492_evm.TU.chromosome_14.1356","Cluster_492","evm.TU.chromosome_14.1356",0.8,0.6,0.5,"3","3","3","5"
"4561","Cluster_492_evm.TU.chromosome_14.1395","Cluster_492","evm.TU.chromosome_14.1395",-0.6,-0.6,-1,"3","3","3","5"
"4562","Cluster_492_evm.TU.chromosome_14.141","Cluster_492","evm.TU.chromosome_14.141",0.8,0,0.5,"1","1","1","4"
"4563","Cluster_492_evm.TU.chromosome_14.1413","Cluster_492","evm.TU.chromosome_14.1413",0.2,0.8,0.5,"3","3","3","5"
"4564","Cluster_492_evm.TU.chromosome_14.1556","Cluster_492","evm.TU.chromosome_14.1556",-0.8,0,-0.5,"3","3","3","5"
"4565","Cluster_492_evm.TU.chromosome_14.1562","Cluster_492","evm.TU.chromosome_14.1562",0.8,-0.4,0.5,"1","1","1","4"
"4566","Cluster_492_evm.TU.chromosome_14.168","Cluster_492","evm.TU.chromosome_14.168",0.4,-0.4,0.5,"1","1","1","4"
"4567","Cluster_492_evm.TU.chromosome_14.182","Cluster_492","evm.TU.chromosome_14.182",0.2,0.8,1,"5","5","5","2"
"4568","Cluster_492_evm.TU.chromosome_14.2176","Cluster_492","evm.TU.chromosome_14.2176",-0.4,0.4,1,"5","5","5","2"
"4569","Cluster_492_evm.TU.chromosome_14.242","Cluster_492","evm.TU.chromosome_14.242",-0.4,0.4,1,"5","5","5","2"
"4570","Cluster_492_evm.TU.chromosome_14.287","Cluster_492","evm.TU.chromosome_14.287",-0.2,0.2,1,"5","5","5","2"
"4571","Cluster_492_evm.TU.chromosome_14.338","Cluster_492","evm.TU.chromosome_14.338",0.632455532033676,0.774596669241483,0,"4","4","4","1"
"4572","Cluster_492_evm.TU.chromosome_14.3614","Cluster_492","evm.TU.chromosome_14.3614",0,-0.6,-0.5,"2","2","2","3"
"4573","Cluster_492_evm.TU.chromosome_14.472","Cluster_492","evm.TU.chromosome_14.472",-0.8,0.8,0.5,"5","5","5","2"
"4574","Cluster_492_evm.TU.chromosome_14.4736","Cluster_492","evm.TU.chromosome_14.4736",-1,-0.4,1,"5","5","5","2"
"4575","Cluster_492_evm.TU.chromosome_14.4739","Cluster_492","evm.TU.chromosome_14.4739",-1,0.4,1,"5","5","5","2"
"4576","Cluster_492_evm.TU.chromosome_14.4740","Cluster_492","evm.TU.chromosome_14.4740",0.2,-0.2,1,"1","1","1","4"
"4577","Cluster_492_evm.TU.chromosome_14.4748","Cluster_492","evm.TU.chromosome_14.4748",-0.258198889747161,0.4,0.5,"5","5","5","2"
"4578","Cluster_492_evm.TU.chromosome_14.4858","Cluster_492","evm.TU.chromosome_14.4858",-0.316227766016838,0.4,1,"5","5","5","2"
"4579","Cluster_492_evm.TU.chromosome_14.4903","Cluster_492","evm.TU.chromosome_14.4903",-0.258198889747161,-0.8,1,"1","1","1","4"
"4580","Cluster_492_evm.TU.chromosome_14.4975","Cluster_492","evm.TU.chromosome_14.4975",0,0.6,1,"5","5","5","2"
"4581","Cluster_492_evm.TU.chromosome_14.517","Cluster_492","evm.TU.chromosome_14.517",0.2,-0.8,-1,"2","2","2","3"
"4582","Cluster_492_evm.TU.chromosome_14.5358","Cluster_492","evm.TU.chromosome_14.5358",-0.8,0.4,1,"5","5","5","2"
"4583","Cluster_492_evm.TU.chromosome_14.5361","Cluster_492","evm.TU.chromosome_14.5361",0.8,0.6,-1,"2","2","2","3"
"4584","Cluster_492_evm.TU.chromosome_14.5517","Cluster_492","evm.TU.chromosome_14.5517",0.4,1,-0.5,"4","4","4","1"
"4585","Cluster_492_evm.TU.chromosome_14.5534","Cluster_492","evm.TU.chromosome_14.5534",-0.2,-1,0.5,"1","1","1","4"
"4586","Cluster_492_evm.TU.chromosome_14.5658","Cluster_492","evm.TU.chromosome_14.5658",0.8,1,1,"3","3","3","5"
"4587","Cluster_492_evm.TU.chromosome_14.5676","Cluster_492","evm.TU.chromosome_14.5676",-0.4,0.8,1,"5","5","5","2"
"4588","Cluster_492_evm.TU.chromosome_14.5700","Cluster_492","evm.TU.chromosome_14.5700",0.4,0.8,1,"3","3","3","5"
"4589","Cluster_492_evm.TU.chromosome_14.5756","Cluster_492","evm.TU.chromosome_14.5756",-0.8,-0.4,0.5,"5","5","5","2"
"4590","Cluster_492_evm.TU.chromosome_14.5870","Cluster_492","evm.TU.chromosome_14.5870",0.6,0.8,0.5,"3","3","3","5"
"4591","Cluster_492_evm.TU.chromosome_14.6059","Cluster_492","evm.TU.chromosome_14.6059",-0.2,0,1,"5","5","5","2"
"4592","Cluster_492_evm.TU.chromosome_14.6166","Cluster_492","evm.TU.chromosome_14.6166",-0.4,0.8,1,"5","5","5","2"
"4593","Cluster_492_evm.TU.chromosome_14.6274","Cluster_492","evm.TU.chromosome_14.6274",0.4,-0.6,1,"1","1","1","4"
"4594","Cluster_492_evm.TU.chromosome_14.6303","Cluster_492","evm.TU.chromosome_14.6303",-0.4,0.6,0.5,"5","5","5","2"
"4595","Cluster_492_evm.TU.chromosome_14.6358","Cluster_492","evm.TU.chromosome_14.6358",-0.2,0.948683298050514,1,"5","5","5","2"
"4596","Cluster_492_evm.TU.chromosome_14.6367","Cluster_492","evm.TU.chromosome_14.6367",0.2,0.8,1,"5","5","5","2"
"4597","Cluster_492_evm.TU.chromosome_14.6419","Cluster_492","evm.TU.chromosome_14.6419",0.4,0.2,0.5,"3","3","3","5"
"4598","Cluster_492_evm.TU.chromosome_14.6529","Cluster_492","evm.TU.chromosome_14.6529",-0.2,0.6,0.5,"5","5","5","2"
"4599","Cluster_492_evm.TU.chromosome_14.6560","Cluster_492","evm.TU.chromosome_14.6560",-0.4,-0.8,-1,"2","2","2","3"
"4600","Cluster_492_evm.TU.chromosome_14.6741","Cluster_492","evm.TU.chromosome_14.6741",0.2,-0.8,-1,"2","2","2","3"
"4601","Cluster_492_evm.TU.chromosome_14.684","Cluster_492","evm.TU.chromosome_14.684",0.2,-0.6,-0.5,"2","2","2","3"
"4602","Cluster_492_evm.TU.chromosome_14.685","Cluster_492","evm.TU.chromosome_14.685",0.2,0.948683298050514,-0.5,"4","4","4","1"
"4603","Cluster_492_evm.TU.chromosome_14.6852","Cluster_492","evm.TU.chromosome_14.6852",0.4,0.2,1,"1","1","1","4"
"4604","Cluster_492_evm.TU.chromosome_14.6984","Cluster_492","evm.TU.chromosome_14.6984",0.4,0.948683298050514,-0.5,"4","4","4","1"
"4605","Cluster_492_evm.TU.chromosome_14.7028","Cluster_492","evm.TU.chromosome_14.7028",-0.8,0.774596669241483,0,"5","5","5","2"
"4606","Cluster_492_evm.TU.chromosome_14.7038","Cluster_492","evm.TU.chromosome_14.7038",1,-0.4,1,"1","1","1","4"
"4607","Cluster_492_evm.TU.chromosome_14.7052","Cluster_492","evm.TU.chromosome_14.7052",0.4,0.6,1,"3","3","3","5"
"4608","Cluster_492_evm.TU.chromosome_14.7077","Cluster_492","evm.TU.chromosome_14.7077",0.2,0.8,1,"5","5","5","2"
"4609","Cluster_492_evm.TU.chromosome_14.7112","Cluster_492","evm.TU.chromosome_14.7112",0.8,1,0.5,"3","3","3","5"
"4610","Cluster_492_evm.TU.chromosome_14.7170","Cluster_492","evm.TU.chromosome_14.7170",-0.8,-0.4,-0.5,"3","3","3","5"
"4611","Cluster_492_evm.TU.chromosome_14.7180","Cluster_492","evm.TU.chromosome_14.7180",-0.8,0,1,"5","5","5","2"
"4612","Cluster_492_evm.TU.chromosome_14.7320","Cluster_492","evm.TU.chromosome_14.7320",0.2,0.737864787372622,1,"5","5","5","2"
"4613","Cluster_492_evm.TU.chromosome_14.7326","Cluster_492","evm.TU.chromosome_14.7326",0,-0.316227766016838,-0.5,"3","3","3","5"
"4614","Cluster_492_evm.TU.chromosome_14.751","Cluster_492","evm.TU.chromosome_14.751",0.2,0.8,0.5,"3","3","3","5"
"4615","Cluster_492_evm.TU.chromosome_2.1052","Cluster_492","evm.TU.chromosome_2.1052",0.8,0.2,1,"1","1","1","4"
"4616","Cluster_492_evm.TU.chromosome_2.1309","Cluster_492","evm.TU.chromosome_2.1309",-0.2,-0.6,1,"1","1","1","4"
"4617","Cluster_492_evm.TU.chromosome_2.1758","Cluster_492","evm.TU.chromosome_2.1758",-0.2,0.4,0.5,"5","5","5","2"
"4618","Cluster_492_evm.TU.chromosome_2.1766","Cluster_492","evm.TU.chromosome_2.1766",0.948683298050514,0.774596669241483,1,"3","3","3","5"
"4619","Cluster_492_evm.TU.chromosome_2.1777","Cluster_492","evm.TU.chromosome_2.1777",0.8,-0.2,0.5,"1","1","1","4"
"4620","Cluster_492_evm.TU.chromosome_2.18","Cluster_492","evm.TU.chromosome_2.18",-0.8,1,1,"5","5","5","2"
"4621","Cluster_492_evm.TU.chromosome_2.1889","Cluster_492","evm.TU.chromosome_2.1889",0.6,0.6,1,"3","3","3","5"
"4622","Cluster_492_evm.TU.chromosome_2.1925","Cluster_492","evm.TU.chromosome_2.1925",0.8,1,1,"3","3","3","5"
"4623","Cluster_492_evm.TU.chromosome_2.2028","Cluster_492","evm.TU.chromosome_2.2028",-0.4,0.8,0.5,"5","5","5","2"
"4624","Cluster_492_evm.TU.chromosome_2.2088","Cluster_492","evm.TU.chromosome_2.2088",-0.8,0.4,0.5,"5","5","5","2"
"4625","Cluster_492_evm.TU.chromosome_2.2096","Cluster_492","evm.TU.chromosome_2.2096",-0.4,0.2,0.5,"5","5","5","2"
"4626","Cluster_492_evm.TU.chromosome_2.235","Cluster_492","evm.TU.chromosome_2.235",0,0,-0.5,"3","3","3","5"
"4627","Cluster_492_evm.TU.chromosome_2.29","Cluster_492","evm.TU.chromosome_2.29",-0.8,0.6,-0.5,"4","4","4","1"
"4628","Cluster_492_evm.TU.chromosome_2.378","Cluster_492","evm.TU.chromosome_2.378",-0.2,0.8,-0.5,"4","4","4","1"
"4629","Cluster_492_evm.TU.chromosome_2.421","Cluster_492","evm.TU.chromosome_2.421",0.4,0.6,1,"3","3","3","5"
"4630","Cluster_492_evm.TU.chromosome_2.579","Cluster_492","evm.TU.chromosome_2.579",0,0.4,0.5,"3","3","3","5"
"4631","Cluster_492_evm.TU.chromosome_2.663","Cluster_492","evm.TU.chromosome_2.663",-0.6,0.8,0.5,"5","5","5","2"
"4632","Cluster_492_evm.TU.chromosome_2.677","Cluster_492","evm.TU.chromosome_2.677",-0.4,0.6,1,"5","5","5","2"
"4633","Cluster_492_evm.TU.chromosome_2.766","Cluster_492","evm.TU.chromosome_2.766",0.2,-0.8,-0.5,"2","2","2","3"
"4634","Cluster_492_evm.TU.chromosome_2.782","Cluster_492","evm.TU.chromosome_2.782",-0.4,-0.4,-0.5,"3","3","3","5"
"4635","Cluster_492_evm.TU.chromosome_2.793","Cluster_492","evm.TU.chromosome_2.793",-0.8,0.8,0.5,"5","5","5","2"
"4636","Cluster_492_evm.TU.chromosome_3.1019","Cluster_492","evm.TU.chromosome_3.1019",0.4,0.6,1,"3","3","3","5"
"4637","Cluster_492_evm.TU.chromosome_3.1021","Cluster_492","evm.TU.chromosome_3.1021",-0.4,0.4,1,"5","5","5","2"
"4638","Cluster_492_evm.TU.chromosome_3.1057","Cluster_492","evm.TU.chromosome_3.1057",0.4,0.8,1,"3","3","3","5"
"4639","Cluster_492_evm.TU.chromosome_3.1093","Cluster_492","evm.TU.chromosome_3.1093",-0.105409255338946,-0.774596669241483,-0.5,"3","3","3","5"
"4640","Cluster_492_evm.TU.chromosome_3.1145","Cluster_492","evm.TU.chromosome_3.1145",-0.2,0.210818510677892,0.866025403784439,"5","5","5","2"
"4641","Cluster_492_evm.TU.chromosome_3.1389","Cluster_492","evm.TU.chromosome_3.1389",-0.4,0.737864787372622,0.5,"5","5","5","2"
"4642","Cluster_492_evm.TU.chromosome_3.139","Cluster_492","evm.TU.chromosome_3.139",0.8,0.8,1,"3","3","3","5"
"4643","Cluster_492_evm.TU.chromosome_3.1434","Cluster_492","evm.TU.chromosome_3.1434",0.8,0.8,-1,"4","4","4","1"
"4644","Cluster_492_evm.TU.chromosome_3.1624","Cluster_492","evm.TU.chromosome_3.1624",0.4,-0.8,1,"1","1","1","4"
"4645","Cluster_492_evm.TU.chromosome_3.178","Cluster_492","evm.TU.chromosome_3.178",0.948683298050514,-0.4,0.5,"1","1","1","4"
"4646","Cluster_492_evm.TU.chromosome_3.1798","Cluster_492","evm.TU.chromosome_3.1798",0.4,0.8,1,"3","3","3","5"
"4647","Cluster_492_evm.TU.chromosome_3.1799","Cluster_492","evm.TU.chromosome_3.1799",1,0.8,1,"3","3","3","5"
"4648","Cluster_492_evm.TU.chromosome_3.1956","Cluster_492","evm.TU.chromosome_3.1956",0.6,0.2,0.5,"3","3","3","5"
"4649","Cluster_492_evm.TU.chromosome_3.205","Cluster_492","evm.TU.chromosome_3.205",0.4,0.2,-0.5,"2","2","2","3"
"4650","Cluster_492_evm.TU.chromosome_3.478","Cluster_492","evm.TU.chromosome_3.478",0,-1,-1,"2","2","2","3"
"4651","Cluster_492_evm.TU.chromosome_3.502","Cluster_492","evm.TU.chromosome_3.502",-0.8,0.2,0,"5","5","5","2"
"4652","Cluster_492_evm.TU.chromosome_3.568","Cluster_492","evm.TU.chromosome_3.568",-0.774596669241483,0.737864787372622,1,"5","5","5","2"
"4653","Cluster_492_evm.TU.chromosome_3.61","Cluster_492","evm.TU.chromosome_3.61",0.2,1,1,"5","5","5","2"
"4654","Cluster_492_evm.TU.chromosome_3.684","Cluster_492","evm.TU.chromosome_3.684",0.4,0.2,0,"3","3","3","5"
"4655","Cluster_492_evm.TU.chromosome_3.845","Cluster_492","evm.TU.chromosome_3.845",0.6,-0.4,-0.5,"2","2","2","3"
"4656","Cluster_492_evm.TU.chromosome_3.847","Cluster_492","evm.TU.chromosome_3.847",0.8,0.6,1,"3","3","3","5"
"4657","Cluster_492_evm.TU.chromosome_3.863","Cluster_492","evm.TU.chromosome_3.863",0.6,0.4,1,"1","1","1","4"
"4658","Cluster_492_evm.TU.chromosome_3.950","Cluster_492","evm.TU.chromosome_3.950",0,-0.6,-1,"2","2","2","3"
"4659","Cluster_492_evm.TU.chromosome_3.985","Cluster_492","evm.TU.chromosome_3.985",0.8,-0.2,1,"1","1","1","4"
"4660","Cluster_492_evm.TU.chromosome_3.986","Cluster_492","evm.TU.chromosome_3.986",-0.4,0.8,0.5,"5","5","5","2"
"4661","Cluster_492_evm.TU.chromosome_4.1063","Cluster_492","evm.TU.chromosome_4.1063",-0.4,0.4,-0.5,"4","4","4","1"
"4662","Cluster_492_evm.TU.chromosome_4.1067","Cluster_492","evm.TU.chromosome_4.1067",0.4,0.2,-0.5,"2","2","2","3"
"4663","Cluster_492_evm.TU.chromosome_4.1092","Cluster_492","evm.TU.chromosome_4.1092",-0.4,0,1,"5","5","5","2"
"4664","Cluster_492_evm.TU.chromosome_4.1219","Cluster_492","evm.TU.chromosome_4.1219",-0.4,0.8,1,"5","5","5","2"
"4665","Cluster_492_evm.TU.chromosome_4.1251","Cluster_492","evm.TU.chromosome_4.1251",-0.8,0.258198889747161,1,"5","5","5","2"
"4666","Cluster_492_evm.TU.chromosome_4.1309","Cluster_492","evm.TU.chromosome_4.1309",0,0.8,1,"5","5","5","2"
"4667","Cluster_492_evm.TU.chromosome_4.1339","Cluster_492","evm.TU.chromosome_4.1339",-0.4,0.2,-0.5,"4","4","4","1"
"4668","Cluster_492_evm.TU.chromosome_4.1476","Cluster_492","evm.TU.chromosome_4.1476",0.210818510677892,0.210818510677892,0,"3","3","3","5"
"4669","Cluster_492_evm.TU.chromosome_4.1504","Cluster_492","evm.TU.chromosome_4.1504",0,1,0.5,"3","3","3","5"
"4670","Cluster_492_evm.TU.chromosome_4.1508","Cluster_492","evm.TU.chromosome_4.1508",0.2,-0.8,0.5,"1","1","1","4"
"4671","Cluster_492_evm.TU.chromosome_4.1527","Cluster_492","evm.TU.chromosome_4.1527",1,-0.8,0.5,"1","1","1","4"
"4672","Cluster_492_evm.TU.chromosome_4.1533","Cluster_492","evm.TU.chromosome_4.1533",0.2,0.4,0.5,"3","3","3","5"
"4673","Cluster_492_evm.TU.chromosome_4.1557","Cluster_492","evm.TU.chromosome_4.1557",0,-0.8,0.5,"1","1","1","4"
"4674","Cluster_492_evm.TU.chromosome_4.1592","Cluster_492","evm.TU.chromosome_4.1592",0.8,0.8,1,"3","3","3","5"
"4675","Cluster_492_evm.TU.chromosome_4.1596","Cluster_492","evm.TU.chromosome_4.1596",0.8,0,0.5,"1","1","1","4"
"4676","Cluster_492_evm.TU.chromosome_4.163","Cluster_492","evm.TU.chromosome_4.163",0.316227766016838,0.737864787372622,0.5,"3","3","3","5"
"4677","Cluster_492_evm.TU.chromosome_4.1869","Cluster_492","evm.TU.chromosome_4.1869",-0.4,0.8,0.5,"5","5","5","2"
"4678","Cluster_492_evm.TU.chromosome_4.1884","Cluster_492","evm.TU.chromosome_4.1884",0.8,0.4,-1,"2","2","2","3"
"4679","Cluster_492_evm.TU.chromosome_4.201","Cluster_492","evm.TU.chromosome_4.201",0.8,1,1,"3","3","3","5"
"4680","Cluster_492_evm.TU.chromosome_4.2101","Cluster_492","evm.TU.chromosome_4.2101",-0.4,-0.6,0.5,"1","1","1","4"
"4681","Cluster_492_evm.TU.chromosome_4.2141","Cluster_492","evm.TU.chromosome_4.2141",-0.8,-0.4,0.5,"5","5","5","2"
"4682","Cluster_492_evm.TU.chromosome_4.2190","Cluster_492","evm.TU.chromosome_4.2190",0.737864787372622,0,0.5,"1","1","1","4"
"4683","Cluster_492_evm.TU.chromosome_4.2264","Cluster_492","evm.TU.chromosome_4.2264",-0.2,0.737864787372622,0.5,"5","5","5","2"
"4684","Cluster_492_evm.TU.chromosome_4.229","Cluster_492","evm.TU.chromosome_4.229",0.8,-1,0.5,"1","1","1","4"
"4685","Cluster_492_evm.TU.chromosome_4.237","Cluster_492","evm.TU.chromosome_4.237",-0.4,0.8,1,"5","5","5","2"
"4686","Cluster_492_evm.TU.chromosome_4.2390","Cluster_492","evm.TU.chromosome_4.2390",-0.2,-0.2,1,"1","1","1","4"
"4687","Cluster_492_evm.TU.chromosome_4.2442","Cluster_492","evm.TU.chromosome_4.2442",-0.6,1,0.5,"5","5","5","2"
"4688","Cluster_492_evm.TU.chromosome_4.2503","Cluster_492","evm.TU.chromosome_4.2503",0.4,0.8,1,"3","3","3","5"
"4689","Cluster_492_evm.TU.chromosome_4.374","Cluster_492","evm.TU.chromosome_4.374",0.2,1,1,"5","5","5","2"
"4690","Cluster_492_evm.TU.chromosome_4.55","Cluster_492","evm.TU.chromosome_4.55",-0.4,0,0.5,"5","5","5","2"
"4691","Cluster_492_evm.TU.chromosome_4.595","Cluster_492","evm.TU.chromosome_4.595",-0.8,0.4,1,"5","5","5","2"
"4692","Cluster_492_evm.TU.chromosome_4.73","Cluster_492","evm.TU.chromosome_4.73",-0.4,0.4,0.5,"5","5","5","2"
"4693","Cluster_492_evm.TU.chromosome_4.749","Cluster_492","evm.TU.chromosome_4.749",-0.8,0,-1,"4","4","4","1"
"4694","Cluster_492_evm.TU.chromosome_4.831","Cluster_492","evm.TU.chromosome_4.831",-0.4,-0.6,0,"1","1","1","4"
"4695","Cluster_492_evm.TU.chromosome_4.965","Cluster_492","evm.TU.chromosome_4.965",-0.2,0.8,-0.5,"4","4","4","1"
"4696","Cluster_492_evm.TU.chromosome_4.998","Cluster_492","evm.TU.chromosome_4.998",-0.4,-0.6,-1,"3","3","3","5"
"4697","Cluster_492_evm.TU.chromosome_5.1003","Cluster_492","evm.TU.chromosome_5.1003",-0.6,0.8,1,"5","5","5","2"
"4698","Cluster_492_evm.TU.chromosome_5.1162","Cluster_492","evm.TU.chromosome_5.1162",0.4,0.8,1,"3","3","3","5"
"4699","Cluster_492_evm.TU.chromosome_5.1201","Cluster_492","evm.TU.chromosome_5.1201",-0.4,0,1,"5","5","5","2"
"4700","Cluster_492_evm.TU.chromosome_5.1342","Cluster_492","evm.TU.chromosome_5.1342",0.6,0.8,0.5,"3","3","3","5"
"4701","Cluster_492_evm.TU.chromosome_5.1449","Cluster_492","evm.TU.chromosome_5.1449",-1,-0.4,0.5,"5","5","5","2"
"4702","Cluster_492_evm.TU.chromosome_5.1513","Cluster_492","evm.TU.chromosome_5.1513",-0.4,0.4,0.5,"5","5","5","2"
"4703","Cluster_492_evm.TU.chromosome_5.1524","Cluster_492","evm.TU.chromosome_5.1524",0.8,0.6,0.5,"3","3","3","5"
"4704","Cluster_492_evm.TU.chromosome_5.172","Cluster_492","evm.TU.chromosome_5.172",-0.2,0.4,0.5,"5","5","5","2"
"4705","Cluster_492_evm.TU.chromosome_5.1855","Cluster_492","evm.TU.chromosome_5.1855",0.632455532033676,0.258198889747161,-1,"2","2","2","3"
"4706","Cluster_492_evm.TU.chromosome_5.1885","Cluster_492","evm.TU.chromosome_5.1885",0,0.2,1,"5","5","5","2"
"4707","Cluster_492_evm.TU.chromosome_5.1900","Cluster_492","evm.TU.chromosome_5.1900",0.210818510677892,0.2,1,"1","1","1","4"
"4708","Cluster_492_evm.TU.chromosome_5.1965","Cluster_492","evm.TU.chromosome_5.1965",0.4,0.4,0.5,"3","3","3","5"
"4709","Cluster_492_evm.TU.chromosome_5.1972","Cluster_492","evm.TU.chromosome_5.1972",-0.4,-0.8,1,"1","1","1","4"
"4710","Cluster_492_evm.TU.chromosome_5.2256","Cluster_492","evm.TU.chromosome_5.2256",-0.8,0.4,1,"5","5","5","2"
"4711","Cluster_492_evm.TU.chromosome_5.2277","Cluster_492","evm.TU.chromosome_5.2277",-0.8,-0.4,0.5,"5","5","5","2"
"4712","Cluster_492_evm.TU.chromosome_5.2279","Cluster_492","evm.TU.chromosome_5.2279",-0.8,-0.2,0.5,"5","5","5","2"
"4713","Cluster_492_evm.TU.chromosome_5.2331","Cluster_492","evm.TU.chromosome_5.2331",0,-0.8,-0.5,"2","2","2","3"
"4714","Cluster_492_evm.TU.chromosome_5.2510","Cluster_492","evm.TU.chromosome_5.2510",0.8,0.8,1,"3","3","3","5"
"4715","Cluster_492_evm.TU.chromosome_5.2621","Cluster_492","evm.TU.chromosome_5.2621",-0.632455532033676,0.6,0.5,"5","5","5","2"
"4716","Cluster_492_evm.TU.chromosome_5.2644","Cluster_492","evm.TU.chromosome_5.2644",0.4,0.2,1,"1","1","1","4"
"4717","Cluster_492_evm.TU.chromosome_5.2668","Cluster_492","evm.TU.chromosome_5.2668",-0.258198889747161,-0.316227766016838,0.5,"1","1","1","4"
"4718","Cluster_492_evm.TU.chromosome_5.2735","Cluster_492","evm.TU.chromosome_5.2735",0.2,0.8,1,"5","5","5","2"
"4719","Cluster_492_evm.TU.chromosome_5.279","Cluster_492","evm.TU.chromosome_5.279",0.8,-0.316227766016838,0.5,"1","1","1","4"
"4720","Cluster_492_evm.TU.chromosome_5.37","Cluster_492","evm.TU.chromosome_5.37",0.2,0.8,0.5,"3","3","3","5"
"4721","Cluster_492_evm.TU.chromosome_5.372","Cluster_492","evm.TU.chromosome_5.372",-0.4,0.4,0.5,"5","5","5","2"
"4722","Cluster_492_evm.TU.chromosome_5.456","Cluster_492","evm.TU.chromosome_5.456",0,0.8,-0.5,"4","4","4","1"
"4723","Cluster_492_evm.TU.chromosome_5.466","Cluster_492","evm.TU.chromosome_5.466",0.8,-0.2,-0.5,"2","2","2","3"
"4724","Cluster_492_evm.TU.chromosome_5.851","Cluster_492","evm.TU.chromosome_5.851",0.4,0.6,1,"3","3","3","5"
"4725","Cluster_492_evm.TU.chromosome_6.1010","Cluster_492","evm.TU.chromosome_6.1010",0.4,-0.4,-1,"2","2","2","3"
"4726","Cluster_492_evm.TU.chromosome_6.1317","Cluster_492","evm.TU.chromosome_6.1317",0.8,0.4,1,"1","1","1","4"
"4727","Cluster_492_evm.TU.chromosome_6.1324","Cluster_492","evm.TU.chromosome_6.1324",0.2,1,1,"5","5","5","2"
"4728","Cluster_492_evm.TU.chromosome_6.1813","Cluster_492","evm.TU.chromosome_6.1813",-0.8,0,-0.5,"3","3","3","5"
"4729","Cluster_492_evm.TU.chromosome_6.1883","Cluster_492","evm.TU.chromosome_6.1883",-0.8,0.948683298050514,1,"5","5","5","2"
"4730","Cluster_492_evm.TU.chromosome_6.2031","Cluster_492","evm.TU.chromosome_6.2031",-0.4,0,0,"3","3","3","5"
"4731","Cluster_492_evm.TU.chromosome_6.2105","Cluster_492","evm.TU.chromosome_6.2105",-0.2,1,1,"5","5","5","2"
"4732","Cluster_492_evm.TU.chromosome_6.2166","Cluster_492","evm.TU.chromosome_6.2166",-0.4,1,1,"5","5","5","2"
"4733","Cluster_492_evm.TU.chromosome_6.2205","Cluster_492","evm.TU.chromosome_6.2205",0.4,0.4,0.5,"3","3","3","5"
"4734","Cluster_492_evm.TU.chromosome_6.2250","Cluster_492","evm.TU.chromosome_6.2250",-0.8,-0.6,0.5,"5","5","5","2"
"4735","Cluster_492_evm.TU.chromosome_6.2518","Cluster_492","evm.TU.chromosome_6.2518",0.6,0.8,1,"3","3","3","5"
"4736","Cluster_492_evm.TU.chromosome_6.2523","Cluster_492","evm.TU.chromosome_6.2523",0.8,-0.2,-0.5,"2","2","2","3"
"4737","Cluster_492_evm.TU.chromosome_6.2530","Cluster_492","evm.TU.chromosome_6.2530",0,0.6,-1,"4","4","4","1"
"4738","Cluster_492_evm.TU.chromosome_6.2541","Cluster_492","evm.TU.chromosome_6.2541",-0.4,0.6,1,"5","5","5","2"
"4739","Cluster_492_evm.TU.chromosome_6.2594","Cluster_492","evm.TU.chromosome_6.2594",-0.6,0.8,1,"5","5","5","2"
"4740","Cluster_492_evm.TU.chromosome_6.2629","Cluster_492","evm.TU.chromosome_6.2629",0.6,0.8,1,"3","3","3","5"
"4741","Cluster_492_evm.TU.chromosome_6.2668","Cluster_492","evm.TU.chromosome_6.2668",0.8,0.6,1,"3","3","3","5"
"4742","Cluster_492_evm.TU.chromosome_6.2728","Cluster_492","evm.TU.chromosome_6.2728",-0.4,-0.2,1,"5","5","5","2"
"4743","Cluster_492_evm.TU.chromosome_6.2803","Cluster_492","evm.TU.chromosome_6.2803",-0.4,1,1,"5","5","5","2"
"4744","Cluster_492_evm.TU.chromosome_6.2923","Cluster_492","evm.TU.chromosome_6.2923",0,-0.2,1,"1","1","1","4"
"4745","Cluster_492_evm.TU.chromosome_6.389","Cluster_492","evm.TU.chromosome_6.389",0,0.774596669241483,1,"5","5","5","2"
"4746","Cluster_492_evm.TU.chromosome_6.499","Cluster_492","evm.TU.chromosome_6.499",-0.4,-0.6,-0.5,"3","3","3","5"
"4747","Cluster_492_evm.TU.chromosome_6.527","Cluster_492","evm.TU.chromosome_6.527",0.8,1,1,"3","3","3","5"
"4748","Cluster_492_evm.TU.chromosome_6.574","Cluster_492","evm.TU.chromosome_6.574",0.2,0.2,1,"1","1","1","4"
"4749","Cluster_492_evm.TU.chromosome_6.621","Cluster_492","evm.TU.chromosome_6.621",-0.8,0.2,1,"5","5","5","2"
"4750","Cluster_492_evm.TU.chromosome_6.635","Cluster_492","evm.TU.chromosome_6.635",0.2,0.8,1,"5","5","5","2"
"4751","Cluster_492_evm.TU.chromosome_6.709","Cluster_492","evm.TU.chromosome_6.709",0.2,1,1,"5","5","5","2"
"4752","Cluster_492_evm.TU.chromosome_6.776","Cluster_492","evm.TU.chromosome_6.776",0,-0.4,0.5,"1","1","1","4"
"4753","Cluster_492_evm.TU.chromosome_6.792","Cluster_492","evm.TU.chromosome_6.792",-0.4,0.4,0.5,"5","5","5","2"
"4754","Cluster_492_evm.TU.chromosome_6.931","Cluster_492","evm.TU.chromosome_6.931",0,-0.6,-1,"2","2","2","3"
"4755","Cluster_492_evm.TU.chromosome_6.94","Cluster_492","evm.TU.chromosome_6.94",0.2,0.6,0.5,"3","3","3","5"
"4756","Cluster_492_evm.TU.chromosome_6.944","Cluster_492","evm.TU.chromosome_6.944",0,0.316227766016838,0.5,"3","3","3","5"
"4757","Cluster_492_evm.TU.chromosome_7.1023","Cluster_492","evm.TU.chromosome_7.1023",-0.4,0.8,0.5,"5","5","5","2"
"4758","Cluster_492_evm.TU.chromosome_7.1164","Cluster_492","evm.TU.chromosome_7.1164",-0.6,0.8,0.5,"5","5","5","2"
"4759","Cluster_492_evm.TU.chromosome_7.1273","Cluster_492","evm.TU.chromosome_7.1273",0.4,0.4,1,"3","3","3","5"
"4760","Cluster_492_evm.TU.chromosome_7.1446","Cluster_492","evm.TU.chromosome_7.1446",-0.2,0.4,0,"3","3","3","5"
"4761","Cluster_492_evm.TU.chromosome_7.1688","Cluster_492","evm.TU.chromosome_7.1688",0.4,0.4,1,"3","3","3","5"
"4762","Cluster_492_evm.TU.chromosome_7.173","Cluster_492","evm.TU.chromosome_7.173",-0.4,1,0.5,"5","5","5","2"
"4763","Cluster_492_evm.TU.chromosome_7.1774","Cluster_492","evm.TU.chromosome_7.1774",0.6,-0.2,0,"2","2","2","3"
"4764","Cluster_492_evm.TU.chromosome_7.1844","Cluster_492","evm.TU.chromosome_7.1844",0.4,0.2,1,"1","1","1","4"
"4765","Cluster_492_evm.TU.chromosome_7.1955","Cluster_492","evm.TU.chromosome_7.1955",-0.2,0.8,1,"5","5","5","2"
"4766","Cluster_492_evm.TU.chromosome_7.2061","Cluster_492","evm.TU.chromosome_7.2061",0.258198889747161,0.316227766016838,0.866025403784439,"3","3","3","5"
"4767","Cluster_492_evm.TU.chromosome_7.2106","Cluster_492","evm.TU.chromosome_7.2106",0.8,0.8,0.5,"3","3","3","5"
"4768","Cluster_492_evm.TU.chromosome_7.2137","Cluster_492","evm.TU.chromosome_7.2137",-0.2,0.8,1,"5","5","5","2"
"4769","Cluster_492_evm.TU.chromosome_7.2341","Cluster_492","evm.TU.chromosome_7.2341",0.4,-0.8,-1,"2","2","2","3"
"4770","Cluster_492_evm.TU.chromosome_7.236","Cluster_492","evm.TU.chromosome_7.236",0.2,-0.6,-1,"2","2","2","3"
"4771","Cluster_492_evm.TU.chromosome_7.2364","Cluster_492","evm.TU.chromosome_7.2364",0.8,0.258198889747161,0.5,"3","3","3","5"
"4772","Cluster_492_evm.TU.chromosome_7.2575","Cluster_492","evm.TU.chromosome_7.2575",-0.8,-0.6,0.5,"5","5","5","2"
"4773","Cluster_492_evm.TU.chromosome_7.2582","Cluster_492","evm.TU.chromosome_7.2582",1,0.6,1,"3","3","3","5"
"4774","Cluster_492_evm.TU.chromosome_7.2689","Cluster_492","evm.TU.chromosome_7.2689",0.2,0.4,-1,"4","4","4","1"
"4775","Cluster_492_evm.TU.chromosome_7.415","Cluster_492","evm.TU.chromosome_7.415",0.8,0.948683298050514,1,"3","3","3","5"
"4776","Cluster_492_evm.TU.chromosome_7.419","Cluster_492","evm.TU.chromosome_7.419",-1,-0.6,0.5,"5","5","5","2"
"4777","Cluster_492_evm.TU.chromosome_7.447","Cluster_492","evm.TU.chromosome_7.447",0.2,0.8,1,"5","5","5","2"
"4778","Cluster_492_evm.TU.chromosome_7.450","Cluster_492","evm.TU.chromosome_7.450",-0.6,0.4,-1,"4","4","4","1"
"4779","Cluster_492_evm.TU.chromosome_7.484","Cluster_492","evm.TU.chromosome_7.484",0.4,0.8,0.5,"3","3","3","5"
"4780","Cluster_492_evm.TU.chromosome_7.500","Cluster_492","evm.TU.chromosome_7.500",0.2,0,-0.5,"2","2","2","3"
"4781","Cluster_492_evm.TU.chromosome_7.564","Cluster_492","evm.TU.chromosome_7.564",0.2,-0.8,0.5,"1","1","1","4"
"4782","Cluster_492_evm.TU.chromosome_7.568","Cluster_492","evm.TU.chromosome_7.568",-0.8,0.2,0.5,"5","5","5","2"
"4783","Cluster_492_evm.TU.chromosome_7.619","Cluster_492","evm.TU.chromosome_7.619",-0.4,-0.4,-0.5,"3","3","3","5"
"4784","Cluster_492_evm.TU.chromosome_7.649","Cluster_492","evm.TU.chromosome_7.649",0,-0.6,-1,"2","2","2","3"
"4785","Cluster_492_evm.TU.chromosome_7.736","Cluster_492","evm.TU.chromosome_7.736",-1,0.737864787372622,1,"5","5","5","2"
"4786","Cluster_492_evm.TU.chromosome_7.788","Cluster_492","evm.TU.chromosome_7.788",0.2,1,1,"5","5","5","2"
"4787","Cluster_492_evm.TU.chromosome_8.1016","Cluster_492","evm.TU.chromosome_8.1016",0.6,-1,-0.5,"2","2","2","3"
"4788","Cluster_492_evm.TU.chromosome_8.1073","Cluster_492","evm.TU.chromosome_8.1073",0.6,0.8,0.5,"3","3","3","5"
"4789","Cluster_492_evm.TU.chromosome_8.122","Cluster_492","evm.TU.chromosome_8.122",-0.8,-0.6,0.5,"5","5","5","2"
"4790","Cluster_492_evm.TU.chromosome_8.1243","Cluster_492","evm.TU.chromosome_8.1243",0.2,0.6,1,"5","5","5","2"
"4791","Cluster_492_evm.TU.chromosome_8.1532","Cluster_492","evm.TU.chromosome_8.1532",-0.4,0.8,1,"5","5","5","2"
"4792","Cluster_492_evm.TU.chromosome_8.1539","Cluster_492","evm.TU.chromosome_8.1539",-0.8,0.774596669241483,0.5,"5","5","5","2"
"4793","Cluster_492_evm.TU.chromosome_8.1638","Cluster_492","evm.TU.chromosome_8.1638",-0.8,0.8,0.5,"5","5","5","2"
"4794","Cluster_492_evm.TU.chromosome_8.1979","Cluster_492","evm.TU.chromosome_8.1979",0.8,-0.4,0.5,"1","1","1","4"
"4795","Cluster_492_evm.TU.chromosome_8.2108","Cluster_492","evm.TU.chromosome_8.2108",0.4,-0.4,1,"1","1","1","4"
"4796","Cluster_492_evm.TU.chromosome_8.2128","Cluster_492","evm.TU.chromosome_8.2128",-0.632455532033676,-0.632455532033676,0.5,"1","1","1","4"
"4797","Cluster_492_evm.TU.chromosome_8.2157","Cluster_492","evm.TU.chromosome_8.2157",-0.8,1,1,"5","5","5","2"
"4798","Cluster_492_evm.TU.chromosome_8.2193","Cluster_492","evm.TU.chromosome_8.2193",-1,0.8,0.5,"5","5","5","2"
"4799","Cluster_492_evm.TU.chromosome_8.2616","Cluster_492","evm.TU.chromosome_8.2616",0.2,0,-0.5,"2","2","2","3"
"4800","Cluster_492_evm.TU.chromosome_8.2651","Cluster_492","evm.TU.chromosome_8.2651",-0.6,0.8,0.5,"5","5","5","2"
"4801","Cluster_492_evm.TU.chromosome_8.2677","Cluster_492","evm.TU.chromosome_8.2677",0.8,1,1,"3","3","3","5"
"4802","Cluster_492_evm.TU.chromosome_8.305","Cluster_492","evm.TU.chromosome_8.305",0.4,0.2,1,"1","1","1","4"
"4803","Cluster_492_evm.TU.chromosome_8.384","Cluster_492","evm.TU.chromosome_8.384",-0.8,0,-0.5,"3","3","3","5"
"4804","Cluster_492_evm.TU.chromosome_8.502","Cluster_492","evm.TU.chromosome_8.502",-0.8,0.6,1,"5","5","5","2"
"4805","Cluster_492_evm.TU.chromosome_9.1045","Cluster_492","evm.TU.chromosome_9.1045",0.2,0.4,-0.5,"4","4","4","1"
"4806","Cluster_492_evm.TU.chromosome_9.1222","Cluster_492","evm.TU.chromosome_9.1222",1,0,0.5,"2","2","2","3"
"4807","Cluster_492_evm.TU.chromosome_9.1269","Cluster_492","evm.TU.chromosome_9.1269",-0.4,0.8,1,"5","5","5","2"
"4808","Cluster_492_evm.TU.chromosome_9.1309","Cluster_492","evm.TU.chromosome_9.1309",0.4,0,-1,"2","2","2","3"
"4809","Cluster_492_evm.TU.chromosome_9.154","Cluster_492","evm.TU.chromosome_9.154",0.258198889747161,-0.316227766016838,0.5,"1","1","1","4"
"4810","Cluster_492_evm.TU.chromosome_9.1563","Cluster_492","evm.TU.chromosome_9.1563",-0.2,1,0.5,"5","5","5","2"
"4811","Cluster_492_evm.TU.chromosome_9.1653","Cluster_492","evm.TU.chromosome_9.1653",-0.8,-0.4,0.5,"5","5","5","2"
"4812","Cluster_492_evm.TU.chromosome_9.1771","Cluster_492","evm.TU.chromosome_9.1771",0,1,1,"5","5","5","2"
"4813","Cluster_492_evm.TU.chromosome_9.2232","Cluster_492","evm.TU.chromosome_9.2232",-0.4,0.4,-1,"4","4","4","1"
"4814","Cluster_492_evm.TU.chromosome_9.2233","Cluster_492","evm.TU.chromosome_9.2233",-0.4,-0.4,0.5,"1","1","1","4"
"4815","Cluster_492_evm.TU.chromosome_9.2333","Cluster_492","evm.TU.chromosome_9.2333",0.8,0,1,"1","1","1","4"
"4816","Cluster_492_evm.TU.chromosome_9.2337","Cluster_492","evm.TU.chromosome_9.2337",0.2,-0.8,-0.5,"2","2","2","3"
"4817","Cluster_492_evm.TU.chromosome_9.2623","Cluster_492","evm.TU.chromosome_9.2623",0.4,0.8,1,"3","3","3","5"
"4818","Cluster_492_evm.TU.chromosome_9.2637","Cluster_492","evm.TU.chromosome_9.2637",-1,0.8,-0.5,"4","4","4","1"
"4819","Cluster_492_evm.TU.chromosome_9.2686","Cluster_492","evm.TU.chromosome_9.2686",-0.4,-0.4,-0.5,"3","3","3","5"
"4820","Cluster_492_evm.TU.chromosome_9.2711","Cluster_492","evm.TU.chromosome_9.2711",0,0.8,-0.5,"4","4","4","1"
"4821","Cluster_492_evm.TU.chromosome_9.279","Cluster_492","evm.TU.chromosome_9.279",0.6,0.8,1,"3","3","3","5"
"4822","Cluster_492_evm.TU.chromosome_9.2917","Cluster_492","evm.TU.chromosome_9.2917",0.4,1,1,"3","3","3","5"
"4823","Cluster_492_evm.TU.chromosome_9.459","Cluster_492","evm.TU.chromosome_9.459",-0.4,0.8,1,"5","5","5","2"
"4824","Cluster_492_evm.TU.chromosome_9.461","Cluster_492","evm.TU.chromosome_9.461",0,0.4,0.5,"3","3","3","5"
"4825","Cluster_492_evm.TU.chromosome_9.51","Cluster_492","evm.TU.chromosome_9.51",-0.6,0,0.5,"5","5","5","2"
"4826","Cluster_492_evm.TU.chromosome_9.708","Cluster_492","evm.TU.chromosome_9.708",-0.6,-0.4,-0.5,"3","3","3","5"
"4827","Cluster_492_evm.TU.chromosome_9.782","Cluster_492","evm.TU.chromosome_9.782",-0.2,-0.316227766016838,0.5,"1","1","1","4"
"4828","Cluster_492_evm.TU.chromosome_9.943","Cluster_492","evm.TU.chromosome_9.943",-0.4,0.4,1,"5","5","5","2"
"4829","Cluster_5061_evm.TU.chromosome_1.330","Cluster_5061","evm.TU.chromosome_1.330",0.8,-0.774596669241483,0,"2","2","2","3"
"4830","Cluster_5061_evm.TU.chromosome_1.367","Cluster_5061","evm.TU.chromosome_1.367",0.632455532033676,-0.948683298050514,0,"1","1","1","4"
"4831","Cluster_5061_evm.TU.chromosome_10.1001","Cluster_5061","evm.TU.chromosome_10.1001",0,-0.4,1,"1","1","1","4"
"4832","Cluster_5061_evm.TU.chromosome_10.1253","Cluster_5061","evm.TU.chromosome_10.1253",0.4,0.2,1,"1","1","1","4"
"4833","Cluster_5061_evm.TU.chromosome_10.2203","Cluster_5061","evm.TU.chromosome_10.2203",0,-0.210818510677892,0.866025403784439,"1","1","1","4"
"4834","Cluster_5061_evm.TU.chromosome_10.2296","Cluster_5061","evm.TU.chromosome_10.2296",-0.316227766016838,-0.258198889747161,0.866025403784439,"1","1","1","4"
"4835","Cluster_5061_evm.TU.chromosome_10.2414","Cluster_5061","evm.TU.chromosome_10.2414",-0.8,0.105409255338946,0,"5","5","5","2"
"4836","Cluster_5061_evm.TU.chromosome_11.1899","Cluster_5061","evm.TU.chromosome_11.1899",-0.4,0.4,0,"3","3","3","5"
"4837","Cluster_5061_evm.TU.chromosome_11.2032","Cluster_5061","evm.TU.chromosome_11.2032",0.4,-0.774596669241483,1,"1","1","1","4"
"4838","Cluster_5061_evm.TU.chromosome_11.591","Cluster_5061","evm.TU.chromosome_11.591",0.2,-0.948683298050514,0,"1","1","1","4"
"4839","Cluster_5061_evm.TU.chromosome_12.2966","Cluster_5061","evm.TU.chromosome_12.2966",0.8,-0.316227766016838,1,"1","1","1","4"
"4840","Cluster_5061_evm.TU.chromosome_12.2984","Cluster_5061","evm.TU.chromosome_12.2984",0.737864787372622,-0.774596669241483,1,"1","1","1","4"
"4841","Cluster_5061_evm.TU.chromosome_12.3262","Cluster_5061","evm.TU.chromosome_12.3262",0.774596669241483,-0.258198889747161,0,"2","2","2","3"
"4842","Cluster_5061_evm.TU.chromosome_12.3672","Cluster_5061","evm.TU.chromosome_12.3672",0,-0.316227766016838,0.866025403784439,"1","1","1","4"
"4843","Cluster_5061_evm.TU.chromosome_13.1645","Cluster_5061","evm.TU.chromosome_13.1645",-0.4,-0.737864787372622,0,"1","1","1","4"
"4844","Cluster_5061_evm.TU.chromosome_13.1943","Cluster_5061","evm.TU.chromosome_13.1943",0.2,0.2,1,"1","1","1","4"
"4845","Cluster_5061_evm.TU.chromosome_13.2373","Cluster_5061","evm.TU.chromosome_13.2373",0.2,-0.632455532033676,0.5,"1","1","1","4"
"4846","Cluster_5061_evm.TU.chromosome_13.2383","Cluster_5061","evm.TU.chromosome_13.2383",-0.2,0.2,0.5,"5","5","5","2"
"4847","Cluster_5061_evm.TU.chromosome_13.2428","Cluster_5061","evm.TU.chromosome_13.2428",-0.4,-0.4,-0.5,"3","3","3","5"
"4848","Cluster_5061_evm.TU.chromosome_13.2718","Cluster_5061","evm.TU.chromosome_13.2718",0.4,0.632455532033676,0.866025403784439,"3","3","3","5"
"4849","Cluster_5061_evm.TU.chromosome_13.3556","Cluster_5061","evm.TU.chromosome_13.3556",0.774596669241483,-0.6,0.5,"1","1","1","4"
"4850","Cluster_5061_evm.TU.chromosome_13.90","Cluster_5061","evm.TU.chromosome_13.90",0,0.4,0.5,"3","3","3","5"
"4851","Cluster_5061_evm.TU.chromosome_13.96","Cluster_5061","evm.TU.chromosome_13.96",-0.8,0.2,0,"5","5","5","2"
"4852","Cluster_5061_evm.TU.chromosome_14.3565","Cluster_5061","evm.TU.chromosome_14.3565",0.948683298050514,-0.774596669241483,1,"1","1","1","4"
"4853","Cluster_5061_evm.TU.chromosome_14.5239","Cluster_5061","evm.TU.chromosome_14.5239",0,-0.774596669241483,0.866025403784439,"1","1","1","4"
"4854","Cluster_5061_evm.TU.chromosome_14.6094","Cluster_5061","evm.TU.chromosome_14.6094",-0.737864787372622,-0.774596669241483,0,"1","1","1","4"
"4855","Cluster_5061_evm.TU.chromosome_14.6416","Cluster_5061","evm.TU.chromosome_14.6416",0.948683298050514,-0.316227766016838,0.866025403784439,"1","1","1","4"
"4856","Cluster_5061_evm.TU.chromosome_14.7332","Cluster_5061","evm.TU.chromosome_14.7332",1,-0.316227766016838,1,"1","1","1","4"
"4857","Cluster_5061_evm.TU.chromosome_2.1151","Cluster_5061","evm.TU.chromosome_2.1151",-0.2,-0.4,0,"3","3","3","5"
"4858","Cluster_5061_evm.TU.chromosome_2.1698","Cluster_5061","evm.TU.chromosome_2.1698",-0.8,0.4,0.5,"5","5","5","2"
"4859","Cluster_5061_evm.TU.chromosome_3.1098","Cluster_5061","evm.TU.chromosome_3.1098",-0.4,-0.774596669241483,0.5,"1","1","1","4"
"4860","Cluster_5061_evm.TU.chromosome_3.1493","Cluster_5061","evm.TU.chromosome_3.1493",0.4,-0.258198889747161,0.866025403784439,"1","1","1","4"
"4861","Cluster_5061_evm.TU.chromosome_3.152","Cluster_5061","evm.TU.chromosome_3.152",0.2,0.6,1,"5","5","5","2"
"4862","Cluster_5061_evm.TU.chromosome_3.1805","Cluster_5061","evm.TU.chromosome_3.1805",-0.4,-0.316227766016838,0,"3","3","3","5"
"4863","Cluster_5061_evm.TU.chromosome_3.2056","Cluster_5061","evm.TU.chromosome_3.2056",-0.8,-0.316227766016838,0.866025403784439,"5","5","5","2"
"4864","Cluster_5061_evm.TU.chromosome_3.534","Cluster_5061","evm.TU.chromosome_3.534",0.737864787372622,-0.774596669241483,0,"2","2","2","3"
"4865","Cluster_5061_evm.TU.chromosome_4.1272","Cluster_5061","evm.TU.chromosome_4.1272",0,0.8,1,"5","5","5","2"
"4866","Cluster_5061_evm.TU.chromosome_4.2132","Cluster_5061","evm.TU.chromosome_4.2132",-0.4,0.2,1,"5","5","5","2"
"4867","Cluster_5061_evm.TU.chromosome_4.958","Cluster_5061","evm.TU.chromosome_4.958",0.8,0.6,1,"3","3","3","5"
"4868","Cluster_5061_evm.TU.chromosome_5.220","Cluster_5061","evm.TU.chromosome_5.220",0.8,0.632455532033676,0,"2","2","2","3"
"4869","Cluster_5061_evm.TU.chromosome_6.2626","Cluster_5061","evm.TU.chromosome_6.2626",0.8,0.2,0,"2","2","2","3"
"4870","Cluster_5061_evm.TU.chromosome_7.129","Cluster_5061","evm.TU.chromosome_7.129",1,-0.4,0.5,"1","1","1","4"
"4871","Cluster_5061_evm.TU.chromosome_7.1395","Cluster_5061","evm.TU.chromosome_7.1395",0.258198889747161,-0.210818510677892,0.866025403784439,"1","1","1","4"
"4872","Cluster_5061_evm.TU.chromosome_7.1403","Cluster_5061","evm.TU.chromosome_7.1403",0.8,-0.774596669241483,1,"1","1","1","4"
"4873","Cluster_5061_evm.TU.chromosome_7.1516","Cluster_5061","evm.TU.chromosome_7.1516",-0.774596669241483,-0.948683298050514,0.866025403784439,"1","1","1","4"
"4874","Cluster_5061_evm.TU.chromosome_7.2283","Cluster_5061","evm.TU.chromosome_7.2283",0.8,-0.737864787372622,0,"2","2","2","3"
"4875","Cluster_5061_evm.TU.chromosome_7.911","Cluster_5061","evm.TU.chromosome_7.911",-0.2,0,1,"5","5","5","2"
"4876","Cluster_5061_evm.TU.chromosome_7.958","Cluster_5061","evm.TU.chromosome_7.958",0.737864787372622,0.8,0,"4","4","4","1"
"4877","Cluster_5061_evm.TU.chromosome_8.1121","Cluster_5061","evm.TU.chromosome_8.1121",-0.8,-0.4,1,"5","5","5","2"
"4878","Cluster_5061_evm.TU.chromosome_8.1313","Cluster_5061","evm.TU.chromosome_8.1313",0.4,0.4,-1,"4","4","4","1"
"4879","Cluster_5061_evm.TU.chromosome_8.1352","Cluster_5061","evm.TU.chromosome_8.1352",-1,-0.4,1,"5","5","5","2"
"4880","Cluster_5061_evm.TU.chromosome_8.1386","Cluster_5061","evm.TU.chromosome_8.1386",0.4,0.4,0.5,"3","3","3","5"
"4881","Cluster_5061_evm.TU.chromosome_8.1387","Cluster_5061","evm.TU.chromosome_8.1387",0.737864787372622,0.2,0,"2","2","2","3"
"4882","Cluster_5061_evm.TU.chromosome_8.1989","Cluster_5061","evm.TU.chromosome_8.1989",-0.6,0.8,0.866025403784439,"5","5","5","2"
"4883","Cluster_5061_evm.TU.chromosome_8.285","Cluster_5061","evm.TU.chromosome_8.285",0.4,-0.6,0.5,"1","1","1","4"
"4884","Cluster_5061_evm.TU.chromosome_8.434","Cluster_5061","evm.TU.chromosome_8.434",0.774596669241483,-0.316227766016838,-0.5,"2","2","2","3"
"4885","Cluster_5061_evm.TU.chromosome_9.1241","Cluster_5061","evm.TU.chromosome_9.1241",-0.2,-0.210818510677892,0.866025403784439,"1","1","1","4"
"4886","Cluster_508_evm.TU.chromosome_1.1002","Cluster_508","evm.TU.chromosome_1.1002",-0.948683298050514,-0.258198889747161,-0.5,"3","3","3","5"
"4887","Cluster_508_evm.TU.chromosome_1.1004","Cluster_508","evm.TU.chromosome_1.1004",0,0,0.5,"3","3","3","5"
"4888","Cluster_508_evm.TU.chromosome_1.1098","Cluster_508","evm.TU.chromosome_1.1098",0.4,-0.8,-0.5,"2","2","2","3"
"4889","Cluster_508_evm.TU.chromosome_1.1199_evm.TU.chromosome_1.1201","Cluster_508","evm.TU.chromosome_1.1199_evm.TU.chromosome_1.1201",0.2,0.4,-0.5,"4","4","4","1"
"4890","Cluster_508_evm.TU.chromosome_1.1380","Cluster_508","evm.TU.chromosome_1.1380",0.4,-0.316227766016838,-0.5,"2","2","2","3"
"4891","Cluster_508_evm.TU.chromosome_1.1500","Cluster_508","evm.TU.chromosome_1.1500",-0.8,-0.737864787372622,-0.5,"3","3","3","5"
"4892","Cluster_508_evm.TU.chromosome_1.1628","Cluster_508","evm.TU.chromosome_1.1628",-1,-0.4,0.5,"5","5","5","2"
"4893","Cluster_508_evm.TU.chromosome_1.622","Cluster_508","evm.TU.chromosome_1.622",0.2,-0.4,0.5,"1","1","1","4"
"4894","Cluster_508_evm.TU.chromosome_1.651","Cluster_508","evm.TU.chromosome_1.651",-0.4,-1,-0.5,"1","1","1","4"
"4895","Cluster_508_evm.TU.chromosome_1.983","Cluster_508","evm.TU.chromosome_1.983",0.6,-0.2,-0.5,"2","2","2","3"
"4896","Cluster_508_evm.TU.chromosome_10.1113","Cluster_508","evm.TU.chromosome_10.1113",0.2,-0.737864787372622,-0.5,"2","2","2","3"
"4897","Cluster_508_evm.TU.chromosome_10.1844","Cluster_508","evm.TU.chromosome_10.1844",0.2,-0.2,0.5,"1","1","1","4"
"4898","Cluster_508_evm.TU.chromosome_10.1846","Cluster_508","evm.TU.chromosome_10.1846",1,0.258198889747161,-0.5,"2","2","2","3"
"4899","Cluster_508_evm.TU.chromosome_10.219","Cluster_508","evm.TU.chromosome_10.219",-0.948683298050514,0.105409255338946,0,"5","5","5","2"
"4900","Cluster_508_evm.TU.chromosome_10.2986","Cluster_508","evm.TU.chromosome_10.2986",-0.4,-1,-0.5,"1","1","1","4"
"4901","Cluster_508_evm.TU.chromosome_10.3038","Cluster_508","evm.TU.chromosome_10.3038",0.4,-0.2,-0.5,"2","2","2","3"
"4902","Cluster_508_evm.TU.chromosome_10.3241","Cluster_508","evm.TU.chromosome_10.3241",-1,-0.6,0.5,"5","5","5","2"
"4903","Cluster_508_evm.TU.chromosome_11.1274","Cluster_508","evm.TU.chromosome_11.1274",0.4,-0.8,-0.5,"2","2","2","3"
"4904","Cluster_508_evm.TU.chromosome_11.1711","Cluster_508","evm.TU.chromosome_11.1711",-0.4,-0.2,-0.5,"3","3","3","5"
"4905","Cluster_508_evm.TU.chromosome_11.3090","Cluster_508","evm.TU.chromosome_11.3090",0.2,-0.8,0.5,"1","1","1","4"
"4906","Cluster_508_evm.TU.chromosome_11.3093","Cluster_508","evm.TU.chromosome_11.3093",0,-0.948683298050514,0.5,"1","1","1","4"
"4907","Cluster_508_evm.TU.chromosome_11.526","Cluster_508","evm.TU.chromosome_11.526",0,-0.8,-0.5,"2","2","2","3"
"4908","Cluster_508_evm.TU.chromosome_11.653","Cluster_508","evm.TU.chromosome_11.653",-0.8,0.4,0.5,"5","5","5","2"
"4909","Cluster_508_evm.TU.chromosome_11.755","Cluster_508","evm.TU.chromosome_11.755",0.4,0.4,0.5,"3","3","3","5"
"4910","Cluster_508_evm.TU.chromosome_12.103","Cluster_508","evm.TU.chromosome_12.103",0.6,-0.948683298050514,-0.5,"2","2","2","3"
"4911","Cluster_508_evm.TU.chromosome_12.107","Cluster_508","evm.TU.chromosome_12.107",-1,0,-0.5,"3","3","3","5"
"4912","Cluster_508_evm.TU.chromosome_12.108","Cluster_508","evm.TU.chromosome_12.108",0.8,-0.4,-0.5,"2","2","2","3"
"4913","Cluster_508_evm.TU.chromosome_12.110","Cluster_508","evm.TU.chromosome_12.110",-0.258198889747161,-0.774596669241483,-0.866025403784439,"2","2","2","3"
"4914","Cluster_508_evm.TU.chromosome_12.1214","Cluster_508","evm.TU.chromosome_12.1214",0.8,-0.737864787372622,0.5,"1","1","1","4"
"4915","Cluster_508_evm.TU.chromosome_12.1967","Cluster_508","evm.TU.chromosome_12.1967",-0.4,-0.4,0.5,"1","1","1","4"
"4916","Cluster_508_evm.TU.chromosome_12.2057","Cluster_508","evm.TU.chromosome_12.2057",-0.4,-0.8,0.5,"1","1","1","4"
"4917","Cluster_508_evm.TU.chromosome_12.2596","Cluster_508","evm.TU.chromosome_12.2596",-0.105409255338946,0.6,-0.866025403784439,"4","4","4","1"
"4918","Cluster_508_evm.TU.chromosome_12.2649","Cluster_508","evm.TU.chromosome_12.2649",-0.2,-0.8,-0.5,"3","3","3","5"
"4919","Cluster_508_evm.TU.chromosome_12.3119","Cluster_508","evm.TU.chromosome_12.3119",-0.8,-0.8,0.5,"1","1","1","4"
"4920","Cluster_508_evm.TU.chromosome_12.3180","Cluster_508","evm.TU.chromosome_12.3180",0.8,0.2,-1,"2","2","2","3"
"4921","Cluster_508_evm.TU.chromosome_12.3208","Cluster_508","evm.TU.chromosome_12.3208",0.8,0.6,0.5,"3","3","3","5"
"4922","Cluster_508_evm.TU.chromosome_12.3249","Cluster_508","evm.TU.chromosome_12.3249",-0.8,-0.2,-0.5,"3","3","3","5"
"4923","Cluster_508_evm.TU.chromosome_12.3473","Cluster_508","evm.TU.chromosome_12.3473",0,0.632455532033676,0.5,"3","3","3","5"
"4924","Cluster_508_evm.TU.chromosome_12.738","Cluster_508","evm.TU.chromosome_12.738",-0.8,-1,0.5,"1","1","1","4"
"4925","Cluster_508_evm.TU.chromosome_12.757","Cluster_508","evm.TU.chromosome_12.757",0.4,-0.8,0.5,"1","1","1","4"
"4926","Cluster_508_evm.TU.chromosome_12.86","Cluster_508","evm.TU.chromosome_12.86",0.8,-0.6,-0.5,"2","2","2","3"
"4927","Cluster_508_evm.TU.chromosome_12.865","Cluster_508","evm.TU.chromosome_12.865",-0.8,-0.774596669241483,0.5,"1","1","1","4"
"4928","Cluster_508_evm.TU.chromosome_13.1313","Cluster_508","evm.TU.chromosome_13.1313",0.4,-0.948683298050514,-0.5,"2","2","2","3"
"4929","Cluster_508_evm.TU.chromosome_13.1474","Cluster_508","evm.TU.chromosome_13.1474",1,-0.4,0.5,"1","1","1","4"
"4930","Cluster_508_evm.TU.chromosome_13.18","Cluster_508","evm.TU.chromosome_13.18",0.4,-0.6,-0.5,"2","2","2","3"
"4931","Cluster_508_evm.TU.chromosome_13.2127","Cluster_508","evm.TU.chromosome_13.2127",0.8,0,0.5,"1","1","1","4"
"4932","Cluster_508_evm.TU.chromosome_13.2128","Cluster_508","evm.TU.chromosome_13.2128",-0.8,0.4,0.5,"5","5","5","2"
"4933","Cluster_508_evm.TU.chromosome_13.2373","Cluster_508","evm.TU.chromosome_13.2373",-0.4,-0.105409255338946,-0.5,"3","3","3","5"
"4934","Cluster_508_evm.TU.chromosome_13.2495","Cluster_508","evm.TU.chromosome_13.2495",-0.6,-0.774596669241483,0.5,"1","1","1","4"
"4935","Cluster_508_evm.TU.chromosome_13.2502","Cluster_508","evm.TU.chromosome_13.2502",-0.8,-0.4,0.5,"5","5","5","2"
"4936","Cluster_508_evm.TU.chromosome_13.2537","Cluster_508","evm.TU.chromosome_13.2537",-0.258198889747161,-0.948683298050514,0.5,"1","1","1","4"
"4937","Cluster_508_evm.TU.chromosome_13.2740","Cluster_508","evm.TU.chromosome_13.2740",0.8,0.4,0.5,"3","3","3","5"
"4938","Cluster_508_evm.TU.chromosome_13.2789","Cluster_508","evm.TU.chromosome_13.2789",0,-0.6,0.5,"1","1","1","4"
"4939","Cluster_508_evm.TU.chromosome_13.3008","Cluster_508","evm.TU.chromosome_13.3008",-0.4,0.8,-0.5,"4","4","4","1"
"4940","Cluster_508_evm.TU.chromosome_13.3571","Cluster_508","evm.TU.chromosome_13.3571",-1,-1,0.5,"1","1","1","4"
"4941","Cluster_508_evm.TU.chromosome_13.4134","Cluster_508","evm.TU.chromosome_13.4134",-0.2,-0.737864787372622,0.5,"1","1","1","4"
"4942","Cluster_508_evm.TU.chromosome_13.703","Cluster_508","evm.TU.chromosome_13.703",0.4,-0.8,0.5,"1","1","1","4"
"4943","Cluster_508_evm.TU.chromosome_13.73","Cluster_508","evm.TU.chromosome_13.73",0.4,0.2,-0.5,"2","2","2","3"
"4944","Cluster_508_evm.TU.chromosome_13.733","Cluster_508","evm.TU.chromosome_13.733",-0.2,-0.4,0.5,"1","1","1","4"
"4945","Cluster_508_evm.TU.chromosome_13.82","Cluster_508","evm.TU.chromosome_13.82",0.4,0.2,0.5,"3","3","3","5"
"4946","Cluster_508_evm.TU.chromosome_14.1553","Cluster_508","evm.TU.chromosome_14.1553",0.4,-0.8,0.5,"1","1","1","4"
"4947","Cluster_508_evm.TU.chromosome_14.1638","Cluster_508","evm.TU.chromosome_14.1638",0.4,0.4,0.5,"3","3","3","5"
"4948","Cluster_508_evm.TU.chromosome_14.2868","Cluster_508","evm.TU.chromosome_14.2868",-0.4,-0.4,0.5,"1","1","1","4"
"4949","Cluster_508_evm.TU.chromosome_14.4695","Cluster_508","evm.TU.chromosome_14.4695",-0.8,0.8,-0.866025403784439,"4","4","4","1"
"4950","Cluster_508_evm.TU.chromosome_14.4913","Cluster_508","evm.TU.chromosome_14.4913",-0.632455532033676,-0.948683298050514,0.866025403784439,"1","1","1","4"
"4951","Cluster_508_evm.TU.chromosome_14.4914","Cluster_508","evm.TU.chromosome_14.4914",0.2,0.2,-0.5,"4","4","4","1"
"4952","Cluster_508_evm.TU.chromosome_14.6402","Cluster_508","evm.TU.chromosome_14.6402",-0.2,-0.8,0.5,"1","1","1","4"
"4953","Cluster_508_evm.TU.chromosome_14.665","Cluster_508","evm.TU.chromosome_14.665",0.8,-0.6,0.5,"1","1","1","4"
"4954","Cluster_508_evm.TU.chromosome_14.7144","Cluster_508","evm.TU.chromosome_14.7144",-0.8,-0.8,-0.5,"3","3","3","5"
"4955","Cluster_508_evm.TU.chromosome_14.7222","Cluster_508","evm.TU.chromosome_14.7222",0.6,0.6,-0.5,"4","4","4","1"
"4956","Cluster_508_evm.TU.chromosome_2.1100","Cluster_508","evm.TU.chromosome_2.1100",-0.4,0.2,-0.5,"4","4","4","1"
"4957","Cluster_508_evm.TU.chromosome_2.249","Cluster_508","evm.TU.chromosome_2.249",0.2,-0.4,-0.5,"2","2","2","3"
"4958","Cluster_508_evm.TU.chromosome_2.323","Cluster_508","evm.TU.chromosome_2.323",-0.8,-1,0.5,"1","1","1","4"
"4959","Cluster_508_evm.TU.chromosome_2.800","Cluster_508","evm.TU.chromosome_2.800",-0.8,-0.948683298050514,-0.5,"3","3","3","5"
"4960","Cluster_508_evm.TU.chromosome_3.1315","Cluster_508","evm.TU.chromosome_3.1315",-0.774596669241483,0.316227766016838,0.5,"5","5","5","2"
"4961","Cluster_508_evm.TU.chromosome_3.1474","Cluster_508","evm.TU.chromosome_3.1474",-0.8,-0.4,0.5,"5","5","5","2"
"4962","Cluster_508_evm.TU.chromosome_3.18","Cluster_508","evm.TU.chromosome_3.18",0.8,0.6,0.5,"3","3","3","5"
"4963","Cluster_508_evm.TU.chromosome_3.1869","Cluster_508","evm.TU.chromosome_3.1869",-0.8,0,-1,"4","4","4","1"
"4964","Cluster_508_evm.TU.chromosome_3.380","Cluster_508","evm.TU.chromosome_3.380",-0.4,0.4,-0.5,"4","4","4","1"
"4965","Cluster_508_evm.TU.chromosome_3.386","Cluster_508","evm.TU.chromosome_3.386",0.8,-0.8,1,"1","1","1","4"
"4966","Cluster_508_evm.TU.chromosome_4.1628","Cluster_508","evm.TU.chromosome_4.1628",0.2,-0.4,0.5,"1","1","1","4"
"4967","Cluster_508_evm.TU.chromosome_4.1710","Cluster_508","evm.TU.chromosome_4.1710",-0.8,0.6,-0.5,"4","4","4","1"
"4968","Cluster_508_evm.TU.chromosome_4.372","Cluster_508","evm.TU.chromosome_4.372",0.8,0.4,0.5,"3","3","3","5"
"4969","Cluster_508_evm.TU.chromosome_4.560","Cluster_508","evm.TU.chromosome_4.560",-0.4,-0.8,0.5,"1","1","1","4"
"4970","Cluster_508_evm.TU.chromosome_4.84","Cluster_508","evm.TU.chromosome_4.84",-0.2,0.4,-1,"4","4","4","1"
"4971","Cluster_508_evm.TU.chromosome_5.1024","Cluster_508","evm.TU.chromosome_5.1024",-1,-0.6,0.5,"5","5","5","2"
"4972","Cluster_508_evm.TU.chromosome_5.1535","Cluster_508","evm.TU.chromosome_5.1535",0.4,0.8,0.5,"3","3","3","5"
"4973","Cluster_508_evm.TU.chromosome_5.205","Cluster_508","evm.TU.chromosome_5.205",0.8,0,-0.5,"2","2","2","3"
"4974","Cluster_508_evm.TU.chromosome_5.2273","Cluster_508","evm.TU.chromosome_5.2273",0.4,0.4,0.5,"3","3","3","5"
"4975","Cluster_508_evm.TU.chromosome_5.2801","Cluster_508","evm.TU.chromosome_5.2801",1,-0.2,1,"1","1","1","4"
"4976","Cluster_508_evm.TU.chromosome_5.335","Cluster_508","evm.TU.chromosome_5.335",-0.8,-0.4,1,"5","5","5","2"
"4977","Cluster_508_evm.TU.chromosome_5.656","Cluster_508","evm.TU.chromosome_5.656",0.105409255338946,-0.8,0.5,"1","1","1","4"
"4978","Cluster_508_evm.TU.chromosome_5.881","Cluster_508","evm.TU.chromosome_5.881",0.2,0.632455532033676,0.5,"3","3","3","5"
"4979","Cluster_508_evm.TU.chromosome_5.989","Cluster_508","evm.TU.chromosome_5.989",-0.210818510677892,0,-0.5,"3","3","3","5"
"4980","Cluster_508_evm.TU.chromosome_6.1108","Cluster_508","evm.TU.chromosome_6.1108",0.2,-0.8,0.5,"1","1","1","4"
"4981","Cluster_508_evm.TU.chromosome_6.1144","Cluster_508","evm.TU.chromosome_6.1144",1,-0.2,0.5,"1","1","1","4"
"4982","Cluster_508_evm.TU.chromosome_6.1195","Cluster_508","evm.TU.chromosome_6.1195",-0.8,0.8,0.5,"5","5","5","2"
"4983","Cluster_508_evm.TU.chromosome_6.1347","Cluster_508","evm.TU.chromosome_6.1347",-0.8,0.6,-0.5,"4","4","4","1"
"4984","Cluster_508_evm.TU.chromosome_6.1366","Cluster_508","evm.TU.chromosome_6.1366",-0.948683298050514,0.4,-0.866025403784439,"4","4","4","1"
"4985","Cluster_508_evm.TU.chromosome_6.1977","Cluster_508","evm.TU.chromosome_6.1977",0.4,-1,1,"1","1","1","4"
"4986","Cluster_508_evm.TU.chromosome_6.1984","Cluster_508","evm.TU.chromosome_6.1984",0.8,-0.8,1,"1","1","1","4"
"4987","Cluster_508_evm.TU.chromosome_6.2485","Cluster_508","evm.TU.chromosome_6.2485",0.2,0,-1,"2","2","2","3"
"4988","Cluster_508_evm.TU.chromosome_6.2510","Cluster_508","evm.TU.chromosome_6.2510",-1,0.4,-0.5,"4","4","4","1"
"4989","Cluster_508_evm.TU.chromosome_6.2671","Cluster_508","evm.TU.chromosome_6.2671",0.2,-0.105409255338946,-0.5,"2","2","2","3"
"4990","Cluster_508_evm.TU.chromosome_6.294","Cluster_508","evm.TU.chromosome_6.294",-0.4,0.8,-1,"4","4","4","1"
"4991","Cluster_508_evm.TU.chromosome_6.329","Cluster_508","evm.TU.chromosome_6.329",-0.2,0.2,-0.5,"4","4","4","1"
"4992","Cluster_508_evm.TU.chromosome_6.564","Cluster_508","evm.TU.chromosome_6.564",-0.8,0,0.5,"5","5","5","2"
"4993","Cluster_508_evm.TU.chromosome_7.1320","Cluster_508","evm.TU.chromosome_7.1320",1,-0.774596669241483,-0.5,"2","2","2","3"
"4994","Cluster_508_evm.TU.chromosome_7.2117","Cluster_508","evm.TU.chromosome_7.2117",0.8,-0.4,-1,"2","2","2","3"
"4995","Cluster_508_evm.TU.chromosome_7.2587","Cluster_508","evm.TU.chromosome_7.2587",0.4,-0.2,0.5,"1","1","1","4"
"4996","Cluster_508_evm.TU.chromosome_7.2618","Cluster_508","evm.TU.chromosome_7.2618",0.8,0.8,0.5,"3","3","3","5"
"4997","Cluster_508_evm.TU.chromosome_7.2856","Cluster_508","evm.TU.chromosome_7.2856",-0.4,0,0.5,"5","5","5","2"
"4998","Cluster_508_evm.TU.chromosome_7.410","Cluster_508","evm.TU.chromosome_7.410",-1,0.105409255338946,0.866025403784439,"5","5","5","2"
"4999","Cluster_508_evm.TU.chromosome_7.779","Cluster_508","evm.TU.chromosome_7.779",0,0.2,-0.5,"4","4","4","1"
"5000","Cluster_508_evm.TU.chromosome_7.797","Cluster_508","evm.TU.chromosome_7.797",0.2,-0.948683298050514,-0.5,"2","2","2","3"
"5001","Cluster_508_evm.TU.chromosome_7.84","Cluster_508","evm.TU.chromosome_7.84",0.4,-0.8,-0.5,"2","2","2","3"
"5002","Cluster_508_evm.TU.chromosome_8.1130","Cluster_508","evm.TU.chromosome_8.1130",0.6,-0.6,-0.5,"2","2","2","3"
"5003","Cluster_508_evm.TU.chromosome_8.2131","Cluster_508","evm.TU.chromosome_8.2131",-0.8,0.4,0.5,"5","5","5","2"
"5004","Cluster_508_evm.TU.chromosome_8.2158","Cluster_508","evm.TU.chromosome_8.2158",0.4,-0.4,1,"1","1","1","4"
"5005","Cluster_508_evm.TU.chromosome_8.2242","Cluster_508","evm.TU.chromosome_8.2242",1,-0.2,0.5,"1","1","1","4"
"5006","Cluster_508_evm.TU.chromosome_8.2251","Cluster_508","evm.TU.chromosome_8.2251",-0.4,-0.4,0.5,"1","1","1","4"
"5007","Cluster_508_evm.TU.chromosome_8.2651","Cluster_508","evm.TU.chromosome_8.2651",0.4,-0.6,-0.5,"2","2","2","3"
"5008","Cluster_508_evm.TU.chromosome_9.1035","Cluster_508","evm.TU.chromosome_9.1035",0.2,-1,0.5,"1","1","1","4"
"5009","Cluster_508_evm.TU.chromosome_9.1053","Cluster_508","evm.TU.chromosome_9.1053",0.4,-0.6,0.5,"1","1","1","4"
"5010","Cluster_508_evm.TU.chromosome_9.1212","Cluster_508","evm.TU.chromosome_9.1212",0.8,-0.4,-0.866025403784439,"2","2","2","3"
"5011","Cluster_508_evm.TU.chromosome_9.1400","Cluster_508","evm.TU.chromosome_9.1400",-0.4,-1,0.5,"1","1","1","4"
"5012","Cluster_508_evm.TU.chromosome_9.1464","Cluster_508","evm.TU.chromosome_9.1464",-0.4,-0.737864787372622,0.5,"1","1","1","4"
"5013","Cluster_508_evm.TU.chromosome_9.1540","Cluster_508","evm.TU.chromosome_9.1540",0.2,0.8,-0.5,"4","4","4","1"
"5014","Cluster_508_evm.TU.chromosome_9.2351","Cluster_508","evm.TU.chromosome_9.2351",0.8,0.2,0.5,"3","3","3","5"
"5015","Cluster_508_evm.TU.chromosome_9.2712","Cluster_508","evm.TU.chromosome_9.2712",1,-1,0.5,"1","1","1","4"
"5016","Cluster_508_evm.TU.chromosome_9.2917","Cluster_508","evm.TU.chromosome_9.2917",0.4,-0.8,0.5,"1","1","1","4"
"5017","Cluster_508_evm.TU.chromosome_9.2928","Cluster_508","evm.TU.chromosome_9.2928",-0.4,0.6,-0.5,"4","4","4","1"
"5018","Cluster_508_evm.TU.chromosome_9.899","Cluster_508","evm.TU.chromosome_9.899",1,0.2,0.5,"2","2","2","3"
"5019","Cluster_508_evm.TU.chromosome_9.964","Cluster_508","evm.TU.chromosome_9.964",0.8,0.2,1,"1","1","1","4"
"5020","Cluster_860_evm.TU.chromosome_1.1408","Cluster_860","evm.TU.chromosome_1.1408",-0.2,0.4,-0.5,"4","4","4","1"
"5021","Cluster_860_evm.TU.chromosome_10.1286","Cluster_860","evm.TU.chromosome_10.1286",0.2,0.774596669241483,0,"4","4","4","1"
"5022","Cluster_860_evm.TU.chromosome_10.219","Cluster_860","evm.TU.chromosome_10.219",-0.737864787372622,-0.210818510677892,0.866025403784439,"5","5","5","2"
"5023","Cluster_860_evm.TU.chromosome_10.2825","Cluster_860","evm.TU.chromosome_10.2825",0,0,-0.5,"3","3","3","5"
"5024","Cluster_860_evm.TU.chromosome_11.1712","Cluster_860","evm.TU.chromosome_11.1712",-0.948683298050514,0.4,-1,"4","4","4","1"
"5025","Cluster_860_evm.TU.chromosome_11.2014","Cluster_860","evm.TU.chromosome_11.2014",-1,-0.4,-0.866025403784439,"3","3","3","5"
"5026","Cluster_860_evm.TU.chromosome_11.2550","Cluster_860","evm.TU.chromosome_11.2550",-1,0.4,0,"5","5","5","2"
"5027","Cluster_860_evm.TU.chromosome_11.2661","Cluster_860","evm.TU.chromosome_11.2661",0.316227766016838,-0.316227766016838,-1,"2","2","2","3"
"5028","Cluster_860_evm.TU.chromosome_11.2672","Cluster_860","evm.TU.chromosome_11.2672",-0.948683298050514,-0.774596669241483,-0.866025403784439,"3","3","3","5"
"5029","Cluster_860_evm.TU.chromosome_11.2767","Cluster_860","evm.TU.chromosome_11.2767",0.2,-0.8,-0.5,"2","2","2","3"
"5030","Cluster_860_evm.TU.chromosome_11.669","Cluster_860","evm.TU.chromosome_11.669",-0.2,-0.316227766016838,-0.866025403784439,"2","2","2","3"
"5031","Cluster_860_evm.TU.chromosome_12.2344","Cluster_860","evm.TU.chromosome_12.2344",0.8,-0.2,-1,"2","2","2","3"
"5032","Cluster_860_evm.TU.chromosome_12.3166","Cluster_860","evm.TU.chromosome_12.3166",0,0.316227766016838,-1,"4","4","4","1"
"5033","Cluster_860_evm.TU.chromosome_13.1829","Cluster_860","evm.TU.chromosome_13.1829",-0.258198889747161,-0.210818510677892,0,"3","3","3","5"
"5034","Cluster_860_evm.TU.chromosome_13.1831","Cluster_860","evm.TU.chromosome_13.1831",-0.4,-0.210818510677892,-0.866025403784439,"4","4","4","1"
"5035","Cluster_860_evm.TU.chromosome_13.2833","Cluster_860","evm.TU.chromosome_13.2833",-0.6,-0.210818510677892,-0.5,"3","3","3","5"
"5036","Cluster_860_evm.TU.chromosome_13.3866","Cluster_860","evm.TU.chromosome_13.3866",0,-0.2,-1,"2","2","2","3"
"5037","Cluster_860_evm.TU.chromosome_14.1181","Cluster_860","evm.TU.chromosome_14.1181",-0.4,-0.4,0.5,"1","1","1","4"
"5038","Cluster_860_evm.TU.chromosome_14.2796","Cluster_860","evm.TU.chromosome_14.2796",-0.737864787372622,-0.4,-0.5,"3","3","3","5"
"5039","Cluster_860_evm.TU.chromosome_14.3492","Cluster_860","evm.TU.chromosome_14.3492",-0.4,-0.2,1,"5","5","5","2"
"5040","Cluster_860_evm.TU.chromosome_14.3800","Cluster_860","evm.TU.chromosome_14.3800",-0.6,-0.774596669241483,-1,"3","3","3","5"
"5041","Cluster_860_evm.TU.chromosome_14.384","Cluster_860","evm.TU.chromosome_14.384",-0.2,0.4,0,"3","3","3","5"
"5042","Cluster_860_evm.TU.chromosome_14.4614","Cluster_860","evm.TU.chromosome_14.4614",0.316227766016838,-0.4,-0.5,"2","2","2","3"
"5043","Cluster_860_evm.TU.chromosome_14.6363","Cluster_860","evm.TU.chromosome_14.6363",-0.4,-0.258198889747161,-0.866025403784439,"3","3","3","5"
"5044","Cluster_860_evm.TU.chromosome_14.6416","Cluster_860","evm.TU.chromosome_14.6416",-0.948683298050514,-0.316227766016838,-0.866025403784439,"3","3","3","5"
"5045","Cluster_860_evm.TU.chromosome_14.645","Cluster_860","evm.TU.chromosome_14.645",0.6,0.210818510677892,0,"2","2","2","3"
"5046","Cluster_860_evm.TU.chromosome_14.6493","Cluster_860","evm.TU.chromosome_14.6493",-0.8,0.8,0,"5","5","5","2"
"5047","Cluster_860_evm.TU.chromosome_14.6698","Cluster_860","evm.TU.chromosome_14.6698",-0.6,-0.8,-0.5,"3","3","3","5"
"5048","Cluster_860_evm.TU.chromosome_14.7339","Cluster_860","evm.TU.chromosome_14.7339",0.4,-0.737864787372622,-1,"2","2","2","3"
"5049","Cluster_860_evm.TU.chromosome_2.1876","Cluster_860","evm.TU.chromosome_2.1876",-1,-0.4,-1,"3","3","3","5"
"5050","Cluster_860_evm.TU.chromosome_2.1987","Cluster_860","evm.TU.chromosome_2.1987",0.6,-0.316227766016838,-0.5,"2","2","2","3"
"5051","Cluster_860_evm.TU.chromosome_2.256","Cluster_860","evm.TU.chromosome_2.256",-0.8,-0.948683298050514,-0.866025403784439,"3","3","3","5"
"5052","Cluster_860_evm.TU.chromosome_2.536","Cluster_860","evm.TU.chromosome_2.536",-0.8,-0.2,-0.5,"3","3","3","5"
"5053","Cluster_860_evm.TU.chromosome_3.1091","Cluster_860","evm.TU.chromosome_3.1091",-0.316227766016838,0.2,-1,"4","4","4","1"
"5054","Cluster_860_evm.TU.chromosome_3.1951","Cluster_860","evm.TU.chromosome_3.1951",-0.258198889747161,-0.4,-1,"2","2","2","3"
"5055","Cluster_860_evm.TU.chromosome_3.2030","Cluster_860","evm.TU.chromosome_3.2030",-0.8,0.6,-0.866025403784439,"4","4","4","1"
"5056","Cluster_860_evm.TU.chromosome_4.116","Cluster_860","evm.TU.chromosome_4.116",-0.4,-0.316227766016838,-1,"4","4","4","1"
"5057","Cluster_860_evm.TU.chromosome_4.13","Cluster_860","evm.TU.chromosome_4.13",0.4,0,-0.5,"2","2","2","3"
"5058","Cluster_860_evm.TU.chromosome_4.1742","Cluster_860","evm.TU.chromosome_4.1742",-0.948683298050514,-0.737864787372622,-0.5,"3","3","3","5"
"5059","Cluster_860_evm.TU.chromosome_4.1836","Cluster_860","evm.TU.chromosome_4.1836",-0.6,0.2,-0.5,"4","4","4","1"
"5060","Cluster_860_evm.TU.chromosome_4.2427","Cluster_860","evm.TU.chromosome_4.2427",-0.258198889747161,-0.6,-0.5,"3","3","3","5"
"5061","Cluster_860_evm.TU.chromosome_4.762","Cluster_860","evm.TU.chromosome_4.762",0.2,0.8,-0.5,"4","4","4","1"
"5062","Cluster_860_evm.TU.chromosome_5.1329","Cluster_860","evm.TU.chromosome_5.1329",0.4,-0.4,-0.5,"2","2","2","3"
"5063","Cluster_860_evm.TU.chromosome_5.1580","Cluster_860","evm.TU.chromosome_5.1580",0.4,0,-0.5,"2","2","2","3"
"5064","Cluster_860_evm.TU.chromosome_5.195","Cluster_860","evm.TU.chromosome_5.195",-0.948683298050514,-0.774596669241483,-1,"3","3","3","5"
"5065","Cluster_860_evm.TU.chromosome_6.1064","Cluster_860","evm.TU.chromosome_6.1064",-0.8,0.6,-0.5,"4","4","4","1"
"5066","Cluster_860_evm.TU.chromosome_6.153","Cluster_860","evm.TU.chromosome_6.153",0.4,-0.4,1,"1","1","1","4"
"5067","Cluster_860_evm.TU.chromosome_6.1717","Cluster_860","evm.TU.chromosome_6.1717",0.6,-0.774596669241483,-0.5,"2","2","2","3"
"5068","Cluster_860_evm.TU.chromosome_6.1739","Cluster_860","evm.TU.chromosome_6.1739",-1,0.2,-1,"4","4","4","1"
"5069","Cluster_860_evm.TU.chromosome_6.1740","Cluster_860","evm.TU.chromosome_6.1740",-0.4,0.2,-0.5,"4","4","4","1"
"5070","Cluster_860_evm.TU.chromosome_7.1412","Cluster_860","evm.TU.chromosome_7.1412",0.8,0.4,-1,"2","2","2","3"
"5071","Cluster_860_evm.TU.chromosome_8.1976","Cluster_860","evm.TU.chromosome_8.1976",-0.8,0.4,-0.5,"4","4","4","1"
"5072","Cluster_860_evm.TU.chromosome_8.30","Cluster_860","evm.TU.chromosome_8.30",-0.4,0.4,-0.5,"4","4","4","1"
"5073","Cluster_860_evm.TU.chromosome_8.962","Cluster_860","evm.TU.chromosome_8.962",-0.4,0,-0.5,"3","3","3","5"
"5074","Cluster_860_evm.TU.chromosome_9.119","Cluster_860","evm.TU.chromosome_9.119",-0.737864787372622,-0.2,-1,"4","4","4","1"
"5075","Cluster_860_evm.TU.chromosome_9.701","Cluster_860","evm.TU.chromosome_9.701",-0.4,-0.316227766016838,-1,"4","4","4","1"
"5076","Cluster_860_evm.TU.chromosome_9.791","Cluster_860","evm.TU.chromosome_9.791",0.2,-0.4,1,"1","1","1","4"
"5077","Cluster_8986_evm.TU.chromosome_1.460","Cluster_8986","evm.TU.chromosome_1.460",0.8,-0.316227766016838,-0.5,"2","2","2","3"
"5078","Cluster_8986_evm.TU.chromosome_11.828","Cluster_8986","evm.TU.chromosome_11.828",-0.948683298050514,0.774596669241483,0.866025403784439,"5","5","5","2"
"5079","Cluster_8986_evm.TU.chromosome_14.1144","Cluster_8986","evm.TU.chromosome_14.1144",-0.8,0.774596669241483,-0.5,"4","4","4","1"
"5080","Cluster_8986_evm.TU.chromosome_5.2661","Cluster_8986","evm.TU.chromosome_5.2661",-0.8,0.774596669241483,0.5,"5","5","5","2"
"5081","Cluster_8986_evm.TU.chromosome_7.2062","Cluster_8986","evm.TU.chromosome_7.2062",-0.4,0.258198889747161,-0.5,"4","4","4","1"
"5082","Cluster_8986_evm.TU.chromosome_9.79","Cluster_8986","evm.TU.chromosome_9.79",-0.258198889747161,0.948683298050514,0.5,"5","5","5","2"
"5083","Cluster_9000_evm.TU.chromosome_1.1793","Cluster_9000","evm.TU.chromosome_1.1793",0.105409255338946,0.316227766016838,0.866025403784439,"5","5","5","2"
"5084","Cluster_9000_evm.TU.chromosome_1.181","Cluster_9000","evm.TU.chromosome_1.181",0.4,-0.6,0.866025403784439,"1","1","1","4"
"5085","Cluster_9000_evm.TU.chromosome_1.1883","Cluster_9000","evm.TU.chromosome_1.1883",-0.6,0.8,0,"4","4","4","1"
"5086","Cluster_9000_evm.TU.chromosome_10.1257","Cluster_9000","evm.TU.chromosome_10.1257",0.4,0.6,0.5,"3","3","3","5"
"5087","Cluster_9000_evm.TU.chromosome_10.2358","Cluster_9000","evm.TU.chromosome_10.2358",0.2,-0.737864787372622,0.866025403784439,"1","1","1","4"
"5088","Cluster_9000_evm.TU.chromosome_11.1816","Cluster_9000","evm.TU.chromosome_11.1816",-0.8,-0.632455532033676,1,"5","5","5","2"
"5089","Cluster_9000_evm.TU.chromosome_11.188","Cluster_9000","evm.TU.chromosome_11.188",-0.4,-0.316227766016838,1,"1","1","1","4"
"5090","Cluster_9000_evm.TU.chromosome_11.2052","Cluster_9000","evm.TU.chromosome_11.2052",0.4,0.4,0.5,"3","3","3","5"
"5091","Cluster_9000_evm.TU.chromosome_11.2755","Cluster_9000","evm.TU.chromosome_11.2755",0.4,0.4,1,"3","3","3","5"
"5092","Cluster_9000_evm.TU.chromosome_11.2764","Cluster_9000","evm.TU.chromosome_11.2764",0.737864787372622,0,1,"1","1","1","4"
"5093","Cluster_9000_evm.TU.chromosome_11.3024","Cluster_9000","evm.TU.chromosome_11.3024",0.4,0,1,"1","1","1","4"
"5094","Cluster_9000_evm.TU.chromosome_11.3089","Cluster_9000","evm.TU.chromosome_11.3089",0.8,0.316227766016838,1,"1","1","1","4"
"5095","Cluster_9000_evm.TU.chromosome_11.3165","Cluster_9000","evm.TU.chromosome_11.3165",-0.8,-0.2,1,"5","5","5","2"
"5096","Cluster_9000_evm.TU.chromosome_11.41","Cluster_9000","evm.TU.chromosome_11.41",-0.4,0,1,"5","5","5","2"
"5097","Cluster_9000_evm.TU.chromosome_11.697","Cluster_9000","evm.TU.chromosome_11.697",-0.6,-0.4,0.5,"5","5","5","2"
"5098","Cluster_9000_evm.TU.chromosome_11.78","Cluster_9000","evm.TU.chromosome_11.78",0.8,0.4,0.5,"3","3","3","5"
"5099","Cluster_9000_evm.TU.chromosome_11.82","Cluster_9000","evm.TU.chromosome_11.82",0.8,0,-0.5,"2","2","2","3"
"5100","Cluster_9000_evm.TU.chromosome_11.84","Cluster_9000","evm.TU.chromosome_11.84",0.8,0.316227766016838,0.5,"3","3","3","5"
"5101","Cluster_9000_evm.TU.chromosome_12.1043","Cluster_9000","evm.TU.chromosome_12.1043",-0.6,-0.737864787372622,0.866025403784439,"1","1","1","4"
"5102","Cluster_9000_evm.TU.chromosome_12.1056","Cluster_9000","evm.TU.chromosome_12.1056",-1,-1,1,"1","1","1","4"
"5103","Cluster_9000_evm.TU.chromosome_12.1323","Cluster_9000","evm.TU.chromosome_12.1323",0.8,-0.316227766016838,1,"1","1","1","4"
"5104","Cluster_9000_evm.TU.chromosome_12.1666","Cluster_9000","evm.TU.chromosome_12.1666",-0.2,0.4,0.5,"5","5","5","2"
"5105","Cluster_9000_evm.TU.chromosome_12.1793","Cluster_9000","evm.TU.chromosome_12.1793",-0.8,0,0.866025403784439,"5","5","5","2"
"5106","Cluster_9000_evm.TU.chromosome_12.2261","Cluster_9000","evm.TU.chromosome_12.2261",1,0,0.5,"2","2","2","3"
"5107","Cluster_9000_evm.TU.chromosome_12.2811","Cluster_9000","evm.TU.chromosome_12.2811",-1,-0.316227766016838,1,"5","5","5","2"
"5108","Cluster_9000_evm.TU.chromosome_12.3298","Cluster_9000","evm.TU.chromosome_12.3298",0.6,0,0,"2","2","2","3"
"5109","Cluster_9000_evm.TU.chromosome_12.3490","Cluster_9000","evm.TU.chromosome_12.3490",-0.948683298050514,0.774596669241483,0.5,"5","5","5","2"
"5110","Cluster_9000_evm.TU.chromosome_12.3534","Cluster_9000","evm.TU.chromosome_12.3534",-0.105409255338946,0.258198889747161,0.5,"3","3","3","5"
"5111","Cluster_9000_evm.TU.chromosome_12.466","Cluster_9000","evm.TU.chromosome_12.466",0.105409255338946,0.316227766016838,1,"5","5","5","2"
"5112","Cluster_9000_evm.TU.chromosome_12.475","Cluster_9000","evm.TU.chromosome_12.475",0.2,-0.8,0.5,"1","1","1","4"
"5113","Cluster_9000_evm.TU.chromosome_13.1627","Cluster_9000","evm.TU.chromosome_13.1627",0.4,-0.774596669241483,1,"1","1","1","4"
"5114","Cluster_9000_evm.TU.chromosome_13.1628","Cluster_9000","evm.TU.chromosome_13.1628",-0.105409255338946,0.258198889747161,0.5,"3","3","3","5"
"5115","Cluster_9000_evm.TU.chromosome_13.2239","Cluster_9000","evm.TU.chromosome_13.2239",0.8,-0.4,0,"2","2","2","3"
"5116","Cluster_9000_evm.TU.chromosome_13.2531","Cluster_9000","evm.TU.chromosome_13.2531",-0.8,0.4,0.5,"5","5","5","2"
"5117","Cluster_9000_evm.TU.chromosome_13.2899","Cluster_9000","evm.TU.chromosome_13.2899",0.8,0.6,-0.5,"2","2","2","3"
"5118","Cluster_9000_evm.TU.chromosome_13.3074","Cluster_9000","evm.TU.chromosome_13.3074",0,0.8,0.5,"3","3","3","5"
"5119","Cluster_9000_evm.TU.chromosome_13.3378","Cluster_9000","evm.TU.chromosome_13.3378",-0.8,-0.4,0,"5","5","5","2"
"5120","Cluster_9000_evm.TU.chromosome_13.3988","Cluster_9000","evm.TU.chromosome_13.3988",-0.258198889747161,0.316227766016838,1,"5","5","5","2"
"5121","Cluster_9000_evm.TU.chromosome_13.477","Cluster_9000","evm.TU.chromosome_13.477",-0.6,-0.4,0.5,"5","5","5","2"
"5122","Cluster_9000_evm.TU.chromosome_13.914","Cluster_9000","evm.TU.chromosome_13.914",-0.4,-0.8,0.5,"1","1","1","4"
"5123","Cluster_9000_evm.TU.chromosome_14.1170","Cluster_9000","evm.TU.chromosome_14.1170",0.774596669241483,-0.737864787372622,0.866025403784439,"1","1","1","4"
"5124","Cluster_9000_evm.TU.chromosome_14.118","Cluster_9000","evm.TU.chromosome_14.118",0.2,0.316227766016838,0.5,"3","3","3","5"
"5125","Cluster_9000_evm.TU.chromosome_14.1355","Cluster_9000","evm.TU.chromosome_14.1355",0.2,0.2,0.5,"3","3","3","5"
"5126","Cluster_9000_evm.TU.chromosome_14.239","Cluster_9000","evm.TU.chromosome_14.239",-0.948683298050514,-0.316227766016838,0,"5","5","5","2"
"5127","Cluster_9000_evm.TU.chromosome_14.3101","Cluster_9000","evm.TU.chromosome_14.3101",-0.8,-0.4,0,"5","5","5","2"
"5128","Cluster_9000_evm.TU.chromosome_14.3114","Cluster_9000","evm.TU.chromosome_14.3114",-0.8,-1,0.866025403784439,"1","1","1","4"
"5129","Cluster_9000_evm.TU.chromosome_14.340","Cluster_9000","evm.TU.chromosome_14.340",0.4,0.2,1,"1","1","1","4"
"5130","Cluster_9000_evm.TU.chromosome_14.4414","Cluster_9000","evm.TU.chromosome_14.4414",0.258198889747161,0.6,0,"3","3","3","5"
"5131","Cluster_9000_evm.TU.chromosome_14.5420","Cluster_9000","evm.TU.chromosome_14.5420",-0.4,-0.737864787372622,0.5,"1","1","1","4"
"5132","Cluster_9000_evm.TU.chromosome_14.5542","Cluster_9000","evm.TU.chromosome_14.5542",0.2,-0.4,0.5,"1","1","1","4"
"5133","Cluster_9000_evm.TU.chromosome_14.6359","Cluster_9000","evm.TU.chromosome_14.6359",0.4,-0.2,0.5,"1","1","1","4"
"5134","Cluster_9000_evm.TU.chromosome_14.6363","Cluster_9000","evm.TU.chromosome_14.6363",0.8,0.258198889747161,0,"2","2","2","3"
"5135","Cluster_9000_evm.TU.chromosome_14.6476","Cluster_9000","evm.TU.chromosome_14.6476",0.258198889747161,-0.8,0,"1","1","1","4"
"5136","Cluster_9000_evm.TU.chromosome_14.654","Cluster_9000","evm.TU.chromosome_14.654",0.774596669241483,-0.8,0.866025403784439,"1","1","1","4"
"5137","Cluster_9000_evm.TU.chromosome_14.6897","Cluster_9000","evm.TU.chromosome_14.6897",-0.632455532033676,-0.316227766016838,0,"3","3","3","5"
"5138","Cluster_9000_evm.TU.chromosome_14.7339","Cluster_9000","evm.TU.chromosome_14.7339",-0.8,-0.210818510677892,0.5,"5","5","5","2"
"5139","Cluster_9000_evm.TU.chromosome_14.763","Cluster_9000","evm.TU.chromosome_14.763",-0.8,0.2,1,"5","5","5","2"
"5140","Cluster_9000_evm.TU.chromosome_14.837","Cluster_9000","evm.TU.chromosome_14.837",-0.105409255338946,0.316227766016838,0.866025403784439,"5","5","5","2"
"5141","Cluster_9000_evm.TU.chromosome_2.101","Cluster_9000","evm.TU.chromosome_2.101",0,-0.6,1,"1","1","1","4"
"5142","Cluster_9000_evm.TU.chromosome_2.1195","Cluster_9000","evm.TU.chromosome_2.1195",0,-0.2,0.866025403784439,"1","1","1","4"
"5143","Cluster_9000_evm.TU.chromosome_2.1356","Cluster_9000","evm.TU.chromosome_2.1356",-0.774596669241483,-0.632455532033676,0.866025403784439,"1","1","1","4"
"5144","Cluster_9000_evm.TU.chromosome_2.1378","Cluster_9000","evm.TU.chromosome_2.1378",-0.316227766016838,-0.105409255338946,0.5,"5","5","5","2"
"5145","Cluster_9000_evm.TU.chromosome_2.1746","Cluster_9000","evm.TU.chromosome_2.1746",0.8,-0.4,0.5,"1","1","1","4"
"5146","Cluster_9000_evm.TU.chromosome_3.1403","Cluster_9000","evm.TU.chromosome_3.1403",-0.2,-0.8,1,"1","1","1","4"
"5147","Cluster_9000_evm.TU.chromosome_3.301","Cluster_9000","evm.TU.chromosome_3.301",0.105409255338946,0.316227766016838,0.866025403784439,"5","5","5","2"
"5148","Cluster_9000_evm.TU.chromosome_3.464","Cluster_9000","evm.TU.chromosome_3.464",-1,0.2,1,"5","5","5","2"
"5149","Cluster_9000_evm.TU.chromosome_3.555","Cluster_9000","evm.TU.chromosome_3.555",-0.4,-0.8,0.5,"1","1","1","4"
"5150","Cluster_9000_evm.TU.chromosome_3.596","Cluster_9000","evm.TU.chromosome_3.596",-1,0,-0.5,"3","3","3","5"
"5151","Cluster_9000_evm.TU.chromosome_3.602","Cluster_9000","evm.TU.chromosome_3.602",0.2,0.8,1,"5","5","5","2"
"5152","Cluster_9000_evm.TU.chromosome_4.1757","Cluster_9000","evm.TU.chromosome_4.1757",0.4,-0.2,0.866025403784439,"1","1","1","4"
"5153","Cluster_9000_evm.TU.chromosome_4.2090","Cluster_9000","evm.TU.chromosome_4.2090",0.774596669241483,0.774596669241483,1,"3","3","3","5"
"5154","Cluster_9000_evm.TU.chromosome_4.824","Cluster_9000","evm.TU.chromosome_4.824",0,0.4,0,"3","3","3","5"
"5155","Cluster_9000_evm.TU.chromosome_5.196","Cluster_9000","evm.TU.chromosome_5.196",-0.8,0,-0.866025403784439,"4","4","4","1"
"5156","Cluster_9000_evm.TU.chromosome_5.2180","Cluster_9000","evm.TU.chromosome_5.2180",0.4,0.316227766016838,0.5,"3","3","3","5"
"5157","Cluster_9000_evm.TU.chromosome_5.2303","Cluster_9000","evm.TU.chromosome_5.2303",0.4,-0.4,1,"1","1","1","4"
"5158","Cluster_9000_evm.TU.chromosome_5.24","Cluster_9000","evm.TU.chromosome_5.24",-0.8,0,1,"5","5","5","2"
"5159","Cluster_9000_evm.TU.chromosome_5.265","Cluster_9000","evm.TU.chromosome_5.265",-0.2,0.4,0.5,"5","5","5","2"
"5160","Cluster_9000_evm.TU.chromosome_5.266","Cluster_9000","evm.TU.chromosome_5.266",0.8,0.4,1,"1","1","1","4"
"5161","Cluster_9000_evm.TU.chromosome_6.1198","Cluster_9000","evm.TU.chromosome_6.1198",0,-0.8,0.5,"1","1","1","4"
"5162","Cluster_9000_evm.TU.chromosome_6.138","Cluster_9000","evm.TU.chromosome_6.138",0.8,-0.632455532033676,0.5,"1","1","1","4"
"5163","Cluster_9000_evm.TU.chromosome_6.1693","Cluster_9000","evm.TU.chromosome_6.1693",-0.4,-0.774596669241483,0.5,"1","1","1","4"
"5164","Cluster_9000_evm.TU.chromosome_6.2420","Cluster_9000","evm.TU.chromosome_6.2420",0.8,0.316227766016838,1,"1","1","1","4"
"5165","Cluster_9000_evm.TU.chromosome_6.271","Cluster_9000","evm.TU.chromosome_6.271",0.4,0.774596669241483,0.5,"3","3","3","5"
"5166","Cluster_9000_evm.TU.chromosome_6.2896","Cluster_9000","evm.TU.chromosome_6.2896",0.4,0.258198889747161,0.866025403784439,"1","1","1","4"
"5167","Cluster_9000_evm.TU.chromosome_6.320","Cluster_9000","evm.TU.chromosome_6.320",-0.8,-0.632455532033676,0.866025403784439,"5","5","5","2"
"5168","Cluster_9000_evm.TU.chromosome_6.63","Cluster_9000","evm.TU.chromosome_6.63",-1,-0.210818510677892,1,"5","5","5","2"
"5169","Cluster_9000_evm.TU.chromosome_6.74","Cluster_9000","evm.TU.chromosome_6.74",0,0.6,0.5,"3","3","3","5"
"5170","Cluster_9000_evm.TU.chromosome_7.1025","Cluster_9000","evm.TU.chromosome_7.1025",0.4,-0.2,0.5,"1","1","1","4"
"5171","Cluster_9000_evm.TU.chromosome_7.1336","Cluster_9000","evm.TU.chromosome_7.1336",0.737864787372622,0.774596669241483,0.5,"3","3","3","5"
"5172","Cluster_9000_evm.TU.chromosome_7.2407","Cluster_9000","evm.TU.chromosome_7.2407",0.8,-0.4,0,"2","2","2","3"
"5173","Cluster_9000_evm.TU.chromosome_7.714","Cluster_9000","evm.TU.chromosome_7.714",-0.4,-0.4,0.5,"1","1","1","4"
"5174","Cluster_9000_evm.TU.chromosome_7.850","Cluster_9000","evm.TU.chromosome_7.850",-0.8,-0.316227766016838,0.5,"5","5","5","2"
"5175","Cluster_9000_evm.TU.chromosome_8.1479","Cluster_9000","evm.TU.chromosome_8.1479",1,0.774596669241483,1,"3","3","3","5"
"5176","Cluster_9000_evm.TU.chromosome_8.1530","Cluster_9000","evm.TU.chromosome_8.1530",-0.6,0.316227766016838,0,"5","5","5","2"
"5177","Cluster_9000_evm.TU.chromosome_8.1533","Cluster_9000","evm.TU.chromosome_8.1533",-0.8,0.316227766016838,0,"5","5","5","2"
"5178","Cluster_9000_evm.TU.chromosome_8.1543","Cluster_9000","evm.TU.chromosome_8.1543",-0.4,-0.774596669241483,0.866025403784439,"1","1","1","4"
"5179","Cluster_9000_evm.TU.chromosome_8.2389","Cluster_9000","evm.TU.chromosome_8.2389",-0.4,0.948683298050514,0.5,"5","5","5","2"
"5180","Cluster_9000_evm.TU.chromosome_8.2599","Cluster_9000","evm.TU.chromosome_8.2599",1,0.316227766016838,0,"2","2","2","3"
"5181","Cluster_9000_evm.TU.chromosome_9.1457","Cluster_9000","evm.TU.chromosome_9.1457",-0.4,0.4,1,"5","5","5","2"
"5182","Cluster_9000_evm.TU.chromosome_9.1757","Cluster_9000","evm.TU.chromosome_9.1757",0.258198889747161,-0.210818510677892,0.866025403784439,"1","1","1","4"
"5183","Cluster_9082_evm.TU.chromosome_1.1575","Cluster_9082","evm.TU.chromosome_1.1575",-0.2,0.774596669241483,0.5,"5","5","5","2"
"5184","Cluster_9082_evm.TU.chromosome_1.1790","Cluster_9082","evm.TU.chromosome_1.1790",1,-0.774596669241483,1,"1","1","1","4"
"5185","Cluster_9082_evm.TU.chromosome_10.1002","Cluster_9082","evm.TU.chromosome_10.1002",0,0.8,0.5,"3","3","3","5"
"5186","Cluster_9082_evm.TU.chromosome_10.1098","Cluster_9082","evm.TU.chromosome_10.1098",0.4,0.948683298050514,-0.5,"4","4","4","1"
"5187","Cluster_9082_evm.TU.chromosome_10.139","Cluster_9082","evm.TU.chromosome_10.139",-0.4,-0.2,0,"3","3","3","5"
"5188","Cluster_9082_evm.TU.chromosome_10.2640","Cluster_9082","evm.TU.chromosome_10.2640",-0.316227766016838,-0.105409255338946,0.5,"5","5","5","2"
"5189","Cluster_9082_evm.TU.chromosome_11.1180","Cluster_9082","evm.TU.chromosome_11.1180",0.4,0.948683298050514,1,"3","3","3","5"
"5190","Cluster_9082_evm.TU.chromosome_11.2214","Cluster_9082","evm.TU.chromosome_11.2214",-0.8,0.8,1,"5","5","5","2"
"5191","Cluster_9082_evm.TU.chromosome_11.2216","Cluster_9082","evm.TU.chromosome_11.2216",0.2,0.258198889747161,0.5,"3","3","3","5"
"5192","Cluster_9082_evm.TU.chromosome_11.2465","Cluster_9082","evm.TU.chromosome_11.2465",0.4,0.105409255338946,0.5,"3","3","3","5"
"5193","Cluster_9082_evm.TU.chromosome_11.2868","Cluster_9082","evm.TU.chromosome_11.2868",0,0.4,1,"5","5","5","2"
"5194","Cluster_9082_evm.TU.chromosome_11.51","Cluster_9082","evm.TU.chromosome_11.51",-0.316227766016838,-0.316227766016838,0,"3","3","3","5"
"5195","Cluster_9082_evm.TU.chromosome_11.567","Cluster_9082","evm.TU.chromosome_11.567",0.316227766016838,0.258198889747161,0,"3","3","3","5"
"5196","Cluster_9082_evm.TU.chromosome_11.571","Cluster_9082","evm.TU.chromosome_11.571",0.8,-0.105409255338946,0.5,"1","1","1","4"
"5197","Cluster_9082_evm.TU.chromosome_12.1384","Cluster_9082","evm.TU.chromosome_12.1384",-0.8,-0.774596669241483,0.5,"1","1","1","4"
"5198","Cluster_9082_evm.TU.chromosome_12.1590","Cluster_9082","evm.TU.chromosome_12.1590",-0.316227766016838,0.258198889747161,0.5,"5","5","5","2"
"5199","Cluster_9082_evm.TU.chromosome_12.1768","Cluster_9082","evm.TU.chromosome_12.1768",-0.4,0.948683298050514,0,"4","4","4","1"
"5200","Cluster_9082_evm.TU.chromosome_12.2537","Cluster_9082","evm.TU.chromosome_12.2537",0,1,0.5,"3","3","3","5"
"5201","Cluster_9082_evm.TU.chromosome_12.2721","Cluster_9082","evm.TU.chromosome_12.2721",0.2,1,0.5,"3","3","3","5"
"5202","Cluster_9082_evm.TU.chromosome_12.3242","Cluster_9082","evm.TU.chromosome_12.3242",0.4,-1,0.5,"1","1","1","4"
"5203","Cluster_9082_evm.TU.chromosome_12.934","Cluster_9082","evm.TU.chromosome_12.934",0.316227766016838,0.4,0.5,"3","3","3","5"
"5204","Cluster_9082_evm.TU.chromosome_13.1836","Cluster_9082","evm.TU.chromosome_13.1836",1,0.737864787372622,1,"3","3","3","5"
"5205","Cluster_9082_evm.TU.chromosome_13.3987","Cluster_9082","evm.TU.chromosome_13.3987",0.774596669241483,-0.258198889747161,0.866025403784439,"1","1","1","4"
"5206","Cluster_9082_evm.TU.chromosome_13.699","Cluster_9082","evm.TU.chromosome_13.699",-0.8,0.4,1,"5","5","5","2"
"5207","Cluster_9082_evm.TU.chromosome_14.1039","Cluster_9082","evm.TU.chromosome_14.1039",0.4,0.737864787372622,1,"3","3","3","5"
"5208","Cluster_9082_evm.TU.chromosome_14.1211","Cluster_9082","evm.TU.chromosome_14.1211",0.4,0.774596669241483,0.866025403784439,"3","3","3","5"
"5209","Cluster_9082_evm.TU.chromosome_14.2453","Cluster_9082","evm.TU.chromosome_14.2453",0.632455532033676,0.632455532033676,-1,"4","4","4","1"
"5210","Cluster_9082_evm.TU.chromosome_14.2541","Cluster_9082","evm.TU.chromosome_14.2541",-0.6,-0.4,1,"5","5","5","2"
"5211","Cluster_9082_evm.TU.chromosome_14.2597","Cluster_9082","evm.TU.chromosome_14.2597",1,-0.4,0.866025403784439,"1","1","1","4"
"5212","Cluster_9082_evm.TU.chromosome_14.3987","Cluster_9082","evm.TU.chromosome_14.3987",0.8,-0.6,1,"1","1","1","4"
"5213","Cluster_9082_evm.TU.chromosome_14.4814","Cluster_9082","evm.TU.chromosome_14.4814",-0.4,0.258198889747161,1,"5","5","5","2"
"5214","Cluster_9082_evm.TU.chromosome_14.4903","Cluster_9082","evm.TU.chromosome_14.4903",0.258198889747161,-0.8,1,"1","1","1","4"
"5215","Cluster_9082_evm.TU.chromosome_14.5017","Cluster_9082","evm.TU.chromosome_14.5017",0,0.258198889747161,0,"3","3","3","5"
"5216","Cluster_9082_evm.TU.chromosome_14.5585","Cluster_9082","evm.TU.chromosome_14.5585",-0.2,0.258198889747161,1,"5","5","5","2"
"5217","Cluster_9082_evm.TU.chromosome_14.569","Cluster_9082","evm.TU.chromosome_14.569",-0.8,-0.4,0.5,"5","5","5","2"
"5218","Cluster_9082_evm.TU.chromosome_14.6176","Cluster_9082","evm.TU.chromosome_14.6176",-0.4,-0.316227766016838,0.5,"1","1","1","4"
"5219","Cluster_9082_evm.TU.chromosome_14.7067","Cluster_9082","evm.TU.chromosome_14.7067",-0.8,0.4,0.5,"5","5","5","2"
"5220","Cluster_9082_evm.TU.chromosome_2.1313","Cluster_9082","evm.TU.chromosome_2.1313",-0.8,-0.4,1,"5","5","5","2"
"5221","Cluster_9082_evm.TU.chromosome_2.1362","Cluster_9082","evm.TU.chromosome_2.1362",0.4,0.4,-1,"4","4","4","1"
"5222","Cluster_9082_evm.TU.chromosome_2.1653","Cluster_9082","evm.TU.chromosome_2.1653",0.4,1,1,"3","3","3","5"
"5223","Cluster_9082_evm.TU.chromosome_2.496","Cluster_9082","evm.TU.chromosome_2.496",-0.774596669241483,0.258198889747161,0.866025403784439,"5","5","5","2"
"5224","Cluster_9082_evm.TU.chromosome_3.1213","Cluster_9082","evm.TU.chromosome_3.1213",-0.4,-0.8,1,"1","1","1","4"
"5225","Cluster_9082_evm.TU.chromosome_3.1256","Cluster_9082","evm.TU.chromosome_3.1256",0.8,0,1,"1","1","1","4"
"5226","Cluster_9082_evm.TU.chromosome_3.1511","Cluster_9082","evm.TU.chromosome_3.1511",0.6,-0.8,0.5,"1","1","1","4"
"5227","Cluster_9082_evm.TU.chromosome_3.1584","Cluster_9082","evm.TU.chromosome_3.1584",0.4,-0.2,0.5,"1","1","1","4"
"5228","Cluster_9082_evm.TU.chromosome_3.250","Cluster_9082","evm.TU.chromosome_3.250",0,-0.4,1,"1","1","1","4"
"5229","Cluster_9082_evm.TU.chromosome_3.403","Cluster_9082","evm.TU.chromosome_3.403",0.4,-0.105409255338946,-1,"2","2","2","3"
"5230","Cluster_9082_evm.TU.chromosome_3.582","Cluster_9082","evm.TU.chromosome_3.582",-0.8,0.258198889747161,0.5,"5","5","5","2"
"5231","Cluster_9082_evm.TU.chromosome_4.1156","Cluster_9082","evm.TU.chromosome_4.1156",-0.4,0.774596669241483,1,"5","5","5","2"
"5232","Cluster_9082_evm.TU.chromosome_4.1157","Cluster_9082","evm.TU.chromosome_4.1157",-0.8,0.948683298050514,0,"4","4","4","1"
"5233","Cluster_9082_evm.TU.chromosome_4.892","Cluster_9082","evm.TU.chromosome_4.892",-0.316227766016838,0.4,-0.5,"4","4","4","1"
"5234","Cluster_9082_evm.TU.chromosome_5.1902","Cluster_9082","evm.TU.chromosome_5.1902",0.2,0.948683298050514,1,"5","5","5","2"
"5235","Cluster_9082_evm.TU.chromosome_5.2424","Cluster_9082","evm.TU.chromosome_5.2424",0.8,-0.2,-1,"2","2","2","3"
"5236","Cluster_9082_evm.TU.chromosome_5.390","Cluster_9082","evm.TU.chromosome_5.390",-0.8,-0.6,1,"5","5","5","2"
"5237","Cluster_9082_evm.TU.chromosome_5.68","Cluster_9082","evm.TU.chromosome_5.68",-0.4,-0.2,0.5,"5","5","5","2"
"5238","Cluster_9082_evm.TU.chromosome_5.734","Cluster_9082","evm.TU.chromosome_5.734",-0.210818510677892,-0.8,0,"1","1","1","4"
"5239","Cluster_9082_evm.TU.chromosome_6.1050","Cluster_9082","evm.TU.chromosome_6.1050",0.4,0.948683298050514,0.5,"3","3","3","5"
"5240","Cluster_9082_evm.TU.chromosome_6.1282","Cluster_9082","evm.TU.chromosome_6.1282",-0.4,0.8,0.5,"5","5","5","2"
"5241","Cluster_9082_evm.TU.chromosome_6.1471","Cluster_9082","evm.TU.chromosome_6.1471",0.2,0.105409255338946,0.866025403784439,"1","1","1","4"
"5242","Cluster_9082_evm.TU.chromosome_6.321","Cluster_9082","evm.TU.chromosome_6.321",0.774596669241483,0.210818510677892,0.5,"3","3","3","5"
"5243","Cluster_9082_evm.TU.chromosome_6.325","Cluster_9082","evm.TU.chromosome_6.325",0.774596669241483,0.948683298050514,0.5,"3","3","3","5"
"5244","Cluster_9082_evm.TU.chromosome_7.2433","Cluster_9082","evm.TU.chromosome_7.2433",-0.8,-0.4,1,"5","5","5","2"
"5245","Cluster_9082_evm.TU.chromosome_8.1012","Cluster_9082","evm.TU.chromosome_8.1012",0,0.8,0.5,"3","3","3","5"
"5246","Cluster_9082_evm.TU.chromosome_8.1054","Cluster_9082","evm.TU.chromosome_8.1054",0.8,0.4,0.5,"3","3","3","5"
"5247","Cluster_9082_evm.TU.chromosome_8.117","Cluster_9082","evm.TU.chromosome_8.117",0.2,1,0.5,"3","3","3","5"
"5248","Cluster_9082_evm.TU.chromosome_8.1448","Cluster_9082","evm.TU.chromosome_8.1448",0.2,0.4,0.5,"3","3","3","5"
"5249","Cluster_9082_evm.TU.chromosome_8.658","Cluster_9082","evm.TU.chromosome_8.658",0.316227766016838,0.4,0.5,"3","3","3","5"
"5250","Cluster_9082_evm.TU.chromosome_9.1212","Cluster_9082","evm.TU.chromosome_9.1212",-0.2,-0.2,0,"3","3","3","5"
"5251","Cluster_9082_evm.TU.chromosome_9.1269","Cluster_9082","evm.TU.chromosome_9.1269",0.4,0.8,1,"3","3","3","5"
"5252","Cluster_9082_evm.TU.chromosome_9.2443","Cluster_9082","evm.TU.chromosome_9.2443",-0.2,1,0.5,"5","5","5","2"
"5253","Cluster_9082_evm.TU.chromosome_9.2781","Cluster_9082","evm.TU.chromosome_9.2781",-1,0.2,1,"5","5","5","2"
"5254","Cluster_9082_evm.TU.chromosome_9.320","Cluster_9082","evm.TU.chromosome_9.320",-0.258198889747161,0.210818510677892,0.866025403784439,"5","5","5","2"
"5255","Cluster_9082_evm.TU.chromosome_9.978","Cluster_9082","evm.TU.chromosome_9.978",-0.4,0.8,1,"5","5","5","2"
"5256","Cluster_9205_evm.TU.chromosome_1.1058","Cluster_9205","evm.TU.chromosome_1.1058",-1,-1,-1,"3","3","3","5"
"5257","Cluster_9205_evm.TU.chromosome_1.1705","Cluster_9205","evm.TU.chromosome_1.1705",-0.4,-0.8,-1,"2","2","2","3"
"5258","Cluster_9205_evm.TU.chromosome_1.459","Cluster_9205","evm.TU.chromosome_1.459",-0.948683298050514,0.316227766016838,-1,"4","4","4","1"
"5259","Cluster_9205_evm.TU.chromosome_1.727","Cluster_9205","evm.TU.chromosome_1.727",-0.4,0.8,-1,"4","4","4","1"
"5260","Cluster_9205_evm.TU.chromosome_1.826","Cluster_9205","evm.TU.chromosome_1.826",-0.774596669241483,-0.258198889747161,-0.866025403784439,"3","3","3","5"
"5261","Cluster_9205_evm.TU.chromosome_10.1136","Cluster_9205","evm.TU.chromosome_10.1136",-0.4,-0.8,-0.5,"3","3","3","5"
"5262","Cluster_9205_evm.TU.chromosome_10.1530","Cluster_9205","evm.TU.chromosome_10.1530",0.6,0.2,0.5,"3","3","3","5"
"5263","Cluster_9205_evm.TU.chromosome_10.1653","Cluster_9205","evm.TU.chromosome_10.1653",0.8,-0.2,-1,"2","2","2","3"
"5264","Cluster_9205_evm.TU.chromosome_10.2359","Cluster_9205","evm.TU.chromosome_10.2359",-0.4,0.6,0.5,"5","5","5","2"
"5265","Cluster_9205_evm.TU.chromosome_10.2856","Cluster_9205","evm.TU.chromosome_10.2856",-1,-0.948683298050514,0.5,"1","1","1","4"
"5266","Cluster_9205_evm.TU.chromosome_10.3120","Cluster_9205","evm.TU.chromosome_10.3120",-0.6,0.6,-0.5,"4","4","4","1"
"5267","Cluster_9205_evm.TU.chromosome_10.327","Cluster_9205","evm.TU.chromosome_10.327",1,-0.8,1,"1","1","1","4"
"5268","Cluster_9205_evm.TU.chromosome_10.464","Cluster_9205","evm.TU.chromosome_10.464",0.2,0.316227766016838,-1,"4","4","4","1"
"5269","Cluster_9205_evm.TU.chromosome_10.525","Cluster_9205","evm.TU.chromosome_10.525",0.4,0.4,-0.5,"4","4","4","1"
"5270","Cluster_9205_evm.TU.chromosome_10.55","Cluster_9205","evm.TU.chromosome_10.55",0.6,0.2,-0.5,"2","2","2","3"
"5271","Cluster_9205_evm.TU.chromosome_10.621","Cluster_9205","evm.TU.chromosome_10.621",0.4,0.316227766016838,1,"1","1","1","4"
"5272","Cluster_9205_evm.TU.chromosome_10.714","Cluster_9205","evm.TU.chromosome_10.714",0.210818510677892,0.8,-0.5,"4","4","4","1"
"5273","Cluster_9205_evm.TU.chromosome_11.2290","Cluster_9205","evm.TU.chromosome_11.2290",-0.4,0.316227766016838,-1,"4","4","4","1"
"5274","Cluster_9205_evm.TU.chromosome_11.237","Cluster_9205","evm.TU.chromosome_11.237",0.2,-0.4,1,"1","1","1","4"
"5275","Cluster_9205_evm.TU.chromosome_11.3120","Cluster_9205","evm.TU.chromosome_11.3120",-0.4,0.4,0.5,"5","5","5","2"
"5276","Cluster_9205_evm.TU.chromosome_11.644","Cluster_9205","evm.TU.chromosome_11.644",-0.2,-0.4,-1,"2","2","2","3"
"5277","Cluster_9205_evm.TU.chromosome_11.732","Cluster_9205","evm.TU.chromosome_11.732",-0.4,-0.6,-1,"3","3","3","5"
"5278","Cluster_9205_evm.TU.chromosome_11.763","Cluster_9205","evm.TU.chromosome_11.763",-0.8,-0.4,-0.5,"3","3","3","5"
"5279","Cluster_9205_evm.TU.chromosome_12.1392","Cluster_9205","evm.TU.chromosome_12.1392",1,-0.6,-0.5,"2","2","2","3"
"5280","Cluster_9205_evm.TU.chromosome_12.1669","Cluster_9205","evm.TU.chromosome_12.1669",-0.2,0.4,1,"5","5","5","2"
"5281","Cluster_9205_evm.TU.chromosome_12.1775","Cluster_9205","evm.TU.chromosome_12.1775",0,-0.2,-0.5,"3","3","3","5"
"5282","Cluster_9205_evm.TU.chromosome_12.1776","Cluster_9205","evm.TU.chromosome_12.1776",0.4,0.2,-0.5,"2","2","2","3"
"5283","Cluster_9205_evm.TU.chromosome_12.1967","Cluster_9205","evm.TU.chromosome_12.1967",0.4,-0.6,-0.5,"2","2","2","3"
"5284","Cluster_9205_evm.TU.chromosome_12.1982","Cluster_9205","evm.TU.chromosome_12.1982",-0.2,-0.4,1,"1","1","1","4"
"5285","Cluster_9205_evm.TU.chromosome_12.2038","Cluster_9205","evm.TU.chromosome_12.2038",-0.2,0.2,-0.5,"4","4","4","1"
"5286","Cluster_9205_evm.TU.chromosome_12.2383","Cluster_9205","evm.TU.chromosome_12.2383",-0.2,0.774596669241483,-0.866025403784439,"4","4","4","1"
"5287","Cluster_9205_evm.TU.chromosome_12.3689","Cluster_9205","evm.TU.chromosome_12.3689",-0.774596669241483,0.774596669241483,-1,"4","4","4","1"
"5288","Cluster_9205_evm.TU.chromosome_12.372","Cluster_9205","evm.TU.chromosome_12.372",-0.2,0.4,0.5,"5","5","5","2"
"5289","Cluster_9205_evm.TU.chromosome_12.41","Cluster_9205","evm.TU.chromosome_12.41",0.8,-0.8,-1,"2","2","2","3"
"5290","Cluster_9205_evm.TU.chromosome_13.1059","Cluster_9205","evm.TU.chromosome_13.1059",-0.4,0.316227766016838,-1,"4","4","4","1"
"5291","Cluster_9205_evm.TU.chromosome_13.1654","Cluster_9205","evm.TU.chromosome_13.1654",0.4,0.4,-0.5,"4","4","4","1"
"5292","Cluster_9205_evm.TU.chromosome_13.1714","Cluster_9205","evm.TU.chromosome_13.1714",0.948683298050514,-0.105409255338946,-1,"2","2","2","3"
"5293","Cluster_9205_evm.TU.chromosome_13.1804","Cluster_9205","evm.TU.chromosome_13.1804",-1,0,0,"5","5","5","2"
"5294","Cluster_9205_evm.TU.chromosome_13.1806","Cluster_9205","evm.TU.chromosome_13.1806",-0.4,0,-0.5,"3","3","3","5"
"5295","Cluster_9205_evm.TU.chromosome_13.1873","Cluster_9205","evm.TU.chromosome_13.1873",-0.8,0.316227766016838,-1,"4","4","4","1"
"5296","Cluster_9205_evm.TU.chromosome_13.1962","Cluster_9205","evm.TU.chromosome_13.1962",-0.8,0.4,-1,"4","4","4","1"
"5297","Cluster_9205_evm.TU.chromosome_13.2120","Cluster_9205","evm.TU.chromosome_13.2120",-0.4,-0.2,-0.5,"3","3","3","5"
"5298","Cluster_9205_evm.TU.chromosome_13.2241","Cluster_9205","evm.TU.chromosome_13.2241",-0.258198889747161,-0.316227766016838,-0.866025403784439,"3","3","3","5"
"5299","Cluster_9205_evm.TU.chromosome_13.2279","Cluster_9205","evm.TU.chromosome_13.2279",-0.8,0,-1,"4","4","4","1"
"5300","Cluster_9205_evm.TU.chromosome_13.2468","Cluster_9205","evm.TU.chromosome_13.2468",-0.2,-0.774596669241483,-0.5,"3","3","3","5"
"5301","Cluster_9205_evm.TU.chromosome_13.3217","Cluster_9205","evm.TU.chromosome_13.3217",0,-0.4,0.5,"1","1","1","4"
"5302","Cluster_9205_evm.TU.chromosome_13.3349","Cluster_9205","evm.TU.chromosome_13.3349",-0.4,0.2,-0.5,"4","4","4","1"
"5303","Cluster_9205_evm.TU.chromosome_13.3373","Cluster_9205","evm.TU.chromosome_13.3373",0.8,0.6,-0.5,"2","2","2","3"
"5304","Cluster_9205_evm.TU.chromosome_13.3511","Cluster_9205","evm.TU.chromosome_13.3511",0.8,-0.2,-0.5,"2","2","2","3"
"5305","Cluster_9205_evm.TU.chromosome_13.3778","Cluster_9205","evm.TU.chromosome_13.3778",1,0.774596669241483,-1,"2","2","2","3"
"5306","Cluster_9205_evm.TU.chromosome_13.4059","Cluster_9205","evm.TU.chromosome_13.4059",0.8,0,-0.5,"2","2","2","3"
"5307","Cluster_9205_evm.TU.chromosome_14.100","Cluster_9205","evm.TU.chromosome_14.100",0.4,0,-0.5,"2","2","2","3"
"5308","Cluster_9205_evm.TU.chromosome_14.1644","Cluster_9205","evm.TU.chromosome_14.1644",0.4,-0.4,1,"1","1","1","4"
"5309","Cluster_9205_evm.TU.chromosome_14.2393","Cluster_9205","evm.TU.chromosome_14.2393",0.210818510677892,-0.4,0,"3","3","3","5"
"5310","Cluster_9205_evm.TU.chromosome_14.3232","Cluster_9205","evm.TU.chromosome_14.3232",0.8,0.258198889747161,-0.866025403784439,"2","2","2","3"
"5311","Cluster_9205_evm.TU.chromosome_14.3616","Cluster_9205","evm.TU.chromosome_14.3616",-0.4,0,-0.5,"3","3","3","5"
"5312","Cluster_9205_evm.TU.chromosome_14.5118","Cluster_9205","evm.TU.chromosome_14.5118",0.105409255338946,0.210818510677892,-0.866025403784439,"4","4","4","1"
"5313","Cluster_9205_evm.TU.chromosome_14.5227","Cluster_9205","evm.TU.chromosome_14.5227",-0.2,-1,-1,"2","2","2","3"
"5314","Cluster_9205_evm.TU.chromosome_14.5353","Cluster_9205","evm.TU.chromosome_14.5353",-0.4,-0.2,-0.5,"3","3","3","5"
"5315","Cluster_9205_evm.TU.chromosome_14.5467","Cluster_9205","evm.TU.chromosome_14.5467",0.4,0.4,-0.5,"4","4","4","1"
"5316","Cluster_9205_evm.TU.chromosome_14.547","Cluster_9205","evm.TU.chromosome_14.547",0,0.4,-0.5,"4","4","4","1"
"5317","Cluster_9205_evm.TU.chromosome_14.5774","Cluster_9205","evm.TU.chromosome_14.5774",0.948683298050514,-0.4,-0.5,"2","2","2","3"
"5318","Cluster_9205_evm.TU.chromosome_14.6039","Cluster_9205","evm.TU.chromosome_14.6039",0,-0.4,0.5,"1","1","1","4"
"5319","Cluster_9205_evm.TU.chromosome_14.61","Cluster_9205","evm.TU.chromosome_14.61",-0.8,0.2,1,"5","5","5","2"
"5320","Cluster_9205_evm.TU.chromosome_14.6245","Cluster_9205","evm.TU.chromosome_14.6245",-0.8,-0.774596669241483,0,"1","1","1","4"
"5321","Cluster_9205_evm.TU.chromosome_14.6428","Cluster_9205","evm.TU.chromosome_14.6428",-0.4,0.4,-1,"4","4","4","1"
"5322","Cluster_9205_evm.TU.chromosome_14.6926","Cluster_9205","evm.TU.chromosome_14.6926",0.8,0.2,1,"1","1","1","4"
"5323","Cluster_9205_evm.TU.chromosome_14.6970","Cluster_9205","evm.TU.chromosome_14.6970",0.105409255338946,0.8,-1,"4","4","4","1"
"5324","Cluster_9205_evm.TU.chromosome_14.6972","Cluster_9205","evm.TU.chromosome_14.6972",-0.258198889747161,-0.316227766016838,-0.5,"3","3","3","5"
"5325","Cluster_9205_evm.TU.chromosome_14.7281","Cluster_9205","evm.TU.chromosome_14.7281",-0.8,-0.2,-0.5,"3","3","3","5"
"5326","Cluster_9205_evm.TU.chromosome_14.821","Cluster_9205","evm.TU.chromosome_14.821",-0.4,0.8,-1,"4","4","4","1"
"5327","Cluster_9205_evm.TU.chromosome_2.1045","Cluster_9205","evm.TU.chromosome_2.1045",0.8,0.4,-1,"2","2","2","3"
"5328","Cluster_9205_evm.TU.chromosome_2.1349","Cluster_9205","evm.TU.chromosome_2.1349",-0.4,0.4,0.5,"5","5","5","2"
"5329","Cluster_9205_evm.TU.chromosome_2.398","Cluster_9205","evm.TU.chromosome_2.398",0.2,-0.4,-0.5,"2","2","2","3"
"5330","Cluster_9205_evm.TU.chromosome_2.952","Cluster_9205","evm.TU.chromosome_2.952",-0.2,-0.774596669241483,0,"1","1","1","4"
"5331","Cluster_9205_evm.TU.chromosome_2.969","Cluster_9205","evm.TU.chromosome_2.969",-0.6,0,-0.5,"3","3","3","5"
"5332","Cluster_9205_evm.TU.chromosome_3.1686","Cluster_9205","evm.TU.chromosome_3.1686",-0.2,-0.6,-0.5,"3","3","3","5"
"5333","Cluster_9205_evm.TU.chromosome_3.2034","Cluster_9205","evm.TU.chromosome_3.2034",-0.2,0.774596669241483,-1,"4","4","4","1"
"5334","Cluster_9205_evm.TU.chromosome_3.961","Cluster_9205","evm.TU.chromosome_3.961",0.4,-0.2,-0.5,"2","2","2","3"
"5335","Cluster_9205_evm.TU.chromosome_4.1422","Cluster_9205","evm.TU.chromosome_4.1422",0.8,0,-0.5,"2","2","2","3"
"5336","Cluster_9205_evm.TU.chromosome_4.1423_evm.TU.chromosome_4.1431","Cluster_9205","evm.TU.chromosome_4.1423_evm.TU.chromosome_4.1431",0.2,-0.2,0.5,"1","1","1","4"
"5337","Cluster_9205_evm.TU.chromosome_4.2067","Cluster_9205","evm.TU.chromosome_4.2067",0.4,-0.8,-0.5,"2","2","2","3"
"5338","Cluster_9205_evm.TU.chromosome_4.234","Cluster_9205","evm.TU.chromosome_4.234",-0.8,0.4,-1,"4","4","4","1"
"5339","Cluster_9205_evm.TU.chromosome_5.1487","Cluster_9205","evm.TU.chromosome_5.1487",-1,0.8,0.5,"5","5","5","2"
"5340","Cluster_9205_evm.TU.chromosome_5.1507","Cluster_9205","evm.TU.chromosome_5.1507",0.4,-0.8,-1,"2","2","2","3"
"5341","Cluster_9205_evm.TU.chromosome_5.1727","Cluster_9205","evm.TU.chromosome_5.1727",0.2,0.948683298050514,-1,"4","4","4","1"
"5342","Cluster_9205_evm.TU.chromosome_5.2167","Cluster_9205","evm.TU.chromosome_5.2167",0.6,0.8,-0.5,"4","4","4","1"
"5343","Cluster_9205_evm.TU.chromosome_5.2240","Cluster_9205","evm.TU.chromosome_5.2240",0,0.8,-0.5,"4","4","4","1"
"5344","Cluster_9205_evm.TU.chromosome_5.2516","Cluster_9205","evm.TU.chromosome_5.2516",-1,0.2,-0.5,"4","4","4","1"
"5345","Cluster_9205_evm.TU.chromosome_5.2695","Cluster_9205","evm.TU.chromosome_5.2695",0,0.2,-0.5,"4","4","4","1"
"5346","Cluster_9205_evm.TU.chromosome_5.367","Cluster_9205","evm.TU.chromosome_5.367",-0.4,0.4,-0.5,"4","4","4","1"
"5347","Cluster_9205_evm.TU.chromosome_5.573","Cluster_9205","evm.TU.chromosome_5.573",-0.8,-0.4,1,"5","5","5","2"
"5348","Cluster_9205_evm.TU.chromosome_5.997","Cluster_9205","evm.TU.chromosome_5.997",0,-0.2,-0.5,"3","3","3","5"
"5349","Cluster_9205_evm.TU.chromosome_6.1137","Cluster_9205","evm.TU.chromosome_6.1137",-1,0.4,1,"5","5","5","2"
"5350","Cluster_9205_evm.TU.chromosome_6.1267","Cluster_9205","evm.TU.chromosome_6.1267",0.8,0,-1,"2","2","2","3"
"5351","Cluster_9205_evm.TU.chromosome_6.271","Cluster_9205","evm.TU.chromosome_6.271",0.8,-0.774596669241483,-0.5,"2","2","2","3"
"5352","Cluster_9205_evm.TU.chromosome_6.276","Cluster_9205","evm.TU.chromosome_6.276",0.632455532033676,0.316227766016838,-1,"2","2","2","3"
"5353","Cluster_9205_evm.TU.chromosome_6.2898","Cluster_9205","evm.TU.chromosome_6.2898",0.8,-0.4,-0.5,"2","2","2","3"
"5354","Cluster_9205_evm.TU.chromosome_6.60","Cluster_9205","evm.TU.chromosome_6.60",-0.4,-0.8,1,"1","1","1","4"
"5355","Cluster_9205_evm.TU.chromosome_6.838","Cluster_9205","evm.TU.chromosome_6.838",-0.258198889747161,-0.4,0,"3","3","3","5"
"5356","Cluster_9205_evm.TU.chromosome_7.1327","Cluster_9205","evm.TU.chromosome_7.1327",0.2,-0.2,1,"1","1","1","4"
"5357","Cluster_9205_evm.TU.chromosome_7.1534","Cluster_9205","evm.TU.chromosome_7.1534",0.2,-0.6,1,"1","1","1","4"
"5358","Cluster_9205_evm.TU.chromosome_7.212","Cluster_9205","evm.TU.chromosome_7.212",0.8,-0.4,0.5,"1","1","1","4"
"5359","Cluster_9205_evm.TU.chromosome_7.2217","Cluster_9205","evm.TU.chromosome_7.2217",-0.4,0.2,-0.5,"4","4","4","1"
"5360","Cluster_9205_evm.TU.chromosome_7.224","Cluster_9205","evm.TU.chromosome_7.224",-0.4,-0.8,-0.5,"3","3","3","5"
"5361","Cluster_9205_evm.TU.chromosome_7.2440","Cluster_9205","evm.TU.chromosome_7.2440",-0.2,0,-1,"4","4","4","1"
"5362","Cluster_9205_evm.TU.chromosome_7.2604","Cluster_9205","evm.TU.chromosome_7.2604",0.4,0,-0.5,"2","2","2","3"
"5363","Cluster_9205_evm.TU.chromosome_7.2749","Cluster_9205","evm.TU.chromosome_7.2749",0.4,0.8,-0.5,"4","4","4","1"
"5364","Cluster_9205_evm.TU.chromosome_7.2768","Cluster_9205","evm.TU.chromosome_7.2768",0.8,0.8,1,"3","3","3","5"
"5365","Cluster_9205_evm.TU.chromosome_7.2807","Cluster_9205","evm.TU.chromosome_7.2807",0.105409255338946,0.316227766016838,0.5,"3","3","3","5"
"5366","Cluster_9205_evm.TU.chromosome_7.525","Cluster_9205","evm.TU.chromosome_7.525",-0.4,0,-1,"4","4","4","1"
"5367","Cluster_9205_evm.TU.chromosome_7.527","Cluster_9205","evm.TU.chromosome_7.527",0.632455532033676,0.4,1,"1","1","1","4"
"5368","Cluster_9205_evm.TU.chromosome_8.123","Cluster_9205","evm.TU.chromosome_8.123",0.4,0.774596669241483,-1,"4","4","4","1"
"5369","Cluster_9205_evm.TU.chromosome_8.1248","Cluster_9205","evm.TU.chromosome_8.1248",0.8,0.4,-0.5,"2","2","2","3"
"5370","Cluster_9205_evm.TU.chromosome_8.1348","Cluster_9205","evm.TU.chromosome_8.1348",0.4,0.8,-1,"4","4","4","1"
"5371","Cluster_9205_evm.TU.chromosome_8.540","Cluster_9205","evm.TU.chromosome_8.540",0.8,0.6,-0.5,"2","2","2","3"
"5372","Cluster_9205_evm.TU.chromosome_8.601","Cluster_9205","evm.TU.chromosome_8.601",0,-0.2,-1,"2","2","2","3"
"5373","Cluster_9205_evm.TU.chromosome_8.617","Cluster_9205","evm.TU.chromosome_8.617",-0.2,-0.4,-0.5,"3","3","3","5"
"5374","Cluster_9205_evm.TU.chromosome_8.956","Cluster_9205","evm.TU.chromosome_8.956",0.774596669241483,-0.4,-0.5,"2","2","2","3"
"5375","Cluster_9205_evm.TU.chromosome_8.972","Cluster_9205","evm.TU.chromosome_8.972",-1,0.4,-0.5,"4","4","4","1"
"5376","Cluster_9205_evm.TU.chromosome_9.172","Cluster_9205","evm.TU.chromosome_9.172",0.8,0.8,-0.5,"4","4","4","1"
"5377","Cluster_9205_evm.TU.chromosome_9.200","Cluster_9205","evm.TU.chromosome_9.200",0.8,0.4,-1,"2","2","2","3"
"5378","Cluster_9205_evm.TU.chromosome_9.2282","Cluster_9205","evm.TU.chromosome_9.2282",0.6,-0.8,-1,"2","2","2","3"
"5379","Cluster_9205_evm.TU.chromosome_9.2375","Cluster_9205","evm.TU.chromosome_9.2375",-1,0.2,-0.5,"4","4","4","1"
"5380","Cluster_9205_evm.TU.chromosome_9.2782","Cluster_9205","evm.TU.chromosome_9.2782",-0.4,0.4,-1,"4","4","4","1"
"5381","Cluster_9205_evm.TU.chromosome_9.2819","Cluster_9205","evm.TU.chromosome_9.2819",0.2,0.4,-1,"4","4","4","1"
"5382","Cluster_9205_evm.TU.chromosome_9.2832","Cluster_9205","evm.TU.chromosome_9.2832",-0.4,0,-0.5,"3","3","3","5"
"5383","Cluster_9205_evm.TU.chromosome_9.777","Cluster_9205","evm.TU.chromosome_9.777",0.4,0.4,-0.5,"4","4","4","1"
"5384","Cluster_9205_evm.TU.chromosome_9.831","Cluster_9205","evm.TU.chromosome_9.831",0.4,-0.2,-0.5,"2","2","2","3"
"5385","Cluster_9205_evm.TU.chromosome_9.844","Cluster_9205","evm.TU.chromosome_9.844",0.4,1,-0.5,"4","4","4","1"
"5386","Cluster_995_evm.TU.chromosome_1.1065","Cluster_995","evm.TU.chromosome_1.1065",0.8,-0.6,-0.5,"2","2","2","3"
"5387","Cluster_995_evm.TU.chromosome_1.1081","Cluster_995","evm.TU.chromosome_1.1081",0.8,-0.8,-1,"2","2","2","3"
"5388","Cluster_995_evm.TU.chromosome_1.1180","Cluster_995","evm.TU.chromosome_1.1180",0.8,0.2,-0.5,"2","2","2","3"
"5389","Cluster_995_evm.TU.chromosome_1.1281","Cluster_995","evm.TU.chromosome_1.1281",-0.210818510677892,-0.4,-1,"2","2","2","3"
"5390","Cluster_995_evm.TU.chromosome_1.1503","Cluster_995","evm.TU.chromosome_1.1503",-0.8,-0.2,1,"5","5","5","2"
"5391","Cluster_995_evm.TU.chromosome_1.1664","Cluster_995","evm.TU.chromosome_1.1664",-0.4,-0.2,-0.5,"3","3","3","5"
"5392","Cluster_995_evm.TU.chromosome_1.1665","Cluster_995","evm.TU.chromosome_1.1665",-0.8,-0.4,1,"5","5","5","2"
"5393","Cluster_995_evm.TU.chromosome_1.1666","Cluster_995","evm.TU.chromosome_1.1666",-0.8,0,-0.5,"3","3","3","5"
"5394","Cluster_995_evm.TU.chromosome_1.1671","Cluster_995","evm.TU.chromosome_1.1671",-0.8,0.2,-0.5,"4","4","4","1"
"5395","Cluster_995_evm.TU.chromosome_1.1809","Cluster_995","evm.TU.chromosome_1.1809",0.4,0.4,-1,"4","4","4","1"
"5396","Cluster_995_evm.TU.chromosome_1.295","Cluster_995","evm.TU.chromosome_1.295",-0.4,0.2,-1,"4","4","4","1"
"5397","Cluster_995_evm.TU.chromosome_1.327","Cluster_995","evm.TU.chromosome_1.327",0.4,0.4,-1,"4","4","4","1"
"5398","Cluster_995_evm.TU.chromosome_1.347","Cluster_995","evm.TU.chromosome_1.347",0.2,-0.8,0,"1","1","1","4"
"5399","Cluster_995_evm.TU.chromosome_1.812","Cluster_995","evm.TU.chromosome_1.812",-0.4,0.8,0.5,"5","5","5","2"
"5400","Cluster_995_evm.TU.chromosome_1.848","Cluster_995","evm.TU.chromosome_1.848",0.6,-0.4,-0.5,"2","2","2","3"
"5401","Cluster_995_evm.TU.chromosome_10.1269","Cluster_995","evm.TU.chromosome_10.1269",-0.4,0.6,-0.5,"4","4","4","1"
"5402","Cluster_995_evm.TU.chromosome_10.1923","Cluster_995","evm.TU.chromosome_10.1923",-0.4,-0.4,0.5,"1","1","1","4"
"5403","Cluster_995_evm.TU.chromosome_10.1967","Cluster_995","evm.TU.chromosome_10.1967",-0.2,-0.316227766016838,-1,"2","2","2","3"
"5404","Cluster_995_evm.TU.chromosome_10.1969","Cluster_995","evm.TU.chromosome_10.1969",-0.4,0,-0.5,"3","3","3","5"
"5405","Cluster_995_evm.TU.chromosome_10.1970","Cluster_995","evm.TU.chromosome_10.1970",0.2,-0.2,-0.5,"2","2","2","3"
"5406","Cluster_995_evm.TU.chromosome_10.2059","Cluster_995","evm.TU.chromosome_10.2059",-0.2,-0.4,-1,"2","2","2","3"
"5407","Cluster_995_evm.TU.chromosome_10.2296","Cluster_995","evm.TU.chromosome_10.2296",-0.316227766016838,-0.258198889747161,-0.866025403784439,"3","3","3","5"
"5408","Cluster_995_evm.TU.chromosome_10.2633","Cluster_995","evm.TU.chromosome_10.2633",1,-0.737864787372622,-0.5,"2","2","2","3"
"5409","Cluster_995_evm.TU.chromosome_10.2746","Cluster_995","evm.TU.chromosome_10.2746",-0.8,-0.4,-1,"3","3","3","5"
"5410","Cluster_995_evm.TU.chromosome_10.3090","Cluster_995","evm.TU.chromosome_10.3090",0.8,-0.2,1,"1","1","1","4"
"5411","Cluster_995_evm.TU.chromosome_10.3199","Cluster_995","evm.TU.chromosome_10.3199",1,0.6,-1,"2","2","2","3"
"5412","Cluster_995_evm.TU.chromosome_10.598","Cluster_995","evm.TU.chromosome_10.598",-0.4,0.8,-1,"4","4","4","1"
"5413","Cluster_995_evm.TU.chromosome_10.696","Cluster_995","evm.TU.chromosome_10.696",0.4,0.2,-0.5,"2","2","2","3"
"5414","Cluster_995_evm.TU.chromosome_11.1217","Cluster_995","evm.TU.chromosome_11.1217",0,-0.4,-0.5,"3","3","3","5"
"5415","Cluster_995_evm.TU.chromosome_11.159","Cluster_995","evm.TU.chromosome_11.159",1,-0.8,-0.5,"2","2","2","3"
"5416","Cluster_995_evm.TU.chromosome_11.1808","Cluster_995","evm.TU.chromosome_11.1808",0.4,0.4,-1,"4","4","4","1"
"5417","Cluster_995_evm.TU.chromosome_11.1817","Cluster_995","evm.TU.chromosome_11.1817",-0.105409255338946,0.316227766016838,-0.5,"4","4","4","1"
"5418","Cluster_995_evm.TU.chromosome_11.2329","Cluster_995","evm.TU.chromosome_11.2329",-0.2,0.4,-1,"4","4","4","1"
"5419","Cluster_995_evm.TU.chromosome_11.2416","Cluster_995","evm.TU.chromosome_11.2416",0,0.2,0.5,"3","3","3","5"
"5420","Cluster_995_evm.TU.chromosome_11.2704","Cluster_995","evm.TU.chromosome_11.2704",-0.8,-0.2,0.5,"5","5","5","2"
"5421","Cluster_995_evm.TU.chromosome_11.2837","Cluster_995","evm.TU.chromosome_11.2837",-0.4,-0.2,-0.5,"3","3","3","5"
"5422","Cluster_995_evm.TU.chromosome_11.2861","Cluster_995","evm.TU.chromosome_11.2861",0.4,0.2,-0.5,"2","2","2","3"
"5423","Cluster_995_evm.TU.chromosome_11.3058","Cluster_995","evm.TU.chromosome_11.3058",-0.4,0.4,0.5,"5","5","5","2"
"5424","Cluster_995_evm.TU.chromosome_11.3090","Cluster_995","evm.TU.chromosome_11.3090",0.4,-0.4,-1,"2","2","2","3"
"5425","Cluster_995_evm.TU.chromosome_11.76","Cluster_995","evm.TU.chromosome_11.76",0.4,-0.8,1,"1","1","1","4"
"5426","Cluster_995_evm.TU.chromosome_11.884","Cluster_995","evm.TU.chromosome_11.884",-0.8,0.4,-0.5,"4","4","4","1"
"5427","Cluster_995_evm.TU.chromosome_12.1239","Cluster_995","evm.TU.chromosome_12.1239",0.2,0,-1,"2","2","2","3"
"5428","Cluster_995_evm.TU.chromosome_12.1445","Cluster_995","evm.TU.chromosome_12.1445",0.2,0.8,1,"5","5","5","2"
"5429","Cluster_995_evm.TU.chromosome_12.1510","Cluster_995","evm.TU.chromosome_12.1510",0,0.4,-0.5,"4","4","4","1"
"5430","Cluster_995_evm.TU.chromosome_12.1519","Cluster_995","evm.TU.chromosome_12.1519",-0.4,0.4,1,"5","5","5","2"
"5431","Cluster_995_evm.TU.chromosome_12.1596","Cluster_995","evm.TU.chromosome_12.1596",-0.737864787372622,0.6,-0.866025403784439,"4","4","4","1"
"5432","Cluster_995_evm.TU.chromosome_12.1896","Cluster_995","evm.TU.chromosome_12.1896",-0.8,0.8,-0.5,"4","4","4","1"
"5433","Cluster_995_evm.TU.chromosome_12.1966","Cluster_995","evm.TU.chromosome_12.1966",0.4,0,0.5,"3","3","3","5"
"5434","Cluster_995_evm.TU.chromosome_12.2036","Cluster_995","evm.TU.chromosome_12.2036",0,-0.4,-1,"2","2","2","3"
"5435","Cluster_995_evm.TU.chromosome_12.2057","Cluster_995","evm.TU.chromosome_12.2057",0.2,0.4,-1,"4","4","4","1"
"5436","Cluster_995_evm.TU.chromosome_12.225","Cluster_995","evm.TU.chromosome_12.225",1,0.8,-1,"2","2","2","3"
"5437","Cluster_995_evm.TU.chromosome_12.250","Cluster_995","evm.TU.chromosome_12.250",-0.4,0.6,0.5,"5","5","5","2"
"5438","Cluster_995_evm.TU.chromosome_12.2538","Cluster_995","evm.TU.chromosome_12.2538",-0.6,-0.316227766016838,-0.5,"3","3","3","5"
"5439","Cluster_995_evm.TU.chromosome_12.3033","Cluster_995","evm.TU.chromosome_12.3033",0.4,-0.4,-0.5,"2","2","2","3"
"5440","Cluster_995_evm.TU.chromosome_12.3910","Cluster_995","evm.TU.chromosome_12.3910",0.8,-0.2,-0.5,"2","2","2","3"
"5441","Cluster_995_evm.TU.chromosome_12.4098","Cluster_995","evm.TU.chromosome_12.4098",0.4,0,-0.5,"2","2","2","3"
"5442","Cluster_995_evm.TU.chromosome_12.73","Cluster_995","evm.TU.chromosome_12.73",0.8,0.4,-1,"2","2","2","3"
"5443","Cluster_995_evm.TU.chromosome_13.1022","Cluster_995","evm.TU.chromosome_13.1022",0,-0.316227766016838,-0.5,"3","3","3","5"
"5444","Cluster_995_evm.TU.chromosome_13.1025","Cluster_995","evm.TU.chromosome_13.1025",0.2,0.8,0.5,"3","3","3","5"
"5445","Cluster_995_evm.TU.chromosome_13.2911","Cluster_995","evm.TU.chromosome_13.2911",-0.8,0.2,1,"5","5","5","2"
"5446","Cluster_995_evm.TU.chromosome_13.3142","Cluster_995","evm.TU.chromosome_13.3142",1,0.4,-1,"2","2","2","3"
"5447","Cluster_995_evm.TU.chromosome_13.3201","Cluster_995","evm.TU.chromosome_13.3201",-0.2,0.210818510677892,-1,"4","4","4","1"
"5448","Cluster_995_evm.TU.chromosome_13.3471","Cluster_995","evm.TU.chromosome_13.3471",0.737864787372622,0.210818510677892,-1,"2","2","2","3"
"5449","Cluster_995_evm.TU.chromosome_13.3866","Cluster_995","evm.TU.chromosome_13.3866",0.4,0.4,-1,"4","4","4","1"
"5450","Cluster_995_evm.TU.chromosome_13.4097","Cluster_995","evm.TU.chromosome_13.4097",1,0.316227766016838,-0.5,"2","2","2","3"
"5451","Cluster_995_evm.TU.chromosome_13.4184","Cluster_995","evm.TU.chromosome_13.4184",-0.4,-0.2,1,"5","5","5","2"
"5452","Cluster_995_evm.TU.chromosome_13.435","Cluster_995","evm.TU.chromosome_13.435",-0.2,0.8,-1,"4","4","4","1"
"5453","Cluster_995_evm.TU.chromosome_13.655","Cluster_995","evm.TU.chromosome_13.655",-0.4,-0.2,-0.866025403784439,"4","4","4","1"
"5454","Cluster_995_evm.TU.chromosome_13.887","Cluster_995","evm.TU.chromosome_13.887",-0.6,0.4,-0.5,"4","4","4","1"
"5455","Cluster_995_evm.TU.chromosome_14.1202","Cluster_995","evm.TU.chromosome_14.1202",-0.2,-0.4,-0.5,"3","3","3","5"
"5456","Cluster_995_evm.TU.chromosome_14.1269","Cluster_995","evm.TU.chromosome_14.1269",0.4,-0.4,-0.5,"2","2","2","3"
"5457","Cluster_995_evm.TU.chromosome_14.1371","Cluster_995","evm.TU.chromosome_14.1371",-1,1,-1,"4","4","4","1"
"5458","Cluster_995_evm.TU.chromosome_14.1380","Cluster_995","evm.TU.chromosome_14.1380",-0.8,-0.8,0.5,"1","1","1","4"
"5459","Cluster_995_evm.TU.chromosome_14.1827","Cluster_995","evm.TU.chromosome_14.1827",0,0.2,0.5,"3","3","3","5"
"5460","Cluster_995_evm.TU.chromosome_14.1928","Cluster_995","evm.TU.chromosome_14.1928",-0.2,0.2,-1,"4","4","4","1"
"5461","Cluster_995_evm.TU.chromosome_14.2073","Cluster_995","evm.TU.chromosome_14.2073",-0.6,0.8,-0.5,"4","4","4","1"
"5462","Cluster_995_evm.TU.chromosome_14.2314","Cluster_995","evm.TU.chromosome_14.2314",-0.2,-0.316227766016838,-1,"2","2","2","3"
"5463","Cluster_995_evm.TU.chromosome_14.2521","Cluster_995","evm.TU.chromosome_14.2521",-0.4,-0.258198889747161,0,"3","3","3","5"
"5464","Cluster_995_evm.TU.chromosome_14.2971","Cluster_995","evm.TU.chromosome_14.2971",0.258198889747161,0,-0.5,"2","2","2","3"
"5465","Cluster_995_evm.TU.chromosome_14.3013","Cluster_995","evm.TU.chromosome_14.3013",0.2,0.4,-0.5,"4","4","4","1"
"5466","Cluster_995_evm.TU.chromosome_14.3933","Cluster_995","evm.TU.chromosome_14.3933",-0.8,-0.258198889747161,0,"5","5","5","2"
"5467","Cluster_995_evm.TU.chromosome_14.4145","Cluster_995","evm.TU.chromosome_14.4145",0.2,0,-0.5,"2","2","2","3"
"5468","Cluster_995_evm.TU.chromosome_14.423","Cluster_995","evm.TU.chromosome_14.423",-0.8,0.4,1,"5","5","5","2"
"5469","Cluster_995_evm.TU.chromosome_14.4402","Cluster_995","evm.TU.chromosome_14.4402",-0.258198889747161,0.210818510677892,-0.5,"4","4","4","1"
"5470","Cluster_995_evm.TU.chromosome_14.4424","Cluster_995","evm.TU.chromosome_14.4424",0.8,0,-1,"2","2","2","3"
"5471","Cluster_995_evm.TU.chromosome_14.530","Cluster_995","evm.TU.chromosome_14.530",-0.4,-0.4,-1,"3","3","3","5"
"5472","Cluster_995_evm.TU.chromosome_14.5371","Cluster_995","evm.TU.chromosome_14.5371",0.4,-0.6,-1,"2","2","2","3"
"5473","Cluster_995_evm.TU.chromosome_14.5406","Cluster_995","evm.TU.chromosome_14.5406",-0.4,0,-1,"4","4","4","1"
"5474","Cluster_995_evm.TU.chromosome_14.5658","Cluster_995","evm.TU.chromosome_14.5658",0.4,0.4,-1,"4","4","4","1"
"5475","Cluster_995_evm.TU.chromosome_14.61","Cluster_995","evm.TU.chromosome_14.61",-0.4,0.4,0.5,"5","5","5","2"
"5476","Cluster_995_evm.TU.chromosome_14.7109","Cluster_995","evm.TU.chromosome_14.7109",-1,0.8,0.5,"5","5","5","2"
"5477","Cluster_995_evm.TU.chromosome_14.7248","Cluster_995","evm.TU.chromosome_14.7248",-0.4,-0.2,-1,"4","4","4","1"
"5478","Cluster_995_evm.TU.chromosome_14.7275","Cluster_995","evm.TU.chromosome_14.7275",1,0.4,-1,"2","2","2","3"
"5479","Cluster_995_evm.TU.chromosome_14.785","Cluster_995","evm.TU.chromosome_14.785",-0.4,0.4,-0.5,"4","4","4","1"
"5480","Cluster_995_evm.TU.chromosome_2.1023","Cluster_995","evm.TU.chromosome_2.1023",-0.2,-0.8,-1,"2","2","2","3"
"5481","Cluster_995_evm.TU.chromosome_2.1270","Cluster_995","evm.TU.chromosome_2.1270",-0.4,0.4,-1,"4","4","4","1"
"5482","Cluster_995_evm.TU.chromosome_2.1530","Cluster_995","evm.TU.chromosome_2.1530",-0.4,0,0.5,"5","5","5","2"
"5483","Cluster_995_evm.TU.chromosome_2.1648","Cluster_995","evm.TU.chromosome_2.1648",0.2,-0.316227766016838,-1,"2","2","2","3"
"5484","Cluster_995_evm.TU.chromosome_2.1780","Cluster_995","evm.TU.chromosome_2.1780",1,-1,-0.5,"2","2","2","3"
"5485","Cluster_995_evm.TU.chromosome_2.1784","Cluster_995","evm.TU.chromosome_2.1784",0,-0.2,-1,"2","2","2","3"
"5486","Cluster_995_evm.TU.chromosome_2.1910","Cluster_995","evm.TU.chromosome_2.1910",-0.8,0.2,-1,"4","4","4","1"
"5487","Cluster_995_evm.TU.chromosome_2.1960","Cluster_995","evm.TU.chromosome_2.1960",-0.4,0.6,0.5,"5","5","5","2"
"5488","Cluster_995_evm.TU.chromosome_2.1986","Cluster_995","evm.TU.chromosome_2.1986",-0.4,0.8,-1,"4","4","4","1"
"5489","Cluster_995_evm.TU.chromosome_2.2015","Cluster_995","evm.TU.chromosome_2.2015",0.8,-0.6,-1,"2","2","2","3"
"5490","Cluster_995_evm.TU.chromosome_2.333","Cluster_995","evm.TU.chromosome_2.333",0.2,-0.2,-0.5,"2","2","2","3"
"5491","Cluster_995_evm.TU.chromosome_2.43","Cluster_995","evm.TU.chromosome_2.43",-0.4,-0.4,-1,"3","3","3","5"
"5492","Cluster_995_evm.TU.chromosome_2.68","Cluster_995","evm.TU.chromosome_2.68",0.4,-0.2,-1,"2","2","2","3"
"5493","Cluster_995_evm.TU.chromosome_2.776","Cluster_995","evm.TU.chromosome_2.776",0.4,-0.2,-1,"2","2","2","3"
"5494","Cluster_995_evm.TU.chromosome_3.1163","Cluster_995","evm.TU.chromosome_3.1163",0.2,0.4,-1,"4","4","4","1"
"5495","Cluster_995_evm.TU.chromosome_3.1301","Cluster_995","evm.TU.chromosome_3.1301",0.2,0.4,-1,"4","4","4","1"
"5496","Cluster_995_evm.TU.chromosome_3.1414","Cluster_995","evm.TU.chromosome_3.1414",-0.2,-0.4,-0.5,"3","3","3","5"
"5497","Cluster_995_evm.TU.chromosome_3.160","Cluster_995","evm.TU.chromosome_3.160",-0.8,0.2,0.5,"5","5","5","2"
"5498","Cluster_995_evm.TU.chromosome_3.1605","Cluster_995","evm.TU.chromosome_3.1605",-1,0.6,0.5,"5","5","5","2"
"5499","Cluster_995_evm.TU.chromosome_3.1978","Cluster_995","evm.TU.chromosome_3.1978",-0.8,-0.4,-1,"3","3","3","5"
"5500","Cluster_995_evm.TU.chromosome_3.507","Cluster_995","evm.TU.chromosome_3.507",-0.8,-0.258198889747161,-1,"4","4","4","1"
"5501","Cluster_995_evm.TU.chromosome_3.550","Cluster_995","evm.TU.chromosome_3.550",0.4,0.774596669241483,0,"4","4","4","1"
"5502","Cluster_995_evm.TU.chromosome_3.56","Cluster_995","evm.TU.chromosome_3.56",1,-0.4,-0.5,"2","2","2","3"
"5503","Cluster_995_evm.TU.chromosome_3.602","Cluster_995","evm.TU.chromosome_3.602",0.8,-0.8,-0.5,"2","2","2","3"
"5504","Cluster_995_evm.TU.chromosome_3.819","Cluster_995","evm.TU.chromosome_3.819",-0.4,0.4,0.5,"5","5","5","2"
"5505","Cluster_995_evm.TU.chromosome_3.889","Cluster_995","evm.TU.chromosome_3.889",-0.2,0.210818510677892,-0.5,"4","4","4","1"
"5506","Cluster_995_evm.TU.chromosome_3.991","Cluster_995","evm.TU.chromosome_3.991",0.2,0,-0.5,"2","2","2","3"
"5507","Cluster_995_evm.TU.chromosome_4.1297","Cluster_995","evm.TU.chromosome_4.1297",0.8,-0.4,-1,"2","2","2","3"
"5508","Cluster_995_evm.TU.chromosome_4.1298","Cluster_995","evm.TU.chromosome_4.1298",-0.8,0,-1,"4","4","4","1"
"5509","Cluster_995_evm.TU.chromosome_4.1506","Cluster_995","evm.TU.chromosome_4.1506",-0.4,-0.8,-0.866025403784439,"3","3","3","5"
"5510","Cluster_995_evm.TU.chromosome_4.1527","Cluster_995","evm.TU.chromosome_4.1527",0,0.2,-0.5,"4","4","4","1"
"5511","Cluster_995_evm.TU.chromosome_4.1533","Cluster_995","evm.TU.chromosome_4.1533",-0.4,0.4,-0.5,"4","4","4","1"
"5512","Cluster_995_evm.TU.chromosome_4.1592","Cluster_995","evm.TU.chromosome_4.1592",0.4,-0.2,-1,"2","2","2","3"
"5513","Cluster_995_evm.TU.chromosome_4.1596","Cluster_995","evm.TU.chromosome_4.1596",0.4,0.8,-0.5,"4","4","4","1"
"5514","Cluster_995_evm.TU.chromosome_4.1866","Cluster_995","evm.TU.chromosome_4.1866",0.8,0.2,-1,"2","2","2","3"
"5515","Cluster_995_evm.TU.chromosome_4.1983","Cluster_995","evm.TU.chromosome_4.1983",0.8,-0.258198889747161,0,"2","2","2","3"
"5516","Cluster_995_evm.TU.chromosome_4.437","Cluster_995","evm.TU.chromosome_4.437",0.4,0.316227766016838,-0.5,"2","2","2","3"
"5517","Cluster_995_evm.TU.chromosome_4.441","Cluster_995","evm.TU.chromosome_4.441",0.2,-0.4,1,"1","1","1","4"
"5518","Cluster_995_evm.TU.chromosome_4.557","Cluster_995","evm.TU.chromosome_4.557",-0.2,-0.8,1,"1","1","1","4"
"5519","Cluster_995_evm.TU.chromosome_5.1151","Cluster_995","evm.TU.chromosome_5.1151",0.948683298050514,0.316227766016838,-0.866025403784439,"2","2","2","3"
"5520","Cluster_995_evm.TU.chromosome_5.1385","Cluster_995","evm.TU.chromosome_5.1385",0.4,-0.4,0.5,"1","1","1","4"
"5521","Cluster_995_evm.TU.chromosome_5.1386","Cluster_995","evm.TU.chromosome_5.1386",0,0.316227766016838,-1,"4","4","4","1"
"5522","Cluster_995_evm.TU.chromosome_5.139","Cluster_995","evm.TU.chromosome_5.139",1,0.2,-1,"2","2","2","3"
"5523","Cluster_995_evm.TU.chromosome_5.1547","Cluster_995","evm.TU.chromosome_5.1547",-0.4,-0.4,-1,"3","3","3","5"
"5524","Cluster_995_evm.TU.chromosome_5.1622","Cluster_995","evm.TU.chromosome_5.1622",-0.258198889747161,0.774596669241483,-0.5,"4","4","4","1"
"5525","Cluster_995_evm.TU.chromosome_5.1953","Cluster_995","evm.TU.chromosome_5.1953",0.8,0.4,-1,"2","2","2","3"
"5526","Cluster_995_evm.TU.chromosome_5.2211","Cluster_995","evm.TU.chromosome_5.2211",0.4,0.8,-1,"4","4","4","1"
"5527","Cluster_995_evm.TU.chromosome_5.2535","Cluster_995","evm.TU.chromosome_5.2535",0.4,0.632455532033676,-1,"4","4","4","1"
"5528","Cluster_995_evm.TU.chromosome_5.2587","Cluster_995","evm.TU.chromosome_5.2587",0.737864787372622,0.316227766016838,-0.5,"2","2","2","3"
"5529","Cluster_995_evm.TU.chromosome_5.2817","Cluster_995","evm.TU.chromosome_5.2817",0.8,0.2,-1,"2","2","2","3"
"5530","Cluster_995_evm.TU.chromosome_5.548","Cluster_995","evm.TU.chromosome_5.548",1,-0.8,1,"1","1","1","4"
"5531","Cluster_995_evm.TU.chromosome_5.916","Cluster_995","evm.TU.chromosome_5.916",-0.4,0.737864787372622,0,"4","4","4","1"
"5532","Cluster_995_evm.TU.chromosome_6.1337","Cluster_995","evm.TU.chromosome_6.1337",1,0,-1,"2","2","2","3"
"5533","Cluster_995_evm.TU.chromosome_6.1643","Cluster_995","evm.TU.chromosome_6.1643",-0.4,-0.2,-1,"4","4","4","1"
"5534","Cluster_995_evm.TU.chromosome_6.1669","Cluster_995","evm.TU.chromosome_6.1669",-0.8,-0.4,1,"5","5","5","2"
"5535","Cluster_995_evm.TU.chromosome_6.2071","Cluster_995","evm.TU.chromosome_6.2071",0.4,-0.6,1,"1","1","1","4"
"5536","Cluster_995_evm.TU.chromosome_6.258","Cluster_995","evm.TU.chromosome_6.258",0.8,0.4,0.5,"3","3","3","5"
"5537","Cluster_995_evm.TU.chromosome_6.2592","Cluster_995","evm.TU.chromosome_6.2592",0.4,-0.4,-1,"2","2","2","3"
"5538","Cluster_995_evm.TU.chromosome_6.2893","Cluster_995","evm.TU.chromosome_6.2893",-0.4,-0.2,0.5,"5","5","5","2"
"5539","Cluster_995_evm.TU.chromosome_6.389","Cluster_995","evm.TU.chromosome_6.389",1,0.774596669241483,-1,"2","2","2","3"
"5540","Cluster_995_evm.TU.chromosome_6.394","Cluster_995","evm.TU.chromosome_6.394",0.4,0.8,-0.5,"4","4","4","1"
"5541","Cluster_995_evm.TU.chromosome_6.438","Cluster_995","evm.TU.chromosome_6.438",-0.4,0.8,-1,"4","4","4","1"
"5542","Cluster_995_evm.TU.chromosome_6.543","Cluster_995","evm.TU.chromosome_6.543",0.8,-0.2,-1,"2","2","2","3"
"5543","Cluster_995_evm.TU.chromosome_6.558","Cluster_995","evm.TU.chromosome_6.558",0.4,-0.2,-0.5,"2","2","2","3"
"5544","Cluster_995_evm.TU.chromosome_6.9","Cluster_995","evm.TU.chromosome_6.9",-0.2,0.4,1,"5","5","5","2"
"5545","Cluster_995_evm.TU.chromosome_7.1187_evm.TU.chromosome_7.1174_evm.TU.chromosome_7.1175_evm.TU.chromosome_7.1176","Cluster_995","evm.TU.chromosome_7.1187_evm.TU.chromosome_7.1174_evm.TU.chromosome_7.1175_evm.TU.chromosome_7.1176",0.4,0.4,0,"3","3","3","5"
"5546","Cluster_995_evm.TU.chromosome_7.1723","Cluster_995","evm.TU.chromosome_7.1723",0.8,-0.4,-1,"2","2","2","3"
"5547","Cluster_995_evm.TU.chromosome_7.1797_evm.TU.chromosome_7.1799","Cluster_995","evm.TU.chromosome_7.1797_evm.TU.chromosome_7.1799",1,0.2,-0.5,"2","2","2","3"
"5548","Cluster_995_evm.TU.chromosome_7.2360","Cluster_995","evm.TU.chromosome_7.2360",0.2,0.6,-0.866025403784439,"4","4","4","1"
"5549","Cluster_995_evm.TU.chromosome_7.244","Cluster_995","evm.TU.chromosome_7.244",-0.4,-0.2,1,"5","5","5","2"
"5550","Cluster_995_evm.TU.chromosome_7.2679","Cluster_995","evm.TU.chromosome_7.2679",0,0.774596669241483,-0.866025403784439,"4","4","4","1"
"5551","Cluster_995_evm.TU.chromosome_7.358","Cluster_995","evm.TU.chromosome_7.358",-0.2,-0.8,0.5,"1","1","1","4"
"5552","Cluster_995_evm.TU.chromosome_8.1010","Cluster_995","evm.TU.chromosome_8.1010",-0.6,-0.4,1,"5","5","5","2"
"5553","Cluster_995_evm.TU.chromosome_8.1147","Cluster_995","evm.TU.chromosome_8.1147",0.8,-0.8,-0.5,"2","2","2","3"
"5554","Cluster_995_evm.TU.chromosome_8.1247","Cluster_995","evm.TU.chromosome_8.1247",0,0.316227766016838,-1,"4","4","4","1"
"5555","Cluster_995_evm.TU.chromosome_8.1261","Cluster_995","evm.TU.chromosome_8.1261",0.8,-0.316227766016838,-1,"2","2","2","3"
"5556","Cluster_995_evm.TU.chromosome_8.1978","Cluster_995","evm.TU.chromosome_8.1978",0.4,0.8,-1,"4","4","4","1"
"5557","Cluster_995_evm.TU.chromosome_8.2131","Cluster_995","evm.TU.chromosome_8.2131",0.6,0,-1,"2","2","2","3"
"5558","Cluster_995_evm.TU.chromosome_8.2150","Cluster_995","evm.TU.chromosome_8.2150",0.4,0.737864787372622,-0.866025403784439,"4","4","4","1"
"5559","Cluster_995_evm.TU.chromosome_8.2388","Cluster_995","evm.TU.chromosome_8.2388",0.8,0.316227766016838,-1,"2","2","2","3"
"5560","Cluster_995_evm.TU.chromosome_8.2550","Cluster_995","evm.TU.chromosome_8.2550",-0.4,0.4,-1,"4","4","4","1"
"5561","Cluster_995_evm.TU.chromosome_8.2683","Cluster_995","evm.TU.chromosome_8.2683",-0.948683298050514,0.737864787372622,-0.866025403784439,"4","4","4","1"
"5562","Cluster_995_evm.TU.chromosome_8.2729","Cluster_995","evm.TU.chromosome_8.2729",0.774596669241483,-0.316227766016838,-0.5,"2","2","2","3"
"5563","Cluster_995_evm.TU.chromosome_8.2741","Cluster_995","evm.TU.chromosome_8.2741",0.4,-0.2,1,"1","1","1","4"
"5564","Cluster_995_evm.TU.chromosome_8.289","Cluster_995","evm.TU.chromosome_8.289",-0.4,0.4,-1,"4","4","4","1"
"5565","Cluster_995_evm.TU.chromosome_8.504","Cluster_995","evm.TU.chromosome_8.504",-0.2,0.2,-1,"4","4","4","1"
"5566","Cluster_995_evm.TU.chromosome_8.938","Cluster_995","evm.TU.chromosome_8.938",-0.2,0,-1,"4","4","4","1"
"5567","Cluster_995_evm.TU.chromosome_9.1074","Cluster_995","evm.TU.chromosome_9.1074",1,-0.8,-0.5,"2","2","2","3"
"5568","Cluster_995_evm.TU.chromosome_9.2236","Cluster_995","evm.TU.chromosome_9.2236",-0.2,-0.4,-1,"2","2","2","3"
"5569","Cluster_995_evm.TU.chromosome_9.2246","Cluster_995","evm.TU.chromosome_9.2246",0.4,0.2,-0.5,"2","2","2","3"
"5570","Cluster_995_evm.TU.chromosome_9.2565","Cluster_995","evm.TU.chromosome_9.2565",0.4,-0.2,1,"1","1","1","4"
"5571","Cluster_995_evm.TU.chromosome_9.2569","Cluster_995","evm.TU.chromosome_9.2569",0.4,-0.4,-0.5,"2","2","2","3"
"5572","Cluster_995_evm.TU.chromosome_9.2852","Cluster_995","evm.TU.chromosome_9.2852",-0.4,-0.4,-1,"3","3","3","5"
"5573","Cluster_995_evm.TU.chromosome_9.2884","Cluster_995","evm.TU.chromosome_9.2884",1,-0.2,-1,"2","2","2","3"
"5574","Cluster_995_evm.TU.chromosome_9.522","Cluster_995","evm.TU.chromosome_9.522",0.2,-0.8,1,"1","1","1","4"
"5575","Cluster_995_evm.TU.chromosome_9.583","Cluster_995","evm.TU.chromosome_9.583",0.4,-0.948683298050514,-0.5,"2","2","2","3"
"5576","Cluster_995_evm.TU.chromosome_9.605","Cluster_995","evm.TU.chromosome_9.605",1,-0.8,-1,"2","2","2","3"
"5577","Cluster_995_evm.TU.chromosome_9.607","Cluster_995","evm.TU.chromosome_9.607",0.2,0.2,-1,"4","4","4","1"
"5578","Cluster_995_evm.TU.chromosome_9.98","Cluster_995","evm.TU.chromosome_9.98",0.2,0.4,-0.5,"4","4","4","1"
"5579","Cluster_996_evm.TU.chromosome_1.1335","Cluster_996","evm.TU.chromosome_1.1335",-0.8,0,1,"5","5","5","2"
"5580","Cluster_996_evm.TU.chromosome_1.1368","Cluster_996","evm.TU.chromosome_1.1368",0.4,0.2,0,"3","3","3","5"
"5581","Cluster_996_evm.TU.chromosome_1.902","Cluster_996","evm.TU.chromosome_1.902",0,0,0.5,"3","3","3","5"
"5582","Cluster_996_evm.TU.chromosome_10.1843","Cluster_996","evm.TU.chromosome_10.1843",-0.4,-0.774596669241483,0.5,"1","1","1","4"
"5583","Cluster_996_evm.TU.chromosome_10.2471","Cluster_996","evm.TU.chromosome_10.2471",-0.4,0.2,-0.5,"4","4","4","1"
"5584","Cluster_996_evm.TU.chromosome_10.2943","Cluster_996","evm.TU.chromosome_10.2943",-0.4,-0.4,-0.5,"3","3","3","5"
"5585","Cluster_996_evm.TU.chromosome_10.719","Cluster_996","evm.TU.chromosome_10.719",0,0.4,1,"5","5","5","2"
"5586","Cluster_996_evm.TU.chromosome_11.2016","Cluster_996","evm.TU.chromosome_11.2016",-0.2,-0.4,0.5,"1","1","1","4"
"5587","Cluster_996_evm.TU.chromosome_11.2064","Cluster_996","evm.TU.chromosome_11.2064",0.6,0.6,0.5,"3","3","3","5"
"5588","Cluster_996_evm.TU.chromosome_11.2461","Cluster_996","evm.TU.chromosome_11.2461",-0.8,0,0.5,"5","5","5","2"
"5589","Cluster_996_evm.TU.chromosome_11.83","Cluster_996","evm.TU.chromosome_11.83",-0.6,-0.2,0,"3","3","3","5"
"5590","Cluster_996_evm.TU.chromosome_12.2618","Cluster_996","evm.TU.chromosome_12.2618",0,0,1,"1","1","1","4"
"5591","Cluster_996_evm.TU.chromosome_13.1132","Cluster_996","evm.TU.chromosome_13.1132",0.8,0.4,-0.5,"2","2","2","3"
"5592","Cluster_996_evm.TU.chromosome_13.2400","Cluster_996","evm.TU.chromosome_13.2400",-0.2,0.4,-1,"4","4","4","1"
"5593","Cluster_996_evm.TU.chromosome_13.2978","Cluster_996","evm.TU.chromosome_13.2978",0.4,-0.6,1,"1","1","1","4"
"5594","Cluster_996_evm.TU.chromosome_13.4109","Cluster_996","evm.TU.chromosome_13.4109",-0.8,0.105409255338946,1,"5","5","5","2"
"5595","Cluster_996_evm.TU.chromosome_13.763","Cluster_996","evm.TU.chromosome_13.763",-0.774596669241483,-0.210818510677892,0.866025403784439,"5","5","5","2"
"5596","Cluster_996_evm.TU.chromosome_14.1019","Cluster_996","evm.TU.chromosome_14.1019",0.316227766016838,-0.2,0.5,"1","1","1","4"
"5597","Cluster_996_evm.TU.chromosome_14.1875","Cluster_996","evm.TU.chromosome_14.1875",1,0.737864787372622,1,"3","3","3","5"
"5598","Cluster_996_evm.TU.chromosome_14.5518","Cluster_996","evm.TU.chromosome_14.5518",-0.632455532033676,0.4,-0.5,"4","4","4","1"
"5599","Cluster_996_evm.TU.chromosome_14.6664","Cluster_996","evm.TU.chromosome_14.6664",-0.4,0,1,"5","5","5","2"
"5600","Cluster_996_evm.TU.chromosome_14.7190","Cluster_996","evm.TU.chromosome_14.7190",-0.8,0.2,0.866025403784439,"5","5","5","2"
"5601","Cluster_996_evm.TU.chromosome_2.1264","Cluster_996","evm.TU.chromosome_2.1264",-0.737864787372622,-0.316227766016838,1,"5","5","5","2"
"5602","Cluster_996_evm.TU.chromosome_3.1390","Cluster_996","evm.TU.chromosome_3.1390",-1,-0.4,1,"5","5","5","2"
"5603","Cluster_996_evm.TU.chromosome_3.70","Cluster_996","evm.TU.chromosome_3.70",-0.2,0.4,1,"5","5","5","2"
"5604","Cluster_996_evm.TU.chromosome_5.700","Cluster_996","evm.TU.chromosome_5.700",-0.2,0.8,-1,"4","4","4","1"
"5605","Cluster_996_evm.TU.chromosome_5.703","Cluster_996","evm.TU.chromosome_5.703",0.4,0,1,"1","1","1","4"
"5606","Cluster_996_evm.TU.chromosome_5.721","Cluster_996","evm.TU.chromosome_5.721",-0.2,0,0.5,"3","3","3","5"
"5607","Cluster_996_evm.TU.chromosome_5.732","Cluster_996","evm.TU.chromosome_5.732",0.4,-0.4,-1,"2","2","2","3"
"5608","Cluster_996_evm.TU.chromosome_7.421","Cluster_996","evm.TU.chromosome_7.421",-0.2,1,-0.5,"4","4","4","1"
"5609","Cluster_996_evm.TU.chromosome_8.257","Cluster_996","evm.TU.chromosome_8.257",-0.4,0.632455532033676,0.866025403784439,"5","5","5","2"
"5610","Cluster_996_evm.TU.chromosome_8.2745","Cluster_996","evm.TU.chromosome_8.2745",0,0.774596669241483,1,"5","5","5","2"
"5611","Cluster_996_evm.TU.chromosome_9.413","Cluster_996","evm.TU.chromosome_9.413",0.8,0.8,1,"3","3","3","5"
"5612","Cluster_998_evm.TU.chromosome_1.1051","Cluster_998","evm.TU.chromosome_1.1051",-0.258198889747161,-0.632455532033676,0.5,"1","1","1","4"
"5613","Cluster_998_evm.TU.chromosome_1.1536","Cluster_998","evm.TU.chromosome_1.1536",0.8,-0.8,0.5,"1","1","1","4"
"5614","Cluster_998_evm.TU.chromosome_1.1623","Cluster_998","evm.TU.chromosome_1.1623",0.4,-0.210818510677892,-0.866025403784439,"2","2","2","3"
"5615","Cluster_998_evm.TU.chromosome_1.1624","Cluster_998","evm.TU.chromosome_1.1624",-0.4,0.105409255338946,1,"5","5","5","2"
"5616","Cluster_998_evm.TU.chromosome_1.326","Cluster_998","evm.TU.chromosome_1.326",-0.4,0.4,1,"5","5","5","2"
"5617","Cluster_998_evm.TU.chromosome_1.330","Cluster_998","evm.TU.chromosome_1.330",0.4,0.258198889747161,0.866025403784439,"1","1","1","4"
"5618","Cluster_998_evm.TU.chromosome_10.1265","Cluster_998","evm.TU.chromosome_10.1265",-0.4,0.2,0.5,"5","5","5","2"
"5619","Cluster_998_evm.TU.chromosome_10.1408","Cluster_998","evm.TU.chromosome_10.1408",-0.8,-0.4,1,"5","5","5","2"
"5620","Cluster_998_evm.TU.chromosome_10.1460","Cluster_998","evm.TU.chromosome_10.1460",-0.8,1,0.5,"5","5","5","2"
"5621","Cluster_998_evm.TU.chromosome_10.1583","Cluster_998","evm.TU.chromosome_10.1583",-0.2,-0.4,0.5,"1","1","1","4"
"5622","Cluster_998_evm.TU.chromosome_10.1884","Cluster_998","evm.TU.chromosome_10.1884",0.4,0.4,0.5,"3","3","3","5"
"5623","Cluster_998_evm.TU.chromosome_10.1885","Cluster_998","evm.TU.chromosome_10.1885",0,-0.105409255338946,1,"1","1","1","4"
"5624","Cluster_998_evm.TU.chromosome_10.2337","Cluster_998","evm.TU.chromosome_10.2337",-0.774596669241483,-0.632455532033676,1,"1","1","1","4"
"5625","Cluster_998_evm.TU.chromosome_10.2360","Cluster_998","evm.TU.chromosome_10.2360",0.632455532033676,0.632455532033676,0,"3","3","3","5"
"5626","Cluster_998_evm.TU.chromosome_10.2715","Cluster_998","evm.TU.chromosome_10.2715",0.2,0.4,0.5,"3","3","3","5"
"5627","Cluster_998_evm.TU.chromosome_10.2882","Cluster_998","evm.TU.chromosome_10.2882",0.8,1,0.5,"3","3","3","5"
"5628","Cluster_998_evm.TU.chromosome_10.2931","Cluster_998","evm.TU.chromosome_10.2931",-0.4,0.4,0.5,"5","5","5","2"
"5629","Cluster_998_evm.TU.chromosome_10.3012","Cluster_998","evm.TU.chromosome_10.3012",0.2,-0.4,0.866025403784439,"1","1","1","4"
"5630","Cluster_998_evm.TU.chromosome_10.3043","Cluster_998","evm.TU.chromosome_10.3043",0.4,0,0.5,"3","3","3","5"
"5631","Cluster_998_evm.TU.chromosome_10.3121","Cluster_998","evm.TU.chromosome_10.3121",0.8,1,1,"3","3","3","5"
"5632","Cluster_998_evm.TU.chromosome_10.614","Cluster_998","evm.TU.chromosome_10.614",1,0.4,0.866025403784439,"3","3","3","5"
"5633","Cluster_998_evm.TU.chromosome_11.1004","Cluster_998","evm.TU.chromosome_11.1004",0.8,0.8,1,"3","3","3","5"
"5634","Cluster_998_evm.TU.chromosome_11.104","Cluster_998","evm.TU.chromosome_11.104",0.4,-0.2,0.5,"1","1","1","4"
"5635","Cluster_998_evm.TU.chromosome_11.114","Cluster_998","evm.TU.chromosome_11.114",0.4,0.8,0.5,"3","3","3","5"
"5636","Cluster_998_evm.TU.chromosome_11.1434","Cluster_998","evm.TU.chromosome_11.1434",1,0.4,1,"1","1","1","4"
"5637","Cluster_998_evm.TU.chromosome_11.1658","Cluster_998","evm.TU.chromosome_11.1658",0.4,0.632455532033676,0.866025403784439,"3","3","3","5"
"5638","Cluster_998_evm.TU.chromosome_11.1964","Cluster_998","evm.TU.chromosome_11.1964",0.2,-0.2,0.5,"1","1","1","4"
"5639","Cluster_998_evm.TU.chromosome_11.1965","Cluster_998","evm.TU.chromosome_11.1965",-0.4,0.2,1,"5","5","5","2"
"5640","Cluster_998_evm.TU.chromosome_11.1999","Cluster_998","evm.TU.chromosome_11.1999",0.632455532033676,-0.8,-0.5,"2","2","2","3"
"5641","Cluster_998_evm.TU.chromosome_11.2101","Cluster_998","evm.TU.chromosome_11.2101",0.632455532033676,0.948683298050514,1,"3","3","3","5"
"5642","Cluster_998_evm.TU.chromosome_11.2655","Cluster_998","evm.TU.chromosome_11.2655",-0.8,0.4,0.5,"5","5","5","2"
"5643","Cluster_998_evm.TU.chromosome_11.3004","Cluster_998","evm.TU.chromosome_11.3004",-0.8,0.4,-1,"4","4","4","1"
"5644","Cluster_998_evm.TU.chromosome_11.338","Cluster_998","evm.TU.chromosome_11.338",-0.4,-0.4,0.5,"1","1","1","4"
"5645","Cluster_998_evm.TU.chromosome_11.497","Cluster_998","evm.TU.chromosome_11.497",0,0.8,1,"5","5","5","2"
"5646","Cluster_998_evm.TU.chromosome_11.758","Cluster_998","evm.TU.chromosome_11.758",0.6,-0.8,1,"1","1","1","4"
"5647","Cluster_998_evm.TU.chromosome_12.1522","Cluster_998","evm.TU.chromosome_12.1522",-0.737864787372622,-0.8,0.5,"1","1","1","4"
"5648","Cluster_998_evm.TU.chromosome_12.2982","Cluster_998","evm.TU.chromosome_12.2982",1,1,1,"3","3","3","5"
"5649","Cluster_998_evm.TU.chromosome_12.2987","Cluster_998","evm.TU.chromosome_12.2987",0.2,1,0.5,"3","3","3","5"
"5650","Cluster_998_evm.TU.chromosome_12.2992","Cluster_998","evm.TU.chromosome_12.2992",0.8,1,-0.5,"4","4","4","1"
"5651","Cluster_998_evm.TU.chromosome_12.3545","Cluster_998","evm.TU.chromosome_12.3545",-0.8,0.105409255338946,0.5,"5","5","5","2"
"5652","Cluster_998_evm.TU.chromosome_12.371","Cluster_998","evm.TU.chromosome_12.371",0.105409255338946,0.4,0.5,"3","3","3","5"
"5653","Cluster_998_evm.TU.chromosome_13.1304","Cluster_998","evm.TU.chromosome_13.1304",0.316227766016838,0.8,0,"4","4","4","1"
"5654","Cluster_998_evm.TU.chromosome_13.2147","Cluster_998","evm.TU.chromosome_13.2147",-0.2,1,0.866025403784439,"5","5","5","2"
"5655","Cluster_998_evm.TU.chromosome_13.2306","Cluster_998","evm.TU.chromosome_13.2306",0.210818510677892,0.8,0,"4","4","4","1"
"5656","Cluster_998_evm.TU.chromosome_13.2468","Cluster_998","evm.TU.chromosome_13.2468",0,-0.258198889747161,0.5,"1","1","1","4"
"5657","Cluster_998_evm.TU.chromosome_13.2529","Cluster_998","evm.TU.chromosome_13.2529",-0.8,-0.2,0.5,"5","5","5","2"
"5658","Cluster_998_evm.TU.chromosome_13.2740","Cluster_998","evm.TU.chromosome_13.2740",0,0.8,-1,"4","4","4","1"
"5659","Cluster_998_evm.TU.chromosome_13.2826","Cluster_998","evm.TU.chromosome_13.2826",-0.4,-0.8,-0.5,"3","3","3","5"
"5660","Cluster_998_evm.TU.chromosome_13.289","Cluster_998","evm.TU.chromosome_13.289",0.210818510677892,0.105409255338946,0.5,"3","3","3","5"
"5661","Cluster_998_evm.TU.chromosome_13.2922","Cluster_998","evm.TU.chromosome_13.2922",0.8,0.2,1,"1","1","1","4"
"5662","Cluster_998_evm.TU.chromosome_13.3101","Cluster_998","evm.TU.chromosome_13.3101",-0.4,0.8,0.5,"5","5","5","2"
"5663","Cluster_998_evm.TU.chromosome_13.3226","Cluster_998","evm.TU.chromosome_13.3226",0.8,0,0.5,"1","1","1","4"
"5664","Cluster_998_evm.TU.chromosome_13.3412","Cluster_998","evm.TU.chromosome_13.3412",0.8,-1,1,"1","1","1","4"
"5665","Cluster_998_evm.TU.chromosome_13.3733","Cluster_998","evm.TU.chromosome_13.3733",-0.8,-0.4,0.5,"5","5","5","2"
"5666","Cluster_998_evm.TU.chromosome_13.392","Cluster_998","evm.TU.chromosome_13.392",-0.774596669241483,-0.4,0.866025403784439,"5","5","5","2"
"5667","Cluster_998_evm.TU.chromosome_13.4200","Cluster_998","evm.TU.chromosome_13.4200",1,-0.210818510677892,0.866025403784439,"1","1","1","4"
"5668","Cluster_998_evm.TU.chromosome_13.472","Cluster_998","evm.TU.chromosome_13.472",0.316227766016838,-0.8,1,"1","1","1","4"
"5669","Cluster_998_evm.TU.chromosome_13.479","Cluster_998","evm.TU.chromosome_13.479",0.8,-0.4,0.5,"1","1","1","4"
"5670","Cluster_998_evm.TU.chromosome_13.54","Cluster_998","evm.TU.chromosome_13.54",-0.2,-0.2,0.5,"1","1","1","4"
"5671","Cluster_998_evm.TU.chromosome_13.543","Cluster_998","evm.TU.chromosome_13.543",-0.8,-0.4,0.5,"5","5","5","2"
"5672","Cluster_998_evm.TU.chromosome_13.65","Cluster_998","evm.TU.chromosome_13.65",-0.4,-1,1,"1","1","1","4"
"5673","Cluster_998_evm.TU.chromosome_14.113","Cluster_998","evm.TU.chromosome_14.113",0.2,0.2,0,"3","3","3","5"
"5674","Cluster_998_evm.TU.chromosome_14.1284","Cluster_998","evm.TU.chromosome_14.1284",0.6,0.8,1,"3","3","3","5"
"5675","Cluster_998_evm.TU.chromosome_14.1369","Cluster_998","evm.TU.chromosome_14.1369",-0.6,0.4,0.5,"5","5","5","2"
"5676","Cluster_998_evm.TU.chromosome_14.1809","Cluster_998","evm.TU.chromosome_14.1809",0.2,-1,1,"1","1","1","4"
"5677","Cluster_998_evm.TU.chromosome_14.1811","Cluster_998","evm.TU.chromosome_14.1811",-0.6,-0.4,0.5,"5","5","5","2"
"5678","Cluster_998_evm.TU.chromosome_14.1813","Cluster_998","evm.TU.chromosome_14.1813",-0.258198889747161,0.105409255338946,0.5,"5","5","5","2"
"5679","Cluster_998_evm.TU.chromosome_14.1815","Cluster_998","evm.TU.chromosome_14.1815",-0.737864787372622,-0.2,0.5,"5","5","5","2"
"5680","Cluster_998_evm.TU.chromosome_14.2142","Cluster_998","evm.TU.chromosome_14.2142",0.8,0.4,0.866025403784439,"3","3","3","5"
"5681","Cluster_998_evm.TU.chromosome_14.3353","Cluster_998","evm.TU.chromosome_14.3353",0.8,-0.8,0.5,"1","1","1","4"
"5682","Cluster_998_evm.TU.chromosome_14.3752","Cluster_998","evm.TU.chromosome_14.3752",-0.4,0.4,0.5,"5","5","5","2"
"5683","Cluster_998_evm.TU.chromosome_14.4456","Cluster_998","evm.TU.chromosome_14.4456",1,0,0.5,"2","2","2","3"
"5684","Cluster_998_evm.TU.chromosome_14.4614","Cluster_998","evm.TU.chromosome_14.4614",-0.948683298050514,0.8,1,"5","5","5","2"
"5685","Cluster_998_evm.TU.chromosome_14.463","Cluster_998","evm.TU.chromosome_14.463",0.2,0.8,1,"5","5","5","2"
"5686","Cluster_998_evm.TU.chromosome_14.4778","Cluster_998","evm.TU.chromosome_14.4778",0.8,0,0.5,"1","1","1","4"
"5687","Cluster_998_evm.TU.chromosome_14.5297","Cluster_998","evm.TU.chromosome_14.5297",0.8,-0.4,0.5,"1","1","1","4"
"5688","Cluster_998_evm.TU.chromosome_14.5519","Cluster_998","evm.TU.chromosome_14.5519",-0.737864787372622,-0.4,0.866025403784439,"5","5","5","2"
"5689","Cluster_998_evm.TU.chromosome_14.5879","Cluster_998","evm.TU.chromosome_14.5879",0.4,0.8,1,"3","3","3","5"
"5690","Cluster_998_evm.TU.chromosome_14.6211","Cluster_998","evm.TU.chromosome_14.6211",0.316227766016838,-0.632455532033676,1,"1","1","1","4"
"5691","Cluster_998_evm.TU.chromosome_14.6431","Cluster_998","evm.TU.chromosome_14.6431",0.4,1,0.5,"3","3","3","5"
"5692","Cluster_998_evm.TU.chromosome_14.6458","Cluster_998","evm.TU.chromosome_14.6458",0.8,0.8,-0.5,"4","4","4","1"
"5693","Cluster_998_evm.TU.chromosome_14.6677","Cluster_998","evm.TU.chromosome_14.6677",0.2,-0.4,1,"1","1","1","4"
"5694","Cluster_998_evm.TU.chromosome_14.6914","Cluster_998","evm.TU.chromosome_14.6914",0.4,-0.8,1,"1","1","1","4"
"5695","Cluster_998_evm.TU.chromosome_14.747","Cluster_998","evm.TU.chromosome_14.747",0.2,-0.4,-0.5,"2","2","2","3"
"5696","Cluster_998_evm.TU.chromosome_2.1004","Cluster_998","evm.TU.chromosome_2.1004",0.4,0.8,0.5,"3","3","3","5"
"5697","Cluster_998_evm.TU.chromosome_2.1983","Cluster_998","evm.TU.chromosome_2.1983",0.8,0.4,0.5,"3","3","3","5"
"5698","Cluster_998_evm.TU.chromosome_2.562","Cluster_998","evm.TU.chromosome_2.562",0.948683298050514,-0.105409255338946,0.866025403784439,"1","1","1","4"
"5699","Cluster_998_evm.TU.chromosome_2.625","Cluster_998","evm.TU.chromosome_2.625",0.4,0.4,1,"3","3","3","5"
"5700","Cluster_998_evm.TU.chromosome_2.627","Cluster_998","evm.TU.chromosome_2.627",0.4,0.258198889747161,0.5,"3","3","3","5"
"5701","Cluster_998_evm.TU.chromosome_2.696","Cluster_998","evm.TU.chromosome_2.696",-0.8,0.4,0,"5","5","5","2"
"5702","Cluster_998_evm.TU.chromosome_2.709","Cluster_998","evm.TU.chromosome_2.709",1,-0.632455532033676,1,"1","1","1","4"
"5703","Cluster_998_evm.TU.chromosome_2.794","Cluster_998","evm.TU.chromosome_2.794",0.4,-0.210818510677892,1,"1","1","1","4"
"5704","Cluster_998_evm.TU.chromosome_3.1321","Cluster_998","evm.TU.chromosome_3.1321",0.8,0.8,0.5,"3","3","3","5"
"5705","Cluster_998_evm.TU.chromosome_3.1473","Cluster_998","evm.TU.chromosome_3.1473",-0.2,-0.4,1,"1","1","1","4"
"5706","Cluster_998_evm.TU.chromosome_3.1638","Cluster_998","evm.TU.chromosome_3.1638",-0.4,-0.6,1,"1","1","1","4"
"5707","Cluster_998_evm.TU.chromosome_3.1763","Cluster_998","evm.TU.chromosome_3.1763",0.8,0.4,0.5,"3","3","3","5"
"5708","Cluster_998_evm.TU.chromosome_3.1785","Cluster_998","evm.TU.chromosome_3.1785",0.4,-0.8,-1,"2","2","2","3"
"5709","Cluster_998_evm.TU.chromosome_3.1821","Cluster_998","evm.TU.chromosome_3.1821",-0.4,-0.258198889747161,0.5,"5","5","5","2"
"5710","Cluster_998_evm.TU.chromosome_3.2063","Cluster_998","evm.TU.chromosome_3.2063",0.8,0.8,0,"4","4","4","1"
"5711","Cluster_998_evm.TU.chromosome_3.569","Cluster_998","evm.TU.chromosome_3.569",1,0.4,0.866025403784439,"3","3","3","5"
"5712","Cluster_998_evm.TU.chromosome_3.579","Cluster_998","evm.TU.chromosome_3.579",0.4,0,0.5,"3","3","3","5"
"5713","Cluster_998_evm.TU.chromosome_3.90","Cluster_998","evm.TU.chromosome_3.90",0,0.4,1,"5","5","5","2"
"5714","Cluster_998_evm.TU.chromosome_4.1008","Cluster_998","evm.TU.chromosome_4.1008",0.2,0.105409255338946,1,"1","1","1","4"
"5715","Cluster_998_evm.TU.chromosome_4.1020","Cluster_998","evm.TU.chromosome_4.1020",0,-0.105409255338946,0,"3","3","3","5"
"5716","Cluster_998_evm.TU.chromosome_4.1106","Cluster_998","evm.TU.chromosome_4.1106",0,-0.2,-0.5,"3","3","3","5"
"5717","Cluster_998_evm.TU.chromosome_4.133","Cluster_998","evm.TU.chromosome_4.133",0.8,-0.8,1,"1","1","1","4"
"5718","Cluster_998_evm.TU.chromosome_4.1407","Cluster_998","evm.TU.chromosome_4.1407",0.316227766016838,-0.774596669241483,1,"1","1","1","4"
"5719","Cluster_998_evm.TU.chromosome_4.1596","Cluster_998","evm.TU.chromosome_4.1596",-0.8,0.8,1,"5","5","5","2"
"5720","Cluster_998_evm.TU.chromosome_4.2264","Cluster_998","evm.TU.chromosome_4.2264",0.2,-0.105409255338946,1,"1","1","1","4"
"5721","Cluster_998_evm.TU.chromosome_4.2498","Cluster_998","evm.TU.chromosome_4.2498",0.6,0.4,1,"1","1","1","4"
"5722","Cluster_998_evm.TU.chromosome_4.2500","Cluster_998","evm.TU.chromosome_4.2500",-0.4,1,1,"5","5","5","2"
"5723","Cluster_998_evm.TU.chromosome_4.301","Cluster_998","evm.TU.chromosome_4.301",0.632455532033676,-0.948683298050514,0.5,"1","1","1","4"
"5724","Cluster_998_evm.TU.chromosome_4.4","Cluster_998","evm.TU.chromosome_4.4",-0.2,0.258198889747161,0.5,"5","5","5","2"
"5725","Cluster_998_evm.TU.chromosome_4.430","Cluster_998","evm.TU.chromosome_4.430",0.8,-0.4,0.5,"1","1","1","4"
"5726","Cluster_998_evm.TU.chromosome_4.646","Cluster_998","evm.TU.chromosome_4.646",0.4,0.8,1,"3","3","3","5"
"5727","Cluster_998_evm.TU.chromosome_5.1015","Cluster_998","evm.TU.chromosome_5.1015",0.2,-0.210818510677892,-0.5,"2","2","2","3"
"5728","Cluster_998_evm.TU.chromosome_5.1183","Cluster_998","evm.TU.chromosome_5.1183",-1,0.4,0.5,"5","5","5","2"
"5729","Cluster_998_evm.TU.chromosome_5.1267","Cluster_998","evm.TU.chromosome_5.1267",-0.2,0.8,1,"5","5","5","2"
"5730","Cluster_998_evm.TU.chromosome_5.188","Cluster_998","evm.TU.chromosome_5.188",-0.4,1,0.5,"5","5","5","2"
"5731","Cluster_998_evm.TU.chromosome_5.195","Cluster_998","evm.TU.chromosome_5.195",0.210818510677892,0.258198889747161,0.5,"3","3","3","5"
"5732","Cluster_998_evm.TU.chromosome_5.198","Cluster_998","evm.TU.chromosome_5.198",-1,0,0.5,"5","5","5","2"
"5733","Cluster_998_evm.TU.chromosome_5.2129","Cluster_998","evm.TU.chromosome_5.2129",0.4,-0.210818510677892,0,"3","3","3","5"
"5734","Cluster_998_evm.TU.chromosome_5.2132","Cluster_998","evm.TU.chromosome_5.2132",-0.258198889747161,0.210818510677892,0,"3","3","3","5"
"5735","Cluster_998_evm.TU.chromosome_5.2597","Cluster_998","evm.TU.chromosome_5.2597",0.4,-0.4,0,"3","3","3","5"
"5736","Cluster_998_evm.TU.chromosome_5.261","Cluster_998","evm.TU.chromosome_5.261",-0.6,0.4,1,"5","5","5","2"
"5737","Cluster_998_evm.TU.chromosome_5.2801","Cluster_998","evm.TU.chromosome_5.2801",-0.4,1,-0.5,"4","4","4","1"
"5738","Cluster_998_evm.TU.chromosome_5.736","Cluster_998","evm.TU.chromosome_5.736",0.8,0.4,0.5,"3","3","3","5"
"5739","Cluster_998_evm.TU.chromosome_5.738","Cluster_998","evm.TU.chromosome_5.738",0.4,0.8,0.5,"3","3","3","5"
"5740","Cluster_998_evm.TU.chromosome_5.911","Cluster_998","evm.TU.chromosome_5.911",0.2,0.2,0.5,"3","3","3","5"
"5741","Cluster_998_evm.TU.chromosome_5.912","Cluster_998","evm.TU.chromosome_5.912",0.2,-0.2,-0.5,"2","2","2","3"
"5742","Cluster_998_evm.TU.chromosome_6.1657","Cluster_998","evm.TU.chromosome_6.1657",1,-0.8,0.5,"1","1","1","4"
"5743","Cluster_998_evm.TU.chromosome_6.285","Cluster_998","evm.TU.chromosome_6.285",-0.2,0.8,1,"5","5","5","2"
"5744","Cluster_998_evm.TU.chromosome_6.313","Cluster_998","evm.TU.chromosome_6.313",0.774596669241483,-0.105409255338946,0.5,"1","1","1","4"
"5745","Cluster_998_evm.TU.chromosome_6.314","Cluster_998","evm.TU.chromosome_6.314",-0.4,0.105409255338946,1,"5","5","5","2"
"5746","Cluster_998_evm.TU.chromosome_6.315","Cluster_998","evm.TU.chromosome_6.315",-0.4,0.105409255338946,0,"3","3","3","5"
"5747","Cluster_998_evm.TU.chromosome_6.43","Cluster_998","evm.TU.chromosome_6.43",0.4,0.8,0.5,"3","3","3","5"
"5748","Cluster_998_evm.TU.chromosome_6.620","Cluster_998","evm.TU.chromosome_6.620",-0.2,0.2,1,"5","5","5","2"
"5749","Cluster_998_evm.TU.chromosome_6.755","Cluster_998","evm.TU.chromosome_6.755",-0.4,0.4,0.5,"5","5","5","2"
"5750","Cluster_998_evm.TU.chromosome_6.792","Cluster_998","evm.TU.chromosome_6.792",0.4,0.4,1,"3","3","3","5"
"5751","Cluster_998_evm.TU.chromosome_6.887","Cluster_998","evm.TU.chromosome_6.887",-0.4,-0.948683298050514,0.5,"1","1","1","4"
"5752","Cluster_998_evm.TU.chromosome_7.1222","Cluster_998","evm.TU.chromosome_7.1222",0.4,0.8,0.5,"3","3","3","5"
"5753","Cluster_998_evm.TU.chromosome_7.1275","Cluster_998","evm.TU.chromosome_7.1275",0.4,-0.4,1,"1","1","1","4"
"5754","Cluster_998_evm.TU.chromosome_7.1282","Cluster_998","evm.TU.chromosome_7.1282",-0.8,0.8,0.5,"5","5","5","2"
"5755","Cluster_998_evm.TU.chromosome_7.1371","Cluster_998","evm.TU.chromosome_7.1371",-0.4,0.632455532033676,1,"5","5","5","2"
"5756","Cluster_998_evm.TU.chromosome_7.1619","Cluster_998","evm.TU.chromosome_7.1619",-0.2,-0.632455532033676,0.5,"1","1","1","4"
"5757","Cluster_998_evm.TU.chromosome_7.1927","Cluster_998","evm.TU.chromosome_7.1927",1,-0.8,0.5,"1","1","1","4"
"5758","Cluster_998_evm.TU.chromosome_7.2388","Cluster_998","evm.TU.chromosome_7.2388",0.8,-0.210818510677892,1,"1","1","1","4"
"5759","Cluster_998_evm.TU.chromosome_7.2619","Cluster_998","evm.TU.chromosome_7.2619",0.2,0.6,-1,"4","4","4","1"
"5760","Cluster_998_evm.TU.chromosome_7.644","Cluster_998","evm.TU.chromosome_7.644",0.6,0,0.5,"1","1","1","4"
"5761","Cluster_998_evm.TU.chromosome_7.840","Cluster_998","evm.TU.chromosome_7.840",-0.4,-0.4,1,"1","1","1","4"
"5762","Cluster_998_evm.TU.chromosome_8.152","Cluster_998","evm.TU.chromosome_8.152",-0.4,0.6,0.5,"5","5","5","2"
"5763","Cluster_998_evm.TU.chromosome_8.1722","Cluster_998","evm.TU.chromosome_8.1722",0.2,-0.4,-1,"2","2","2","3"
"5764","Cluster_998_evm.TU.chromosome_8.1731","Cluster_998","evm.TU.chromosome_8.1731",-0.8,-1,0.866025403784439,"1","1","1","4"
"5765","Cluster_998_evm.TU.chromosome_8.1791","Cluster_998","evm.TU.chromosome_8.1791",-0.8,-0.4,1,"5","5","5","2"
"5766","Cluster_998_evm.TU.chromosome_8.1829","Cluster_998","evm.TU.chromosome_8.1829",-0.4,0.8,0.866025403784439,"5","5","5","2"
"5767","Cluster_998_evm.TU.chromosome_8.1991","Cluster_998","evm.TU.chromosome_8.1991",0.6,-0.8,0.5,"1","1","1","4"
"5768","Cluster_998_evm.TU.chromosome_8.2052","Cluster_998","evm.TU.chromosome_8.2052",-0.8,-0.105409255338946,1,"5","5","5","2"
"5769","Cluster_998_evm.TU.chromosome_8.2411","Cluster_998","evm.TU.chromosome_8.2411",0.4,0.2,1,"1","1","1","4"
"5770","Cluster_998_evm.TU.chromosome_8.2502","Cluster_998","evm.TU.chromosome_8.2502",0.210818510677892,-0.8,-1,"2","2","2","3"
"5771","Cluster_998_evm.TU.chromosome_8.275","Cluster_998","evm.TU.chromosome_8.275",-0.258198889747161,-0.948683298050514,1,"1","1","1","4"
"5772","Cluster_998_evm.TU.chromosome_9.1383","Cluster_998","evm.TU.chromosome_9.1383",-0.4,-0.2,1,"5","5","5","2"
"5773","Cluster_998_evm.TU.chromosome_9.1561","Cluster_998","evm.TU.chromosome_9.1561",-0.4,0.4,0.5,"5","5","5","2"
"5774","Cluster_998_evm.TU.chromosome_9.2276","Cluster_998","evm.TU.chromosome_9.2276",0.4,1,0.866025403784439,"3","3","3","5"
"5775","Cluster_998_evm.TU.chromosome_9.2602","Cluster_998","evm.TU.chromosome_9.2602",-0.8,0.105409255338946,1,"5","5","5","2"
"5776","Cluster_998_evm.TU.chromosome_9.2620","Cluster_998","evm.TU.chromosome_9.2620",0.8,-0.8,-0.5,"2","2","2","3"
"5777","Cluster_998_evm.TU.chromosome_9.2778","Cluster_998","evm.TU.chromosome_9.2778",-0.6,-0.4,0.5,"5","5","5","2"
"5778","Cluster_998_evm.TU.chromosome_9.2821","Cluster_998","evm.TU.chromosome_9.2821",-0.4,-0.105409255338946,0.866025403784439,"5","5","5","2"
"5779","Cluster_998_evm.TU.chromosome_9.375","Cluster_998","evm.TU.chromosome_9.375",0,-0.105409255338946,0.5,"1","1","1","4"
"5780","Cluster_998_evm.TU.chromosome_9.604","Cluster_998","evm.TU.chromosome_9.604",-0.6,-0.105409255338946,1,"5","5","5","2"
"5781","Cluster_998_evm.TU.chromosome_9.612","Cluster_998","evm.TU.chromosome_9.612",0,-0.8,1,"1","1","1","4"
"5782","Cluster_998_evm.TU.chromosome_9.619","Cluster_998","evm.TU.chromosome_9.619",0,-0.4,0.5,"1","1","1","4"
"5783","Cluster_998_evm.TU.chromosome_9.62","Cluster_998","evm.TU.chromosome_9.62",0.4,0.4,0.5,"3","3","3","5"
"5784","Cluster_998_evm.TU.chromosome_9.799","Cluster_998","evm.TU.chromosome_9.799",-1,-0.4,0.5,"5","5","5","2"
"5785","Cluster_998_evm.TU.chromosome_9.965","Cluster_998","evm.TU.chromosome_9.965",0.6,0,0.5,"1","1","1","4"
